Maximum,193.6,@,No.963,,,,,,
Minimum,-0.2,@,No.1992,,,,,,
Average,56.51,,,,,,,,
Data Quantity,2005,,,,,,,,
Number of NG,0,,,,,,,,
No.,Force,Unit,Displacement,Unit,Judge,Position,Time,Date,
1,0.0,gf,0.000,mm,OK,--,3:07:21 PM,7/3/2025,
2,0.0,gf,0.000,mm,OK,--,3:07:22 PM,7/3/2025,
3,0.0,gf,0.000,mm,OK,--,3:07:22 PM,7/3/2025,
4,0.0,gf,0.000,mm,OK,--,3:07:22 PM,7/3/2025,
5,0.0,gf,0.000,mm,OK,--,3:07:22 PM,7/3/2025,
6,0.0,gf,0.000,mm,OK,--,3:07:22 PM,7/3/2025,
7,0.0,gf,0.000,mm,OK,--,3:07:22 PM,7/3/2025,
8,0.0,gf,0.000,mm,OK,--,3:07:22 PM,7/3/2025,
9,0.0,gf,0.000,mm,OK,--,3:07:22 PM,7/3/2025,
10,0.0,gf,0.000,mm,OK,--,3:07:22 PM,7/3/2025,
11,0.0,gf,0.000,mm,OK,--,3:07:22 PM,7/3/2025,
12,0.0,gf,0.000,mm,OK,--,3:07:23 PM,7/3/2025,
13,0.0,gf,0.000,mm,OK,--,3:07:23 PM,7/3/2025,
14,0.0,gf,0.000,mm,OK,--,3:07:23 PM,7/3/2025,
15,-0.1,gf,0.000,mm,OK,--,3:07:23 PM,7/3/2025,
16,0.0,gf,0.000,mm,OK,--,3:07:23 PM,7/3/2025,
17,0.0,gf,0.000,mm,OK,--,3:07:23 PM,7/3/2025,
18,0.0,gf,0.005,mm,OK,--,3:07:23 PM,7/3/2025,
19,0.0,gf,0.005,mm,OK,--,3:07:23 PM,7/3/2025,
20,0.0,gf,0.005,mm,OK,--,3:07:23 PM,7/3/2025,
21,0.0,gf,0.005,mm,OK,--,3:07:23 PM,7/3/2025,
22,0.0,gf,0.005,mm,OK,--,3:07:24 PM,7/3/2025,
23,0.0,gf,0.010,mm,OK,--,3:07:24 PM,7/3/2025,
24,0.0,gf,0.015,mm,OK,--,3:07:24 PM,7/3/2025,
25,0.0,gf,0.020,mm,OK,--,3:07:24 PM,7/3/2025,
26,0.0,gf,0.025,mm,OK,--,3:07:24 PM,7/3/2025,
27,0.0,gf,0.030,mm,OK,--,3:07:24 PM,7/3/2025,
28,0.0,gf,0.035,mm,OK,--,3:07:24 PM,7/3/2025,
29,0.0,gf,0.045,mm,OK,--,3:07:24 PM,7/3/2025,
30,0.0,gf,0.050,mm,OK,--,3:07:24 PM,7/3/2025,
31,0.0,gf,0.055,mm,OK,--,3:07:24 PM,7/3/2025,
32,0.0,gf,0.065,mm,OK,--,3:07:25 PM,7/3/2025,
33,2.1,gf,0.070,mm,OK,--,3:07:25 PM,7/3/2025,
34,10.7,gf,0.080,mm,OK,--,3:07:25 PM,7/3/2025,
35,18.9,gf,0.090,mm,OK,--,3:07:25 PM,7/3/2025,
36,25.5,gf,0.100,mm,OK,--,3:07:25 PM,7/3/2025,
37,31.2,gf,0.105,mm,OK,--,3:07:25 PM,7/3/2025,
38,36.5,gf,0.110,mm,OK,--,3:07:25 PM,7/3/2025,
39,37.5,gf,0.115,mm,OK,--,3:07:25 PM,7/3/2025,
40,37.9,gf,0.120,mm,OK,--,3:07:25 PM,7/3/2025,
41,38.6,gf,0.130,mm,OK,--,3:07:25 PM,7/3/2025,
42,39.3,gf,0.135,mm,OK,--,3:07:26 PM,7/3/2025,
43,40.0,gf,0.140,mm,OK,--,3:07:26 PM,7/3/2025,
44,40.7,gf,0.140,mm,OK,--,3:07:26 PM,7/3/2025,
45,41.3,gf,0.150,mm,OK,--,3:07:26 PM,7/3/2025,
46,40.3,gf,0.155,mm,OK,--,3:07:26 PM,7/3/2025,
47,40.1,gf,0.160,mm,OK,--,3:07:26 PM,7/3/2025,
48,40.1,gf,0.165,mm,OK,--,3:07:26 PM,7/3/2025,
49,40.1,gf,0.170,mm,OK,--,3:07:26 PM,7/3/2025,
50,40.2,gf,0.180,mm,OK,--,3:07:26 PM,7/3/2025,
51,40.0,gf,0.190,mm,OK,--,3:07:26 PM,7/3/2025,
52,39.9,gf,0.195,mm,OK,--,3:07:27 PM,7/3/2025,
53,39.8,gf,0.205,mm,OK,--,3:07:27 PM,7/3/2025,
54,39.8,gf,0.210,mm,OK,--,3:07:27 PM,7/3/2025,
55,39.9,gf,0.215,mm,OK,--,3:07:27 PM,7/3/2025,
56,39.8,gf,0.220,mm,OK,--,3:07:27 PM,7/3/2025,
57,39.9,gf,0.225,mm,OK,--,3:07:27 PM,7/3/2025,
58,39.9,gf,0.230,mm,OK,--,3:07:27 PM,7/3/2025,
59,39.7,gf,0.235,mm,OK,--,3:07:27 PM,7/3/2025,
60,39.7,gf,0.240,mm,OK,--,3:07:27 PM,7/3/2025,
61,39.7,gf,0.245,mm,OK,--,3:07:27 PM,7/3/2025,
62,39.7,gf,0.250,mm,OK,--,3:07:28 PM,7/3/2025,
63,39.7,gf,0.250,mm,OK,--,3:07:28 PM,7/3/2025,
64,39.7,gf,0.255,mm,OK,--,3:07:28 PM,7/3/2025,
65,39.7,gf,0.260,mm,OK,--,3:07:28 PM,7/3/2025,
66,39.6,gf,0.265,mm,OK,--,3:07:28 PM,7/3/2025,
67,39.7,gf,0.265,mm,OK,--,3:07:28 PM,7/3/2025,
68,39.7,gf,0.270,mm,OK,--,3:07:28 PM,7/3/2025,
69,39.7,gf,0.270,mm,OK,--,3:07:28 PM,7/3/2025,
70,39.8,gf,0.275,mm,OK,--,3:07:28 PM,7/3/2025,
71,39.8,gf,0.280,mm,OK,--,3:07:28 PM,7/3/2025,
72,39.6,gf,0.280,mm,OK,--,3:07:29 PM,7/3/2025,
73,39.7,gf,0.285,mm,OK,--,3:07:29 PM,7/3/2025,
74,39.7,gf,0.285,mm,OK,--,3:07:29 PM,7/3/2025,
75,39.7,gf,0.290,mm,OK,--,3:07:29 PM,7/3/2025,
76,39.9,gf,0.290,mm,OK,--,3:07:29 PM,7/3/2025,
77,39.8,gf,0.295,mm,OK,--,3:07:29 PM,7/3/2025,
78,39.7,gf,0.295,mm,OK,--,3:07:29 PM,7/3/2025,
79,39.9,gf,0.300,mm,OK,--,3:07:29 PM,7/3/2025,
80,40.0,gf,0.300,mm,OK,--,3:07:29 PM,7/3/2025,
81,39.8,gf,0.305,mm,OK,--,3:07:29 PM,7/3/2025,
82,39.9,gf,0.310,mm,OK,--,3:07:30 PM,7/3/2025,
83,40.0,gf,0.315,mm,OK,--,3:07:30 PM,7/3/2025,
84,39.9,gf,0.320,mm,OK,--,3:07:30 PM,7/3/2025,
85,39.9,gf,0.320,mm,OK,--,3:07:30 PM,7/3/2025,
86,40.0,gf,0.325,mm,OK,--,3:07:30 PM,7/3/2025,
87,40.1,gf,0.330,mm,OK,--,3:07:30 PM,7/3/2025,
88,40.1,gf,0.335,mm,OK,--,3:07:30 PM,7/3/2025,
89,40.0,gf,0.335,mm,OK,--,3:07:30 PM,7/3/2025,
90,40.0,gf,0.340,mm,OK,--,3:07:30 PM,7/3/2025,
91,40.1,gf,0.340,mm,OK,--,3:07:30 PM,7/3/2025,
92,40.1,gf,0.345,mm,OK,--,3:07:31 PM,7/3/2025,
93,40.1,gf,0.345,mm,OK,--,3:07:31 PM,7/3/2025,
94,40.1,gf,0.350,mm,OK,--,3:07:31 PM,7/3/2025,
95,40.1,gf,0.355,mm,OK,--,3:07:31 PM,7/3/2025,
96,40.1,gf,0.355,mm,OK,--,3:07:31 PM,7/3/2025,
97,40.0,gf,0.360,mm,OK,--,3:07:31 PM,7/3/2025,
98,40.1,gf,0.360,mm,OK,--,3:07:31 PM,7/3/2025,
99,40.1,gf,0.365,mm,OK,--,3:07:31 PM,7/3/2025,
100,39.9,gf,0.365,mm,OK,--,3:07:31 PM,7/3/2025,
101,39.9,gf,0.370,mm,OK,--,3:07:31 PM,7/3/2025,
102,39.9,gf,0.370,mm,OK,--,3:07:32 PM,7/3/2025,
103,40.0,gf,0.375,mm,OK,--,3:07:32 PM,7/3/2025,
104,40.2,gf,0.375,mm,OK,--,3:07:32 PM,7/3/2025,
105,40.3,gf,0.385,mm,OK,--,3:07:32 PM,7/3/2025,
106,40.1,gf,0.390,mm,OK,--,3:07:32 PM,7/3/2025,
107,40.1,gf,0.395,mm,OK,--,3:07:32 PM,7/3/2025,
108,40.1,gf,0.400,mm,OK,--,3:07:32 PM,7/3/2025,
109,40.0,gf,0.405,mm,OK,--,3:07:32 PM,7/3/2025,
110,39.9,gf,0.405,mm,OK,--,3:07:32 PM,7/3/2025,
111,40.0,gf,0.410,mm,OK,--,3:07:32 PM,7/3/2025,
112,40.1,gf,0.415,mm,OK,--,3:07:33 PM,7/3/2025,
113,40.0,gf,0.420,mm,OK,--,3:07:33 PM,7/3/2025,
114,39.9,gf,0.420,mm,OK,--,3:07:33 PM,7/3/2025,
115,39.9,gf,0.425,mm,OK,--,3:07:33 PM,7/3/2025,
116,40.0,gf,0.430,mm,OK,--,3:07:33 PM,7/3/2025,
117,40.0,gf,0.430,mm,OK,--,3:07:33 PM,7/3/2025,
118,40.0,gf,0.435,mm,OK,--,3:07:33 PM,7/3/2025,
119,39.8,gf,0.440,mm,OK,--,3:07:33 PM,7/3/2025,
120,39.6,gf,0.445,mm,OK,--,3:07:33 PM,7/3/2025,
121,39.7,gf,0.450,mm,OK,--,3:07:33 PM,7/3/2025,
122,39.8,gf,0.450,mm,OK,--,3:07:34 PM,7/3/2025,
123,39.7,gf,0.455,mm,OK,--,3:07:34 PM,7/3/2025,
124,39.7,gf,0.460,mm,OK,--,3:07:34 PM,7/3/2025,
125,39.7,gf,0.460,mm,OK,--,3:07:34 PM,7/3/2025,
126,39.7,gf,0.465,mm,OK,--,3:07:34 PM,7/3/2025,
127,39.9,gf,0.465,mm,OK,--,3:07:34 PM,7/3/2025,
128,40.0,gf,0.470,mm,OK,--,3:07:34 PM,7/3/2025,
129,39.9,gf,0.475,mm,OK,--,3:07:34 PM,7/3/2025,
130,39.9,gf,0.475,mm,OK,--,3:07:34 PM,7/3/2025,
131,39.9,gf,0.480,mm,OK,--,3:07:34 PM,7/3/2025,
132,40.0,gf,0.480,mm,OK,--,3:07:35 PM,7/3/2025,
133,40.0,gf,0.485,mm,OK,--,3:07:35 PM,7/3/2025,
134,40.2,gf,0.490,mm,OK,--,3:07:35 PM,7/3/2025,
135,40.2,gf,0.495,mm,OK,--,3:07:35 PM,7/3/2025,
136,40.0,gf,0.500,mm,OK,--,3:07:35 PM,7/3/2025,
137,39.9,gf,0.505,mm,OK,--,3:07:35 PM,7/3/2025,
138,39.9,gf,0.510,mm,OK,--,3:07:35 PM,7/3/2025,
139,39.9,gf,0.510,mm,OK,--,3:07:35 PM,7/3/2025,
140,39.9,gf,0.515,mm,OK,--,3:07:35 PM,7/3/2025,
141,40.0,gf,0.520,mm,OK,--,3:07:35 PM,7/3/2025,
142,40.0,gf,0.525,mm,OK,--,3:07:36 PM,7/3/2025,
143,40.0,gf,0.525,mm,OK,--,3:07:36 PM,7/3/2025,
144,39.9,gf,0.530,mm,OK,--,3:07:36 PM,7/3/2025,
145,40.0,gf,0.530,mm,OK,--,3:07:36 PM,7/3/2025,
146,40.1,gf,0.535,mm,OK,--,3:07:36 PM,7/3/2025,
147,40.1,gf,0.540,mm,OK,--,3:07:36 PM,7/3/2025,
148,40.1,gf,0.540,mm,OK,--,3:07:36 PM,7/3/2025,
149,40.1,gf,0.545,mm,OK,--,3:07:36 PM,7/3/2025,
150,40.2,gf,0.550,mm,OK,--,3:07:36 PM,7/3/2025,
151,40.2,gf,0.555,mm,OK,--,3:07:36 PM,7/3/2025,
152,40.2,gf,0.560,mm,OK,--,3:07:37 PM,7/3/2025,
153,40.0,gf,0.565,mm,OK,--,3:07:37 PM,7/3/2025,
154,40.1,gf,0.570,mm,OK,--,3:07:37 PM,7/3/2025,
155,40.0,gf,0.575,mm,OK,--,3:07:37 PM,7/3/2025,
156,40.0,gf,0.575,mm,OK,--,3:07:37 PM,7/3/2025,
157,40.1,gf,0.580,mm,OK,--,3:07:37 PM,7/3/2025,
158,40.2,gf,0.585,mm,OK,--,3:07:37 PM,7/3/2025,
159,40.2,gf,0.590,mm,OK,--,3:07:37 PM,7/3/2025,
160,40.2,gf,0.590,mm,OK,--,3:07:37 PM,7/3/2025,
161,40.0,gf,0.595,mm,OK,--,3:07:37 PM,7/3/2025,
162,40.0,gf,0.600,mm,OK,--,3:07:38 PM,7/3/2025,
163,40.2,gf,0.600,mm,OK,--,3:07:38 PM,7/3/2025,
164,39.9,gf,0.600,mm,OK,--,3:07:38 PM,7/3/2025,
165,40.1,gf,0.605,mm,OK,--,3:07:38 PM,7/3/2025,
166,40.2,gf,0.605,mm,OK,--,3:07:38 PM,7/3/2025,
167,40.2,gf,0.605,mm,OK,--,3:07:38 PM,7/3/2025,
168,40.1,gf,0.610,mm,OK,--,3:07:38 PM,7/3/2025,
169,40.1,gf,0.610,mm,OK,--,3:07:38 PM,7/3/2025,
170,40.1,gf,0.615,mm,OK,--,3:07:38 PM,7/3/2025,
171,40.0,gf,0.615,mm,OK,--,3:07:38 PM,7/3/2025,
172,40.0,gf,0.615,mm,OK,--,3:07:39 PM,7/3/2025,
173,40.3,gf,0.615,mm,OK,--,3:07:39 PM,7/3/2025,
174,40.5,gf,0.620,mm,OK,--,3:07:39 PM,7/3/2025,
175,40.4,gf,0.625,mm,OK,--,3:07:39 PM,7/3/2025,
176,40.4,gf,0.630,mm,OK,--,3:07:39 PM,7/3/2025,
177,40.4,gf,0.635,mm,OK,--,3:07:39 PM,7/3/2025,
178,40.3,gf,0.640,mm,OK,--,3:07:39 PM,7/3/2025,
179,40.3,gf,0.645,mm,OK,--,3:07:39 PM,7/3/2025,
180,40.2,gf,0.650,mm,OK,--,3:07:39 PM,7/3/2025,
181,40.2,gf,0.650,mm,OK,--,3:07:39 PM,7/3/2025,
182,40.2,gf,0.655,mm,OK,--,3:07:40 PM,7/3/2025,
183,40.2,gf,0.660,mm,OK,--,3:07:40 PM,7/3/2025,
184,40.2,gf,0.660,mm,OK,--,3:07:40 PM,7/3/2025,
185,40.3,gf,0.665,mm,OK,--,3:07:40 PM,7/3/2025,
186,40.4,gf,0.670,mm,OK,--,3:07:40 PM,7/3/2025,
187,40.2,gf,0.675,mm,OK,--,3:07:40 PM,7/3/2025,
188,40.2,gf,0.680,mm,OK,--,3:07:40 PM,7/3/2025,
189,40.3,gf,0.685,mm,OK,--,3:07:40 PM,7/3/2025,
190,40.1,gf,0.685,mm,OK,--,3:07:40 PM,7/3/2025,
191,40.1,gf,0.690,mm,OK,--,3:07:40 PM,7/3/2025,
192,40.2,gf,0.695,mm,OK,--,3:07:41 PM,7/3/2025,
193,40.2,gf,0.695,mm,OK,--,3:07:41 PM,7/3/2025,
194,40.1,gf,0.695,mm,OK,--,3:07:41 PM,7/3/2025,
195,40.1,gf,0.700,mm,OK,--,3:07:41 PM,7/3/2025,
196,40.1,gf,0.700,mm,OK,--,3:07:41 PM,7/3/2025,
197,40.2,gf,0.700,mm,OK,--,3:07:41 PM,7/3/2025,
198,40.4,gf,0.705,mm,OK,--,3:07:41 PM,7/3/2025,
199,40.4,gf,0.710,mm,OK,--,3:07:41 PM,7/3/2025,
200,40.4,gf,0.710,mm,OK,--,3:07:41 PM,7/3/2025,
201,40.4,gf,0.715,mm,OK,--,3:07:41 PM,7/3/2025,
202,40.3,gf,0.715,mm,OK,--,3:07:42 PM,7/3/2025,
203,40.4,gf,0.720,mm,OK,--,3:07:42 PM,7/3/2025,
204,40.4,gf,0.720,mm,OK,--,3:07:42 PM,7/3/2025,
205,40.6,gf,0.725,mm,OK,--,3:07:42 PM,7/3/2025,
206,40.6,gf,0.730,mm,OK,--,3:07:42 PM,7/3/2025,
207,40.5,gf,0.730,mm,OK,--,3:07:42 PM,7/3/2025,
208,40.5,gf,0.735,mm,OK,--,3:07:42 PM,7/3/2025,
209,40.6,gf,0.740,mm,OK,--,3:07:42 PM,7/3/2025,
210,40.6,gf,0.740,mm,OK,--,3:07:42 PM,7/3/2025,
211,40.5,gf,0.745,mm,OK,--,3:07:42 PM,7/3/2025,
212,40.4,gf,0.750,mm,OK,--,3:07:43 PM,7/3/2025,
213,40.5,gf,0.750,mm,OK,--,3:07:43 PM,7/3/2025,
214,40.5,gf,0.750,mm,OK,--,3:07:43 PM,7/3/2025,
215,40.5,gf,0.755,mm,OK,--,3:07:43 PM,7/3/2025,
216,40.6,gf,0.755,mm,OK,--,3:07:43 PM,7/3/2025,
217,40.6,gf,0.760,mm,OK,--,3:07:43 PM,7/3/2025,
218,40.6,gf,0.760,mm,OK,--,3:07:43 PM,7/3/2025,
219,40.8,gf,0.765,mm,OK,--,3:07:43 PM,7/3/2025,
220,40.6,gf,0.770,mm,OK,--,3:07:43 PM,7/3/2025,
221,40.4,gf,0.770,mm,OK,--,3:07:43 PM,7/3/2025,
222,40.4,gf,0.775,mm,OK,--,3:07:44 PM,7/3/2025,
223,40.6,gf,0.780,mm,OK,--,3:07:44 PM,7/3/2025,
224,40.7,gf,0.785,mm,OK,--,3:07:44 PM,7/3/2025,
225,40.7,gf,0.790,mm,OK,--,3:07:44 PM,7/3/2025,
226,40.7,gf,0.800,mm,OK,--,3:07:44 PM,7/3/2025,
227,40.6,gf,0.805,mm,OK,--,3:07:44 PM,7/3/2025,
228,40.5,gf,0.810,mm,OK,--,3:07:44 PM,7/3/2025,
229,40.5,gf,0.815,mm,OK,--,3:07:44 PM,7/3/2025,
230,40.7,gf,0.815,mm,OK,--,3:07:44 PM,7/3/2025,
231,40.9,gf,0.820,mm,OK,--,3:07:44 PM,7/3/2025,
232,40.8,gf,0.825,mm,OK,--,3:07:45 PM,7/3/2025,
233,40.8,gf,0.830,mm,OK,--,3:07:45 PM,7/3/2025,
234,40.9,gf,0.835,mm,OK,--,3:07:45 PM,7/3/2025,
235,40.7,gf,0.835,mm,OK,--,3:07:45 PM,7/3/2025,
236,40.7,gf,0.840,mm,OK,--,3:07:45 PM,7/3/2025,
237,40.7,gf,0.845,mm,OK,--,3:07:45 PM,7/3/2025,
238,40.9,gf,0.850,mm,OK,--,3:07:45 PM,7/3/2025,
239,41.1,gf,0.855,mm,OK,--,3:07:45 PM,7/3/2025,
240,41.0,gf,0.860,mm,OK,--,3:07:45 PM,7/3/2025,
241,40.9,gf,0.865,mm,OK,--,3:07:45 PM,7/3/2025,
242,40.9,gf,0.870,mm,OK,--,3:07:46 PM,7/3/2025,
243,40.9,gf,0.875,mm,OK,--,3:07:46 PM,7/3/2025,
244,41.0,gf,0.880,mm,OK,--,3:07:46 PM,7/3/2025,
245,40.9,gf,0.890,mm,OK,--,3:07:46 PM,7/3/2025,
246,40.9,gf,0.895,mm,OK,--,3:07:46 PM,7/3/2025,
247,40.8,gf,0.900,mm,OK,--,3:07:46 PM,7/3/2025,
248,40.9,gf,0.905,mm,OK,--,3:07:46 PM,7/3/2025,
249,40.9,gf,0.910,mm,OK,--,3:07:46 PM,7/3/2025,
250,41.0,gf,0.915,mm,OK,--,3:07:46 PM,7/3/2025,
251,41.1,gf,0.920,mm,OK,--,3:07:46 PM,7/3/2025,
252,41.2,gf,0.920,mm,OK,--,3:07:47 PM,7/3/2025,
253,41.1,gf,0.925,mm,OK,--,3:07:47 PM,7/3/2025,
254,41.2,gf,0.930,mm,OK,--,3:07:47 PM,7/3/2025,
255,41.2,gf,0.930,mm,OK,--,3:07:47 PM,7/3/2025,
256,41.3,gf,0.935,mm,OK,--,3:07:47 PM,7/3/2025,
257,41.3,gf,0.940,mm,OK,--,3:07:47 PM,7/3/2025,
258,41.5,gf,0.945,mm,OK,--,3:07:47 PM,7/3/2025,
259,41.4,gf,0.955,mm,OK,--,3:07:47 PM,7/3/2025,
260,41.2,gf,0.960,mm,OK,--,3:07:47 PM,7/3/2025,
261,41.2,gf,0.965,mm,OK,--,3:07:47 PM,7/3/2025,
262,41.3,gf,0.970,mm,OK,--,3:07:48 PM,7/3/2025,
263,41.3,gf,0.975,mm,OK,--,3:07:48 PM,7/3/2025,
264,41.4,gf,0.985,mm,OK,--,3:07:48 PM,7/3/2025,
265,41.6,gf,0.990,mm,OK,--,3:07:48 PM,7/3/2025,
266,41.7,gf,1.000,mm,OK,--,3:07:48 PM,7/3/2025,
267,41.8,gf,1.005,mm,OK,--,3:07:48 PM,7/3/2025,
268,41.6,gf,1.015,mm,OK,--,3:07:48 PM,7/3/2025,
269,41.8,gf,1.020,mm,OK,--,3:07:48 PM,7/3/2025,
270,41.8,gf,1.030,mm,OK,--,3:07:48 PM,7/3/2025,
271,41.9,gf,1.040,mm,OK,--,3:07:48 PM,7/3/2025,
272,42.1,gf,1.050,mm,OK,--,3:07:49 PM,7/3/2025,
273,42.1,gf,1.060,mm,OK,--,3:07:49 PM,7/3/2025,
274,42.1,gf,1.070,mm,OK,--,3:07:49 PM,7/3/2025,
275,42.1,gf,1.080,mm,OK,--,3:07:49 PM,7/3/2025,
276,42.3,gf,1.090,mm,OK,--,3:07:49 PM,7/3/2025,
277,42.2,gf,1.095,mm,OK,--,3:07:49 PM,7/3/2025,
278,42.2,gf,1.105,mm,OK,--,3:07:49 PM,7/3/2025,
279,42.1,gf,1.110,mm,OK,--,3:07:49 PM,7/3/2025,
280,42.2,gf,1.115,mm,OK,--,3:07:49 PM,7/3/2025,
281,42.2,gf,1.120,mm,OK,--,3:07:49 PM,7/3/2025,
282,42.3,gf,1.125,mm,OK,--,3:07:50 PM,7/3/2025,
283,42.3,gf,1.130,mm,OK,--,3:07:50 PM,7/3/2025,
284,42.3,gf,1.130,mm,OK,--,3:07:50 PM,7/3/2025,
285,42.2,gf,1.135,mm,OK,--,3:07:50 PM,7/3/2025,
286,42.2,gf,1.135,mm,OK,--,3:07:50 PM,7/3/2025,
287,42.4,gf,1.140,mm,OK,--,3:07:50 PM,7/3/2025,
288,42.3,gf,1.145,mm,OK,--,3:07:50 PM,7/3/2025,
289,42.3,gf,1.145,mm,OK,--,3:07:50 PM,7/3/2025,
290,42.3,gf,1.150,mm,OK,--,3:07:50 PM,7/3/2025,
291,42.4,gf,1.150,mm,OK,--,3:07:50 PM,7/3/2025,
292,42.5,gf,1.150,mm,OK,--,3:07:51 PM,7/3/2025,
293,42.5,gf,1.155,mm,OK,--,3:07:51 PM,7/3/2025,
294,42.5,gf,1.160,mm,OK,--,3:07:51 PM,7/3/2025,
295,42.4,gf,1.160,mm,OK,--,3:07:51 PM,7/3/2025,
296,42.4,gf,1.165,mm,OK,--,3:07:51 PM,7/3/2025,
297,42.6,gf,1.165,mm,OK,--,3:07:51 PM,7/3/2025,
298,42.6,gf,1.170,mm,OK,--,3:07:51 PM,7/3/2025,
299,42.5,gf,1.175,mm,OK,--,3:07:51 PM,7/3/2025,
300,42.4,gf,1.180,mm,OK,--,3:07:51 PM,7/3/2025,
301,42.4,gf,1.185,mm,OK,--,3:07:51 PM,7/3/2025,
302,42.5,gf,1.190,mm,OK,--,3:07:52 PM,7/3/2025,
303,42.5,gf,1.200,mm,OK,--,3:07:52 PM,7/3/2025,
304,42.5,gf,1.205,mm,OK,--,3:07:52 PM,7/3/2025,
305,42.6,gf,1.210,mm,OK,--,3:07:52 PM,7/3/2025,
306,42.7,gf,1.215,mm,OK,--,3:07:52 PM,7/3/2025,
307,42.6,gf,1.225,mm,OK,--,3:07:52 PM,7/3/2025,
308,42.6,gf,1.230,mm,OK,--,3:07:52 PM,7/3/2025,
309,42.6,gf,1.240,mm,OK,--,3:07:52 PM,7/3/2025,
310,42.7,gf,1.250,mm,OK,--,3:07:52 PM,7/3/2025,
311,42.6,gf,1.260,mm,OK,--,3:07:52 PM,7/3/2025,
312,42.7,gf,1.265,mm,OK,--,3:07:53 PM,7/3/2025,
313,42.8,gf,1.275,mm,OK,--,3:07:53 PM,7/3/2025,
314,42.8,gf,1.285,mm,OK,--,3:07:53 PM,7/3/2025,
315,42.9,gf,1.295,mm,OK,--,3:07:53 PM,7/3/2025,
316,42.9,gf,1.305,mm,OK,--,3:07:53 PM,7/3/2025,
317,43.0,gf,1.315,mm,OK,--,3:07:53 PM,7/3/2025,
318,43.1,gf,1.320,mm,OK,--,3:07:53 PM,7/3/2025,
319,43.1,gf,1.330,mm,OK,--,3:07:53 PM,7/3/2025,
320,43.1,gf,1.335,mm,OK,--,3:07:53 PM,7/3/2025,
321,43.1,gf,1.340,mm,OK,--,3:07:53 PM,7/3/2025,
322,43.2,gf,1.345,mm,OK,--,3:07:54 PM,7/3/2025,
323,43.2,gf,1.350,mm,OK,--,3:07:54 PM,7/3/2025,
324,43.2,gf,1.355,mm,OK,--,3:07:54 PM,7/3/2025,
325,43.2,gf,1.360,mm,OK,--,3:07:54 PM,7/3/2025,
326,43.2,gf,1.365,mm,OK,--,3:07:54 PM,7/3/2025,
327,43.2,gf,1.370,mm,OK,--,3:07:54 PM,7/3/2025,
328,43.2,gf,1.370,mm,OK,--,3:07:54 PM,7/3/2025,
329,43.3,gf,1.375,mm,OK,--,3:07:54 PM,7/3/2025,
330,43.3,gf,1.380,mm,OK,--,3:07:54 PM,7/3/2025,
331,43.3,gf,1.385,mm,OK,--,3:07:54 PM,7/3/2025,
332,43.3,gf,1.390,mm,OK,--,3:07:55 PM,7/3/2025,
333,43.3,gf,1.400,mm,OK,--,3:07:55 PM,7/3/2025,
334,43.3,gf,1.405,mm,OK,--,3:07:55 PM,7/3/2025,
335,43.3,gf,1.410,mm,OK,--,3:07:55 PM,7/3/2025,
336,43.3,gf,1.420,mm,OK,--,3:07:55 PM,7/3/2025,
337,43.3,gf,1.425,mm,OK,--,3:07:55 PM,7/3/2025,
338,43.3,gf,1.425,mm,OK,--,3:07:55 PM,7/3/2025,
339,43.3,gf,1.430,mm,OK,--,3:07:55 PM,7/3/2025,
340,43.3,gf,1.435,mm,OK,--,3:07:55 PM,7/3/2025,
341,43.3,gf,1.440,mm,OK,--,3:07:55 PM,7/3/2025,
342,43.3,gf,1.440,mm,OK,--,3:07:56 PM,7/3/2025,
343,43.4,gf,1.445,mm,OK,--,3:07:56 PM,7/3/2025,
344,43.4,gf,1.450,mm,OK,--,3:07:56 PM,7/3/2025,
345,43.4,gf,1.455,mm,OK,--,3:07:56 PM,7/3/2025,
346,43.4,gf,1.455,mm,OK,--,3:07:56 PM,7/3/2025,
347,43.4,gf,1.460,mm,OK,--,3:07:56 PM,7/3/2025,
348,43.4,gf,1.465,mm,OK,--,3:07:56 PM,7/3/2025,
349,43.4,gf,1.470,mm,OK,--,3:07:56 PM,7/3/2025,
350,43.4,gf,1.475,mm,OK,--,3:07:56 PM,7/3/2025,
351,43.4,gf,1.480,mm,OK,--,3:07:56 PM,7/3/2025,
352,43.4,gf,1.485,mm,OK,--,3:07:57 PM,7/3/2025,
353,43.4,gf,1.485,mm,OK,--,3:07:57 PM,7/3/2025,
354,43.4,gf,1.490,mm,OK,--,3:07:57 PM,7/3/2025,
355,43.4,gf,1.495,mm,OK,--,3:07:57 PM,7/3/2025,
356,43.4,gf,1.505,mm,OK,--,3:07:57 PM,7/3/2025,
357,43.4,gf,1.510,mm,OK,--,3:07:57 PM,7/3/2025,
358,43.4,gf,1.515,mm,OK,--,3:07:57 PM,7/3/2025,
359,43.5,gf,1.520,mm,OK,--,3:07:57 PM,7/3/2025,
360,43.3,gf,1.530,mm,OK,--,3:07:57 PM,7/3/2025,
361,43.4,gf,1.535,mm,OK,--,3:07:57 PM,7/3/2025,
362,43.4,gf,1.545,mm,OK,--,3:07:58 PM,7/3/2025,
363,43.2,gf,1.550,mm,OK,--,3:07:58 PM,7/3/2025,
364,43.3,gf,1.550,mm,OK,--,3:07:58 PM,7/3/2025,
365,43.3,gf,1.555,mm,OK,--,3:07:58 PM,7/3/2025,
366,43.3,gf,1.560,mm,OK,--,3:07:58 PM,7/3/2025,
367,43.2,gf,1.565,mm,OK,--,3:07:58 PM,7/3/2025,
368,43.3,gf,1.570,mm,OK,--,3:07:58 PM,7/3/2025,
369,43.3,gf,1.575,mm,OK,--,3:07:58 PM,7/3/2025,
370,43.3,gf,1.580,mm,OK,--,3:07:58 PM,7/3/2025,
371,43.3,gf,1.585,mm,OK,--,3:07:58 PM,7/3/2025,
372,43.4,gf,1.585,mm,OK,--,3:07:59 PM,7/3/2025,
373,43.4,gf,1.590,mm,OK,--,3:07:59 PM,7/3/2025,
374,43.4,gf,1.595,mm,OK,--,3:07:59 PM,7/3/2025,
375,43.3,gf,1.600,mm,OK,--,3:07:59 PM,7/3/2025,
376,43.4,gf,1.600,mm,OK,--,3:07:59 PM,7/3/2025,
377,43.5,gf,1.605,mm,OK,--,3:07:59 PM,7/3/2025,
378,43.4,gf,1.610,mm,OK,--,3:07:59 PM,7/3/2025,
379,43.4,gf,1.615,mm,OK,--,3:07:59 PM,7/3/2025,
380,43.4,gf,1.615,mm,OK,--,3:07:59 PM,7/3/2025,
381,43.5,gf,1.620,mm,OK,--,3:07:59 PM,7/3/2025,
382,43.5,gf,1.625,mm,OK,--,3:08:00 PM,7/3/2025,
383,43.5,gf,1.625,mm,OK,--,3:08:00 PM,7/3/2025,
384,43.5,gf,1.630,mm,OK,--,3:08:00 PM,7/3/2025,
385,43.4,gf,1.630,mm,OK,--,3:08:00 PM,7/3/2025,
386,43.5,gf,1.635,mm,OK,--,3:08:00 PM,7/3/2025,
387,43.6,gf,1.635,mm,OK,--,3:08:00 PM,7/3/2025,
388,43.6,gf,1.640,mm,OK,--,3:08:00 PM,7/3/2025,
389,43.6,gf,1.640,mm,OK,--,3:08:00 PM,7/3/2025,
390,43.5,gf,1.645,mm,OK,--,3:08:00 PM,7/3/2025,
391,43.5,gf,1.645,mm,OK,--,3:08:00 PM,7/3/2025,
392,43.4,gf,1.645,mm,OK,--,3:08:01 PM,7/3/2025,
393,43.5,gf,1.650,mm,OK,--,3:08:01 PM,7/3/2025,
394,43.5,gf,1.650,mm,OK,--,3:08:01 PM,7/3/2025,
395,43.6,gf,1.655,mm,OK,--,3:08:01 PM,7/3/2025,
396,43.6,gf,1.655,mm,OK,--,3:08:01 PM,7/3/2025,
397,43.6,gf,1.655,mm,OK,--,3:08:01 PM,7/3/2025,
398,43.5,gf,1.660,mm,OK,--,3:08:01 PM,7/3/2025,
399,43.5,gf,1.660,mm,OK,--,3:08:01 PM,7/3/2025,
400,43.5,gf,1.665,mm,OK,--,3:08:01 PM,7/3/2025,
401,43.4,gf,1.665,mm,OK,--,3:08:01 PM,7/3/2025,
402,43.4,gf,1.665,mm,OK,--,3:08:02 PM,7/3/2025,
403,43.5,gf,1.670,mm,OK,--,3:08:02 PM,7/3/2025,
404,43.5,gf,1.670,mm,OK,--,3:08:02 PM,7/3/2025,
405,43.6,gf,1.675,mm,OK,--,3:08:02 PM,7/3/2025,
406,43.6,gf,1.680,mm,OK,--,3:08:02 PM,7/3/2025,
407,43.5,gf,1.685,mm,OK,--,3:08:02 PM,7/3/2025,
408,43.6,gf,1.685,mm,OK,--,3:08:02 PM,7/3/2025,
409,43.7,gf,1.690,mm,OK,--,3:08:02 PM,7/3/2025,
410,43.7,gf,1.695,mm,OK,--,3:08:02 PM,7/3/2025,
411,43.7,gf,1.700,mm,OK,--,3:08:02 PM,7/3/2025,
412,43.7,gf,1.710,mm,OK,--,3:08:03 PM,7/3/2025,
413,43.7,gf,1.715,mm,OK,--,3:08:03 PM,7/3/2025,
414,43.7,gf,1.720,mm,OK,--,3:08:03 PM,7/3/2025,
415,43.7,gf,1.725,mm,OK,--,3:08:03 PM,7/3/2025,
416,43.8,gf,1.730,mm,OK,--,3:08:03 PM,7/3/2025,
417,43.8,gf,1.735,mm,OK,--,3:08:03 PM,7/3/2025,
418,43.8,gf,1.740,mm,OK,--,3:08:03 PM,7/3/2025,
419,43.9,gf,1.745,mm,OK,--,3:08:03 PM,7/3/2025,
420,43.9,gf,1.750,mm,OK,--,3:08:03 PM,7/3/2025,
421,43.9,gf,1.755,mm,OK,--,3:08:03 PM,7/3/2025,
422,43.9,gf,1.760,mm,OK,--,3:08:04 PM,7/3/2025,
423,43.9,gf,1.765,mm,OK,--,3:08:04 PM,7/3/2025,
424,44.0,gf,1.770,mm,OK,--,3:08:04 PM,7/3/2025,
425,44.0,gf,1.775,mm,OK,--,3:08:04 PM,7/3/2025,
426,44.0,gf,1.780,mm,OK,--,3:08:04 PM,7/3/2025,
427,44.0,gf,1.780,mm,OK,--,3:08:04 PM,7/3/2025,
428,44.0,gf,1.785,mm,OK,--,3:08:04 PM,7/3/2025,
429,44.0,gf,1.790,mm,OK,--,3:08:04 PM,7/3/2025,
430,44.2,gf,1.790,mm,OK,--,3:08:04 PM,7/3/2025,
431,44.2,gf,1.795,mm,OK,--,3:08:04 PM,7/3/2025,
432,44.3,gf,1.800,mm,OK,--,3:08:05 PM,7/3/2025,
433,44.3,gf,1.800,mm,OK,--,3:08:05 PM,7/3/2025,
434,44.3,gf,1.805,mm,OK,--,3:08:05 PM,7/3/2025,
435,44.3,gf,1.810,mm,OK,--,3:08:05 PM,7/3/2025,
436,44.4,gf,1.815,mm,OK,--,3:08:05 PM,7/3/2025,
437,44.5,gf,1.820,mm,OK,--,3:08:05 PM,7/3/2025,
438,44.5,gf,1.825,mm,OK,--,3:08:05 PM,7/3/2025,
439,44.5,gf,1.830,mm,OK,--,3:08:05 PM,7/3/2025,
440,44.6,gf,1.840,mm,OK,--,3:08:05 PM,7/3/2025,
441,44.7,gf,1.850,mm,OK,--,3:08:05 PM,7/3/2025,
442,44.7,gf,1.855,mm,OK,--,3:08:06 PM,7/3/2025,
443,44.8,gf,1.865,mm,OK,--,3:08:06 PM,7/3/2025,
444,44.9,gf,1.875,mm,OK,--,3:08:06 PM,7/3/2025,
445,45.1,gf,1.885,mm,OK,--,3:08:06 PM,7/3/2025,
446,45.1,gf,1.900,mm,OK,--,3:08:06 PM,7/3/2025,
447,45.0,gf,1.910,mm,OK,--,3:08:06 PM,7/3/2025,
448,45.0,gf,1.915,mm,OK,--,3:08:06 PM,7/3/2025,
449,45.2,gf,1.920,mm,OK,--,3:08:06 PM,7/3/2025,
450,45.1,gf,1.930,mm,OK,--,3:08:06 PM,7/3/2025,
451,45.2,gf,1.935,mm,OK,--,3:08:06 PM,7/3/2025,
452,45.2,gf,1.945,mm,OK,--,3:08:07 PM,7/3/2025,
453,45.1,gf,1.950,mm,OK,--,3:08:07 PM,7/3/2025,
454,45.1,gf,1.955,mm,OK,--,3:08:07 PM,7/3/2025,
455,45.1,gf,1.955,mm,OK,--,3:08:07 PM,7/3/2025,
456,45.2,gf,1.960,mm,OK,--,3:08:07 PM,7/3/2025,
457,45.3,gf,1.965,mm,OK,--,3:08:07 PM,7/3/2025,
458,45.2,gf,1.970,mm,OK,--,3:08:07 PM,7/3/2025,
459,45.4,gf,1.975,mm,OK,--,3:08:07 PM,7/3/2025,
460,45.4,gf,1.975,mm,OK,--,3:08:07 PM,7/3/2025,
461,45.4,gf,1.980,mm,OK,--,3:08:07 PM,7/3/2025,
462,45.3,gf,1.985,mm,OK,--,3:08:08 PM,7/3/2025,
463,45.4,gf,1.990,mm,OK,--,3:08:08 PM,7/3/2025,
464,45.3,gf,1.995,mm,OK,--,3:08:08 PM,7/3/2025,
465,45.3,gf,1.995,mm,OK,--,3:08:08 PM,7/3/2025,
466,45.4,gf,2.000,mm,OK,--,3:08:08 PM,7/3/2025,
467,45.2,gf,2.005,mm,OK,--,3:08:08 PM,7/3/2025,
468,45.3,gf,2.005,mm,OK,--,3:08:08 PM,7/3/2025,
469,45.3,gf,2.010,mm,OK,--,3:08:08 PM,7/3/2025,
470,45.4,gf,2.010,mm,OK,--,3:08:08 PM,7/3/2025,
471,45.5,gf,2.015,mm,OK,--,3:08:08 PM,7/3/2025,
472,45.4,gf,2.015,mm,OK,--,3:08:09 PM,7/3/2025,
473,45.5,gf,2.020,mm,OK,--,3:08:09 PM,7/3/2025,
474,45.4,gf,2.030,mm,OK,--,3:08:09 PM,7/3/2025,
475,45.3,gf,2.035,mm,OK,--,3:08:09 PM,7/3/2025,
476,45.4,gf,2.040,mm,OK,--,3:08:09 PM,7/3/2025,
477,45.4,gf,2.045,mm,OK,--,3:08:09 PM,7/3/2025,
478,45.4,gf,2.045,mm,OK,--,3:08:09 PM,7/3/2025,
479,45.4,gf,2.050,mm,OK,--,3:08:09 PM,7/3/2025,
480,45.4,gf,2.055,mm,OK,--,3:08:09 PM,7/3/2025,
481,45.4,gf,2.060,mm,OK,--,3:08:09 PM,7/3/2025,
482,45.5,gf,2.065,mm,OK,--,3:08:10 PM,7/3/2025,
483,45.4,gf,2.070,mm,OK,--,3:08:10 PM,7/3/2025,
484,45.4,gf,2.080,mm,OK,--,3:08:10 PM,7/3/2025,
485,45.2,gf,2.085,mm,OK,--,3:08:10 PM,7/3/2025,
486,45.3,gf,2.090,mm,OK,--,3:08:10 PM,7/3/2025,
487,45.4,gf,2.095,mm,OK,--,3:08:10 PM,7/3/2025,
488,45.3,gf,2.100,mm,OK,--,3:08:10 PM,7/3/2025,
489,45.4,gf,2.105,mm,OK,--,3:08:10 PM,7/3/2025,
490,45.4,gf,2.110,mm,OK,--,3:08:10 PM,7/3/2025,
491,45.4,gf,2.115,mm,OK,--,3:08:10 PM,7/3/2025,
492,45.4,gf,2.120,mm,OK,--,3:08:11 PM,7/3/2025,
493,45.4,gf,2.120,mm,OK,--,3:08:11 PM,7/3/2025,
494,45.4,gf,2.125,mm,OK,--,3:08:11 PM,7/3/2025,
495,45.4,gf,2.130,mm,OK,--,3:08:11 PM,7/3/2025,
496,45.5,gf,2.130,mm,OK,--,3:08:11 PM,7/3/2025,
497,45.4,gf,2.135,mm,OK,--,3:08:11 PM,7/3/2025,
498,45.5,gf,2.140,mm,OK,--,3:08:11 PM,7/3/2025,
499,45.4,gf,2.145,mm,OK,--,3:08:11 PM,7/3/2025,
500,45.5,gf,2.150,mm,OK,--,3:08:11 PM,7/3/2025,
501,45.6,gf,2.155,mm,OK,--,3:08:11 PM,7/3/2025,
502,45.6,gf,2.165,mm,OK,--,3:08:12 PM,7/3/2025,
503,45.6,gf,2.170,mm,OK,--,3:08:12 PM,7/3/2025,
504,45.6,gf,2.170,mm,OK,--,3:08:12 PM,7/3/2025,
505,45.5,gf,2.175,mm,OK,--,3:08:12 PM,7/3/2025,
506,45.5,gf,2.180,mm,OK,--,3:08:12 PM,7/3/2025,
507,45.6,gf,2.180,mm,OK,--,3:08:12 PM,7/3/2025,
508,45.6,gf,2.180,mm,OK,--,3:08:12 PM,7/3/2025,
509,45.6,gf,2.185,mm,OK,--,3:08:12 PM,7/3/2025,
510,45.6,gf,2.190,mm,OK,--,3:08:12 PM,7/3/2025,
511,45.7,gf,2.190,mm,OK,--,3:08:12 PM,7/3/2025,
512,45.7,gf,2.195,mm,OK,--,3:08:13 PM,7/3/2025,
513,45.6,gf,2.195,mm,OK,--,3:08:13 PM,7/3/2025,
514,45.7,gf,2.200,mm,OK,--,3:08:13 PM,7/3/2025,
515,45.8,gf,2.205,mm,OK,--,3:08:13 PM,7/3/2025,
516,45.6,gf,2.205,mm,OK,--,3:08:13 PM,7/3/2025,
517,45.7,gf,2.210,mm,OK,--,3:08:13 PM,7/3/2025,
518,45.7,gf,2.210,mm,OK,--,3:08:13 PM,7/3/2025,
519,45.7,gf,2.215,mm,OK,--,3:08:13 PM,7/3/2025,
520,45.7,gf,2.215,mm,OK,--,3:08:13 PM,7/3/2025,
521,45.8,gf,2.220,mm,OK,--,3:08:13 PM,7/3/2025,
522,45.9,gf,2.220,mm,OK,--,3:08:14 PM,7/3/2025,
523,45.9,gf,2.225,mm,OK,--,3:08:14 PM,7/3/2025,
524,45.9,gf,2.225,mm,OK,--,3:08:14 PM,7/3/2025,
525,45.8,gf,2.230,mm,OK,--,3:08:14 PM,7/3/2025,
526,45.8,gf,2.230,mm,OK,--,3:08:14 PM,7/3/2025,
527,45.9,gf,2.235,mm,OK,--,3:08:14 PM,7/3/2025,
528,45.8,gf,2.235,mm,OK,--,3:08:14 PM,7/3/2025,
529,45.8,gf,2.240,mm,OK,--,3:08:14 PM,7/3/2025,
530,45.8,gf,2.245,mm,OK,--,3:08:14 PM,7/3/2025,
531,45.8,gf,2.245,mm,OK,--,3:08:14 PM,7/3/2025,
532,45.9,gf,2.250,mm,OK,--,3:08:15 PM,7/3/2025,
533,45.9,gf,2.255,mm,OK,--,3:08:15 PM,7/3/2025,
534,45.8,gf,2.255,mm,OK,--,3:08:15 PM,7/3/2025,
535,45.8,gf,2.260,mm,OK,--,3:08:15 PM,7/3/2025,
536,45.8,gf,2.265,mm,OK,--,3:08:15 PM,7/3/2025,
537,45.9,gf,2.270,mm,OK,--,3:08:15 PM,7/3/2025,
538,46.0,gf,2.275,mm,OK,--,3:08:15 PM,7/3/2025,
539,46.0,gf,2.280,mm,OK,--,3:08:15 PM,7/3/2025,
540,45.9,gf,2.285,mm,OK,--,3:08:15 PM,7/3/2025,
541,46.0,gf,2.290,mm,OK,--,3:08:15 PM,7/3/2025,
542,46.1,gf,2.295,mm,OK,--,3:08:16 PM,7/3/2025,
543,46.0,gf,2.305,mm,OK,--,3:08:16 PM,7/3/2025,
544,46.1,gf,2.315,mm,OK,--,3:08:16 PM,7/3/2025,
545,46.0,gf,2.320,mm,OK,--,3:08:16 PM,7/3/2025,
546,46.0,gf,2.330,mm,OK,--,3:08:16 PM,7/3/2025,
547,46.1,gf,2.335,mm,OK,--,3:08:16 PM,7/3/2025,
548,46.1,gf,2.345,mm,OK,--,3:08:16 PM,7/3/2025,
549,46.1,gf,2.350,mm,OK,--,3:08:16 PM,7/3/2025,
550,46.1,gf,2.360,mm,OK,--,3:08:16 PM,7/3/2025,
551,46.2,gf,2.370,mm,OK,--,3:08:16 PM,7/3/2025,
552,46.2,gf,2.375,mm,OK,--,3:08:17 PM,7/3/2025,
553,46.2,gf,2.385,mm,OK,--,3:08:17 PM,7/3/2025,
554,46.2,gf,2.390,mm,OK,--,3:08:17 PM,7/3/2025,
555,46.3,gf,2.395,mm,OK,--,3:08:17 PM,7/3/2025,
556,46.3,gf,2.400,mm,OK,--,3:08:17 PM,7/3/2025,
557,46.2,gf,2.405,mm,OK,--,3:08:17 PM,7/3/2025,
558,46.3,gf,2.410,mm,OK,--,3:08:17 PM,7/3/2025,
559,46.2,gf,2.410,mm,OK,--,3:08:17 PM,7/3/2025,
560,46.3,gf,2.415,mm,OK,--,3:08:17 PM,7/3/2025,
561,46.3,gf,2.420,mm,OK,--,3:08:17 PM,7/3/2025,
562,46.3,gf,2.420,mm,OK,--,3:08:18 PM,7/3/2025,
563,46.3,gf,2.420,mm,OK,--,3:08:18 PM,7/3/2025,
564,46.3,gf,2.425,mm,OK,--,3:08:18 PM,7/3/2025,
565,46.3,gf,2.430,mm,OK,--,3:08:18 PM,7/3/2025,
566,46.3,gf,2.430,mm,OK,--,3:08:18 PM,7/3/2025,
567,46.3,gf,2.435,mm,OK,--,3:08:18 PM,7/3/2025,
568,46.3,gf,2.435,mm,OK,--,3:08:18 PM,7/3/2025,
569,46.3,gf,2.440,mm,OK,--,3:08:18 PM,7/3/2025,
570,46.3,gf,2.440,mm,OK,--,3:08:18 PM,7/3/2025,
571,46.3,gf,2.445,mm,OK,--,3:08:18 PM,7/3/2025,
572,46.3,gf,2.445,mm,OK,--,3:08:19 PM,7/3/2025,
573,46.3,gf,2.450,mm,OK,--,3:08:19 PM,7/3/2025,
574,46.3,gf,2.450,mm,OK,--,3:08:19 PM,7/3/2025,
575,46.3,gf,2.455,mm,OK,--,3:08:19 PM,7/3/2025,
576,46.4,gf,2.460,mm,OK,--,3:08:19 PM,7/3/2025,
577,46.4,gf,2.460,mm,OK,--,3:08:19 PM,7/3/2025,
578,46.4,gf,2.465,mm,OK,--,3:08:19 PM,7/3/2025,
579,46.4,gf,2.470,mm,OK,--,3:08:19 PM,7/3/2025,
580,46.4,gf,2.470,mm,OK,--,3:08:19 PM,7/3/2025,
581,46.5,gf,2.475,mm,OK,--,3:08:19 PM,7/3/2025,
582,46.4,gf,2.475,mm,OK,--,3:08:20 PM,7/3/2025,
583,46.4,gf,2.480,mm,OK,--,3:08:20 PM,7/3/2025,
584,46.4,gf,2.480,mm,OK,--,3:08:20 PM,7/3/2025,
585,46.4,gf,2.485,mm,OK,--,3:08:20 PM,7/3/2025,
586,46.5,gf,2.490,mm,OK,--,3:08:20 PM,7/3/2025,
587,46.5,gf,2.495,mm,OK,--,3:08:20 PM,7/3/2025,
588,46.4,gf,2.495,mm,OK,--,3:08:20 PM,7/3/2025,
589,46.4,gf,2.500,mm,OK,--,3:08:20 PM,7/3/2025,
590,46.5,gf,2.505,mm,OK,--,3:08:20 PM,7/3/2025,
591,46.5,gf,2.510,mm,OK,--,3:08:20 PM,7/3/2025,
592,46.5,gf,2.515,mm,OK,--,3:08:21 PM,7/3/2025,
593,46.5,gf,2.520,mm,OK,--,3:08:21 PM,7/3/2025,
594,46.5,gf,2.525,mm,OK,--,3:08:21 PM,7/3/2025,
595,46.5,gf,2.525,mm,OK,--,3:08:21 PM,7/3/2025,
596,46.5,gf,2.535,mm,OK,--,3:08:21 PM,7/3/2025,
597,46.5,gf,2.540,mm,OK,--,3:08:21 PM,7/3/2025,
598,46.5,gf,2.545,mm,OK,--,3:08:21 PM,7/3/2025,
599,46.5,gf,2.550,mm,OK,--,3:08:21 PM,7/3/2025,
600,46.5,gf,2.560,mm,OK,--,3:08:21 PM,7/3/2025,
601,46.5,gf,2.565,mm,OK,--,3:08:21 PM,7/3/2025,
602,46.5,gf,2.575,mm,OK,--,3:08:22 PM,7/3/2025,
603,46.5,gf,2.580,mm,OK,--,3:08:22 PM,7/3/2025,
604,46.7,gf,2.595,mm,OK,--,3:08:22 PM,7/3/2025,
605,46.7,gf,2.605,mm,OK,--,3:08:22 PM,7/3/2025,
606,46.7,gf,2.610,mm,OK,--,3:08:22 PM,7/3/2025,
607,46.7,gf,2.620,mm,OK,--,3:08:22 PM,7/3/2025,
608,46.7,gf,2.625,mm,OK,--,3:08:22 PM,7/3/2025,
609,46.7,gf,2.630,mm,OK,--,3:08:22 PM,7/3/2025,
610,46.7,gf,2.635,mm,OK,--,3:08:22 PM,7/3/2025,
611,46.7,gf,2.640,mm,OK,--,3:08:22 PM,7/3/2025,
612,46.7,gf,2.645,mm,OK,--,3:08:23 PM,7/3/2025,
613,46.7,gf,2.645,mm,OK,--,3:08:23 PM,7/3/2025,
614,46.7,gf,2.650,mm,OK,--,3:08:23 PM,7/3/2025,
615,46.7,gf,2.650,mm,OK,--,3:08:23 PM,7/3/2025,
616,46.9,gf,2.655,mm,OK,--,3:08:23 PM,7/3/2025,
617,47.1,gf,2.655,mm,OK,--,3:08:23 PM,7/3/2025,
618,47.2,gf,2.660,mm,OK,--,3:08:23 PM,7/3/2025,
619,47.4,gf,2.660,mm,OK,--,3:08:23 PM,7/3/2025,
620,47.4,gf,2.665,mm,OK,--,3:08:23 PM,7/3/2025,
621,47.4,gf,2.665,mm,OK,--,3:08:23 PM,7/3/2025,
622,47.3,gf,2.670,mm,OK,--,3:08:24 PM,7/3/2025,
623,47.2,gf,2.670,mm,OK,--,3:08:24 PM,7/3/2025,
624,47.2,gf,2.670,mm,OK,--,3:08:24 PM,7/3/2025,
625,47.2,gf,2.670,mm,OK,--,3:08:24 PM,7/3/2025,
626,47.1,gf,2.675,mm,OK,--,3:08:24 PM,7/3/2025,
627,47.1,gf,2.675,mm,OK,--,3:08:24 PM,7/3/2025,
628,47.0,gf,2.675,mm,OK,--,3:08:24 PM,7/3/2025,
629,47.0,gf,2.675,mm,OK,--,3:08:24 PM,7/3/2025,
630,47.1,gf,2.680,mm,OK,--,3:08:24 PM,7/3/2025,
631,47.1,gf,2.680,mm,OK,--,3:08:24 PM,7/3/2025,
632,47.1,gf,2.680,mm,OK,--,3:08:25 PM,7/3/2025,
633,47.1,gf,2.685,mm,OK,--,3:08:25 PM,7/3/2025,
634,47.1,gf,2.685,mm,OK,--,3:08:25 PM,7/3/2025,
635,47.1,gf,2.690,mm,OK,--,3:08:25 PM,7/3/2025,
636,47.0,gf,2.690,mm,OK,--,3:08:25 PM,7/3/2025,
637,46.9,gf,2.695,mm,OK,--,3:08:25 PM,7/3/2025,
638,46.9,gf,2.695,mm,OK,--,3:08:25 PM,7/3/2025,
639,47.0,gf,2.695,mm,OK,--,3:08:25 PM,7/3/2025,
640,46.9,gf,2.700,mm,OK,--,3:08:25 PM,7/3/2025,
641,47.0,gf,2.700,mm,OK,--,3:08:25 PM,7/3/2025,
642,47.0,gf,2.710,mm,OK,--,3:08:26 PM,7/3/2025,
643,47.0,gf,2.710,mm,OK,--,3:08:26 PM,7/3/2025,
644,47.0,gf,2.715,mm,OK,--,3:08:26 PM,7/3/2025,
645,47.1,gf,2.720,mm,OK,--,3:08:26 PM,7/3/2025,
646,47.2,gf,2.725,mm,OK,--,3:08:26 PM,7/3/2025,
647,47.2,gf,2.730,mm,OK,--,3:08:26 PM,7/3/2025,
648,47.2,gf,2.730,mm,OK,--,3:08:26 PM,7/3/2025,
649,47.1,gf,2.735,mm,OK,--,3:08:26 PM,7/3/2025,
650,47.1,gf,2.740,mm,OK,--,3:08:26 PM,7/3/2025,
651,47.1,gf,2.745,mm,OK,--,3:08:26 PM,7/3/2025,
652,47.0,gf,2.750,mm,OK,--,3:08:27 PM,7/3/2025,
653,47.0,gf,2.750,mm,OK,--,3:08:27 PM,7/3/2025,
654,47.0,gf,2.755,mm,OK,--,3:08:27 PM,7/3/2025,
655,47.0,gf,2.760,mm,OK,--,3:08:27 PM,7/3/2025,
656,47.1,gf,2.760,mm,OK,--,3:08:27 PM,7/3/2025,
657,47.2,gf,2.765,mm,OK,--,3:08:27 PM,7/3/2025,
658,47.2,gf,2.765,mm,OK,--,3:08:27 PM,7/3/2025,
659,47.2,gf,2.770,mm,OK,--,3:08:27 PM,7/3/2025,
660,47.3,gf,2.775,mm,OK,--,3:08:27 PM,7/3/2025,
661,47.4,gf,2.780,mm,OK,--,3:08:27 PM,7/3/2025,
662,47.4,gf,2.785,mm,OK,--,3:08:28 PM,7/3/2025,
663,47.4,gf,2.795,mm,OK,--,3:08:28 PM,7/3/2025,
664,47.5,gf,2.800,mm,OK,--,3:08:28 PM,7/3/2025,
665,47.4,gf,2.810,mm,OK,--,3:08:28 PM,7/3/2025,
666,47.4,gf,2.820,mm,OK,--,3:08:28 PM,7/3/2025,
667,47.5,gf,2.830,mm,OK,--,3:08:28 PM,7/3/2025,
668,47.5,gf,2.835,mm,OK,--,3:08:28 PM,7/3/2025,
669,47.4,gf,2.840,mm,OK,--,3:08:28 PM,7/3/2025,
670,47.4,gf,2.845,mm,OK,--,3:08:28 PM,7/3/2025,
671,47.4,gf,2.850,mm,OK,--,3:08:28 PM,7/3/2025,
672,47.4,gf,2.855,mm,OK,--,3:08:29 PM,7/3/2025,
673,47.4,gf,2.860,mm,OK,--,3:08:29 PM,7/3/2025,
674,47.6,gf,2.865,mm,OK,--,3:08:29 PM,7/3/2025,
675,47.7,gf,2.870,mm,OK,--,3:08:29 PM,7/3/2025,
676,47.9,gf,2.875,mm,OK,--,3:08:29 PM,7/3/2025,
677,47.9,gf,2.875,mm,OK,--,3:08:29 PM,7/3/2025,
678,47.9,gf,2.880,mm,OK,--,3:08:29 PM,7/3/2025,
679,48.1,gf,2.880,mm,OK,--,3:08:29 PM,7/3/2025,
680,48.1,gf,2.885,mm,OK,--,3:08:29 PM,7/3/2025,
681,48.1,gf,2.890,mm,OK,--,3:08:29 PM,7/3/2025,
682,48.1,gf,2.895,mm,OK,--,3:08:30 PM,7/3/2025,
683,48.1,gf,2.900,mm,OK,--,3:08:30 PM,7/3/2025,
684,48.2,gf,2.905,mm,OK,--,3:08:30 PM,7/3/2025,
685,48.2,gf,2.910,mm,OK,--,3:08:30 PM,7/3/2025,
686,48.2,gf,2.915,mm,OK,--,3:08:30 PM,7/3/2025,
687,48.2,gf,2.920,mm,OK,--,3:08:30 PM,7/3/2025,
688,48.3,gf,2.930,mm,OK,--,3:08:30 PM,7/3/2025,
689,48.3,gf,2.935,mm,OK,--,3:08:30 PM,7/3/2025,
690,48.3,gf,2.940,mm,OK,--,3:08:30 PM,7/3/2025,
691,48.4,gf,2.950,mm,OK,--,3:08:30 PM,7/3/2025,
692,48.3,gf,2.955,mm,OK,--,3:08:31 PM,7/3/2025,
693,48.3,gf,2.960,mm,OK,--,3:08:31 PM,7/3/2025,
694,48.3,gf,2.965,mm,OK,--,3:08:31 PM,7/3/2025,
695,48.3,gf,2.970,mm,OK,--,3:08:31 PM,7/3/2025,
696,48.4,gf,2.975,mm,OK,--,3:08:31 PM,7/3/2025,
697,48.4,gf,2.980,mm,OK,--,3:08:31 PM,7/3/2025,
698,48.4,gf,2.980,mm,OK,--,3:08:31 PM,7/3/2025,
699,48.4,gf,2.985,mm,OK,--,3:08:31 PM,7/3/2025,
700,48.4,gf,2.990,mm,OK,--,3:08:31 PM,7/3/2025,
701,48.4,gf,2.995,mm,OK,--,3:08:31 PM,7/3/2025,
702,48.4,gf,3.000,mm,OK,--,3:08:32 PM,7/3/2025,
703,48.5,gf,3.005,mm,OK,--,3:08:32 PM,7/3/2025,
704,48.5,gf,3.010,mm,OK,--,3:08:32 PM,7/3/2025,
705,48.6,gf,3.015,mm,OK,--,3:08:32 PM,7/3/2025,
706,48.6,gf,3.020,mm,OK,--,3:08:32 PM,7/3/2025,
707,48.6,gf,3.025,mm,OK,--,3:08:32 PM,7/3/2025,
708,48.7,gf,3.030,mm,OK,--,3:08:32 PM,7/3/2025,
709,48.8,gf,3.035,mm,OK,--,3:08:32 PM,7/3/2025,
710,48.8,gf,3.040,mm,OK,--,3:08:32 PM,7/3/2025,
711,48.8,gf,3.045,mm,OK,--,3:08:32 PM,7/3/2025,
712,48.8,gf,3.050,mm,OK,--,3:08:33 PM,7/3/2025,
713,48.8,gf,3.055,mm,OK,--,3:08:33 PM,7/3/2025,
714,48.8,gf,3.060,mm,OK,--,3:08:33 PM,7/3/2025,
715,48.8,gf,3.065,mm,OK,--,3:08:33 PM,7/3/2025,
716,48.8,gf,3.070,mm,OK,--,3:08:33 PM,7/3/2025,
717,48.8,gf,3.075,mm,OK,--,3:08:33 PM,7/3/2025,
718,48.7,gf,3.080,mm,OK,--,3:08:33 PM,7/3/2025,
719,48.8,gf,3.085,mm,OK,--,3:08:33 PM,7/3/2025,
720,48.8,gf,3.090,mm,OK,--,3:08:33 PM,7/3/2025,
721,48.8,gf,3.095,mm,OK,--,3:08:33 PM,7/3/2025,
722,48.8,gf,3.105,mm,OK,--,3:08:34 PM,7/3/2025,
723,48.8,gf,3.110,mm,OK,--,3:08:34 PM,7/3/2025,
724,48.8,gf,3.115,mm,OK,--,3:08:34 PM,7/3/2025,
725,48.8,gf,3.125,mm,OK,--,3:08:34 PM,7/3/2025,
726,49.0,gf,3.135,mm,OK,--,3:08:34 PM,7/3/2025,
727,49.0,gf,3.145,mm,OK,--,3:08:34 PM,7/3/2025,
728,49.0,gf,3.150,mm,OK,--,3:08:34 PM,7/3/2025,
729,49.0,gf,3.160,mm,OK,--,3:08:34 PM,7/3/2025,
730,49.1,gf,3.165,mm,OK,--,3:08:34 PM,7/3/2025,
731,49.1,gf,3.170,mm,OK,--,3:08:34 PM,7/3/2025,
732,49.2,gf,3.180,mm,OK,--,3:08:35 PM,7/3/2025,
733,49.2,gf,3.190,mm,OK,--,3:08:35 PM,7/3/2025,
734,49.3,gf,3.195,mm,OK,--,3:08:35 PM,7/3/2025,
735,49.3,gf,3.205,mm,OK,--,3:08:35 PM,7/3/2025,
736,49.3,gf,3.210,mm,OK,--,3:08:35 PM,7/3/2025,
737,49.3,gf,3.215,mm,OK,--,3:08:35 PM,7/3/2025,
738,49.3,gf,3.220,mm,OK,--,3:08:35 PM,7/3/2025,
739,49.4,gf,3.225,mm,OK,--,3:08:35 PM,7/3/2025,
740,49.4,gf,3.230,mm,OK,--,3:08:35 PM,7/3/2025,
741,49.4,gf,3.235,mm,OK,--,3:08:35 PM,7/3/2025,
742,49.4,gf,3.240,mm,OK,--,3:08:36 PM,7/3/2025,
743,49.5,gf,3.245,mm,OK,--,3:08:36 PM,7/3/2025,
744,49.5,gf,3.250,mm,OK,--,3:08:36 PM,7/3/2025,
745,49.4,gf,3.255,mm,OK,--,3:08:36 PM,7/3/2025,
746,49.5,gf,3.260,mm,OK,--,3:08:36 PM,7/3/2025,
747,49.4,gf,3.265,mm,OK,--,3:08:36 PM,7/3/2025,
748,49.4,gf,3.265,mm,OK,--,3:08:36 PM,7/3/2025,
749,49.5,gf,3.270,mm,OK,--,3:08:36 PM,7/3/2025,
750,49.5,gf,3.270,mm,OK,--,3:08:36 PM,7/3/2025,
751,49.6,gf,3.275,mm,OK,--,3:08:36 PM,7/3/2025,
752,49.6,gf,3.275,mm,OK,--,3:08:37 PM,7/3/2025,
753,49.6,gf,3.280,mm,OK,--,3:08:37 PM,7/3/2025,
754,49.6,gf,3.285,mm,OK,--,3:08:37 PM,7/3/2025,
755,49.6,gf,3.290,mm,OK,--,3:08:37 PM,7/3/2025,
756,49.6,gf,3.295,mm,OK,--,3:08:37 PM,7/3/2025,
757,49.7,gf,3.295,mm,OK,--,3:08:37 PM,7/3/2025,
758,49.7,gf,3.300,mm,OK,--,3:08:37 PM,7/3/2025,
759,49.6,gf,3.305,mm,OK,--,3:08:37 PM,7/3/2025,
760,49.7,gf,3.310,mm,OK,--,3:08:37 PM,7/3/2025,
761,49.7,gf,3.310,mm,OK,--,3:08:37 PM,7/3/2025,
762,49.7,gf,3.315,mm,OK,--,3:08:38 PM,7/3/2025,
763,49.7,gf,3.315,mm,OK,--,3:08:38 PM,7/3/2025,
764,49.7,gf,3.320,mm,OK,--,3:08:38 PM,7/3/2025,
765,49.7,gf,3.320,mm,OK,--,3:08:38 PM,7/3/2025,
766,49.7,gf,3.320,mm,OK,--,3:08:38 PM,7/3/2025,
767,49.7,gf,3.325,mm,OK,--,3:08:38 PM,7/3/2025,
768,49.8,gf,3.325,mm,OK,--,3:08:38 PM,7/3/2025,
769,49.8,gf,3.325,mm,OK,--,3:08:38 PM,7/3/2025,
770,49.8,gf,3.330,mm,OK,--,3:08:38 PM,7/3/2025,
771,49.8,gf,3.330,mm,OK,--,3:08:38 PM,7/3/2025,
772,49.8,gf,3.335,mm,OK,--,3:08:39 PM,7/3/2025,
773,49.8,gf,3.335,mm,OK,--,3:08:39 PM,7/3/2025,
774,49.7,gf,3.335,mm,OK,--,3:08:39 PM,7/3/2025,
775,49.7,gf,3.340,mm,OK,--,3:08:39 PM,7/3/2025,
776,49.8,gf,3.340,mm,OK,--,3:08:39 PM,7/3/2025,
777,49.8,gf,3.345,mm,OK,--,3:08:39 PM,7/3/2025,
778,49.7,gf,3.345,mm,OK,--,3:08:39 PM,7/3/2025,
779,49.7,gf,3.345,mm,OK,--,3:08:39 PM,7/3/2025,
780,49.7,gf,3.350,mm,OK,--,3:08:39 PM,7/3/2025,
781,49.7,gf,3.350,mm,OK,--,3:08:39 PM,7/3/2025,
782,49.8,gf,3.350,mm,OK,--,3:08:40 PM,7/3/2025,
783,49.7,gf,3.355,mm,OK,--,3:08:40 PM,7/3/2025,
784,49.7,gf,3.355,mm,OK,--,3:08:40 PM,7/3/2025,
785,49.7,gf,3.355,mm,OK,--,3:08:40 PM,7/3/2025,
786,49.8,gf,3.355,mm,OK,--,3:08:40 PM,7/3/2025,
787,49.8,gf,3.355,mm,OK,--,3:08:40 PM,7/3/2025,
788,49.8,gf,3.355,mm,OK,--,3:08:40 PM,7/3/2025,
789,49.8,gf,3.360,mm,OK,--,3:08:40 PM,7/3/2025,
790,49.8,gf,3.360,mm,OK,--,3:08:40 PM,7/3/2025,
791,49.8,gf,3.360,mm,OK,--,3:08:40 PM,7/3/2025,
792,49.8,gf,3.360,mm,OK,--,3:08:41 PM,7/3/2025,
793,49.8,gf,3.360,mm,OK,--,3:08:41 PM,7/3/2025,
794,49.8,gf,3.360,mm,OK,--,3:08:41 PM,7/3/2025,
795,49.8,gf,3.365,mm,OK,--,3:08:41 PM,7/3/2025,
796,49.8,gf,3.365,mm,OK,--,3:08:41 PM,7/3/2025,
797,49.8,gf,3.370,mm,OK,--,3:08:41 PM,7/3/2025,
798,49.8,gf,3.370,mm,OK,--,3:08:41 PM,7/3/2025,
799,49.8,gf,3.375,mm,OK,--,3:08:41 PM,7/3/2025,
800,49.8,gf,3.375,mm,OK,--,3:08:41 PM,7/3/2025,
801,49.8,gf,3.380,mm,OK,--,3:08:41 PM,7/3/2025,
802,49.8,gf,3.385,mm,OK,--,3:08:42 PM,7/3/2025,
803,49.9,gf,3.390,mm,OK,--,3:08:42 PM,7/3/2025,
804,49.9,gf,3.395,mm,OK,--,3:08:42 PM,7/3/2025,
805,50.0,gf,3.400,mm,OK,--,3:08:42 PM,7/3/2025,
806,50.1,gf,3.410,mm,OK,--,3:08:42 PM,7/3/2025,
807,50.0,gf,3.420,mm,OK,--,3:08:42 PM,7/3/2025,
808,50.0,gf,3.425,mm,OK,--,3:08:42 PM,7/3/2025,
809,50.0,gf,3.435,mm,OK,--,3:08:42 PM,7/3/2025,
810,50.1,gf,3.445,mm,OK,--,3:08:42 PM,7/3/2025,
811,50.0,gf,3.455,mm,OK,--,3:08:42 PM,7/3/2025,
812,50.1,gf,3.465,mm,OK,--,3:08:43 PM,7/3/2025,
813,50.1,gf,3.475,mm,OK,--,3:08:43 PM,7/3/2025,
814,50.1,gf,3.485,mm,OK,--,3:08:43 PM,7/3/2025,
815,50.2,gf,3.490,mm,OK,--,3:08:43 PM,7/3/2025,
816,50.2,gf,3.500,mm,OK,--,3:08:43 PM,7/3/2025,
817,50.2,gf,3.510,mm,OK,--,3:08:43 PM,7/3/2025,
818,50.2,gf,3.515,mm,OK,--,3:08:43 PM,7/3/2025,
819,50.4,gf,3.525,mm,OK,--,3:08:43 PM,7/3/2025,
820,50.3,gf,3.535,mm,OK,--,3:08:43 PM,7/3/2025,
821,50.3,gf,3.545,mm,OK,--,3:08:43 PM,7/3/2025,
822,50.3,gf,3.555,mm,OK,--,3:08:44 PM,7/3/2025,
823,50.4,gf,3.560,mm,OK,--,3:08:44 PM,7/3/2025,
824,50.4,gf,3.570,mm,OK,--,3:08:44 PM,7/3/2025,
825,50.4,gf,3.580,mm,OK,--,3:08:44 PM,7/3/2025,
826,50.4,gf,3.590,mm,OK,--,3:08:44 PM,7/3/2025,
827,50.4,gf,3.595,mm,OK,--,3:08:44 PM,7/3/2025,
828,50.4,gf,3.605,mm,OK,--,3:08:44 PM,7/3/2025,
829,50.4,gf,3.615,mm,OK,--,3:08:44 PM,7/3/2025,
830,50.5,gf,3.625,mm,OK,--,3:08:44 PM,7/3/2025,
831,50.6,gf,3.630,mm,OK,--,3:08:44 PM,7/3/2025,
832,50.7,gf,3.635,mm,OK,--,3:08:45 PM,7/3/2025,
833,50.7,gf,3.645,mm,OK,--,3:08:45 PM,7/3/2025,
834,50.7,gf,3.655,mm,OK,--,3:08:45 PM,7/3/2025,
835,50.8,gf,3.665,mm,OK,--,3:08:45 PM,7/3/2025,
836,50.9,gf,3.675,mm,OK,--,3:08:45 PM,7/3/2025,
837,51.1,gf,3.685,mm,OK,--,3:08:45 PM,7/3/2025,
838,50.9,gf,3.695,mm,OK,--,3:08:45 PM,7/3/2025,
839,50.8,gf,3.710,mm,OK,--,3:08:45 PM,7/3/2025,
840,50.9,gf,3.720,mm,OK,--,3:08:45 PM,7/3/2025,
841,50.9,gf,3.730,mm,OK,--,3:08:45 PM,7/3/2025,
842,51.0,gf,3.745,mm,OK,--,3:08:46 PM,7/3/2025,
843,51.1,gf,3.760,mm,OK,--,3:08:46 PM,7/3/2025,
844,51.1,gf,3.775,mm,OK,--,3:08:46 PM,7/3/2025,
845,51.0,gf,3.785,mm,OK,--,3:08:46 PM,7/3/2025,
846,51.1,gf,3.795,mm,OK,--,3:08:46 PM,7/3/2025,
847,51.1,gf,3.805,mm,OK,--,3:08:46 PM,7/3/2025,
848,51.1,gf,3.810,mm,OK,--,3:08:46 PM,7/3/2025,
849,51.1,gf,3.815,mm,OK,--,3:08:46 PM,7/3/2025,
850,51.2,gf,3.825,mm,OK,--,3:08:46 PM,7/3/2025,
851,51.3,gf,3.840,mm,OK,--,3:08:46 PM,7/3/2025,
852,51.4,gf,3.850,mm,OK,--,3:08:47 PM,7/3/2025,
853,51.5,gf,3.865,mm,OK,--,3:08:47 PM,7/3/2025,
854,51.5,gf,3.875,mm,OK,--,3:08:47 PM,7/3/2025,
855,57.6,gf,3.885,mm,OK,--,3:08:47 PM,7/3/2025,
856,66.2,gf,3.895,mm,OK,--,3:08:47 PM,7/3/2025,
857,74.0,gf,3.900,mm,OK,--,3:08:47 PM,7/3/2025,
858,80.8,gf,3.905,mm,OK,--,3:08:47 PM,7/3/2025,
859,88.2,gf,3.915,mm,OK,--,3:08:47 PM,7/3/2025,
860,94.9,gf,3.920,mm,OK,--,3:08:47 PM,7/3/2025,
861,101.5,gf,3.930,mm,OK,--,3:08:47 PM,7/3/2025,
862,107.9,gf,3.935,mm,OK,--,3:08:48 PM,7/3/2025,
863,114.2,gf,3.940,mm,OK,--,3:08:48 PM,7/3/2025,
864,119.7,gf,3.945,mm,OK,--,3:08:48 PM,7/3/2025,
865,124.2,gf,3.950,mm,OK,--,3:08:48 PM,7/3/2025,
866,127.2,gf,3.955,mm,OK,--,3:08:48 PM,7/3/2025,
867,128.5,gf,3.955,mm,OK,--,3:08:48 PM,7/3/2025,
868,129.7,gf,3.955,mm,OK,--,3:08:48 PM,7/3/2025,
869,131.4,gf,3.955,mm,OK,--,3:08:48 PM,7/3/2025,
870,133.3,gf,3.960,mm,OK,--,3:08:48 PM,7/3/2025,
871,135.0,gf,3.960,mm,OK,--,3:08:48 PM,7/3/2025,
872,136.3,gf,3.960,mm,OK,--,3:08:49 PM,7/3/2025,
873,137.5,gf,3.965,mm,OK,--,3:08:49 PM,7/3/2025,
874,138.4,gf,3.965,mm,OK,--,3:08:49 PM,7/3/2025,
875,139.5,gf,3.965,mm,OK,--,3:08:49 PM,7/3/2025,
876,140.5,gf,3.965,mm,OK,--,3:08:49 PM,7/3/2025,
877,141.6,gf,3.965,mm,OK,--,3:08:49 PM,7/3/2025,
878,142.5,gf,3.970,mm,OK,--,3:08:49 PM,7/3/2025,
879,143.5,gf,3.970,mm,OK,--,3:08:49 PM,7/3/2025,
880,144.4,gf,3.970,mm,OK,--,3:08:49 PM,7/3/2025,
881,145.3,gf,3.970,mm,OK,--,3:08:49 PM,7/3/2025,
882,146.3,gf,3.970,mm,OK,--,3:08:50 PM,7/3/2025,
883,147.1,gf,3.970,mm,OK,--,3:08:50 PM,7/3/2025,
884,148.1,gf,3.975,mm,OK,--,3:08:50 PM,7/3/2025,
885,148.7,gf,3.975,mm,OK,--,3:08:50 PM,7/3/2025,
886,149.2,gf,3.975,mm,OK,--,3:08:50 PM,7/3/2025,
887,149.7,gf,3.975,mm,OK,--,3:08:50 PM,7/3/2025,
888,150.2,gf,3.975,mm,OK,--,3:08:50 PM,7/3/2025,
889,150.7,gf,3.975,mm,OK,--,3:08:50 PM,7/3/2025,
890,151.3,gf,3.975,mm,OK,--,3:08:50 PM,7/3/2025,
891,151.9,gf,3.975,mm,OK,--,3:08:50 PM,7/3/2025,
892,152.5,gf,3.975,mm,OK,--,3:08:51 PM,7/3/2025,
893,153.1,gf,3.980,mm,OK,--,3:08:51 PM,7/3/2025,
894,153.7,gf,3.980,mm,OK,--,3:08:51 PM,7/3/2025,
895,154.3,gf,3.980,mm,OK,--,3:08:51 PM,7/3/2025,
896,154.8,gf,3.980,mm,OK,--,3:08:51 PM,7/3/2025,
897,155.4,gf,3.980,mm,OK,--,3:08:51 PM,7/3/2025,
898,156.0,gf,3.980,mm,OK,--,3:08:51 PM,7/3/2025,
899,156.5,gf,3.980,mm,OK,--,3:08:51 PM,7/3/2025,
900,157.0,gf,3.980,mm,OK,--,3:08:51 PM,7/3/2025,
901,157.5,gf,3.980,mm,OK,--,3:08:51 PM,7/3/2025,
902,158.0,gf,3.980,mm,OK,--,3:08:52 PM,7/3/2025,
903,158.4,gf,3.985,mm,OK,--,3:08:52 PM,7/3/2025,
904,158.9,gf,3.985,mm,OK,--,3:08:52 PM,7/3/2025,
905,159.3,gf,3.985,mm,OK,--,3:08:52 PM,7/3/2025,
906,159.8,gf,3.985,mm,OK,--,3:08:52 PM,7/3/2025,
907,160.2,gf,3.985,mm,OK,--,3:08:52 PM,7/3/2025,
908,160.6,gf,3.985,mm,OK,--,3:08:52 PM,7/3/2025,
909,160.9,gf,3.985,mm,OK,--,3:08:52 PM,7/3/2025,
910,161.2,gf,3.985,mm,OK,--,3:08:52 PM,7/3/2025,
911,161.5,gf,3.985,mm,OK,--,3:08:52 PM,7/3/2025,
912,161.8,gf,3.985,mm,OK,--,3:08:53 PM,7/3/2025,
913,162.0,gf,3.985,mm,OK,--,3:08:53 PM,7/3/2025,
914,162.3,gf,3.985,mm,OK,--,3:08:53 PM,7/3/2025,
915,162.5,gf,3.985,mm,OK,--,3:08:53 PM,7/3/2025,
916,162.7,gf,3.985,mm,OK,--,3:08:53 PM,7/3/2025,
917,163.0,gf,3.985,mm,OK,--,3:08:53 PM,7/3/2025,
918,163.2,gf,3.990,mm,OK,--,3:08:53 PM,7/3/2025,
919,163.5,gf,3.990,mm,OK,--,3:08:53 PM,7/3/2025,
920,163.5,gf,3.990,mm,OK,--,3:08:53 PM,7/3/2025,
921,163.6,gf,3.990,mm,OK,--,3:08:53 PM,7/3/2025,
922,163.8,gf,3.990,mm,OK,--,3:08:54 PM,7/3/2025,
923,163.9,gf,3.990,mm,OK,--,3:08:54 PM,7/3/2025,
924,164.2,gf,3.990,mm,OK,--,3:08:54 PM,7/3/2025,
925,164.5,gf,3.990,mm,OK,--,3:08:54 PM,7/3/2025,
926,164.7,gf,3.990,mm,OK,--,3:08:54 PM,7/3/2025,
927,164.9,gf,3.990,mm,OK,--,3:08:54 PM,7/3/2025,
928,165.0,gf,3.990,mm,OK,--,3:08:54 PM,7/3/2025,
929,165.2,gf,3.990,mm,OK,--,3:08:54 PM,7/3/2025,
930,165.4,gf,3.990,mm,OK,--,3:08:54 PM,7/3/2025,
931,165.7,gf,3.990,mm,OK,--,3:08:54 PM,7/3/2025,
932,165.8,gf,3.990,mm,OK,--,3:08:55 PM,7/3/2025,
933,166.0,gf,3.990,mm,OK,--,3:08:55 PM,7/3/2025,
934,166.2,gf,3.990,mm,OK,--,3:08:55 PM,7/3/2025,
935,166.5,gf,3.990,mm,OK,--,3:08:55 PM,7/3/2025,
936,166.8,gf,3.990,mm,OK,--,3:08:55 PM,7/3/2025,
937,167.2,gf,3.990,mm,OK,--,3:08:55 PM,7/3/2025,
938,167.6,gf,3.990,mm,OK,--,3:08:55 PM,7/3/2025,
939,168.1,gf,3.990,mm,OK,--,3:08:55 PM,7/3/2025,
940,168.6,gf,3.995,mm,OK,--,3:08:55 PM,7/3/2025,
941,169.1,gf,3.995,mm,OK,--,3:08:55 PM,7/3/2025,
942,169.7,gf,3.995,mm,OK,--,3:08:56 PM,7/3/2025,
943,170.7,gf,3.995,mm,OK,--,3:08:56 PM,7/3/2025,
944,171.5,gf,3.995,mm,OK,--,3:08:56 PM,7/3/2025,
945,171.8,gf,3.995,mm,OK,--,3:08:56 PM,7/3/2025,
946,172.3,gf,3.995,mm,OK,--,3:08:56 PM,7/3/2025,
947,174.2,gf,4.000,mm,OK,--,3:08:56 PM,7/3/2025,
948,177.0,gf,4.000,mm,OK,--,3:08:56 PM,7/3/2025,
949,178.6,gf,4.000,mm,OK,--,3:08:56 PM,7/3/2025,
950,180.2,gf,4.005,mm,OK,--,3:08:56 PM,7/3/2025,
951,181.4,gf,4.005,mm,OK,--,3:08:56 PM,7/3/2025,
952,182.8,gf,4.005,mm,OK,--,3:08:57 PM,7/3/2025,
953,184.0,gf,4.010,mm,OK,--,3:08:57 PM,7/3/2025,
954,185.2,gf,4.010,mm,OK,--,3:08:57 PM,7/3/2025,
955,186.7,gf,4.010,mm,OK,--,3:08:57 PM,7/3/2025,
956,187.9,gf,4.010,mm,OK,--,3:08:57 PM,7/3/2025,
957,189.0,gf,4.015,mm,OK,--,3:08:57 PM,7/3/2025,
958,190.0,gf,4.015,mm,OK,--,3:08:57 PM,7/3/2025,
959,191.0,gf,4.015,mm,OK,--,3:08:57 PM,7/3/2025,
960,192.0,gf,4.015,mm,OK,--,3:08:57 PM,7/3/2025,
961,192.7,gf,4.015,mm,OK,--,3:08:57 PM,7/3/2025,
962,193.3,gf,4.015,mm,OK,--,3:08:58 PM,7/3/2025,
963,193.6,gf,4.015,mm,OK,--,3:08:58 PM,7/3/2025,
964,193.6,gf,4.015,mm,OK,--,3:08:58 PM,7/3/2025,
965,193.4,gf,4.015,mm,OK,--,3:08:58 PM,7/3/2025,
966,193.4,gf,4.015,mm,OK,--,3:08:58 PM,7/3/2025,
967,193.4,gf,4.015,mm,OK,--,3:08:58 PM,7/3/2025,
968,193.4,gf,4.015,mm,OK,--,3:08:58 PM,7/3/2025,
969,193.4,gf,4.015,mm,OK,--,3:08:58 PM,7/3/2025,
970,193.4,gf,4.015,mm,OK,--,3:08:58 PM,7/3/2025,
971,193.4,gf,4.015,mm,OK,--,3:08:58 PM,7/3/2025,
972,193.4,gf,4.015,mm,OK,--,3:08:59 PM,7/3/2025,
973,193.4,gf,4.015,mm,OK,--,3:08:59 PM,7/3/2025,
974,193.3,gf,4.015,mm,OK,--,3:08:59 PM,7/3/2025,
975,193.2,gf,4.015,mm,OK,--,3:08:59 PM,7/3/2025,
976,193.0,gf,4.015,mm,OK,--,3:08:59 PM,7/3/2025,
977,192.8,gf,4.015,mm,OK,--,3:08:59 PM,7/3/2025,
978,192.8,gf,4.015,mm,OK,--,3:08:59 PM,7/3/2025,
979,192.7,gf,4.015,mm,OK,--,3:08:59 PM,7/3/2025,
980,192.5,gf,4.015,mm,OK,--,3:08:59 PM,7/3/2025,
981,192.0,gf,4.015,mm,OK,--,3:08:59 PM,7/3/2025,
982,191.3,gf,4.015,mm,OK,--,3:09:00 PM,7/3/2025,
983,190.7,gf,4.015,mm,OK,--,3:09:00 PM,7/3/2025,
984,190.2,gf,4.015,mm,OK,--,3:09:00 PM,7/3/2025,
985,189.7,gf,4.015,mm,OK,--,3:09:00 PM,7/3/2025,
986,189.1,gf,4.015,mm,OK,--,3:09:00 PM,7/3/2025,
987,188.3,gf,4.015,mm,OK,--,3:09:00 PM,7/3/2025,
988,187.4,gf,4.015,mm,OK,--,3:09:00 PM,7/3/2025,
989,186.4,gf,4.010,mm,OK,--,3:09:00 PM,7/3/2025,
990,185.5,gf,4.010,mm,OK,--,3:09:00 PM,7/3/2025,
991,184.6,gf,4.010,mm,OK,--,3:09:00 PM,7/3/2025,
992,183.4,gf,4.010,mm,OK,--,3:09:01 PM,7/3/2025,
993,182.4,gf,4.010,mm,OK,--,3:09:01 PM,7/3/2025,
994,181.7,gf,4.010,mm,OK,--,3:09:01 PM,7/3/2025,
995,181.1,gf,4.005,mm,OK,--,3:09:01 PM,7/3/2025,
996,179.7,gf,4.005,mm,OK,--,3:09:01 PM,7/3/2025,
997,177.9,gf,4.005,mm,OK,--,3:09:01 PM,7/3/2025,
998,176.6,gf,4.005,mm,OK,--,3:09:01 PM,7/3/2025,
999,175.7,gf,4.000,mm,OK,--,3:09:01 PM,7/3/2025,
1000,174.9,gf,4.000,mm,OK,--,3:09:01 PM,7/3/2025,
1001,174.4,gf,4.000,mm,OK,--,3:09:01 PM,7/3/2025,
1002,173.9,gf,4.000,mm,OK,--,3:09:02 PM,7/3/2025,
1003,173.5,gf,4.000,mm,OK,--,3:09:02 PM,7/3/2025,
1004,173.1,gf,4.000,mm,OK,--,3:09:02 PM,7/3/2025,
1005,172.8,gf,4.000,mm,OK,--,3:09:02 PM,7/3/2025,
1006,172.4,gf,4.000,mm,OK,--,3:09:02 PM,7/3/2025,
1007,172.1,gf,4.000,mm,OK,--,3:09:02 PM,7/3/2025,
1008,171.8,gf,4.000,mm,OK,--,3:09:02 PM,7/3/2025,
1009,171.4,gf,4.000,mm,OK,--,3:09:02 PM,7/3/2025,
1010,171.1,gf,4.000,mm,OK,--,3:09:02 PM,7/3/2025,
1011,170.6,gf,3.995,mm,OK,--,3:09:02 PM,7/3/2025,
1012,170.0,gf,3.995,mm,OK,--,3:09:03 PM,7/3/2025,
1013,169.4,gf,3.995,mm,OK,--,3:09:03 PM,7/3/2025,
1014,169.1,gf,3.995,mm,OK,--,3:09:03 PM,7/3/2025,
1015,168.8,gf,3.995,mm,OK,--,3:09:03 PM,7/3/2025,
1016,168.4,gf,3.995,mm,OK,--,3:09:03 PM,7/3/2025,
1017,168.0,gf,3.995,mm,OK,--,3:09:03 PM,7/3/2025,
1018,167.7,gf,3.995,mm,OK,--,3:09:03 PM,7/3/2025,
1019,167.4,gf,3.995,mm,OK,--,3:09:03 PM,7/3/2025,
1020,167.0,gf,3.995,mm,OK,--,3:09:03 PM,7/3/2025,
1021,166.5,gf,3.995,mm,OK,--,3:09:03 PM,7/3/2025,
1022,166.1,gf,3.995,mm,OK,--,3:09:04 PM,7/3/2025,
1023,165.5,gf,3.995,mm,OK,--,3:09:04 PM,7/3/2025,
1024,164.9,gf,3.990,mm,OK,--,3:09:04 PM,7/3/2025,
1025,164.4,gf,3.990,mm,OK,--,3:09:04 PM,7/3/2025,
1026,163.8,gf,3.990,mm,OK,--,3:09:04 PM,7/3/2025,
1027,163.1,gf,3.990,mm,OK,--,3:09:04 PM,7/3/2025,
1028,162.3,gf,3.990,mm,OK,--,3:09:04 PM,7/3/2025,
1029,161.6,gf,3.990,mm,OK,--,3:09:04 PM,7/3/2025,
1030,161.2,gf,3.990,mm,OK,--,3:09:04 PM,7/3/2025,
1031,160.9,gf,3.990,mm,OK,--,3:09:04 PM,7/3/2025,
1032,160.4,gf,3.990,mm,OK,--,3:09:05 PM,7/3/2025,
1033,159.9,gf,3.985,mm,OK,--,3:09:05 PM,7/3/2025,
1034,159.3,gf,3.985,mm,OK,--,3:09:05 PM,7/3/2025,
1035,158.5,gf,3.985,mm,OK,--,3:09:05 PM,7/3/2025,
1036,157.5,gf,3.985,mm,OK,--,3:09:05 PM,7/3/2025,
1037,156.7,gf,3.985,mm,OK,--,3:09:05 PM,7/3/2025,
1038,156.1,gf,3.985,mm,OK,--,3:09:05 PM,7/3/2025,
1039,155.9,gf,3.985,mm,OK,--,3:09:05 PM,7/3/2025,
1040,155.4,gf,3.985,mm,OK,--,3:09:05 PM,7/3/2025,
1041,155.1,gf,3.985,mm,OK,--,3:09:05 PM,7/3/2025,
1042,154.7,gf,3.980,mm,OK,--,3:09:06 PM,7/3/2025,
1043,154.4,gf,3.980,mm,OK,--,3:09:06 PM,7/3/2025,
1044,154.0,gf,3.980,mm,OK,--,3:09:06 PM,7/3/2025,
1045,153.7,gf,3.980,mm,OK,--,3:09:06 PM,7/3/2025,
1046,153.4,gf,3.980,mm,OK,--,3:09:06 PM,7/3/2025,
1047,153.2,gf,3.980,mm,OK,--,3:09:06 PM,7/3/2025,
1048,153.0,gf,3.980,mm,OK,--,3:09:06 PM,7/3/2025,
1049,152.8,gf,3.980,mm,OK,--,3:09:06 PM,7/3/2025,
1050,152.7,gf,3.980,mm,OK,--,3:09:06 PM,7/3/2025,
1051,152.5,gf,3.980,mm,OK,--,3:09:06 PM,7/3/2025,
1052,152.4,gf,3.980,mm,OK,--,3:09:07 PM,7/3/2025,
1053,152.4,gf,3.980,mm,OK,--,3:09:07 PM,7/3/2025,
1054,152.2,gf,3.980,mm,OK,--,3:09:07 PM,7/3/2025,
1055,152.2,gf,3.980,mm,OK,--,3:09:07 PM,7/3/2025,
1056,152.1,gf,3.980,mm,OK,--,3:09:07 PM,7/3/2025,
1057,152.0,gf,3.980,mm,OK,--,3:09:07 PM,7/3/2025,
1058,151.9,gf,3.980,mm,OK,--,3:09:07 PM,7/3/2025,
1059,151.7,gf,3.980,mm,OK,--,3:09:07 PM,7/3/2025,
1060,151.2,gf,3.980,mm,OK,--,3:09:07 PM,7/3/2025,
1061,151.2,gf,3.980,mm,OK,--,3:09:07 PM,7/3/2025,
1062,151.2,gf,3.980,mm,OK,--,3:09:08 PM,7/3/2025,
1063,151.1,gf,3.980,mm,OK,--,3:09:08 PM,7/3/2025,
1064,150.9,gf,3.980,mm,OK,--,3:09:08 PM,7/3/2025,
1065,150.2,gf,3.980,mm,OK,--,3:09:08 PM,7/3/2025,
1066,149.4,gf,3.980,mm,OK,--,3:09:08 PM,7/3/2025,
1067,149.0,gf,3.975,mm,OK,--,3:09:08 PM,7/3/2025,
1068,148.8,gf,3.975,mm,OK,--,3:09:08 PM,7/3/2025,
1069,148.7,gf,3.975,mm,OK,--,3:09:08 PM,7/3/2025,
1070,148.4,gf,3.975,mm,OK,--,3:09:08 PM,7/3/2025,
1071,148.2,gf,3.975,mm,OK,--,3:09:08 PM,7/3/2025,
1072,148.1,gf,3.975,mm,OK,--,3:09:09 PM,7/3/2025,
1073,147.9,gf,3.975,mm,OK,--,3:09:09 PM,7/3/2025,
1074,147.6,gf,3.975,mm,OK,--,3:09:09 PM,7/3/2025,
1075,147.0,gf,3.975,mm,OK,--,3:09:09 PM,7/3/2025,
1076,146.2,gf,3.975,mm,OK,--,3:09:09 PM,7/3/2025,
1077,145.6,gf,3.975,mm,OK,--,3:09:09 PM,7/3/2025,
1078,144.7,gf,3.975,mm,OK,--,3:09:09 PM,7/3/2025,
1079,143.9,gf,3.975,mm,OK,--,3:09:09 PM,7/3/2025,
1080,143.2,gf,3.970,mm,OK,--,3:09:09 PM,7/3/2025,
1081,142.5,gf,3.970,mm,OK,--,3:09:09 PM,7/3/2025,
1082,142.0,gf,3.970,mm,OK,--,3:09:10 PM,7/3/2025,
1083,141.6,gf,3.970,mm,OK,--,3:09:10 PM,7/3/2025,
1084,141.3,gf,3.970,mm,OK,--,3:09:10 PM,7/3/2025,
1085,140.8,gf,3.970,mm,OK,--,3:09:10 PM,7/3/2025,
1086,140.4,gf,3.970,mm,OK,--,3:09:10 PM,7/3/2025,
1087,139.8,gf,3.970,mm,OK,--,3:09:10 PM,7/3/2025,
1088,139.3,gf,3.970,mm,OK,--,3:09:10 PM,7/3/2025,
1089,138.6,gf,3.970,mm,OK,--,3:09:10 PM,7/3/2025,
1090,138.0,gf,3.965,mm,OK,--,3:09:10 PM,7/3/2025,
1091,137.4,gf,3.965,mm,OK,--,3:09:10 PM,7/3/2025,
1092,136.8,gf,3.965,mm,OK,--,3:09:11 PM,7/3/2025,
1093,136.3,gf,3.965,mm,OK,--,3:09:11 PM,7/3/2025,
1094,135.9,gf,3.965,mm,OK,--,3:09:11 PM,7/3/2025,
1095,135.7,gf,3.965,mm,OK,--,3:09:11 PM,7/3/2025,
1096,135.4,gf,3.965,mm,OK,--,3:09:11 PM,7/3/2025,
1097,135.0,gf,3.965,mm,OK,--,3:09:11 PM,7/3/2025,
1098,134.6,gf,3.965,mm,OK,--,3:09:11 PM,7/3/2025,
1099,133.8,gf,3.965,mm,OK,--,3:09:11 PM,7/3/2025,
1100,132.9,gf,3.965,mm,OK,--,3:09:11 PM,7/3/2025,
1101,132.1,gf,3.960,mm,OK,--,3:09:11 PM,7/3/2025,
1102,131.6,gf,3.960,mm,OK,--,3:09:12 PM,7/3/2025,
1103,130.8,gf,3.960,mm,OK,--,3:09:12 PM,7/3/2025,
1104,129.9,gf,3.960,mm,OK,--,3:09:12 PM,7/3/2025,
1105,129.5,gf,3.960,mm,OK,--,3:09:12 PM,7/3/2025,
1106,129.3,gf,3.960,mm,OK,--,3:09:12 PM,7/3/2025,
1107,129.0,gf,3.960,mm,OK,--,3:09:12 PM,7/3/2025,
1108,128.8,gf,3.960,mm,OK,--,3:09:12 PM,7/3/2025,
1109,128.6,gf,3.960,mm,OK,--,3:09:12 PM,7/3/2025,
1110,128.1,gf,3.960,mm,OK,--,3:09:12 PM,7/3/2025,
1111,127.7,gf,3.955,mm,OK,--,3:09:12 PM,7/3/2025,
1112,127.1,gf,3.955,mm,OK,--,3:09:13 PM,7/3/2025,
1113,126.3,gf,3.955,mm,OK,--,3:09:13 PM,7/3/2025,
1114,125.5,gf,3.955,mm,OK,--,3:09:13 PM,7/3/2025,
1115,125.0,gf,3.955,mm,OK,--,3:09:13 PM,7/3/2025,
1116,124.4,gf,3.955,mm,OK,--,3:09:13 PM,7/3/2025,
1117,123.7,gf,3.955,mm,OK,--,3:09:13 PM,7/3/2025,
1118,122.8,gf,3.955,mm,OK,--,3:09:13 PM,7/3/2025,
1119,122.0,gf,3.950,mm,OK,--,3:09:13 PM,7/3/2025,
1120,120.9,gf,3.950,mm,OK,--,3:09:13 PM,7/3/2025,
1121,119.6,gf,3.950,mm,OK,--,3:09:13 PM,7/3/2025,
1122,118.2,gf,3.950,mm,OK,--,3:09:14 PM,7/3/2025,
1123,116.9,gf,3.945,mm,OK,--,3:09:14 PM,7/3/2025,
1124,114.9,gf,3.945,mm,OK,--,3:09:14 PM,7/3/2025,
1125,110.4,gf,3.940,mm,OK,--,3:09:14 PM,7/3/2025,
1126,108.2,gf,3.940,mm,OK,--,3:09:14 PM,7/3/2025,
1127,107.5,gf,3.940,mm,OK,--,3:09:14 PM,7/3/2025,
1128,106.4,gf,3.935,mm,OK,--,3:09:14 PM,7/3/2025,
1129,105.8,gf,3.935,mm,OK,--,3:09:14 PM,7/3/2025,
1130,105.0,gf,3.935,mm,OK,--,3:09:14 PM,7/3/2025,
1131,104.4,gf,3.935,mm,OK,--,3:09:14 PM,7/3/2025,
1132,103.7,gf,3.935,mm,OK,--,3:09:15 PM,7/3/2025,
1133,103.3,gf,3.935,mm,OK,--,3:09:15 PM,7/3/2025,
1134,102.8,gf,3.935,mm,OK,--,3:09:15 PM,7/3/2025,
1135,102.2,gf,3.935,mm,OK,--,3:09:15 PM,7/3/2025,
1136,101.5,gf,3.930,mm,OK,--,3:09:15 PM,7/3/2025,
1137,100.9,gf,3.930,mm,OK,--,3:09:15 PM,7/3/2025,
1138,100.3,gf,3.930,mm,OK,--,3:09:15 PM,7/3/2025,
1139,99.7,gf,3.930,mm,OK,--,3:09:15 PM,7/3/2025,
1140,99.4,gf,3.930,mm,OK,--,3:09:15 PM,7/3/2025,
1141,99.0,gf,3.930,mm,OK,--,3:09:15 PM,7/3/2025,
1142,98.6,gf,3.930,mm,OK,--,3:09:16 PM,7/3/2025,
1143,98.2,gf,3.930,mm,OK,--,3:09:16 PM,7/3/2025,
1144,97.9,gf,3.930,mm,OK,--,3:09:16 PM,7/3/2025,
1145,97.5,gf,3.930,mm,OK,--,3:09:16 PM,7/3/2025,
1146,97.3,gf,3.930,mm,OK,--,3:09:16 PM,7/3/2025,
1147,96.8,gf,3.925,mm,OK,--,3:09:16 PM,7/3/2025,
1148,96.1,gf,3.925,mm,OK,--,3:09:16 PM,7/3/2025,
1149,95.5,gf,3.925,mm,OK,--,3:09:16 PM,7/3/2025,
1150,94.7,gf,3.925,mm,OK,--,3:09:16 PM,7/3/2025,
1151,94.0,gf,3.925,mm,OK,--,3:09:16 PM,7/3/2025,
1152,93.3,gf,3.925,mm,OK,--,3:09:17 PM,7/3/2025,
1153,92.4,gf,3.925,mm,OK,--,3:09:17 PM,7/3/2025,
1154,91.5,gf,3.920,mm,OK,--,3:09:17 PM,7/3/2025,
1155,90.7,gf,3.920,mm,OK,--,3:09:17 PM,7/3/2025,
1156,90.1,gf,3.920,mm,OK,--,3:09:17 PM,7/3/2025,
1157,89.4,gf,3.920,mm,OK,--,3:09:17 PM,7/3/2025,
1158,88.5,gf,3.920,mm,OK,--,3:09:17 PM,7/3/2025,
1159,87.5,gf,3.920,mm,OK,--,3:09:17 PM,7/3/2025,
1160,86.8,gf,3.915,mm,OK,--,3:09:17 PM,7/3/2025,
1161,85.8,gf,3.915,mm,OK,--,3:09:17 PM,7/3/2025,
1162,85.0,gf,3.915,mm,OK,--,3:09:18 PM,7/3/2025,
1163,83.9,gf,3.915,mm,OK,--,3:09:18 PM,7/3/2025,
1164,82.5,gf,3.915,mm,OK,--,3:09:18 PM,7/3/2025,
1165,80.7,gf,3.910,mm,OK,--,3:09:18 PM,7/3/2025,
1166,78.7,gf,3.910,mm,OK,--,3:09:18 PM,7/3/2025,
1167,77.3,gf,3.910,mm,OK,--,3:09:18 PM,7/3/2025,
1168,76.3,gf,3.905,mm,OK,--,3:09:18 PM,7/3/2025,
1169,75.3,gf,3.905,mm,OK,--,3:09:18 PM,7/3/2025,
1170,74.6,gf,3.905,mm,OK,--,3:09:18 PM,7/3/2025,
1171,74.1,gf,3.905,mm,OK,--,3:09:18 PM,7/3/2025,
1172,73.6,gf,3.905,mm,OK,--,3:09:19 PM,7/3/2025,
1173,73.2,gf,3.905,mm,OK,--,3:09:19 PM,7/3/2025,
1174,72.9,gf,3.905,mm,OK,--,3:09:19 PM,7/3/2025,
1175,72.7,gf,3.905,mm,OK,--,3:09:19 PM,7/3/2025,
1176,72.2,gf,3.905,mm,OK,--,3:09:19 PM,7/3/2025,
1177,71.5,gf,3.900,mm,OK,--,3:09:19 PM,7/3/2025,
1178,70.3,gf,3.900,mm,OK,--,3:09:19 PM,7/3/2025,
1179,68.9,gf,3.900,mm,OK,--,3:09:19 PM,7/3/2025,
1180,67.0,gf,3.900,mm,OK,--,3:09:19 PM,7/3/2025,
1181,65.4,gf,3.895,mm,OK,--,3:09:19 PM,7/3/2025,
1182,63.8,gf,3.895,mm,OK,--,3:09:20 PM,7/3/2025,
1183,62.1,gf,3.895,mm,OK,--,3:09:20 PM,7/3/2025,
1184,60.3,gf,3.890,mm,OK,--,3:09:20 PM,7/3/2025,
1185,58.3,gf,3.890,mm,OK,--,3:09:20 PM,7/3/2025,
1186,56.1,gf,3.890,mm,OK,--,3:09:20 PM,7/3/2025,
1187,53.7,gf,3.885,mm,OK,--,3:09:20 PM,7/3/2025,
1188,51.2,gf,3.885,mm,OK,--,3:09:20 PM,7/3/2025,
1189,50.2,gf,3.880,mm,OK,--,3:09:20 PM,7/3/2025,
1190,50.3,gf,3.875,mm,OK,--,3:09:20 PM,7/3/2025,
1191,50.4,gf,3.875,mm,OK,--,3:09:20 PM,7/3/2025,
1192,50.4,gf,3.870,mm,OK,--,3:09:21 PM,7/3/2025,
1193,50.4,gf,3.865,mm,OK,--,3:09:21 PM,7/3/2025,
1194,50.3,gf,3.865,mm,OK,--,3:09:21 PM,7/3/2025,
1195,50.3,gf,3.855,mm,OK,--,3:09:21 PM,7/3/2025,
1196,50.3,gf,3.850,mm,OK,--,3:09:21 PM,7/3/2025,
1197,50.3,gf,3.845,mm,OK,--,3:09:21 PM,7/3/2025,
1198,50.3,gf,3.840,mm,OK,--,3:09:21 PM,7/3/2025,
1199,50.3,gf,3.835,mm,OK,--,3:09:21 PM,7/3/2025,
1200,50.3,gf,3.830,mm,OK,--,3:09:21 PM,7/3/2025,
1201,50.3,gf,3.825,mm,OK,--,3:09:21 PM,7/3/2025,
1202,50.3,gf,3.820,mm,OK,--,3:09:22 PM,7/3/2025,
1203,50.3,gf,3.815,mm,OK,--,3:09:22 PM,7/3/2025,
1204,50.2,gf,3.810,mm,OK,--,3:09:22 PM,7/3/2025,
1205,50.2,gf,3.805,mm,OK,--,3:09:22 PM,7/3/2025,
1206,50.2,gf,3.805,mm,OK,--,3:09:22 PM,7/3/2025,
1207,50.2,gf,3.800,mm,OK,--,3:09:22 PM,7/3/2025,
1208,50.2,gf,3.795,mm,OK,--,3:09:22 PM,7/3/2025,
1209,50.1,gf,3.790,mm,OK,--,3:09:22 PM,7/3/2025,
1210,50.0,gf,3.790,mm,OK,--,3:09:22 PM,7/3/2025,
1211,50.0,gf,3.785,mm,OK,--,3:09:22 PM,7/3/2025,
1212,50.0,gf,3.780,mm,OK,--,3:09:23 PM,7/3/2025,
1213,50.0,gf,3.775,mm,OK,--,3:09:23 PM,7/3/2025,
1214,50.0,gf,3.775,mm,OK,--,3:09:23 PM,7/3/2025,
1215,50.0,gf,3.770,mm,OK,--,3:09:23 PM,7/3/2025,
1216,50.0,gf,3.770,mm,OK,--,3:09:23 PM,7/3/2025,
1217,49.9,gf,3.765,mm,OK,--,3:09:23 PM,7/3/2025,
1218,49.9,gf,3.760,mm,OK,--,3:09:23 PM,7/3/2025,
1219,49.9,gf,3.760,mm,OK,--,3:09:23 PM,7/3/2025,
1220,49.9,gf,3.760,mm,OK,--,3:09:23 PM,7/3/2025,
1221,49.9,gf,3.755,mm,OK,--,3:09:23 PM,7/3/2025,
1222,49.9,gf,3.755,mm,OK,--,3:09:24 PM,7/3/2025,
1223,49.9,gf,3.755,mm,OK,--,3:09:24 PM,7/3/2025,
1224,49.8,gf,3.750,mm,OK,--,3:09:24 PM,7/3/2025,
1225,49.8,gf,3.745,mm,OK,--,3:09:24 PM,7/3/2025,
1226,49.8,gf,3.735,mm,OK,--,3:09:24 PM,7/3/2025,
1227,49.7,gf,3.730,mm,OK,--,3:09:24 PM,7/3/2025,
1228,49.6,gf,3.725,mm,OK,--,3:09:24 PM,7/3/2025,
1229,49.7,gf,3.725,mm,OK,--,3:09:24 PM,7/3/2025,
1230,49.7,gf,3.720,mm,OK,--,3:09:24 PM,7/3/2025,
1231,49.7,gf,3.720,mm,OK,--,3:09:24 PM,7/3/2025,
1232,49.7,gf,3.715,mm,OK,--,3:09:25 PM,7/3/2025,
1233,49.5,gf,3.710,mm,OK,--,3:09:25 PM,7/3/2025,
1234,49.5,gf,3.700,mm,OK,--,3:09:25 PM,7/3/2025,
1235,49.6,gf,3.695,mm,OK,--,3:09:25 PM,7/3/2025,
1236,49.6,gf,3.685,mm,OK,--,3:09:25 PM,7/3/2025,
1237,49.6,gf,3.680,mm,OK,--,3:09:25 PM,7/3/2025,
1238,49.5,gf,3.675,mm,OK,--,3:09:25 PM,7/3/2025,
1239,49.5,gf,3.675,mm,OK,--,3:09:25 PM,7/3/2025,
1240,49.4,gf,3.670,mm,OK,--,3:09:25 PM,7/3/2025,
1241,49.4,gf,3.665,mm,OK,--,3:09:25 PM,7/3/2025,
1242,49.5,gf,3.665,mm,OK,--,3:09:26 PM,7/3/2025,
1243,49.4,gf,3.660,mm,OK,--,3:09:26 PM,7/3/2025,
1244,49.4,gf,3.660,mm,OK,--,3:09:26 PM,7/3/2025,
1245,49.5,gf,3.660,mm,OK,--,3:09:26 PM,7/3/2025,
1246,49.4,gf,3.660,mm,OK,--,3:09:26 PM,7/3/2025,
1247,49.4,gf,3.655,mm,OK,--,3:09:26 PM,7/3/2025,
1248,49.4,gf,3.655,mm,OK,--,3:09:26 PM,7/3/2025,
1249,49.4,gf,3.655,mm,OK,--,3:09:26 PM,7/3/2025,
1250,49.4,gf,3.650,mm,OK,--,3:09:26 PM,7/3/2025,
1251,49.5,gf,3.645,mm,OK,--,3:09:26 PM,7/3/2025,
1252,49.5,gf,3.635,mm,OK,--,3:09:27 PM,7/3/2025,
1253,49.4,gf,3.630,mm,OK,--,3:09:27 PM,7/3/2025,
1254,49.4,gf,3.625,mm,OK,--,3:09:27 PM,7/3/2025,
1255,49.3,gf,3.620,mm,OK,--,3:09:27 PM,7/3/2025,
1256,49.3,gf,3.615,mm,OK,--,3:09:27 PM,7/3/2025,
1257,49.3,gf,3.610,mm,OK,--,3:09:27 PM,7/3/2025,
1258,49.3,gf,3.600,mm,OK,--,3:09:27 PM,7/3/2025,
1259,49.3,gf,3.590,mm,OK,--,3:09:27 PM,7/3/2025,
1260,49.3,gf,3.585,mm,OK,--,3:09:27 PM,7/3/2025,
1261,49.3,gf,3.580,mm,OK,--,3:09:27 PM,7/3/2025,
1262,49.3,gf,3.575,mm,OK,--,3:09:28 PM,7/3/2025,
1263,49.3,gf,3.565,mm,OK,--,3:09:28 PM,7/3/2025,
1264,49.3,gf,3.555,mm,OK,--,3:09:28 PM,7/3/2025,
1265,49.2,gf,3.550,mm,OK,--,3:09:28 PM,7/3/2025,
1266,49.2,gf,3.535,mm,OK,--,3:09:28 PM,7/3/2025,
1267,49.1,gf,3.525,mm,OK,--,3:09:28 PM,7/3/2025,
1268,49.1,gf,3.515,mm,OK,--,3:09:28 PM,7/3/2025,
1269,49.0,gf,3.510,mm,OK,--,3:09:28 PM,7/3/2025,
1270,48.8,gf,3.495,mm,OK,--,3:09:28 PM,7/3/2025,
1271,48.8,gf,3.485,mm,OK,--,3:09:28 PM,7/3/2025,
1272,48.7,gf,3.480,mm,OK,--,3:09:29 PM,7/3/2025,
1273,48.7,gf,3.470,mm,OK,--,3:09:29 PM,7/3/2025,
1274,48.7,gf,3.460,mm,OK,--,3:09:29 PM,7/3/2025,
1275,48.6,gf,3.455,mm,OK,--,3:09:29 PM,7/3/2025,
1276,48.6,gf,3.445,mm,OK,--,3:09:29 PM,7/3/2025,
1277,48.6,gf,3.435,mm,OK,--,3:09:29 PM,7/3/2025,
1278,48.6,gf,3.425,mm,OK,--,3:09:29 PM,7/3/2025,
1279,48.5,gf,3.415,mm,OK,--,3:09:29 PM,7/3/2025,
1280,48.5,gf,3.410,mm,OK,--,3:09:29 PM,7/3/2025,
1281,48.4,gf,3.405,mm,OK,--,3:09:29 PM,7/3/2025,
1282,48.4,gf,3.400,mm,OK,--,3:09:30 PM,7/3/2025,
1283,48.4,gf,3.395,mm,OK,--,3:09:30 PM,7/3/2025,
1284,48.5,gf,3.390,mm,OK,--,3:09:30 PM,7/3/2025,
1285,48.4,gf,3.385,mm,OK,--,3:09:30 PM,7/3/2025,
1286,48.3,gf,3.375,mm,OK,--,3:09:30 PM,7/3/2025,
1287,48.2,gf,3.370,mm,OK,--,3:09:30 PM,7/3/2025,
1288,48.2,gf,3.360,mm,OK,--,3:09:30 PM,7/3/2025,
1289,48.1,gf,3.350,mm,OK,--,3:09:30 PM,7/3/2025,
1290,48.0,gf,3.335,mm,OK,--,3:09:30 PM,7/3/2025,
1291,47.9,gf,3.325,mm,OK,--,3:09:30 PM,7/3/2025,
1292,48.0,gf,3.310,mm,OK,--,3:09:31 PM,7/3/2025,
1293,48.0,gf,3.300,mm,OK,--,3:09:31 PM,7/3/2025,
1294,48.0,gf,3.290,mm,OK,--,3:09:31 PM,7/3/2025,
1295,47.9,gf,3.285,mm,OK,--,3:09:31 PM,7/3/2025,
1296,47.9,gf,3.275,mm,OK,--,3:09:31 PM,7/3/2025,
1297,47.9,gf,3.265,mm,OK,--,3:09:31 PM,7/3/2025,
1298,47.8,gf,3.255,mm,OK,--,3:09:31 PM,7/3/2025,
1299,47.8,gf,3.250,mm,OK,--,3:09:31 PM,7/3/2025,
1300,47.8,gf,3.240,mm,OK,--,3:09:31 PM,7/3/2025,
1301,47.7,gf,3.235,mm,OK,--,3:09:31 PM,7/3/2025,
1302,47.7,gf,3.225,mm,OK,--,3:09:32 PM,7/3/2025,
1303,47.7,gf,3.220,mm,OK,--,3:09:32 PM,7/3/2025,
1304,47.7,gf,3.215,mm,OK,--,3:09:32 PM,7/3/2025,
1305,47.7,gf,3.205,mm,OK,--,3:09:32 PM,7/3/2025,
1306,47.6,gf,3.200,mm,OK,--,3:09:32 PM,7/3/2025,
1307,47.6,gf,3.195,mm,OK,--,3:09:32 PM,7/3/2025,
1308,47.6,gf,3.195,mm,OK,--,3:09:32 PM,7/3/2025,
1309,47.6,gf,3.190,mm,OK,--,3:09:32 PM,7/3/2025,
1310,47.6,gf,3.185,mm,OK,--,3:09:32 PM,7/3/2025,
1311,47.5,gf,3.180,mm,OK,--,3:09:32 PM,7/3/2025,
1312,47.5,gf,3.175,mm,OK,--,3:09:33 PM,7/3/2025,
1313,47.5,gf,3.175,mm,OK,--,3:09:33 PM,7/3/2025,
1314,47.5,gf,3.170,mm,OK,--,3:09:33 PM,7/3/2025,
1315,47.5,gf,3.165,mm,OK,--,3:09:33 PM,7/3/2025,
1316,47.5,gf,3.165,mm,OK,--,3:09:33 PM,7/3/2025,
1317,47.5,gf,3.160,mm,OK,--,3:09:33 PM,7/3/2025,
1318,47.5,gf,3.160,mm,OK,--,3:09:33 PM,7/3/2025,
1319,47.5,gf,3.155,mm,OK,--,3:09:33 PM,7/3/2025,
1320,47.5,gf,3.155,mm,OK,--,3:09:33 PM,7/3/2025,
1321,47.4,gf,3.150,mm,OK,--,3:09:33 PM,7/3/2025,
1322,47.4,gf,3.145,mm,OK,--,3:09:34 PM,7/3/2025,
1323,47.4,gf,3.145,mm,OK,--,3:09:34 PM,7/3/2025,
1324,47.4,gf,3.140,mm,OK,--,3:09:34 PM,7/3/2025,
1325,47.4,gf,3.135,mm,OK,--,3:09:34 PM,7/3/2025,
1326,47.4,gf,3.130,mm,OK,--,3:09:34 PM,7/3/2025,
1327,47.4,gf,3.130,mm,OK,--,3:09:34 PM,7/3/2025,
1328,47.4,gf,3.120,mm,OK,--,3:09:34 PM,7/3/2025,
1329,47.3,gf,3.110,mm,OK,--,3:09:34 PM,7/3/2025,
1330,47.3,gf,3.095,mm,OK,--,3:09:34 PM,7/3/2025,
1331,47.3,gf,3.090,mm,OK,--,3:09:34 PM,7/3/2025,
1332,47.3,gf,3.080,mm,OK,--,3:09:35 PM,7/3/2025,
1333,47.2,gf,3.070,mm,OK,--,3:09:35 PM,7/3/2025,
1334,47.2,gf,3.060,mm,OK,--,3:09:35 PM,7/3/2025,
1335,47.2,gf,3.045,mm,OK,--,3:09:35 PM,7/3/2025,
1336,47.2,gf,3.040,mm,OK,--,3:09:35 PM,7/3/2025,
1337,47.1,gf,3.035,mm,OK,--,3:09:35 PM,7/3/2025,
1338,47.1,gf,3.030,mm,OK,--,3:09:35 PM,7/3/2025,
1339,47.1,gf,3.020,mm,OK,--,3:09:35 PM,7/3/2025,
1340,47.1,gf,3.015,mm,OK,--,3:09:35 PM,7/3/2025,
1341,47.0,gf,3.010,mm,OK,--,3:09:35 PM,7/3/2025,
1342,47.0,gf,3.005,mm,OK,--,3:09:36 PM,7/3/2025,
1343,47.0,gf,2.995,mm,OK,--,3:09:36 PM,7/3/2025,
1344,47.0,gf,2.990,mm,OK,--,3:09:36 PM,7/3/2025,
1345,47.0,gf,2.985,mm,OK,--,3:09:36 PM,7/3/2025,
1346,47.0,gf,2.980,mm,OK,--,3:09:36 PM,7/3/2025,
1347,47.0,gf,2.970,mm,OK,--,3:09:36 PM,7/3/2025,
1348,47.0,gf,2.965,mm,OK,--,3:09:36 PM,7/3/2025,
1349,46.9,gf,2.965,mm,OK,--,3:09:36 PM,7/3/2025,
1350,46.9,gf,2.960,mm,OK,--,3:09:36 PM,7/3/2025,
1351,46.9,gf,2.955,mm,OK,--,3:09:36 PM,7/3/2025,
1352,46.7,gf,2.950,mm,OK,--,3:09:37 PM,7/3/2025,
1353,46.7,gf,2.940,mm,OK,--,3:09:37 PM,7/3/2025,
1354,46.6,gf,2.935,mm,OK,--,3:09:37 PM,7/3/2025,
1355,46.6,gf,2.930,mm,OK,--,3:09:37 PM,7/3/2025,
1356,46.6,gf,2.925,mm,OK,--,3:09:37 PM,7/3/2025,
1357,46.6,gf,2.925,mm,OK,--,3:09:37 PM,7/3/2025,
1358,46.5,gf,2.920,mm,OK,--,3:09:37 PM,7/3/2025,
1359,46.4,gf,2.915,mm,OK,--,3:09:37 PM,7/3/2025,
1360,46.4,gf,2.905,mm,OK,--,3:09:37 PM,7/3/2025,
1361,46.2,gf,2.900,mm,OK,--,3:09:37 PM,7/3/2025,
1362,46.0,gf,2.890,mm,OK,--,3:09:38 PM,7/3/2025,
1363,45.8,gf,2.885,mm,OK,--,3:09:38 PM,7/3/2025,
1364,45.6,gf,2.875,mm,OK,--,3:09:38 PM,7/3/2025,
1365,45.6,gf,2.870,mm,OK,--,3:09:38 PM,7/3/2025,
1366,45.6,gf,2.865,mm,OK,--,3:09:38 PM,7/3/2025,
1367,45.4,gf,2.855,mm,OK,--,3:09:38 PM,7/3/2025,
1368,45.1,gf,2.840,mm,OK,--,3:09:38 PM,7/3/2025,
1369,44.8,gf,2.825,mm,OK,--,3:09:38 PM,7/3/2025,
1370,44.8,gf,2.815,mm,OK,--,3:09:38 PM,7/3/2025,
1371,44.8,gf,2.810,mm,OK,--,3:09:38 PM,7/3/2025,
1372,44.8,gf,2.805,mm,OK,--,3:09:39 PM,7/3/2025,
1373,44.9,gf,2.800,mm,OK,--,3:09:39 PM,7/3/2025,
1374,44.9,gf,2.800,mm,OK,--,3:09:39 PM,7/3/2025,
1375,45.1,gf,2.795,mm,OK,--,3:09:39 PM,7/3/2025,
1376,45.0,gf,2.795,mm,OK,--,3:09:39 PM,7/3/2025,
1377,45.2,gf,2.790,mm,OK,--,3:09:39 PM,7/3/2025,
1378,45.2,gf,2.785,mm,OK,--,3:09:39 PM,7/3/2025,
1379,45.2,gf,2.785,mm,OK,--,3:09:39 PM,7/3/2025,
1380,45.2,gf,2.780,mm,OK,--,3:09:39 PM,7/3/2025,
1381,45.1,gf,2.775,mm,OK,--,3:09:39 PM,7/3/2025,
1382,45.2,gf,2.765,mm,OK,--,3:09:40 PM,7/3/2025,
1383,45.2,gf,2.755,mm,OK,--,3:09:40 PM,7/3/2025,
1384,45.3,gf,2.755,mm,OK,--,3:09:40 PM,7/3/2025,
1385,45.3,gf,2.750,mm,OK,--,3:09:40 PM,7/3/2025,
1386,45.3,gf,2.750,mm,OK,--,3:09:40 PM,7/3/2025,
1387,45.1,gf,2.735,mm,OK,--,3:09:40 PM,7/3/2025,
1388,45.0,gf,2.720,mm,OK,--,3:09:40 PM,7/3/2025,
1389,45.2,gf,2.710,mm,OK,--,3:09:40 PM,7/3/2025,
1390,45.2,gf,2.710,mm,OK,--,3:09:40 PM,7/3/2025,
1391,45.3,gf,2.710,mm,OK,--,3:09:40 PM,7/3/2025,
1392,45.2,gf,2.705,mm,OK,--,3:09:41 PM,7/3/2025,
1393,45.2,gf,2.700,mm,OK,--,3:09:41 PM,7/3/2025,
1394,45.0,gf,2.695,mm,OK,--,3:09:41 PM,7/3/2025,
1395,45.1,gf,2.690,mm,OK,--,3:09:41 PM,7/3/2025,
1396,45.1,gf,2.685,mm,OK,--,3:09:41 PM,7/3/2025,
1397,45.1,gf,2.680,mm,OK,--,3:09:41 PM,7/3/2025,
1398,45.1,gf,2.670,mm,OK,--,3:09:41 PM,7/3/2025,
1399,45.0,gf,2.665,mm,OK,--,3:09:41 PM,7/3/2025,
1400,44.8,gf,2.655,mm,OK,--,3:09:41 PM,7/3/2025,
1401,44.8,gf,2.645,mm,OK,--,3:09:41 PM,7/3/2025,
1402,44.6,gf,2.635,mm,OK,--,3:09:42 PM,7/3/2025,
1403,44.4,gf,2.620,mm,OK,--,3:09:42 PM,7/3/2025,
1404,44.2,gf,2.610,mm,OK,--,3:09:42 PM,7/3/2025,
1405,43.9,gf,2.600,mm,OK,--,3:09:42 PM,7/3/2025,
1406,43.8,gf,2.590,mm,OK,--,3:09:42 PM,7/3/2025,
1407,43.7,gf,2.585,mm,OK,--,3:09:42 PM,7/3/2025,
1408,43.7,gf,2.580,mm,OK,--,3:09:42 PM,7/3/2025,
1409,43.6,gf,2.575,mm,OK,--,3:09:42 PM,7/3/2025,
1410,43.5,gf,2.575,mm,OK,--,3:09:42 PM,7/3/2025,
1411,43.5,gf,2.570,mm,OK,--,3:09:42 PM,7/3/2025,
1412,43.5,gf,2.565,mm,OK,--,3:09:43 PM,7/3/2025,
1413,43.4,gf,2.565,mm,OK,--,3:09:43 PM,7/3/2025,
1414,43.4,gf,2.560,mm,OK,--,3:09:43 PM,7/3/2025,
1415,43.4,gf,2.560,mm,OK,--,3:09:43 PM,7/3/2025,
1416,43.3,gf,2.560,mm,OK,--,3:09:43 PM,7/3/2025,
1417,43.2,gf,2.555,mm,OK,--,3:09:43 PM,7/3/2025,
1418,43.2,gf,2.555,mm,OK,--,3:09:43 PM,7/3/2025,
1419,43.1,gf,2.545,mm,OK,--,3:09:43 PM,7/3/2025,
1420,42.9,gf,2.540,mm,OK,--,3:09:43 PM,7/3/2025,
1421,42.8,gf,2.535,mm,OK,--,3:09:43 PM,7/3/2025,
1422,42.6,gf,2.530,mm,OK,--,3:09:44 PM,7/3/2025,
1423,42.4,gf,2.525,mm,OK,--,3:09:44 PM,7/3/2025,
1424,42.3,gf,2.520,mm,OK,--,3:09:44 PM,7/3/2025,
1425,42.2,gf,2.520,mm,OK,--,3:09:44 PM,7/3/2025,
1426,42.1,gf,2.515,mm,OK,--,3:09:44 PM,7/3/2025,
1427,41.9,gf,2.515,mm,OK,--,3:09:44 PM,7/3/2025,
1428,41.8,gf,2.510,mm,OK,--,3:09:44 PM,7/3/2025,
1429,41.7,gf,2.510,mm,OK,--,3:09:44 PM,7/3/2025,
1430,41.7,gf,2.505,mm,OK,--,3:09:44 PM,7/3/2025,
1431,41.6,gf,2.505,mm,OK,--,3:09:44 PM,7/3/2025,
1432,41.5,gf,2.500,mm,OK,--,3:09:45 PM,7/3/2025,
1433,41.4,gf,2.495,mm,OK,--,3:09:45 PM,7/3/2025,
1434,41.4,gf,2.495,mm,OK,--,3:09:45 PM,7/3/2025,
1435,41.4,gf,2.490,mm,OK,--,3:09:45 PM,7/3/2025,
1436,41.3,gf,2.485,mm,OK,--,3:09:45 PM,7/3/2025,
1437,41.2,gf,2.485,mm,OK,--,3:09:45 PM,7/3/2025,
1438,41.2,gf,2.480,mm,OK,--,3:09:45 PM,7/3/2025,
1439,41.1,gf,2.480,mm,OK,--,3:09:45 PM,7/3/2025,
1440,41.0,gf,2.475,mm,OK,--,3:09:45 PM,7/3/2025,
1441,41.0,gf,2.475,mm,OK,--,3:09:45 PM,7/3/2025,
1442,41.0,gf,2.470,mm,OK,--,3:09:46 PM,7/3/2025,
1443,40.9,gf,2.470,mm,OK,--,3:09:46 PM,7/3/2025,
1444,40.8,gf,2.470,mm,OK,--,3:09:46 PM,7/3/2025,
1445,40.7,gf,2.465,mm,OK,--,3:09:46 PM,7/3/2025,
1446,40.7,gf,2.460,mm,OK,--,3:09:46 PM,7/3/2025,
1447,40.7,gf,2.460,mm,OK,--,3:09:46 PM,7/3/2025,
1448,40.7,gf,2.455,mm,OK,--,3:09:46 PM,7/3/2025,
1449,40.6,gf,2.450,mm,OK,--,3:09:46 PM,7/3/2025,
1450,40.5,gf,2.450,mm,OK,--,3:09:46 PM,7/3/2025,
1451,40.5,gf,2.445,mm,OK,--,3:09:46 PM,7/3/2025,
1452,40.4,gf,2.445,mm,OK,--,3:09:47 PM,7/3/2025,
1453,40.3,gf,2.440,mm,OK,--,3:09:47 PM,7/3/2025,
1454,40.3,gf,2.440,mm,OK,--,3:09:47 PM,7/3/2025,
1455,40.2,gf,2.435,mm,OK,--,3:09:47 PM,7/3/2025,
1456,40.1,gf,2.430,mm,OK,--,3:09:47 PM,7/3/2025,
1457,40.1,gf,2.425,mm,OK,--,3:09:47 PM,7/3/2025,
1458,40.0,gf,2.425,mm,OK,--,3:09:47 PM,7/3/2025,
1459,39.9,gf,2.420,mm,OK,--,3:09:47 PM,7/3/2025,
1460,39.8,gf,2.415,mm,OK,--,3:09:47 PM,7/3/2025,
1461,39.7,gf,2.410,mm,OK,--,3:09:47 PM,7/3/2025,
1462,39.6,gf,2.405,mm,OK,--,3:09:48 PM,7/3/2025,
1463,39.6,gf,2.400,mm,OK,--,3:09:48 PM,7/3/2025,
1464,39.5,gf,2.395,mm,OK,--,3:09:48 PM,7/3/2025,
1465,39.3,gf,2.390,mm,OK,--,3:09:48 PM,7/3/2025,
1466,39.3,gf,2.385,mm,OK,--,3:09:48 PM,7/3/2025,
1467,39.1,gf,2.375,mm,OK,--,3:09:48 PM,7/3/2025,
1468,39.1,gf,2.370,mm,OK,--,3:09:48 PM,7/3/2025,
1469,38.8,gf,2.365,mm,OK,--,3:09:48 PM,7/3/2025,
1470,38.7,gf,2.355,mm,OK,--,3:09:48 PM,7/3/2025,
1471,38.7,gf,2.350,mm,OK,--,3:09:48 PM,7/3/2025,
1472,38.5,gf,2.345,mm,OK,--,3:09:49 PM,7/3/2025,
1473,38.4,gf,2.340,mm,OK,--,3:09:49 PM,7/3/2025,
1474,38.3,gf,2.340,mm,OK,--,3:09:49 PM,7/3/2025,
1475,38.3,gf,2.335,mm,OK,--,3:09:49 PM,7/3/2025,
1476,38.3,gf,2.330,mm,OK,--,3:09:49 PM,7/3/2025,
1477,38.1,gf,2.330,mm,OK,--,3:09:49 PM,7/3/2025,
1478,37.9,gf,2.325,mm,OK,--,3:09:49 PM,7/3/2025,
1479,37.8,gf,2.315,mm,OK,--,3:09:49 PM,7/3/2025,
1480,37.7,gf,2.310,mm,OK,--,3:09:49 PM,7/3/2025,
1481,37.5,gf,2.300,mm,OK,--,3:09:49 PM,7/3/2025,
1482,37.7,gf,2.290,mm,OK,--,3:09:50 PM,7/3/2025,
1483,37.8,gf,2.285,mm,OK,--,3:09:50 PM,7/3/2025,
1484,37.7,gf,2.285,mm,OK,--,3:09:50 PM,7/3/2025,
1485,37.6,gf,2.280,mm,OK,--,3:09:50 PM,7/3/2025,
1486,37.6,gf,2.275,mm,OK,--,3:09:50 PM,7/3/2025,
1487,37.5,gf,2.265,mm,OK,--,3:09:50 PM,7/3/2025,
1488,37.7,gf,2.260,mm,OK,--,3:09:50 PM,7/3/2025,
1489,37.6,gf,2.255,mm,OK,--,3:09:50 PM,7/3/2025,
1490,37.5,gf,2.250,mm,OK,--,3:09:50 PM,7/3/2025,
1491,37.4,gf,2.240,mm,OK,--,3:09:50 PM,7/3/2025,
1492,37.3,gf,2.230,mm,OK,--,3:09:51 PM,7/3/2025,
1493,37.2,gf,2.220,mm,OK,--,3:09:51 PM,7/3/2025,
1494,37.3,gf,2.215,mm,OK,--,3:09:51 PM,7/3/2025,
1495,37.1,gf,2.210,mm,OK,--,3:09:51 PM,7/3/2025,
1496,37.2,gf,2.205,mm,OK,--,3:09:51 PM,7/3/2025,
1497,37.1,gf,2.200,mm,OK,--,3:09:51 PM,7/3/2025,
1498,37.0,gf,2.195,mm,OK,--,3:09:51 PM,7/3/2025,
1499,36.8,gf,2.185,mm,OK,--,3:09:51 PM,7/3/2025,
1500,36.7,gf,2.170,mm,OK,--,3:09:51 PM,7/3/2025,
1501,36.7,gf,2.160,mm,OK,--,3:09:51 PM,7/3/2025,
1502,36.8,gf,2.150,mm,OK,--,3:09:52 PM,7/3/2025,
1503,36.7,gf,2.140,mm,OK,--,3:09:52 PM,7/3/2025,
1504,36.8,gf,2.135,mm,OK,--,3:09:52 PM,7/3/2025,
1505,36.8,gf,2.125,mm,OK,--,3:09:52 PM,7/3/2025,
1506,36.8,gf,2.120,mm,OK,--,3:09:52 PM,7/3/2025,
1507,36.8,gf,2.115,mm,OK,--,3:09:52 PM,7/3/2025,
1508,36.9,gf,2.115,mm,OK,--,3:09:52 PM,7/3/2025,
1509,36.9,gf,2.110,mm,OK,--,3:09:52 PM,7/3/2025,
1510,36.7,gf,2.100,mm,OK,--,3:09:52 PM,7/3/2025,
1511,36.7,gf,2.095,mm,OK,--,3:09:52 PM,7/3/2025,
1512,36.8,gf,2.090,mm,OK,--,3:09:53 PM,7/3/2025,
1513,36.8,gf,2.085,mm,OK,--,3:09:53 PM,7/3/2025,
1514,36.7,gf,2.080,mm,OK,--,3:09:53 PM,7/3/2025,
1515,36.6,gf,2.075,mm,OK,--,3:09:53 PM,7/3/2025,
1516,36.7,gf,2.070,mm,OK,--,3:09:53 PM,7/3/2025,
1517,36.6,gf,2.065,mm,OK,--,3:09:53 PM,7/3/2025,
1518,36.5,gf,2.060,mm,OK,--,3:09:53 PM,7/3/2025,
1519,36.4,gf,2.050,mm,OK,--,3:09:53 PM,7/3/2025,
1520,36.4,gf,2.040,mm,OK,--,3:09:53 PM,7/3/2025,
1521,36.4,gf,2.035,mm,OK,--,3:09:53 PM,7/3/2025,
1522,36.4,gf,2.030,mm,OK,--,3:09:54 PM,7/3/2025,
1523,36.4,gf,2.025,mm,OK,--,3:09:54 PM,7/3/2025,
1524,36.4,gf,2.020,mm,OK,--,3:09:54 PM,7/3/2025,
1525,36.5,gf,2.015,mm,OK,--,3:09:54 PM,7/3/2025,
1526,36.6,gf,2.015,mm,OK,--,3:09:54 PM,7/3/2025,
1527,36.6,gf,2.015,mm,OK,--,3:09:54 PM,7/3/2025,
1528,36.6,gf,2.015,mm,OK,--,3:09:54 PM,7/3/2025,
1529,36.6,gf,2.010,mm,OK,--,3:09:54 PM,7/3/2025,
1530,36.6,gf,2.010,mm,OK,--,3:09:54 PM,7/3/2025,
1531,36.5,gf,2.010,mm,OK,--,3:09:54 PM,7/3/2025,
1532,36.4,gf,2.010,mm,OK,--,3:09:55 PM,7/3/2025,
1533,36.3,gf,2.005,mm,OK,--,3:09:55 PM,7/3/2025,
1534,36.3,gf,2.005,mm,OK,--,3:09:55 PM,7/3/2025,
1535,36.3,gf,2.000,mm,OK,--,3:09:55 PM,7/3/2025,
1536,36.4,gf,2.000,mm,OK,--,3:09:55 PM,7/3/2025,
1537,36.3,gf,1.995,mm,OK,--,3:09:55 PM,7/3/2025,
1538,36.3,gf,1.995,mm,OK,--,3:09:55 PM,7/3/2025,
1539,36.3,gf,1.995,mm,OK,--,3:09:55 PM,7/3/2025,
1540,36.3,gf,1.990,mm,OK,--,3:09:55 PM,7/3/2025,
1541,36.3,gf,1.990,mm,OK,--,3:09:55 PM,7/3/2025,
1542,36.2,gf,1.985,mm,OK,--,3:09:56 PM,7/3/2025,
1543,36.2,gf,1.980,mm,OK,--,3:09:56 PM,7/3/2025,
1544,36.2,gf,1.980,mm,OK,--,3:09:56 PM,7/3/2025,
1545,36.1,gf,1.975,mm,OK,--,3:09:56 PM,7/3/2025,
1546,36.1,gf,1.970,mm,OK,--,3:09:56 PM,7/3/2025,
1547,36.0,gf,1.965,mm,OK,--,3:09:56 PM,7/3/2025,
1548,36.0,gf,1.955,mm,OK,--,3:09:56 PM,7/3/2025,
1549,35.8,gf,1.945,mm,OK,--,3:09:56 PM,7/3/2025,
1550,35.9,gf,1.935,mm,OK,--,3:09:56 PM,7/3/2025,
1551,36.0,gf,1.925,mm,OK,--,3:09:56 PM,7/3/2025,
1552,35.8,gf,1.920,mm,OK,--,3:09:57 PM,7/3/2025,
1553,35.6,gf,1.910,mm,OK,--,3:09:57 PM,7/3/2025,
1554,35.6,gf,1.900,mm,OK,--,3:09:57 PM,7/3/2025,
1555,35.5,gf,1.890,mm,OK,--,3:09:57 PM,7/3/2025,
1556,35.7,gf,1.885,mm,OK,--,3:09:57 PM,7/3/2025,
1557,35.8,gf,1.880,mm,OK,--,3:09:57 PM,7/3/2025,
1558,35.8,gf,1.875,mm,OK,--,3:09:57 PM,7/3/2025,
1559,35.8,gf,1.875,mm,OK,--,3:09:57 PM,7/3/2025,
1560,35.8,gf,1.870,mm,OK,--,3:09:57 PM,7/3/2025,
1561,35.9,gf,1.870,mm,OK,--,3:09:57 PM,7/3/2025,
1562,35.9,gf,1.870,mm,OK,--,3:09:58 PM,7/3/2025,
1563,35.9,gf,1.865,mm,OK,--,3:09:58 PM,7/3/2025,
1564,35.7,gf,1.865,mm,OK,--,3:09:58 PM,7/3/2025,
1565,35.3,gf,1.860,mm,OK,--,3:09:58 PM,7/3/2025,
1566,35.6,gf,1.855,mm,OK,--,3:09:58 PM,7/3/2025,
1567,35.4,gf,1.850,mm,OK,--,3:09:58 PM,7/3/2025,
1568,35.4,gf,1.840,mm,OK,--,3:09:58 PM,7/3/2025,
1569,35.5,gf,1.835,mm,OK,--,3:09:58 PM,7/3/2025,
1570,35.4,gf,1.830,mm,OK,--,3:09:58 PM,7/3/2025,
1571,35.4,gf,1.825,mm,OK,--,3:09:58 PM,7/3/2025,
1572,35.4,gf,1.820,mm,OK,--,3:09:59 PM,7/3/2025,
1573,35.3,gf,1.820,mm,OK,--,3:09:59 PM,7/3/2025,
1574,35.1,gf,1.810,mm,OK,--,3:09:59 PM,7/3/2025,
1575,35.1,gf,1.800,mm,OK,--,3:09:59 PM,7/3/2025,
1576,35.1,gf,1.790,mm,OK,--,3:09:59 PM,7/3/2025,
1577,35.2,gf,1.780,mm,OK,--,3:09:59 PM,7/3/2025,
1578,35.2,gf,1.770,mm,OK,--,3:09:59 PM,7/3/2025,
1579,35.1,gf,1.760,mm,OK,--,3:09:59 PM,7/3/2025,
1580,35.2,gf,1.750,mm,OK,--,3:09:59 PM,7/3/2025,
1581,35.1,gf,1.740,mm,OK,--,3:09:59 PM,7/3/2025,
1582,35.1,gf,1.735,mm,OK,--,3:10:00 PM,7/3/2025,
1583,35.1,gf,1.730,mm,OK,--,3:10:00 PM,7/3/2025,
1584,35.0,gf,1.725,mm,OK,--,3:10:00 PM,7/3/2025,
1585,34.9,gf,1.720,mm,OK,--,3:10:00 PM,7/3/2025,
1586,34.9,gf,1.710,mm,OK,--,3:10:00 PM,7/3/2025,
1587,35.0,gf,1.705,mm,OK,--,3:10:00 PM,7/3/2025,
1588,35.0,gf,1.705,mm,OK,--,3:10:00 PM,7/3/2025,
1589,35.0,gf,1.700,mm,OK,--,3:10:00 PM,7/3/2025,
1590,34.9,gf,1.700,mm,OK,--,3:10:00 PM,7/3/2025,
1591,34.9,gf,1.695,mm,OK,--,3:10:00 PM,7/3/2025,
1592,34.8,gf,1.695,mm,OK,--,3:10:01 PM,7/3/2025,
1593,34.8,gf,1.690,mm,OK,--,3:10:01 PM,7/3/2025,
1594,34.6,gf,1.690,mm,OK,--,3:10:01 PM,7/3/2025,
1595,34.7,gf,1.685,mm,OK,--,3:10:01 PM,7/3/2025,
1596,34.6,gf,1.680,mm,OK,--,3:10:01 PM,7/3/2025,
1597,34.5,gf,1.675,mm,OK,--,3:10:01 PM,7/3/2025,
1598,34.5,gf,1.670,mm,OK,--,3:10:01 PM,7/3/2025,
1599,34.6,gf,1.665,mm,OK,--,3:10:01 PM,7/3/2025,
1600,34.5,gf,1.660,mm,OK,--,3:10:01 PM,7/3/2025,
1601,34.5,gf,1.655,mm,OK,--,3:10:01 PM,7/3/2025,
1602,34.6,gf,1.655,mm,OK,--,3:10:02 PM,7/3/2025,
1603,34.7,gf,1.650,mm,OK,--,3:10:02 PM,7/3/2025,
1604,34.8,gf,1.650,mm,OK,--,3:10:02 PM,7/3/2025,
1605,34.8,gf,1.645,mm,OK,--,3:10:02 PM,7/3/2025,
1606,34.8,gf,1.645,mm,OK,--,3:10:02 PM,7/3/2025,
1607,34.5,gf,1.645,mm,OK,--,3:10:02 PM,7/3/2025,
1608,34.5,gf,1.640,mm,OK,--,3:10:02 PM,7/3/2025,
1609,34.5,gf,1.640,mm,OK,--,3:10:02 PM,7/3/2025,
1610,34.5,gf,1.635,mm,OK,--,3:10:02 PM,7/3/2025,
1611,34.2,gf,1.630,mm,OK,--,3:10:02 PM,7/3/2025,
1612,34.1,gf,1.620,mm,OK,--,3:10:03 PM,7/3/2025,
1613,34.4,gf,1.615,mm,OK,--,3:10:03 PM,7/3/2025,
1614,34.6,gf,1.605,mm,OK,--,3:10:03 PM,7/3/2025,
1615,34.5,gf,1.605,mm,OK,--,3:10:03 PM,7/3/2025,
1616,34.4,gf,1.600,mm,OK,--,3:10:03 PM,7/3/2025,
1617,34.3,gf,1.595,mm,OK,--,3:10:03 PM,7/3/2025,
1618,34.3,gf,1.590,mm,OK,--,3:10:03 PM,7/3/2025,
1619,34.3,gf,1.590,mm,OK,--,3:10:03 PM,7/3/2025,
1620,34.4,gf,1.585,mm,OK,--,3:10:03 PM,7/3/2025,
1621,34.2,gf,1.585,mm,OK,--,3:10:03 PM,7/3/2025,
1622,34.0,gf,1.580,mm,OK,--,3:10:04 PM,7/3/2025,
1623,34.0,gf,1.570,mm,OK,--,3:10:04 PM,7/3/2025,
1624,34.2,gf,1.565,mm,OK,--,3:10:04 PM,7/3/2025,
1625,34.2,gf,1.565,mm,OK,--,3:10:04 PM,7/3/2025,
1626,34.2,gf,1.560,mm,OK,--,3:10:04 PM,7/3/2025,
1627,34.3,gf,1.555,mm,OK,--,3:10:04 PM,7/3/2025,
1628,34.2,gf,1.555,mm,OK,--,3:10:04 PM,7/3/2025,
1629,34.3,gf,1.550,mm,OK,--,3:10:04 PM,7/3/2025,
1630,34.4,gf,1.550,mm,OK,--,3:10:04 PM,7/3/2025,
1631,34.4,gf,1.545,mm,OK,--,3:10:04 PM,7/3/2025,
1632,34.2,gf,1.545,mm,OK,--,3:10:05 PM,7/3/2025,
1633,34.1,gf,1.540,mm,OK,--,3:10:05 PM,7/3/2025,
1634,34.2,gf,1.535,mm,OK,--,3:10:05 PM,7/3/2025,
1635,34.2,gf,1.535,mm,OK,--,3:10:05 PM,7/3/2025,
1636,34.2,gf,1.535,mm,OK,--,3:10:05 PM,7/3/2025,
1637,34.1,gf,1.530,mm,OK,--,3:10:05 PM,7/3/2025,
1638,34.1,gf,1.530,mm,OK,--,3:10:05 PM,7/3/2025,
1639,34.3,gf,1.525,mm,OK,--,3:10:05 PM,7/3/2025,
1640,34.5,gf,1.525,mm,OK,--,3:10:05 PM,7/3/2025,
1641,34.3,gf,1.525,mm,OK,--,3:10:05 PM,7/3/2025,
1642,33.6,gf,1.520,mm,OK,--,3:10:06 PM,7/3/2025,
1643,33.8,gf,1.515,mm,OK,--,3:10:06 PM,7/3/2025,
1644,33.8,gf,1.505,mm,OK,--,3:10:06 PM,7/3/2025,
1645,33.9,gf,1.500,mm,OK,--,3:10:06 PM,7/3/2025,
1646,33.9,gf,1.490,mm,OK,--,3:10:06 PM,7/3/2025,
1647,34.1,gf,1.485,mm,OK,--,3:10:06 PM,7/3/2025,
1648,34.2,gf,1.480,mm,OK,--,3:10:06 PM,7/3/2025,
1649,34.3,gf,1.480,mm,OK,--,3:10:06 PM,7/3/2025,
1650,34.4,gf,1.480,mm,OK,--,3:10:06 PM,7/3/2025,
1651,34.3,gf,1.475,mm,OK,--,3:10:06 PM,7/3/2025,
1652,34.3,gf,1.475,mm,OK,--,3:10:07 PM,7/3/2025,
1653,33.9,gf,1.475,mm,OK,--,3:10:07 PM,7/3/2025,
1654,33.9,gf,1.475,mm,OK,--,3:10:07 PM,7/3/2025,
1655,33.9,gf,1.470,mm,OK,--,3:10:07 PM,7/3/2025,
1656,33.9,gf,1.470,mm,OK,--,3:10:07 PM,7/3/2025,
1657,33.8,gf,1.470,mm,OK,--,3:10:07 PM,7/3/2025,
1658,33.6,gf,1.465,mm,OK,--,3:10:07 PM,7/3/2025,
1659,33.4,gf,1.460,mm,OK,--,3:10:07 PM,7/3/2025,
1660,33.3,gf,1.450,mm,OK,--,3:10:07 PM,7/3/2025,
1661,33.5,gf,1.445,mm,OK,--,3:10:07 PM,7/3/2025,
1662,33.5,gf,1.440,mm,OK,--,3:10:08 PM,7/3/2025,
1663,33.6,gf,1.430,mm,OK,--,3:10:08 PM,7/3/2025,
1664,33.6,gf,1.430,mm,OK,--,3:10:08 PM,7/3/2025,
1665,33.6,gf,1.425,mm,OK,--,3:10:08 PM,7/3/2025,
1666,33.6,gf,1.420,mm,OK,--,3:10:08 PM,7/3/2025,
1667,33.3,gf,1.420,mm,OK,--,3:10:08 PM,7/3/2025,
1668,33.1,gf,1.415,mm,OK,--,3:10:08 PM,7/3/2025,
1669,33.3,gf,1.405,mm,OK,--,3:10:08 PM,7/3/2025,
1670,33.2,gf,1.400,mm,OK,--,3:10:08 PM,7/3/2025,
1671,33.2,gf,1.395,mm,OK,--,3:10:08 PM,7/3/2025,
1672,33.2,gf,1.390,mm,OK,--,3:10:09 PM,7/3/2025,
1673,33.0,gf,1.385,mm,OK,--,3:10:09 PM,7/3/2025,
1674,32.9,gf,1.380,mm,OK,--,3:10:09 PM,7/3/2025,
1675,33.0,gf,1.375,mm,OK,--,3:10:09 PM,7/3/2025,
1676,33.1,gf,1.370,mm,OK,--,3:10:09 PM,7/3/2025,
1677,33.0,gf,1.365,mm,OK,--,3:10:09 PM,7/3/2025,
1678,33.0,gf,1.360,mm,OK,--,3:10:09 PM,7/3/2025,
1679,33.0,gf,1.360,mm,OK,--,3:10:09 PM,7/3/2025,
1680,32.9,gf,1.355,mm,OK,--,3:10:09 PM,7/3/2025,
1681,32.8,gf,1.350,mm,OK,--,3:10:09 PM,7/3/2025,
1682,32.7,gf,1.350,mm,OK,--,3:10:10 PM,7/3/2025,
1683,32.7,gf,1.345,mm,OK,--,3:10:10 PM,7/3/2025,
1684,32.7,gf,1.345,mm,OK,--,3:10:10 PM,7/3/2025,
1685,32.7,gf,1.345,mm,OK,--,3:10:10 PM,7/3/2025,
1686,32.6,gf,1.340,mm,OK,--,3:10:10 PM,7/3/2025,
1687,32.6,gf,1.340,mm,OK,--,3:10:10 PM,7/3/2025,
1688,32.7,gf,1.335,mm,OK,--,3:10:10 PM,7/3/2025,
1689,32.6,gf,1.335,mm,OK,--,3:10:10 PM,7/3/2025,
1690,32.5,gf,1.335,mm,OK,--,3:10:10 PM,7/3/2025,
1691,32.4,gf,1.330,mm,OK,--,3:10:10 PM,7/3/2025,
1692,32.3,gf,1.325,mm,OK,--,3:10:11 PM,7/3/2025,
1693,32.2,gf,1.325,mm,OK,--,3:10:11 PM,7/3/2025,
1694,32.2,gf,1.320,mm,OK,--,3:10:11 PM,7/3/2025,
1695,32.2,gf,1.310,mm,OK,--,3:10:11 PM,7/3/2025,
1696,32.4,gf,1.310,mm,OK,--,3:10:11 PM,7/3/2025,
1697,32.3,gf,1.305,mm,OK,--,3:10:11 PM,7/3/2025,
1698,32.3,gf,1.300,mm,OK,--,3:10:11 PM,7/3/2025,
1699,32.4,gf,1.295,mm,OK,--,3:10:11 PM,7/3/2025,
1700,32.5,gf,1.290,mm,OK,--,3:10:11 PM,7/3/2025,
1701,32.4,gf,1.290,mm,OK,--,3:10:11 PM,7/3/2025,
1702,32.2,gf,1.285,mm,OK,--,3:10:12 PM,7/3/2025,
1703,32.2,gf,1.280,mm,OK,--,3:10:12 PM,7/3/2025,
1704,32.1,gf,1.280,mm,OK,--,3:10:12 PM,7/3/2025,
1705,32.0,gf,1.275,mm,OK,--,3:10:12 PM,7/3/2025,
1706,32.1,gf,1.270,mm,OK,--,3:10:12 PM,7/3/2025,
1707,32.2,gf,1.265,mm,OK,--,3:10:12 PM,7/3/2025,
1708,32.1,gf,1.265,mm,OK,--,3:10:12 PM,7/3/2025,
1709,32.0,gf,1.260,mm,OK,--,3:10:12 PM,7/3/2025,
1710,31.9,gf,1.260,mm,OK,--,3:10:12 PM,7/3/2025,
1711,31.8,gf,1.255,mm,OK,--,3:10:12 PM,7/3/2025,
1712,31.8,gf,1.250,mm,OK,--,3:10:13 PM,7/3/2025,
1713,31.7,gf,1.250,mm,OK,--,3:10:13 PM,7/3/2025,
1714,31.8,gf,1.245,mm,OK,--,3:10:13 PM,7/3/2025,
1715,31.8,gf,1.245,mm,OK,--,3:10:13 PM,7/3/2025,
1716,31.7,gf,1.240,mm,OK,--,3:10:13 PM,7/3/2025,
1717,31.5,gf,1.235,mm,OK,--,3:10:13 PM,7/3/2025,
1718,31.4,gf,1.235,mm,OK,--,3:10:13 PM,7/3/2025,
1719,31.5,gf,1.230,mm,OK,--,3:10:13 PM,7/3/2025,
1720,31.5,gf,1.225,mm,OK,--,3:10:13 PM,7/3/2025,
1721,31.4,gf,1.225,mm,OK,--,3:10:13 PM,7/3/2025,
1722,31.5,gf,1.220,mm,OK,--,3:10:14 PM,7/3/2025,
1723,31.5,gf,1.215,mm,OK,--,3:10:14 PM,7/3/2025,
1724,31.3,gf,1.215,mm,OK,--,3:10:14 PM,7/3/2025,
1725,31.3,gf,1.210,mm,OK,--,3:10:14 PM,7/3/2025,
1726,31.5,gf,1.205,mm,OK,--,3:10:14 PM,7/3/2025,
1727,31.4,gf,1.205,mm,OK,--,3:10:14 PM,7/3/2025,
1728,31.3,gf,1.200,mm,OK,--,3:10:14 PM,7/3/2025,
1729,31.4,gf,1.195,mm,OK,--,3:10:14 PM,7/3/2025,
1730,31.0,gf,1.190,mm,OK,--,3:10:14 PM,7/3/2025,
1731,31.4,gf,1.185,mm,OK,--,3:10:14 PM,7/3/2025,
1732,31.5,gf,1.180,mm,OK,--,3:10:15 PM,7/3/2025,
1733,31.4,gf,1.175,mm,OK,--,3:10:15 PM,7/3/2025,
1734,31.3,gf,1.175,mm,OK,--,3:10:15 PM,7/3/2025,
1735,31.4,gf,1.170,mm,OK,--,3:10:15 PM,7/3/2025,
1736,31.3,gf,1.165,mm,OK,--,3:10:15 PM,7/3/2025,
1737,31.3,gf,1.165,mm,OK,--,3:10:15 PM,7/3/2025,
1738,31.3,gf,1.160,mm,OK,--,3:10:15 PM,7/3/2025,
1739,31.3,gf,1.160,mm,OK,--,3:10:15 PM,7/3/2025,
1740,31.4,gf,1.155,mm,OK,--,3:10:15 PM,7/3/2025,
1741,31.3,gf,1.155,mm,OK,--,3:10:15 PM,7/3/2025,
1742,31.3,gf,1.150,mm,OK,--,3:10:16 PM,7/3/2025,
1743,31.3,gf,1.150,mm,OK,--,3:10:16 PM,7/3/2025,
1744,31.2,gf,1.145,mm,OK,--,3:10:16 PM,7/3/2025,
1745,31.1,gf,1.145,mm,OK,--,3:10:16 PM,7/3/2025,
1746,31.1,gf,1.140,mm,OK,--,3:10:16 PM,7/3/2025,
1747,31.1,gf,1.135,mm,OK,--,3:10:16 PM,7/3/2025,
1748,30.7,gf,1.130,mm,OK,--,3:10:16 PM,7/3/2025,
1749,31.1,gf,1.120,mm,OK,--,3:10:16 PM,7/3/2025,
1750,31.2,gf,1.115,mm,OK,--,3:10:16 PM,7/3/2025,
1751,31.0,gf,1.110,mm,OK,--,3:10:16 PM,7/3/2025,
1752,30.8,gf,1.105,mm,OK,--,3:10:17 PM,7/3/2025,
1753,30.9,gf,1.100,mm,OK,--,3:10:17 PM,7/3/2025,
1754,30.9,gf,1.090,mm,OK,--,3:10:17 PM,7/3/2025,
1755,30.9,gf,1.085,mm,OK,--,3:10:17 PM,7/3/2025,
1756,30.9,gf,1.080,mm,OK,--,3:10:17 PM,7/3/2025,
1757,30.9,gf,1.075,mm,OK,--,3:10:17 PM,7/3/2025,
1758,30.9,gf,1.070,mm,OK,--,3:10:17 PM,7/3/2025,
1759,31.0,gf,1.070,mm,OK,--,3:10:17 PM,7/3/2025,
1760,30.9,gf,1.065,mm,OK,--,3:10:17 PM,7/3/2025,
1761,30.7,gf,1.060,mm,OK,--,3:10:17 PM,7/3/2025,
1762,30.7,gf,1.055,mm,OK,--,3:10:18 PM,7/3/2025,
1763,30.7,gf,1.050,mm,OK,--,3:10:18 PM,7/3/2025,
1764,30.4,gf,1.040,mm,OK,--,3:10:18 PM,7/3/2025,
1765,30.8,gf,1.030,mm,OK,--,3:10:18 PM,7/3/2025,
1766,30.9,gf,1.030,mm,OK,--,3:10:18 PM,7/3/2025,
1767,30.9,gf,1.025,mm,OK,--,3:10:18 PM,7/3/2025,
1768,30.4,gf,1.020,mm,OK,--,3:10:18 PM,7/3/2025,
1769,30.4,gf,1.010,mm,OK,--,3:10:18 PM,7/3/2025,
1770,30.5,gf,1.010,mm,OK,--,3:10:18 PM,7/3/2025,
1771,29.9,gf,1.000,mm,OK,--,3:10:18 PM,7/3/2025,
1772,30.6,gf,0.995,mm,OK,--,3:10:19 PM,7/3/2025,
1773,30.5,gf,0.990,mm,OK,--,3:10:19 PM,7/3/2025,
1774,30.1,gf,0.985,mm,OK,--,3:10:19 PM,7/3/2025,
1775,30.2,gf,0.980,mm,OK,--,3:10:19 PM,7/3/2025,
1776,30.2,gf,0.975,mm,OK,--,3:10:19 PM,7/3/2025,
1777,30.4,gf,0.970,mm,OK,--,3:10:19 PM,7/3/2025,
1778,30.3,gf,0.965,mm,OK,--,3:10:19 PM,7/3/2025,
1779,30.3,gf,0.960,mm,OK,--,3:10:19 PM,7/3/2025,
1780,30.3,gf,0.960,mm,OK,--,3:10:19 PM,7/3/2025,
1781,30.2,gf,0.955,mm,OK,--,3:10:19 PM,7/3/2025,
1782,30.2,gf,0.955,mm,OK,--,3:10:20 PM,7/3/2025,
1783,30.0,gf,0.950,mm,OK,--,3:10:20 PM,7/3/2025,
1784,29.8,gf,0.945,mm,OK,--,3:10:20 PM,7/3/2025,
1785,29.9,gf,0.940,mm,OK,--,3:10:20 PM,7/3/2025,
1786,30.0,gf,0.935,mm,OK,--,3:10:20 PM,7/3/2025,
1787,30.0,gf,0.930,mm,OK,--,3:10:20 PM,7/3/2025,
1788,30.0,gf,0.925,mm,OK,--,3:10:20 PM,7/3/2025,
1789,30.0,gf,0.920,mm,OK,--,3:10:20 PM,7/3/2025,
1790,30.0,gf,0.920,mm,OK,--,3:10:20 PM,7/3/2025,
1791,29.9,gf,0.915,mm,OK,--,3:10:20 PM,7/3/2025,
1792,30.0,gf,0.910,mm,OK,--,3:10:21 PM,7/3/2025,
1793,30.0,gf,0.905,mm,OK,--,3:10:21 PM,7/3/2025,
1794,29.9,gf,0.905,mm,OK,--,3:10:21 PM,7/3/2025,
1795,29.9,gf,0.900,mm,OK,--,3:10:21 PM,7/3/2025,
1796,29.8,gf,0.895,mm,OK,--,3:10:21 PM,7/3/2025,
1797,29.8,gf,0.895,mm,OK,--,3:10:21 PM,7/3/2025,
1798,29.7,gf,0.890,mm,OK,--,3:10:21 PM,7/3/2025,
1799,29.9,gf,0.885,mm,OK,--,3:10:21 PM,7/3/2025,
1800,30.0,gf,0.885,mm,OK,--,3:10:21 PM,7/3/2025,
1801,29.9,gf,0.880,mm,OK,--,3:10:21 PM,7/3/2025,
1802,29.8,gf,0.880,mm,OK,--,3:10:22 PM,7/3/2025,
1803,29.8,gf,0.880,mm,OK,--,3:10:22 PM,7/3/2025,
1804,29.9,gf,0.875,mm,OK,--,3:10:22 PM,7/3/2025,
1805,30.0,gf,0.875,mm,OK,--,3:10:22 PM,7/3/2025,
1806,29.9,gf,0.875,mm,OK,--,3:10:22 PM,7/3/2025,
1807,29.5,gf,0.875,mm,OK,--,3:10:22 PM,7/3/2025,
1808,29.1,gf,0.870,mm,OK,--,3:10:22 PM,7/3/2025,
1809,29.1,gf,0.865,mm,OK,--,3:10:22 PM,7/3/2025,
1810,29.4,gf,0.860,mm,OK,--,3:10:22 PM,7/3/2025,
1811,29.5,gf,0.860,mm,OK,--,3:10:22 PM,7/3/2025,
1812,29.6,gf,0.855,mm,OK,--,3:10:23 PM,7/3/2025,
1813,29.6,gf,0.855,mm,OK,--,3:10:23 PM,7/3/2025,
1814,29.6,gf,0.850,mm,OK,--,3:10:23 PM,7/3/2025,
1815,29.5,gf,0.850,mm,OK,--,3:10:23 PM,7/3/2025,
1816,29.5,gf,0.850,mm,OK,--,3:10:23 PM,7/3/2025,
1817,29.4,gf,0.845,mm,OK,--,3:10:23 PM,7/3/2025,
1818,29.4,gf,0.845,mm,OK,--,3:10:23 PM,7/3/2025,
1819,29.4,gf,0.840,mm,OK,--,3:10:23 PM,7/3/2025,
1820,29.3,gf,0.840,mm,OK,--,3:10:23 PM,7/3/2025,
1821,29.2,gf,0.835,mm,OK,--,3:10:23 PM,7/3/2025,
1822,29.3,gf,0.830,mm,OK,--,3:10:24 PM,7/3/2025,
1823,29.2,gf,0.830,mm,OK,--,3:10:24 PM,7/3/2025,
1824,29.4,gf,0.825,mm,OK,--,3:10:24 PM,7/3/2025,
1825,29.3,gf,0.820,mm,OK,--,3:10:24 PM,7/3/2025,
1826,29.3,gf,0.820,mm,OK,--,3:10:24 PM,7/3/2025,
1827,29.2,gf,0.815,mm,OK,--,3:10:24 PM,7/3/2025,
1828,28.9,gf,0.815,mm,OK,--,3:10:24 PM,7/3/2025,
1829,29.0,gf,0.810,mm,OK,--,3:10:24 PM,7/3/2025,
1830,28.8,gf,0.805,mm,OK,--,3:10:24 PM,7/3/2025,
1831,29.1,gf,0.795,mm,OK,--,3:10:24 PM,7/3/2025,
1832,29.1,gf,0.790,mm,OK,--,3:10:25 PM,7/3/2025,
1833,29.2,gf,0.785,mm,OK,--,3:10:25 PM,7/3/2025,
1834,29.3,gf,0.780,mm,OK,--,3:10:25 PM,7/3/2025,
1835,29.1,gf,0.780,mm,OK,--,3:10:25 PM,7/3/2025,
1836,29.2,gf,0.775,mm,OK,--,3:10:25 PM,7/3/2025,
1837,29.2,gf,0.775,mm,OK,--,3:10:25 PM,7/3/2025,
1838,29.2,gf,0.770,mm,OK,--,3:10:25 PM,7/3/2025,
1839,29.1,gf,0.765,mm,OK,--,3:10:25 PM,7/3/2025,
1840,29.1,gf,0.765,mm,OK,--,3:10:25 PM,7/3/2025,
1841,29.3,gf,0.760,mm,OK,--,3:10:25 PM,7/3/2025,
1842,29.5,gf,0.760,mm,OK,--,3:10:26 PM,7/3/2025,
1843,29.5,gf,0.760,mm,OK,--,3:10:26 PM,7/3/2025,
1844,29.5,gf,0.755,mm,OK,--,3:10:26 PM,7/3/2025,
1845,29.4,gf,0.755,mm,OK,--,3:10:26 PM,7/3/2025,
1846,29.1,gf,0.755,mm,OK,--,3:10:26 PM,7/3/2025,
1847,28.7,gf,0.750,mm,OK,--,3:10:26 PM,7/3/2025,
1848,28.8,gf,0.740,mm,OK,--,3:10:26 PM,7/3/2025,
1849,29.1,gf,0.735,mm,OK,--,3:10:26 PM,7/3/2025,
1850,29.0,gf,0.730,mm,OK,--,3:10:26 PM,7/3/2025,
1851,29.0,gf,0.725,mm,OK,--,3:10:26 PM,7/3/2025,
1852,29.2,gf,0.720,mm,OK,--,3:10:27 PM,7/3/2025,
1853,29.2,gf,0.720,mm,OK,--,3:10:27 PM,7/3/2025,
1854,29.2,gf,0.720,mm,OK,--,3:10:27 PM,7/3/2025,
1855,29.1,gf,0.715,mm,OK,--,3:10:27 PM,7/3/2025,
1856,29.0,gf,0.715,mm,OK,--,3:10:27 PM,7/3/2025,
1857,28.8,gf,0.710,mm,OK,--,3:10:27 PM,7/3/2025,
1858,28.8,gf,0.710,mm,OK,--,3:10:27 PM,7/3/2025,
1859,28.6,gf,0.705,mm,OK,--,3:10:27 PM,7/3/2025,
1860,28.7,gf,0.700,mm,OK,--,3:10:27 PM,7/3/2025,
1861,28.5,gf,0.700,mm,OK,--,3:10:27 PM,7/3/2025,
1862,28.5,gf,0.690,mm,OK,--,3:10:28 PM,7/3/2025,
1863,28.4,gf,0.685,mm,OK,--,3:10:28 PM,7/3/2025,
1864,28.5,gf,0.680,mm,OK,--,3:10:28 PM,7/3/2025,
1865,28.5,gf,0.675,mm,OK,--,3:10:28 PM,7/3/2025,
1866,28.5,gf,0.670,mm,OK,--,3:10:28 PM,7/3/2025,
1867,28.5,gf,0.665,mm,OK,--,3:10:28 PM,7/3/2025,
1868,28.7,gf,0.660,mm,OK,--,3:10:28 PM,7/3/2025,
1869,28.7,gf,0.655,mm,OK,--,3:10:28 PM,7/3/2025,
1870,28.5,gf,0.650,mm,OK,--,3:10:28 PM,7/3/2025,
1871,28.2,gf,0.645,mm,OK,--,3:10:28 PM,7/3/2025,
1872,28.1,gf,0.640,mm,OK,--,3:10:29 PM,7/3/2025,
1873,28.2,gf,0.630,mm,OK,--,3:10:29 PM,7/3/2025,
1874,28.2,gf,0.625,mm,OK,--,3:10:29 PM,7/3/2025,
1875,28.1,gf,0.615,mm,OK,--,3:10:29 PM,7/3/2025,
1876,28.1,gf,0.610,mm,OK,--,3:10:29 PM,7/3/2025,
1877,28.2,gf,0.600,mm,OK,--,3:10:29 PM,7/3/2025,
1878,28.3,gf,0.595,mm,OK,--,3:10:29 PM,7/3/2025,
1879,28.3,gf,0.590,mm,OK,--,3:10:29 PM,7/3/2025,
1880,28.2,gf,0.590,mm,OK,--,3:10:29 PM,7/3/2025,
1881,27.9,gf,0.580,mm,OK,--,3:10:29 PM,7/3/2025,
1882,28.1,gf,0.575,mm,OK,--,3:10:30 PM,7/3/2025,
1883,28.1,gf,0.570,mm,OK,--,3:10:30 PM,7/3/2025,
1884,28.3,gf,0.560,mm,OK,--,3:10:30 PM,7/3/2025,
1885,28.3,gf,0.560,mm,OK,--,3:10:30 PM,7/3/2025,
1886,28.2,gf,0.555,mm,OK,--,3:10:30 PM,7/3/2025,
1887,28.2,gf,0.555,mm,OK,--,3:10:30 PM,7/3/2025,
1888,28.0,gf,0.550,mm,OK,--,3:10:30 PM,7/3/2025,
1889,28.0,gf,0.545,mm,OK,--,3:10:30 PM,7/3/2025,
1890,27.8,gf,0.545,mm,OK,--,3:10:30 PM,7/3/2025,
1891,27.8,gf,0.540,mm,OK,--,3:10:30 PM,7/3/2025,
1892,27.8,gf,0.535,mm,OK,--,3:10:31 PM,7/3/2025,
1893,27.9,gf,0.525,mm,OK,--,3:10:31 PM,7/3/2025,
1894,27.9,gf,0.525,mm,OK,--,3:10:31 PM,7/3/2025,
1895,27.9,gf,0.515,mm,OK,--,3:10:31 PM,7/3/2025,
1896,28.1,gf,0.515,mm,OK,--,3:10:31 PM,7/3/2025,
1897,28.1,gf,0.510,mm,OK,--,3:10:31 PM,7/3/2025,
1898,27.9,gf,0.505,mm,OK,--,3:10:31 PM,7/3/2025,
1899,27.8,gf,0.505,mm,OK,--,3:10:31 PM,7/3/2025,
1900,27.7,gf,0.500,mm,OK,--,3:10:31 PM,7/3/2025,
1901,27.9,gf,0.495,mm,OK,--,3:10:31 PM,7/3/2025,
1902,27.8,gf,0.490,mm,OK,--,3:10:32 PM,7/3/2025,
1903,27.7,gf,0.485,mm,OK,--,3:10:32 PM,7/3/2025,
1904,27.7,gf,0.480,mm,OK,--,3:10:32 PM,7/3/2025,
1905,27.7,gf,0.480,mm,OK,--,3:10:32 PM,7/3/2025,
1906,27.5,gf,0.475,mm,OK,--,3:10:32 PM,7/3/2025,
1907,27.5,gf,0.470,mm,OK,--,3:10:32 PM,7/3/2025,
1908,27.4,gf,0.470,mm,OK,--,3:10:32 PM,7/3/2025,
1909,27.3,gf,0.465,mm,OK,--,3:10:32 PM,7/3/2025,
1910,27.3,gf,0.460,mm,OK,--,3:10:32 PM,7/3/2025,
1911,27.4,gf,0.455,mm,OK,--,3:10:32 PM,7/3/2025,
1912,27.4,gf,0.450,mm,OK,--,3:10:33 PM,7/3/2025,
1913,27.2,gf,0.445,mm,OK,--,3:10:33 PM,7/3/2025,
1914,26.8,gf,0.435,mm,OK,--,3:10:33 PM,7/3/2025,
1915,27.2,gf,0.425,mm,OK,--,3:10:33 PM,7/3/2025,
1916,27.4,gf,0.420,mm,OK,--,3:10:33 PM,7/3/2025,
1917,27.4,gf,0.415,mm,OK,--,3:10:33 PM,7/3/2025,
1918,27.0,gf,0.410,mm,OK,--,3:10:33 PM,7/3/2025,
1919,26.8,gf,0.400,mm,OK,--,3:10:33 PM,7/3/2025,
1920,27.1,gf,0.390,mm,OK,--,3:10:33 PM,7/3/2025,
1921,27.1,gf,0.380,mm,OK,--,3:10:33 PM,7/3/2025,
1922,27.0,gf,0.375,mm,OK,--,3:10:34 PM,7/3/2025,
1923,27.1,gf,0.370,mm,OK,--,3:10:34 PM,7/3/2025,
1924,27.2,gf,0.370,mm,OK,--,3:10:34 PM,7/3/2025,
1925,27.1,gf,0.365,mm,OK,--,3:10:34 PM,7/3/2025,
1926,26.8,gf,0.365,mm,OK,--,3:10:34 PM,7/3/2025,
1927,26.7,gf,0.360,mm,OK,--,3:10:34 PM,7/3/2025,
1928,26.9,gf,0.360,mm,OK,--,3:10:34 PM,7/3/2025,
1929,26.9,gf,0.355,mm,OK,--,3:10:34 PM,7/3/2025,
1930,26.5,gf,0.350,mm,OK,--,3:10:34 PM,7/3/2025,
1931,26.4,gf,0.345,mm,OK,--,3:10:34 PM,7/3/2025,
1932,26.7,gf,0.340,mm,OK,--,3:10:35 PM,7/3/2025,
1933,26.7,gf,0.335,mm,OK,--,3:10:35 PM,7/3/2025,
1934,26.7,gf,0.335,mm,OK,--,3:10:35 PM,7/3/2025,
1935,26.7,gf,0.330,mm,OK,--,3:10:35 PM,7/3/2025,
1936,26.8,gf,0.325,mm,OK,--,3:10:35 PM,7/3/2025,
1937,26.7,gf,0.325,mm,OK,--,3:10:35 PM,7/3/2025,
1938,26.6,gf,0.320,mm,OK,--,3:10:35 PM,7/3/2025,
1939,26.3,gf,0.315,mm,OK,--,3:10:35 PM,7/3/2025,
1940,26.5,gf,0.310,mm,OK,--,3:10:35 PM,7/3/2025,
1941,26.6,gf,0.310,mm,OK,--,3:10:35 PM,7/3/2025,
1942,26.6,gf,0.305,mm,OK,--,3:10:36 PM,7/3/2025,
1943,26.7,gf,0.305,mm,OK,--,3:10:36 PM,7/3/2025,
1944,26.9,gf,0.300,mm,OK,--,3:10:36 PM,7/3/2025,
1945,26.6,gf,0.300,mm,OK,--,3:10:36 PM,7/3/2025,
1946,26.4,gf,0.295,mm,OK,--,3:10:36 PM,7/3/2025,
1947,26.2,gf,0.290,mm,OK,--,3:10:36 PM,7/3/2025,
1948,26.1,gf,0.285,mm,OK,--,3:10:36 PM,7/3/2025,
1949,26.3,gf,0.280,mm,OK,--,3:10:36 PM,7/3/2025,
1950,26.2,gf,0.275,mm,OK,--,3:10:36 PM,7/3/2025,
1951,26.2,gf,0.270,mm,OK,--,3:10:36 PM,7/3/2025,
1952,26.3,gf,0.265,mm,OK,--,3:10:37 PM,7/3/2025,
1953,26.3,gf,0.255,mm,OK,--,3:10:37 PM,7/3/2025,
1954,26.2,gf,0.245,mm,OK,--,3:10:37 PM,7/3/2025,
1955,26.4,gf,0.235,mm,OK,--,3:10:37 PM,7/3/2025,
1956,26.4,gf,0.225,mm,OK,--,3:10:37 PM,7/3/2025,
1957,26.6,gf,0.220,mm,OK,--,3:10:37 PM,7/3/2025,
1958,25.9,gf,0.210,mm,OK,--,3:10:37 PM,7/3/2025,
1959,26.1,gf,0.200,mm,OK,--,3:10:37 PM,7/3/2025,
1960,26.1,gf,0.185,mm,OK,--,3:10:37 PM,7/3/2025,
1961,25.9,gf,0.180,mm,OK,--,3:10:37 PM,7/3/2025,
1962,26.0,gf,0.165,mm,OK,--,3:10:38 PM,7/3/2025,
1963,25.9,gf,0.160,mm,OK,--,3:10:38 PM,7/3/2025,
1964,25.9,gf,0.150,mm,OK,--,3:10:38 PM,7/3/2025,
1965,25.9,gf,0.140,mm,OK,--,3:10:38 PM,7/3/2025,
1966,25.9,gf,0.135,mm,OK,--,3:10:38 PM,7/3/2025,
1967,25.8,gf,0.130,mm,OK,--,3:10:38 PM,7/3/2025,
1968,25.3,gf,0.120,mm,OK,--,3:10:38 PM,7/3/2025,
1969,25.0,gf,0.110,mm,OK,--,3:10:38 PM,7/3/2025,
1970,21.2,gf,0.100,mm,OK,--,3:10:38 PM,7/3/2025,
1971,7.1,gf,0.085,mm,OK,--,3:10:38 PM,7/3/2025,
1972,0.1,gf,0.070,mm,OK,--,3:10:39 PM,7/3/2025,
1973,0.0,gf,0.055,mm,OK,--,3:10:39 PM,7/3/2025,
1974,0.1,gf,0.035,mm,OK,--,3:10:39 PM,7/3/2025,
1975,0.0,gf,0.025,mm,OK,--,3:10:39 PM,7/3/2025,
1976,0.1,gf,0.015,mm,OK,--,3:10:39 PM,7/3/2025,
1977,0.0,gf,0.005,mm,OK,--,3:10:39 PM,7/3/2025,
1978,0.0,gf,0.000,mm,OK,--,3:10:39 PM,7/3/2025,
1979,0.0,gf,-0.005,mm,OK,--,3:10:39 PM,7/3/2025,
1980,0.0,gf,-0.010,mm,OK,--,3:10:39 PM,7/3/2025,
1981,0.0,gf,-0.015,mm,OK,--,3:10:39 PM,7/3/2025,
1982,0.0,gf,-0.020,mm,OK,--,3:10:40 PM,7/3/2025,
1983,0.0,gf,-0.025,mm,OK,--,3:10:40 PM,7/3/2025,
1984,0.0,gf,-0.025,mm,OK,--,3:10:40 PM,7/3/2025,
1985,0.0,gf,-0.025,mm,OK,--,3:10:40 PM,7/3/2025,
1986,0.0,gf,-0.025,mm,OK,--,3:10:40 PM,7/3/2025,
1987,0.0,gf,-0.025,mm,OK,--,3:10:40 PM,7/3/2025,
1988,0.0,gf,-0.025,mm,OK,--,3:10:40 PM,7/3/2025,
1989,0.0,gf,-0.025,mm,OK,--,3:10:40 PM,7/3/2025,
1990,0.2,gf,-0.020,mm,OK,--,3:10:40 PM,7/3/2025,
1991,-0.1,gf,-0.020,mm,OK,--,3:10:40 PM,7/3/2025,
1992,-0.2,gf,-0.015,mm,OK,--,3:10:41 PM,7/3/2025,
1993,0.0,gf,-0.015,mm,OK,--,3:10:41 PM,7/3/2025,
1994,0.0,gf,-0.015,mm,OK,--,3:10:41 PM,7/3/2025,
1995,0.0,gf,-0.015,mm,OK,--,3:10:41 PM,7/3/2025,
1996,0.0,gf,-0.010,mm,OK,--,3:10:41 PM,7/3/2025,
1997,0.0,gf,-0.010,mm,OK,--,3:10:41 PM,7/3/2025,
1998,0.0,gf,-0.010,mm,OK,--,3:10:41 PM,7/3/2025,
1999,0.0,gf,-0.010,mm,OK,--,3:10:41 PM,7/3/2025,
2000,0.0,gf,-0.010,mm,OK,--,3:10:41 PM,7/3/2025,
2001,0.0,gf,-0.010,mm,OK,--,3:10:41 PM,7/3/2025,
2002,0.0,gf,-0.005,mm,OK,--,3:10:42 PM,7/3/2025,
2003,0.0,gf,-0.005,mm,OK,--,3:10:42 PM,7/3/2025,
2004,0.0,gf,-0.005,mm,OK,--,3:10:42 PM,7/3/2025,
2005,0.1,gf,-0.005,mm,OK,--,3:10:42 PM,7/3/2025,
