Maximum,194.8,@,No.999,,,,,,
Minimum,-0.1,@,No.19,,,,,,
Average,48.85,,,,,,,,
Data Quantity,1899,,,,,,,,
Number of NG,0,,,,,,,,
No.,Force,Unit,Displacement,Unit,Judge,Position,Time,Date,
1,0.0,gf,0.010,mm,OK,--,12:40:42 PM,7/3/2025,
2,0.0,gf,0.010,mm,OK,--,12:40:42 PM,7/3/2025,
3,0.0,gf,0.010,mm,OK,--,12:40:42 PM,7/3/2025,
4,0.0,gf,0.010,mm,OK,--,12:40:42 PM,7/3/2025,
5,0.0,gf,0.010,mm,OK,--,12:40:42 PM,7/3/2025,
6,0.0,gf,0.015,mm,OK,--,12:40:42 PM,7/3/2025,
7,0.0,gf,0.015,mm,OK,--,12:40:42 PM,7/3/2025,
8,0.0,gf,0.015,mm,OK,--,12:40:42 PM,7/3/2025,
9,0.0,gf,0.015,mm,OK,--,12:40:42 PM,7/3/2025,
10,0.0,gf,0.015,mm,OK,--,12:40:43 PM,7/3/2025,
11,0.0,gf,0.015,mm,OK,--,12:40:43 PM,7/3/2025,
12,0.0,gf,0.015,mm,OK,--,12:40:43 PM,7/3/2025,
13,0.0,gf,0.015,mm,OK,--,12:40:43 PM,7/3/2025,
14,0.0,gf,0.015,mm,OK,--,12:40:43 PM,7/3/2025,
15,0.0,gf,0.015,mm,OK,--,12:40:43 PM,7/3/2025,
16,0.0,gf,0.015,mm,OK,--,12:40:43 PM,7/3/2025,
17,0.0,gf,0.015,mm,OK,--,12:40:43 PM,7/3/2025,
18,0.0,gf,0.020,mm,OK,--,12:40:43 PM,7/3/2025,
19,-0.1,gf,0.020,mm,OK,--,12:40:43 PM,7/3/2025,
20,0.0,gf,0.020,mm,OK,--,12:40:44 PM,7/3/2025,
21,0.0,gf,0.020,mm,OK,--,12:40:44 PM,7/3/2025,
22,0.0,gf,0.020,mm,OK,--,12:40:44 PM,7/3/2025,
23,0.0,gf,0.025,mm,OK,--,12:40:44 PM,7/3/2025,
24,0.0,gf,0.025,mm,OK,--,12:40:44 PM,7/3/2025,
25,0.0,gf,0.030,mm,OK,--,12:40:44 PM,7/3/2025,
26,0.0,gf,0.030,mm,OK,--,12:40:44 PM,7/3/2025,
27,0.0,gf,0.040,mm,OK,--,12:40:44 PM,7/3/2025,
28,0.0,gf,0.045,mm,OK,--,12:40:44 PM,7/3/2025,
29,0.0,gf,0.050,mm,OK,--,12:40:44 PM,7/3/2025,
30,0.0,gf,0.060,mm,OK,--,12:40:45 PM,7/3/2025,
31,0.0,gf,0.065,mm,OK,--,12:40:45 PM,7/3/2025,
32,-0.1,gf,0.065,mm,OK,--,12:40:45 PM,7/3/2025,
33,0.0,gf,0.075,mm,OK,--,12:40:45 PM,7/3/2025,
34,0.0,gf,0.080,mm,OK,--,12:40:45 PM,7/3/2025,
35,0.0,gf,0.085,mm,OK,--,12:40:45 PM,7/3/2025,
36,0.0,gf,0.090,mm,OK,--,12:40:45 PM,7/3/2025,
37,0.0,gf,0.095,mm,OK,--,12:40:45 PM,7/3/2025,
38,0.0,gf,0.100,mm,OK,--,12:40:45 PM,7/3/2025,
39,0.0,gf,0.105,mm,OK,--,12:40:45 PM,7/3/2025,
40,0.0,gf,0.115,mm,OK,--,12:40:46 PM,7/3/2025,
41,3.9,gf,0.125,mm,OK,--,12:40:46 PM,7/3/2025,
42,7.5,gf,0.130,mm,OK,--,12:40:46 PM,7/3/2025,
43,8.0,gf,0.135,mm,OK,--,12:40:46 PM,7/3/2025,
44,8.3,gf,0.135,mm,OK,--,12:40:46 PM,7/3/2025,
45,8.7,gf,0.140,mm,OK,--,12:40:46 PM,7/3/2025,
46,10.7,gf,0.145,mm,OK,--,12:40:46 PM,7/3/2025,
47,13.4,gf,0.150,mm,OK,--,12:40:46 PM,7/3/2025,
48,16.2,gf,0.155,mm,OK,--,12:40:46 PM,7/3/2025,
49,18.8,gf,0.160,mm,OK,--,12:40:46 PM,7/3/2025,
50,21.4,gf,0.165,mm,OK,--,12:40:47 PM,7/3/2025,
51,23.9,gf,0.165,mm,OK,--,12:40:47 PM,7/3/2025,
52,26.4,gf,0.170,mm,OK,--,12:40:47 PM,7/3/2025,
53,29.1,gf,0.175,mm,OK,--,12:40:47 PM,7/3/2025,
54,29.2,gf,0.180,mm,OK,--,12:40:47 PM,7/3/2025,
55,29.2,gf,0.185,mm,OK,--,12:40:47 PM,7/3/2025,
56,29.2,gf,0.190,mm,OK,--,12:40:47 PM,7/3/2025,
57,29.2,gf,0.200,mm,OK,--,12:40:47 PM,7/3/2025,
58,29.1,gf,0.205,mm,OK,--,12:40:47 PM,7/3/2025,
59,29.2,gf,0.210,mm,OK,--,12:40:47 PM,7/3/2025,
60,29.2,gf,0.215,mm,OK,--,12:40:48 PM,7/3/2025,
61,29.2,gf,0.220,mm,OK,--,12:40:48 PM,7/3/2025,
62,29.2,gf,0.225,mm,OK,--,12:40:48 PM,7/3/2025,
63,29.2,gf,0.230,mm,OK,--,12:40:48 PM,7/3/2025,
64,29.2,gf,0.235,mm,OK,--,12:40:48 PM,7/3/2025,
65,29.2,gf,0.240,mm,OK,--,12:40:48 PM,7/3/2025,
66,29.2,gf,0.240,mm,OK,--,12:40:48 PM,7/3/2025,
67,29.2,gf,0.245,mm,OK,--,12:40:48 PM,7/3/2025,
68,29.3,gf,0.255,mm,OK,--,12:40:48 PM,7/3/2025,
69,29.3,gf,0.260,mm,OK,--,12:40:48 PM,7/3/2025,
70,29.3,gf,0.265,mm,OK,--,12:40:49 PM,7/3/2025,
71,29.3,gf,0.270,mm,OK,--,12:40:49 PM,7/3/2025,
72,29.3,gf,0.275,mm,OK,--,12:40:49 PM,7/3/2025,
73,29.4,gf,0.280,mm,OK,--,12:40:49 PM,7/3/2025,
74,29.4,gf,0.285,mm,OK,--,12:40:49 PM,7/3/2025,
75,29.4,gf,0.285,mm,OK,--,12:40:49 PM,7/3/2025,
76,29.4,gf,0.290,mm,OK,--,12:40:49 PM,7/3/2025,
77,29.4,gf,0.295,mm,OK,--,12:40:49 PM,7/3/2025,
78,29.4,gf,0.300,mm,OK,--,12:40:49 PM,7/3/2025,
79,29.4,gf,0.300,mm,OK,--,12:40:49 PM,7/3/2025,
80,29.5,gf,0.305,mm,OK,--,12:40:50 PM,7/3/2025,
81,29.5,gf,0.310,mm,OK,--,12:40:50 PM,7/3/2025,
82,29.5,gf,0.315,mm,OK,--,12:40:50 PM,7/3/2025,
83,29.5,gf,0.320,mm,OK,--,12:40:50 PM,7/3/2025,
84,29.5,gf,0.320,mm,OK,--,12:40:50 PM,7/3/2025,
85,29.5,gf,0.325,mm,OK,--,12:40:50 PM,7/3/2025,
86,29.6,gf,0.330,mm,OK,--,12:40:50 PM,7/3/2025,
87,29.6,gf,0.335,mm,OK,--,12:40:50 PM,7/3/2025,
88,29.6,gf,0.340,mm,OK,--,12:40:50 PM,7/3/2025,
89,29.6,gf,0.345,mm,OK,--,12:40:50 PM,7/3/2025,
90,29.6,gf,0.350,mm,OK,--,12:40:51 PM,7/3/2025,
91,29.7,gf,0.355,mm,OK,--,12:40:51 PM,7/3/2025,
92,29.7,gf,0.360,mm,OK,--,12:40:51 PM,7/3/2025,
93,29.7,gf,0.365,mm,OK,--,12:40:51 PM,7/3/2025,
94,29.7,gf,0.370,mm,OK,--,12:40:51 PM,7/3/2025,
95,29.7,gf,0.370,mm,OK,--,12:40:51 PM,7/3/2025,
96,29.7,gf,0.375,mm,OK,--,12:40:51 PM,7/3/2025,
97,29.7,gf,0.380,mm,OK,--,12:40:51 PM,7/3/2025,
98,29.7,gf,0.380,mm,OK,--,12:40:51 PM,7/3/2025,
99,29.7,gf,0.385,mm,OK,--,12:40:51 PM,7/3/2025,
100,29.8,gf,0.390,mm,OK,--,12:40:52 PM,7/3/2025,
101,29.8,gf,0.395,mm,OK,--,12:40:52 PM,7/3/2025,
102,29.8,gf,0.400,mm,OK,--,12:40:52 PM,7/3/2025,
103,29.8,gf,0.400,mm,OK,--,12:40:52 PM,7/3/2025,
104,29.8,gf,0.405,mm,OK,--,12:40:52 PM,7/3/2025,
105,29.8,gf,0.410,mm,OK,--,12:40:52 PM,7/3/2025,
106,29.8,gf,0.410,mm,OK,--,12:40:52 PM,7/3/2025,
107,29.9,gf,0.415,mm,OK,--,12:40:52 PM,7/3/2025,
108,29.9,gf,0.420,mm,OK,--,12:40:52 PM,7/3/2025,
109,29.9,gf,0.425,mm,OK,--,12:40:52 PM,7/3/2025,
110,29.9,gf,0.430,mm,OK,--,12:40:53 PM,7/3/2025,
111,29.9,gf,0.435,mm,OK,--,12:40:53 PM,7/3/2025,
112,29.9,gf,0.440,mm,OK,--,12:40:53 PM,7/3/2025,
113,30.0,gf,0.445,mm,OK,--,12:40:53 PM,7/3/2025,
114,30.0,gf,0.450,mm,OK,--,12:40:53 PM,7/3/2025,
115,30.0,gf,0.460,mm,OK,--,12:40:53 PM,7/3/2025,
116,30.0,gf,0.465,mm,OK,--,12:40:53 PM,7/3/2025,
117,30.1,gf,0.470,mm,OK,--,12:40:53 PM,7/3/2025,
118,30.1,gf,0.475,mm,OK,--,12:40:53 PM,7/3/2025,
119,30.1,gf,0.480,mm,OK,--,12:40:53 PM,7/3/2025,
120,30.1,gf,0.485,mm,OK,--,12:40:54 PM,7/3/2025,
121,30.2,gf,0.495,mm,OK,--,12:40:54 PM,7/3/2025,
122,30.2,gf,0.495,mm,OK,--,12:40:54 PM,7/3/2025,
123,30.2,gf,0.500,mm,OK,--,12:40:54 PM,7/3/2025,
124,30.2,gf,0.510,mm,OK,--,12:40:54 PM,7/3/2025,
125,30.2,gf,0.515,mm,OK,--,12:40:54 PM,7/3/2025,
126,30.3,gf,0.520,mm,OK,--,12:40:54 PM,7/3/2025,
127,30.3,gf,0.525,mm,OK,--,12:40:54 PM,7/3/2025,
128,30.3,gf,0.530,mm,OK,--,12:40:54 PM,7/3/2025,
129,30.3,gf,0.530,mm,OK,--,12:40:54 PM,7/3/2025,
130,30.3,gf,0.535,mm,OK,--,12:40:55 PM,7/3/2025,
131,30.3,gf,0.540,mm,OK,--,12:40:55 PM,7/3/2025,
132,30.4,gf,0.545,mm,OK,--,12:40:55 PM,7/3/2025,
133,30.4,gf,0.550,mm,OK,--,12:40:55 PM,7/3/2025,
134,30.4,gf,0.550,mm,OK,--,12:40:55 PM,7/3/2025,
135,30.4,gf,0.555,mm,OK,--,12:40:55 PM,7/3/2025,
136,30.4,gf,0.560,mm,OK,--,12:40:55 PM,7/3/2025,
137,30.5,gf,0.565,mm,OK,--,12:40:55 PM,7/3/2025,
138,30.4,gf,0.570,mm,OK,--,12:40:55 PM,7/3/2025,
139,30.5,gf,0.575,mm,OK,--,12:40:55 PM,7/3/2025,
140,30.5,gf,0.580,mm,OK,--,12:40:56 PM,7/3/2025,
141,30.5,gf,0.580,mm,OK,--,12:40:56 PM,7/3/2025,
142,30.5,gf,0.585,mm,OK,--,12:40:56 PM,7/3/2025,
143,30.5,gf,0.590,mm,OK,--,12:40:56 PM,7/3/2025,
144,30.5,gf,0.595,mm,OK,--,12:40:56 PM,7/3/2025,
145,30.5,gf,0.600,mm,OK,--,12:40:56 PM,7/3/2025,
146,30.6,gf,0.605,mm,OK,--,12:40:56 PM,7/3/2025,
147,30.6,gf,0.605,mm,OK,--,12:40:56 PM,7/3/2025,
148,30.6,gf,0.610,mm,OK,--,12:40:56 PM,7/3/2025,
149,30.6,gf,0.615,mm,OK,--,12:40:56 PM,7/3/2025,
150,30.6,gf,0.625,mm,OK,--,12:40:57 PM,7/3/2025,
151,30.7,gf,0.630,mm,OK,--,12:40:57 PM,7/3/2025,
152,30.7,gf,0.635,mm,OK,--,12:40:57 PM,7/3/2025,
153,30.7,gf,0.640,mm,OK,--,12:40:57 PM,7/3/2025,
154,30.7,gf,0.645,mm,OK,--,12:40:57 PM,7/3/2025,
155,30.7,gf,0.650,mm,OK,--,12:40:57 PM,7/3/2025,
156,30.8,gf,0.655,mm,OK,--,12:40:57 PM,7/3/2025,
157,30.8,gf,0.660,mm,OK,--,12:40:57 PM,7/3/2025,
158,30.9,gf,0.670,mm,OK,--,12:40:57 PM,7/3/2025,
159,30.9,gf,0.680,mm,OK,--,12:40:57 PM,7/3/2025,
160,31.0,gf,0.690,mm,OK,--,12:40:58 PM,7/3/2025,
161,31.0,gf,0.695,mm,OK,--,12:40:58 PM,7/3/2025,
162,31.0,gf,0.705,mm,OK,--,12:40:58 PM,7/3/2025,
163,31.0,gf,0.715,mm,OK,--,12:40:58 PM,7/3/2025,
164,31.1,gf,0.720,mm,OK,--,12:40:58 PM,7/3/2025,
165,31.0,gf,0.725,mm,OK,--,12:40:58 PM,7/3/2025,
166,31.1,gf,0.730,mm,OK,--,12:40:58 PM,7/3/2025,
167,31.1,gf,0.730,mm,OK,--,12:40:58 PM,7/3/2025,
168,31.1,gf,0.735,mm,OK,--,12:40:58 PM,7/3/2025,
169,31.1,gf,0.740,mm,OK,--,12:40:58 PM,7/3/2025,
170,31.1,gf,0.745,mm,OK,--,12:40:59 PM,7/3/2025,
171,31.1,gf,0.745,mm,OK,--,12:40:59 PM,7/3/2025,
172,31.1,gf,0.750,mm,OK,--,12:40:59 PM,7/3/2025,
173,31.2,gf,0.755,mm,OK,--,12:40:59 PM,7/3/2025,
174,31.2,gf,0.760,mm,OK,--,12:40:59 PM,7/3/2025,
175,31.2,gf,0.760,mm,OK,--,12:40:59 PM,7/3/2025,
176,31.2,gf,0.765,mm,OK,--,12:40:59 PM,7/3/2025,
177,31.2,gf,0.770,mm,OK,--,12:40:59 PM,7/3/2025,
178,31.2,gf,0.775,mm,OK,--,12:40:59 PM,7/3/2025,
179,31.3,gf,0.780,mm,OK,--,12:40:59 PM,7/3/2025,
180,31.3,gf,0.785,mm,OK,--,12:41:00 PM,7/3/2025,
181,31.3,gf,0.790,mm,OK,--,12:41:00 PM,7/3/2025,
182,31.3,gf,0.795,mm,OK,--,12:41:00 PM,7/3/2025,
183,31.3,gf,0.795,mm,OK,--,12:41:00 PM,7/3/2025,
184,31.3,gf,0.805,mm,OK,--,12:41:00 PM,7/3/2025,
185,31.4,gf,0.810,mm,OK,--,12:41:00 PM,7/3/2025,
186,31.4,gf,0.815,mm,OK,--,12:41:00 PM,7/3/2025,
187,31.4,gf,0.820,mm,OK,--,12:41:00 PM,7/3/2025,
188,31.4,gf,0.825,mm,OK,--,12:41:00 PM,7/3/2025,
189,31.4,gf,0.830,mm,OK,--,12:41:00 PM,7/3/2025,
190,31.5,gf,0.835,mm,OK,--,12:41:01 PM,7/3/2025,
191,31.5,gf,0.845,mm,OK,--,12:41:01 PM,7/3/2025,
192,31.6,gf,0.850,mm,OK,--,12:41:01 PM,7/3/2025,
193,31.6,gf,0.860,mm,OK,--,12:41:01 PM,7/3/2025,
194,31.6,gf,0.860,mm,OK,--,12:41:01 PM,7/3/2025,
195,31.6,gf,0.865,mm,OK,--,12:41:01 PM,7/3/2025,
196,31.6,gf,0.870,mm,OK,--,12:41:01 PM,7/3/2025,
197,31.7,gf,0.875,mm,OK,--,12:41:01 PM,7/3/2025,
198,31.7,gf,0.880,mm,OK,--,12:41:01 PM,7/3/2025,
199,31.7,gf,0.885,mm,OK,--,12:41:01 PM,7/3/2025,
200,31.7,gf,0.885,mm,OK,--,12:41:02 PM,7/3/2025,
201,31.7,gf,0.890,mm,OK,--,12:41:02 PM,7/3/2025,
202,31.7,gf,0.895,mm,OK,--,12:41:02 PM,7/3/2025,
203,31.7,gf,0.895,mm,OK,--,12:41:02 PM,7/3/2025,
204,31.8,gf,0.900,mm,OK,--,12:41:02 PM,7/3/2025,
205,31.8,gf,0.905,mm,OK,--,12:41:02 PM,7/3/2025,
206,31.8,gf,0.905,mm,OK,--,12:41:02 PM,7/3/2025,
207,31.8,gf,0.910,mm,OK,--,12:41:02 PM,7/3/2025,
208,31.8,gf,0.915,mm,OK,--,12:41:02 PM,7/3/2025,
209,31.8,gf,0.915,mm,OK,--,12:41:02 PM,7/3/2025,
210,31.8,gf,0.920,mm,OK,--,12:41:03 PM,7/3/2025,
211,31.9,gf,0.925,mm,OK,--,12:41:03 PM,7/3/2025,
212,31.9,gf,0.925,mm,OK,--,12:41:03 PM,7/3/2025,
213,31.9,gf,0.930,mm,OK,--,12:41:03 PM,7/3/2025,
214,31.9,gf,0.935,mm,OK,--,12:41:03 PM,7/3/2025,
215,31.9,gf,0.940,mm,OK,--,12:41:03 PM,7/3/2025,
216,31.9,gf,0.945,mm,OK,--,12:41:03 PM,7/3/2025,
217,32.0,gf,0.945,mm,OK,--,12:41:03 PM,7/3/2025,
218,32.0,gf,0.950,mm,OK,--,12:41:03 PM,7/3/2025,
219,32.0,gf,0.955,mm,OK,--,12:41:03 PM,7/3/2025,
220,32.0,gf,0.955,mm,OK,--,12:41:04 PM,7/3/2025,
221,32.0,gf,0.960,mm,OK,--,12:41:04 PM,7/3/2025,
222,32.0,gf,0.970,mm,OK,--,12:41:04 PM,7/3/2025,
223,32.1,gf,0.975,mm,OK,--,12:41:04 PM,7/3/2025,
224,32.1,gf,0.985,mm,OK,--,12:41:04 PM,7/3/2025,
225,32.1,gf,0.995,mm,OK,--,12:41:04 PM,7/3/2025,
226,32.1,gf,0.995,mm,OK,--,12:41:04 PM,7/3/2025,
227,32.1,gf,1.000,mm,OK,--,12:41:04 PM,7/3/2025,
228,32.1,gf,1.005,mm,OK,--,12:41:04 PM,7/3/2025,
229,32.2,gf,1.010,mm,OK,--,12:41:04 PM,7/3/2025,
230,32.2,gf,1.015,mm,OK,--,12:41:05 PM,7/3/2025,
231,32.2,gf,1.020,mm,OK,--,12:41:05 PM,7/3/2025,
232,32.2,gf,1.020,mm,OK,--,12:41:05 PM,7/3/2025,
233,32.2,gf,1.025,mm,OK,--,12:41:05 PM,7/3/2025,
234,32.3,gf,1.030,mm,OK,--,12:41:05 PM,7/3/2025,
235,32.3,gf,1.035,mm,OK,--,12:41:05 PM,7/3/2025,
236,32.3,gf,1.040,mm,OK,--,12:41:05 PM,7/3/2025,
237,32.3,gf,1.045,mm,OK,--,12:41:05 PM,7/3/2025,
238,32.3,gf,1.050,mm,OK,--,12:41:05 PM,7/3/2025,
239,32.3,gf,1.055,mm,OK,--,12:41:05 PM,7/3/2025,
240,32.3,gf,1.055,mm,OK,--,12:41:06 PM,7/3/2025,
241,32.4,gf,1.060,mm,OK,--,12:41:06 PM,7/3/2025,
242,32.4,gf,1.065,mm,OK,--,12:41:06 PM,7/3/2025,
243,32.4,gf,1.065,mm,OK,--,12:41:06 PM,7/3/2025,
244,32.4,gf,1.070,mm,OK,--,12:41:06 PM,7/3/2025,
245,32.4,gf,1.070,mm,OK,--,12:41:06 PM,7/3/2025,
246,32.4,gf,1.075,mm,OK,--,12:41:06 PM,7/3/2025,
247,32.4,gf,1.075,mm,OK,--,12:41:06 PM,7/3/2025,
248,32.4,gf,1.075,mm,OK,--,12:41:06 PM,7/3/2025,
249,32.4,gf,1.080,mm,OK,--,12:41:06 PM,7/3/2025,
250,32.4,gf,1.080,mm,OK,--,12:41:07 PM,7/3/2025,
251,32.5,gf,1.085,mm,OK,--,12:41:07 PM,7/3/2025,
252,32.5,gf,1.090,mm,OK,--,12:41:07 PM,7/3/2025,
253,32.5,gf,1.095,mm,OK,--,12:41:07 PM,7/3/2025,
254,32.6,gf,1.095,mm,OK,--,12:41:07 PM,7/3/2025,
255,32.5,gf,1.100,mm,OK,--,12:41:07 PM,7/3/2025,
256,32.6,gf,1.105,mm,OK,--,12:41:07 PM,7/3/2025,
257,32.6,gf,1.110,mm,OK,--,12:41:07 PM,7/3/2025,
258,32.6,gf,1.115,mm,OK,--,12:41:07 PM,7/3/2025,
259,32.6,gf,1.120,mm,OK,--,12:41:07 PM,7/3/2025,
260,32.7,gf,1.130,mm,OK,--,12:41:08 PM,7/3/2025,
261,32.7,gf,1.135,mm,OK,--,12:41:08 PM,7/3/2025,
262,32.7,gf,1.140,mm,OK,--,12:41:08 PM,7/3/2025,
263,32.7,gf,1.145,mm,OK,--,12:41:08 PM,7/3/2025,
264,32.7,gf,1.150,mm,OK,--,12:41:08 PM,7/3/2025,
265,32.7,gf,1.155,mm,OK,--,12:41:08 PM,7/3/2025,
266,32.7,gf,1.160,mm,OK,--,12:41:08 PM,7/3/2025,
267,32.7,gf,1.165,mm,OK,--,12:41:08 PM,7/3/2025,
268,32.8,gf,1.165,mm,OK,--,12:41:08 PM,7/3/2025,
269,32.8,gf,1.170,mm,OK,--,12:41:08 PM,7/3/2025,
270,32.8,gf,1.170,mm,OK,--,12:41:09 PM,7/3/2025,
271,32.8,gf,1.170,mm,OK,--,12:41:09 PM,7/3/2025,
272,32.8,gf,1.175,mm,OK,--,12:41:09 PM,7/3/2025,
273,32.8,gf,1.175,mm,OK,--,12:41:09 PM,7/3/2025,
274,32.8,gf,1.180,mm,OK,--,12:41:09 PM,7/3/2025,
275,32.8,gf,1.180,mm,OK,--,12:41:09 PM,7/3/2025,
276,32.8,gf,1.185,mm,OK,--,12:41:09 PM,7/3/2025,
277,32.8,gf,1.190,mm,OK,--,12:41:09 PM,7/3/2025,
278,32.8,gf,1.190,mm,OK,--,12:41:09 PM,7/3/2025,
279,32.9,gf,1.195,mm,OK,--,12:41:09 PM,7/3/2025,
280,32.8,gf,1.200,mm,OK,--,12:41:10 PM,7/3/2025,
281,32.9,gf,1.205,mm,OK,--,12:41:10 PM,7/3/2025,
282,32.9,gf,1.205,mm,OK,--,12:41:10 PM,7/3/2025,
283,32.9,gf,1.210,mm,OK,--,12:41:10 PM,7/3/2025,
284,32.9,gf,1.215,mm,OK,--,12:41:10 PM,7/3/2025,
285,32.9,gf,1.215,mm,OK,--,12:41:10 PM,7/3/2025,
286,33.0,gf,1.220,mm,OK,--,12:41:10 PM,7/3/2025,
287,33.0,gf,1.220,mm,OK,--,12:41:10 PM,7/3/2025,
288,33.0,gf,1.220,mm,OK,--,12:41:10 PM,7/3/2025,
289,33.0,gf,1.225,mm,OK,--,12:41:10 PM,7/3/2025,
290,33.0,gf,1.225,mm,OK,--,12:41:11 PM,7/3/2025,
291,33.0,gf,1.230,mm,OK,--,12:41:11 PM,7/3/2025,
292,33.0,gf,1.235,mm,OK,--,12:41:11 PM,7/3/2025,
293,33.0,gf,1.235,mm,OK,--,12:41:11 PM,7/3/2025,
294,33.0,gf,1.240,mm,OK,--,12:41:11 PM,7/3/2025,
295,33.0,gf,1.245,mm,OK,--,12:41:11 PM,7/3/2025,
296,33.0,gf,1.245,mm,OK,--,12:41:11 PM,7/3/2025,
297,33.1,gf,1.250,mm,OK,--,12:41:11 PM,7/3/2025,
298,33.1,gf,1.250,mm,OK,--,12:41:11 PM,7/3/2025,
299,33.1,gf,1.255,mm,OK,--,12:41:11 PM,7/3/2025,
300,33.1,gf,1.255,mm,OK,--,12:41:12 PM,7/3/2025,
301,33.1,gf,1.260,mm,OK,--,12:41:12 PM,7/3/2025,
302,33.1,gf,1.260,mm,OK,--,12:41:12 PM,7/3/2025,
303,33.1,gf,1.265,mm,OK,--,12:41:12 PM,7/3/2025,
304,33.1,gf,1.265,mm,OK,--,12:41:12 PM,7/3/2025,
305,33.1,gf,1.270,mm,OK,--,12:41:12 PM,7/3/2025,
306,33.1,gf,1.270,mm,OK,--,12:41:12 PM,7/3/2025,
307,33.2,gf,1.270,mm,OK,--,12:41:12 PM,7/3/2025,
308,33.2,gf,1.275,mm,OK,--,12:41:12 PM,7/3/2025,
309,33.2,gf,1.275,mm,OK,--,12:41:12 PM,7/3/2025,
310,33.2,gf,1.275,mm,OK,--,12:41:13 PM,7/3/2025,
311,33.2,gf,1.275,mm,OK,--,12:41:13 PM,7/3/2025,
312,33.2,gf,1.275,mm,OK,--,12:41:13 PM,7/3/2025,
313,33.2,gf,1.280,mm,OK,--,12:41:13 PM,7/3/2025,
314,33.2,gf,1.280,mm,OK,--,12:41:13 PM,7/3/2025,
315,33.2,gf,1.285,mm,OK,--,12:41:13 PM,7/3/2025,
316,33.2,gf,1.285,mm,OK,--,12:41:13 PM,7/3/2025,
317,33.2,gf,1.290,mm,OK,--,12:41:13 PM,7/3/2025,
318,33.2,gf,1.290,mm,OK,--,12:41:13 PM,7/3/2025,
319,33.2,gf,1.290,mm,OK,--,12:41:13 PM,7/3/2025,
320,33.2,gf,1.295,mm,OK,--,12:41:14 PM,7/3/2025,
321,33.2,gf,1.295,mm,OK,--,12:41:14 PM,7/3/2025,
322,33.2,gf,1.295,mm,OK,--,12:41:14 PM,7/3/2025,
323,33.2,gf,1.295,mm,OK,--,12:41:14 PM,7/3/2025,
324,33.2,gf,1.300,mm,OK,--,12:41:14 PM,7/3/2025,
325,33.3,gf,1.300,mm,OK,--,12:41:14 PM,7/3/2025,
326,33.3,gf,1.300,mm,OK,--,12:41:14 PM,7/3/2025,
327,33.3,gf,1.300,mm,OK,--,12:41:14 PM,7/3/2025,
328,33.3,gf,1.305,mm,OK,--,12:41:14 PM,7/3/2025,
329,33.3,gf,1.305,mm,OK,--,12:41:14 PM,7/3/2025,
330,33.3,gf,1.305,mm,OK,--,12:41:15 PM,7/3/2025,
331,33.3,gf,1.305,mm,OK,--,12:41:15 PM,7/3/2025,
332,33.3,gf,1.310,mm,OK,--,12:41:15 PM,7/3/2025,
333,33.3,gf,1.310,mm,OK,--,12:41:15 PM,7/3/2025,
334,33.3,gf,1.310,mm,OK,--,12:41:15 PM,7/3/2025,
335,33.3,gf,1.315,mm,OK,--,12:41:15 PM,7/3/2025,
336,33.3,gf,1.315,mm,OK,--,12:41:15 PM,7/3/2025,
337,33.3,gf,1.315,mm,OK,--,12:41:15 PM,7/3/2025,
338,33.3,gf,1.315,mm,OK,--,12:41:15 PM,7/3/2025,
339,33.3,gf,1.320,mm,OK,--,12:41:15 PM,7/3/2025,
340,33.3,gf,1.320,mm,OK,--,12:41:16 PM,7/3/2025,
341,33.3,gf,1.320,mm,OK,--,12:41:16 PM,7/3/2025,
342,33.3,gf,1.325,mm,OK,--,12:41:16 PM,7/3/2025,
343,33.3,gf,1.325,mm,OK,--,12:41:16 PM,7/3/2025,
344,33.4,gf,1.325,mm,OK,--,12:41:16 PM,7/3/2025,
345,33.4,gf,1.330,mm,OK,--,12:41:16 PM,7/3/2025,
346,33.4,gf,1.330,mm,OK,--,12:41:16 PM,7/3/2025,
347,33.4,gf,1.335,mm,OK,--,12:41:16 PM,7/3/2025,
348,33.4,gf,1.335,mm,OK,--,12:41:16 PM,7/3/2025,
349,33.4,gf,1.340,mm,OK,--,12:41:16 PM,7/3/2025,
350,33.4,gf,1.345,mm,OK,--,12:41:17 PM,7/3/2025,
351,33.4,gf,1.350,mm,OK,--,12:41:17 PM,7/3/2025,
352,33.4,gf,1.355,mm,OK,--,12:41:17 PM,7/3/2025,
353,33.5,gf,1.360,mm,OK,--,12:41:17 PM,7/3/2025,
354,33.5,gf,1.365,mm,OK,--,12:41:17 PM,7/3/2025,
355,33.5,gf,1.365,mm,OK,--,12:41:17 PM,7/3/2025,
356,33.5,gf,1.370,mm,OK,--,12:41:17 PM,7/3/2025,
357,33.5,gf,1.375,mm,OK,--,12:41:17 PM,7/3/2025,
358,33.5,gf,1.375,mm,OK,--,12:41:17 PM,7/3/2025,
359,33.5,gf,1.380,mm,OK,--,12:41:17 PM,7/3/2025,
360,33.6,gf,1.385,mm,OK,--,12:41:18 PM,7/3/2025,
361,33.6,gf,1.385,mm,OK,--,12:41:18 PM,7/3/2025,
362,33.6,gf,1.390,mm,OK,--,12:41:18 PM,7/3/2025,
363,33.6,gf,1.395,mm,OK,--,12:41:18 PM,7/3/2025,
364,33.6,gf,1.395,mm,OK,--,12:41:18 PM,7/3/2025,
365,33.6,gf,1.400,mm,OK,--,12:41:18 PM,7/3/2025,
366,33.6,gf,1.405,mm,OK,--,12:41:18 PM,7/3/2025,
367,33.7,gf,1.405,mm,OK,--,12:41:18 PM,7/3/2025,
368,33.7,gf,1.410,mm,OK,--,12:41:18 PM,7/3/2025,
369,33.7,gf,1.410,mm,OK,--,12:41:18 PM,7/3/2025,
370,33.7,gf,1.415,mm,OK,--,12:41:19 PM,7/3/2025,
371,33.7,gf,1.420,mm,OK,--,12:41:19 PM,7/3/2025,
372,33.7,gf,1.420,mm,OK,--,12:41:19 PM,7/3/2025,
373,33.7,gf,1.425,mm,OK,--,12:41:19 PM,7/3/2025,
374,33.7,gf,1.425,mm,OK,--,12:41:19 PM,7/3/2025,
375,33.7,gf,1.430,mm,OK,--,12:41:19 PM,7/3/2025,
376,33.8,gf,1.435,mm,OK,--,12:41:19 PM,7/3/2025,
377,33.8,gf,1.440,mm,OK,--,12:41:19 PM,7/3/2025,
378,33.8,gf,1.445,mm,OK,--,12:41:19 PM,7/3/2025,
379,33.8,gf,1.445,mm,OK,--,12:41:19 PM,7/3/2025,
380,33.8,gf,1.450,mm,OK,--,12:41:20 PM,7/3/2025,
381,33.9,gf,1.460,mm,OK,--,12:41:20 PM,7/3/2025,
382,33.9,gf,1.465,mm,OK,--,12:41:20 PM,7/3/2025,
383,33.9,gf,1.470,mm,OK,--,12:41:20 PM,7/3/2025,
384,33.9,gf,1.480,mm,OK,--,12:41:20 PM,7/3/2025,
385,34.0,gf,1.485,mm,OK,--,12:41:20 PM,7/3/2025,
386,34.0,gf,1.495,mm,OK,--,12:41:20 PM,7/3/2025,
387,34.0,gf,1.500,mm,OK,--,12:41:20 PM,7/3/2025,
388,34.0,gf,1.500,mm,OK,--,12:41:20 PM,7/3/2025,
389,34.0,gf,1.505,mm,OK,--,12:41:20 PM,7/3/2025,
390,34.0,gf,1.510,mm,OK,--,12:41:21 PM,7/3/2025,
391,34.1,gf,1.515,mm,OK,--,12:41:21 PM,7/3/2025,
392,34.1,gf,1.520,mm,OK,--,12:41:21 PM,7/3/2025,
393,34.1,gf,1.525,mm,OK,--,12:41:21 PM,7/3/2025,
394,34.1,gf,1.535,mm,OK,--,12:41:21 PM,7/3/2025,
395,34.1,gf,1.535,mm,OK,--,12:41:21 PM,7/3/2025,
396,34.1,gf,1.540,mm,OK,--,12:41:21 PM,7/3/2025,
397,34.2,gf,1.545,mm,OK,--,12:41:21 PM,7/3/2025,
398,34.2,gf,1.550,mm,OK,--,12:41:21 PM,7/3/2025,
399,34.2,gf,1.555,mm,OK,--,12:41:21 PM,7/3/2025,
400,34.2,gf,1.560,mm,OK,--,12:41:22 PM,7/3/2025,
401,34.2,gf,1.565,mm,OK,--,12:41:22 PM,7/3/2025,
402,34.3,gf,1.570,mm,OK,--,12:41:22 PM,7/3/2025,
403,34.3,gf,1.575,mm,OK,--,12:41:22 PM,7/3/2025,
404,34.3,gf,1.585,mm,OK,--,12:41:22 PM,7/3/2025,
405,34.3,gf,1.590,mm,OK,--,12:41:22 PM,7/3/2025,
406,34.3,gf,1.590,mm,OK,--,12:41:22 PM,7/3/2025,
407,34.3,gf,1.595,mm,OK,--,12:41:22 PM,7/3/2025,
408,34.4,gf,1.600,mm,OK,--,12:41:22 PM,7/3/2025,
409,34.4,gf,1.605,mm,OK,--,12:41:22 PM,7/3/2025,
410,34.4,gf,1.605,mm,OK,--,12:41:23 PM,7/3/2025,
411,34.4,gf,1.610,mm,OK,--,12:41:23 PM,7/3/2025,
412,34.4,gf,1.615,mm,OK,--,12:41:23 PM,7/3/2025,
413,34.4,gf,1.620,mm,OK,--,12:41:23 PM,7/3/2025,
414,34.5,gf,1.625,mm,OK,--,12:41:23 PM,7/3/2025,
415,34.5,gf,1.625,mm,OK,--,12:41:23 PM,7/3/2025,
416,34.5,gf,1.630,mm,OK,--,12:41:23 PM,7/3/2025,
417,34.5,gf,1.635,mm,OK,--,12:41:23 PM,7/3/2025,
418,34.5,gf,1.640,mm,OK,--,12:41:23 PM,7/3/2025,
419,34.6,gf,1.645,mm,OK,--,12:41:23 PM,7/3/2025,
420,34.6,gf,1.650,mm,OK,--,12:41:24 PM,7/3/2025,
421,34.6,gf,1.650,mm,OK,--,12:41:24 PM,7/3/2025,
422,34.6,gf,1.655,mm,OK,--,12:41:24 PM,7/3/2025,
423,34.6,gf,1.655,mm,OK,--,12:41:24 PM,7/3/2025,
424,34.6,gf,1.655,mm,OK,--,12:41:24 PM,7/3/2025,
425,34.6,gf,1.660,mm,OK,--,12:41:24 PM,7/3/2025,
426,34.6,gf,1.665,mm,OK,--,12:41:24 PM,7/3/2025,
427,34.6,gf,1.665,mm,OK,--,12:41:24 PM,7/3/2025,
428,34.7,gf,1.670,mm,OK,--,12:41:24 PM,7/3/2025,
429,34.7,gf,1.680,mm,OK,--,12:41:24 PM,7/3/2025,
430,34.7,gf,1.680,mm,OK,--,12:41:25 PM,7/3/2025,
431,34.7,gf,1.685,mm,OK,--,12:41:25 PM,7/3/2025,
432,34.7,gf,1.690,mm,OK,--,12:41:25 PM,7/3/2025,
433,34.6,gf,1.690,mm,OK,--,12:41:25 PM,7/3/2025,
434,34.7,gf,1.690,mm,OK,--,12:41:25 PM,7/3/2025,
435,34.7,gf,1.690,mm,OK,--,12:41:25 PM,7/3/2025,
436,34.7,gf,1.695,mm,OK,--,12:41:25 PM,7/3/2025,
437,34.7,gf,1.695,mm,OK,--,12:41:25 PM,7/3/2025,
438,34.7,gf,1.695,mm,OK,--,12:41:25 PM,7/3/2025,
439,34.7,gf,1.695,mm,OK,--,12:41:25 PM,7/3/2025,
440,34.8,gf,1.695,mm,OK,--,12:41:26 PM,7/3/2025,
441,34.8,gf,1.695,mm,OK,--,12:41:26 PM,7/3/2025,
442,34.8,gf,1.695,mm,OK,--,12:41:26 PM,7/3/2025,
443,34.8,gf,1.700,mm,OK,--,12:41:26 PM,7/3/2025,
444,34.8,gf,1.700,mm,OK,--,12:41:26 PM,7/3/2025,
445,34.8,gf,1.700,mm,OK,--,12:41:26 PM,7/3/2025,
446,34.8,gf,1.700,mm,OK,--,12:41:26 PM,7/3/2025,
447,34.8,gf,1.705,mm,OK,--,12:41:26 PM,7/3/2025,
448,34.8,gf,1.705,mm,OK,--,12:41:26 PM,7/3/2025,
449,34.8,gf,1.710,mm,OK,--,12:41:26 PM,7/3/2025,
450,34.8,gf,1.715,mm,OK,--,12:41:27 PM,7/3/2025,
451,34.8,gf,1.715,mm,OK,--,12:41:27 PM,7/3/2025,
452,34.8,gf,1.715,mm,OK,--,12:41:27 PM,7/3/2025,
453,34.8,gf,1.720,mm,OK,--,12:41:27 PM,7/3/2025,
454,34.9,gf,1.720,mm,OK,--,12:41:27 PM,7/3/2025,
455,34.9,gf,1.725,mm,OK,--,12:41:27 PM,7/3/2025,
456,34.9,gf,1.725,mm,OK,--,12:41:27 PM,7/3/2025,
457,34.9,gf,1.730,mm,OK,--,12:41:27 PM,7/3/2025,
458,34.9,gf,1.730,mm,OK,--,12:41:27 PM,7/3/2025,
459,34.9,gf,1.730,mm,OK,--,12:41:27 PM,7/3/2025,
460,34.9,gf,1.730,mm,OK,--,12:41:28 PM,7/3/2025,
461,34.9,gf,1.735,mm,OK,--,12:41:28 PM,7/3/2025,
462,34.9,gf,1.735,mm,OK,--,12:41:28 PM,7/3/2025,
463,34.9,gf,1.735,mm,OK,--,12:41:28 PM,7/3/2025,
464,34.9,gf,1.740,mm,OK,--,12:41:28 PM,7/3/2025,
465,34.9,gf,1.740,mm,OK,--,12:41:28 PM,7/3/2025,
466,34.9,gf,1.740,mm,OK,--,12:41:28 PM,7/3/2025,
467,34.9,gf,1.745,mm,OK,--,12:41:28 PM,7/3/2025,
468,34.9,gf,1.745,mm,OK,--,12:41:28 PM,7/3/2025,
469,34.9,gf,1.745,mm,OK,--,12:41:28 PM,7/3/2025,
470,35.0,gf,1.750,mm,OK,--,12:41:29 PM,7/3/2025,
471,35.0,gf,1.750,mm,OK,--,12:41:29 PM,7/3/2025,
472,35.0,gf,1.755,mm,OK,--,12:41:29 PM,7/3/2025,
473,35.0,gf,1.755,mm,OK,--,12:41:29 PM,7/3/2025,
474,35.0,gf,1.755,mm,OK,--,12:41:29 PM,7/3/2025,
475,35.0,gf,1.755,mm,OK,--,12:41:29 PM,7/3/2025,
476,35.0,gf,1.755,mm,OK,--,12:41:29 PM,7/3/2025,
477,35.0,gf,1.760,mm,OK,--,12:41:29 PM,7/3/2025,
478,35.0,gf,1.760,mm,OK,--,12:41:29 PM,7/3/2025,
479,35.0,gf,1.760,mm,OK,--,12:41:29 PM,7/3/2025,
480,35.0,gf,1.765,mm,OK,--,12:41:30 PM,7/3/2025,
481,35.0,gf,1.765,mm,OK,--,12:41:30 PM,7/3/2025,
482,35.0,gf,1.765,mm,OK,--,12:41:30 PM,7/3/2025,
483,35.0,gf,1.770,mm,OK,--,12:41:30 PM,7/3/2025,
484,35.1,gf,1.770,mm,OK,--,12:41:30 PM,7/3/2025,
485,35.1,gf,1.775,mm,OK,--,12:41:30 PM,7/3/2025,
486,35.1,gf,1.775,mm,OK,--,12:41:30 PM,7/3/2025,
487,35.1,gf,1.775,mm,OK,--,12:41:30 PM,7/3/2025,
488,35.1,gf,1.780,mm,OK,--,12:41:30 PM,7/3/2025,
489,35.1,gf,1.780,mm,OK,--,12:41:30 PM,7/3/2025,
490,35.1,gf,1.780,mm,OK,--,12:41:31 PM,7/3/2025,
491,35.1,gf,1.785,mm,OK,--,12:41:31 PM,7/3/2025,
492,35.1,gf,1.785,mm,OK,--,12:41:31 PM,7/3/2025,
493,35.1,gf,1.790,mm,OK,--,12:41:31 PM,7/3/2025,
494,35.1,gf,1.790,mm,OK,--,12:41:31 PM,7/3/2025,
495,35.1,gf,1.795,mm,OK,--,12:41:31 PM,7/3/2025,
496,35.1,gf,1.795,mm,OK,--,12:41:31 PM,7/3/2025,
497,35.2,gf,1.800,mm,OK,--,12:41:31 PM,7/3/2025,
498,35.2,gf,1.805,mm,OK,--,12:41:31 PM,7/3/2025,
499,35.2,gf,1.805,mm,OK,--,12:41:31 PM,7/3/2025,
500,35.2,gf,1.810,mm,OK,--,12:41:32 PM,7/3/2025,
501,35.2,gf,1.815,mm,OK,--,12:41:32 PM,7/3/2025,
502,35.2,gf,1.815,mm,OK,--,12:41:32 PM,7/3/2025,
503,35.2,gf,1.820,mm,OK,--,12:41:32 PM,7/3/2025,
504,35.2,gf,1.820,mm,OK,--,12:41:32 PM,7/3/2025,
505,35.2,gf,1.825,mm,OK,--,12:41:32 PM,7/3/2025,
506,35.2,gf,1.825,mm,OK,--,12:41:32 PM,7/3/2025,
507,35.3,gf,1.830,mm,OK,--,12:41:32 PM,7/3/2025,
508,35.3,gf,1.835,mm,OK,--,12:41:32 PM,7/3/2025,
509,35.3,gf,1.840,mm,OK,--,12:41:32 PM,7/3/2025,
510,35.3,gf,1.840,mm,OK,--,12:41:33 PM,7/3/2025,
511,35.3,gf,1.845,mm,OK,--,12:41:33 PM,7/3/2025,
512,35.4,gf,1.850,mm,OK,--,12:41:33 PM,7/3/2025,
513,35.3,gf,1.855,mm,OK,--,12:41:33 PM,7/3/2025,
514,35.4,gf,1.860,mm,OK,--,12:41:33 PM,7/3/2025,
515,35.4,gf,1.860,mm,OK,--,12:41:33 PM,7/3/2025,
516,35.4,gf,1.865,mm,OK,--,12:41:33 PM,7/3/2025,
517,35.4,gf,1.870,mm,OK,--,12:41:33 PM,7/3/2025,
518,35.4,gf,1.875,mm,OK,--,12:41:33 PM,7/3/2025,
519,35.5,gf,1.880,mm,OK,--,12:41:33 PM,7/3/2025,
520,35.4,gf,1.885,mm,OK,--,12:41:34 PM,7/3/2025,
521,35.5,gf,1.890,mm,OK,--,12:41:34 PM,7/3/2025,
522,35.5,gf,1.890,mm,OK,--,12:41:34 PM,7/3/2025,
523,35.5,gf,1.895,mm,OK,--,12:41:34 PM,7/3/2025,
524,35.5,gf,1.895,mm,OK,--,12:41:34 PM,7/3/2025,
525,35.6,gf,1.900,mm,OK,--,12:41:34 PM,7/3/2025,
526,35.5,gf,1.905,mm,OK,--,12:41:34 PM,7/3/2025,
527,35.5,gf,1.905,mm,OK,--,12:41:34 PM,7/3/2025,
528,35.6,gf,1.910,mm,OK,--,12:41:34 PM,7/3/2025,
529,35.6,gf,1.915,mm,OK,--,12:41:34 PM,7/3/2025,
530,35.6,gf,1.915,mm,OK,--,12:41:35 PM,7/3/2025,
531,35.6,gf,1.920,mm,OK,--,12:41:35 PM,7/3/2025,
532,35.6,gf,1.920,mm,OK,--,12:41:35 PM,7/3/2025,
533,35.6,gf,1.925,mm,OK,--,12:41:35 PM,7/3/2025,
534,35.6,gf,1.930,mm,OK,--,12:41:35 PM,7/3/2025,
535,35.6,gf,1.935,mm,OK,--,12:41:35 PM,7/3/2025,
536,35.7,gf,1.940,mm,OK,--,12:41:35 PM,7/3/2025,
537,35.6,gf,1.940,mm,OK,--,12:41:35 PM,7/3/2025,
538,35.7,gf,1.945,mm,OK,--,12:41:35 PM,7/3/2025,
539,35.7,gf,1.945,mm,OK,--,12:41:35 PM,7/3/2025,
540,35.7,gf,1.950,mm,OK,--,12:41:36 PM,7/3/2025,
541,35.7,gf,1.950,mm,OK,--,12:41:36 PM,7/3/2025,
542,35.7,gf,1.955,mm,OK,--,12:41:36 PM,7/3/2025,
543,35.7,gf,1.960,mm,OK,--,12:41:36 PM,7/3/2025,
544,35.7,gf,1.960,mm,OK,--,12:41:36 PM,7/3/2025,
545,35.7,gf,1.965,mm,OK,--,12:41:36 PM,7/3/2025,
546,35.7,gf,1.965,mm,OK,--,12:41:36 PM,7/3/2025,
547,35.7,gf,1.970,mm,OK,--,12:41:36 PM,7/3/2025,
548,35.7,gf,1.970,mm,OK,--,12:41:36 PM,7/3/2025,
549,35.8,gf,1.975,mm,OK,--,12:41:36 PM,7/3/2025,
550,35.8,gf,1.975,mm,OK,--,12:41:37 PM,7/3/2025,
551,35.8,gf,1.980,mm,OK,--,12:41:37 PM,7/3/2025,
552,35.8,gf,1.980,mm,OK,--,12:41:37 PM,7/3/2025,
553,35.8,gf,1.980,mm,OK,--,12:41:37 PM,7/3/2025,
554,35.8,gf,1.985,mm,OK,--,12:41:37 PM,7/3/2025,
555,35.8,gf,1.985,mm,OK,--,12:41:37 PM,7/3/2025,
556,35.8,gf,1.990,mm,OK,--,12:41:37 PM,7/3/2025,
557,35.8,gf,1.990,mm,OK,--,12:41:37 PM,7/3/2025,
558,35.8,gf,1.990,mm,OK,--,12:41:37 PM,7/3/2025,
559,35.8,gf,1.995,mm,OK,--,12:41:37 PM,7/3/2025,
560,35.8,gf,1.995,mm,OK,--,12:41:38 PM,7/3/2025,
561,35.8,gf,2.000,mm,OK,--,12:41:38 PM,7/3/2025,
562,35.8,gf,2.000,mm,OK,--,12:41:38 PM,7/3/2025,
563,35.8,gf,2.000,mm,OK,--,12:41:38 PM,7/3/2025,
564,35.8,gf,2.000,mm,OK,--,12:41:38 PM,7/3/2025,
565,35.9,gf,2.000,mm,OK,--,12:41:38 PM,7/3/2025,
566,35.9,gf,2.005,mm,OK,--,12:41:38 PM,7/3/2025,
567,35.9,gf,2.005,mm,OK,--,12:41:38 PM,7/3/2025,
568,35.9,gf,2.005,mm,OK,--,12:41:38 PM,7/3/2025,
569,35.9,gf,2.005,mm,OK,--,12:41:38 PM,7/3/2025,
570,35.9,gf,2.010,mm,OK,--,12:41:39 PM,7/3/2025,
571,35.9,gf,2.010,mm,OK,--,12:41:39 PM,7/3/2025,
572,35.9,gf,2.010,mm,OK,--,12:41:39 PM,7/3/2025,
573,35.9,gf,2.015,mm,OK,--,12:41:39 PM,7/3/2025,
574,35.9,gf,2.020,mm,OK,--,12:41:39 PM,7/3/2025,
575,35.9,gf,2.020,mm,OK,--,12:41:39 PM,7/3/2025,
576,35.9,gf,2.025,mm,OK,--,12:41:39 PM,7/3/2025,
577,35.9,gf,2.025,mm,OK,--,12:41:39 PM,7/3/2025,
578,35.9,gf,2.030,mm,OK,--,12:41:39 PM,7/3/2025,
579,36.0,gf,2.035,mm,OK,--,12:41:39 PM,7/3/2025,
580,36.0,gf,2.040,mm,OK,--,12:41:40 PM,7/3/2025,
581,36.0,gf,2.050,mm,OK,--,12:41:40 PM,7/3/2025,
582,36.0,gf,2.055,mm,OK,--,12:41:40 PM,7/3/2025,
583,36.1,gf,2.065,mm,OK,--,12:41:40 PM,7/3/2025,
584,36.1,gf,2.065,mm,OK,--,12:41:40 PM,7/3/2025,
585,36.1,gf,2.070,mm,OK,--,12:41:40 PM,7/3/2025,
586,36.2,gf,2.080,mm,OK,--,12:41:40 PM,7/3/2025,
587,36.2,gf,2.095,mm,OK,--,12:41:40 PM,7/3/2025,
588,36.3,gf,2.110,mm,OK,--,12:41:40 PM,7/3/2025,
589,36.3,gf,2.120,mm,OK,--,12:41:40 PM,7/3/2025,
590,36.4,gf,2.130,mm,OK,--,12:41:41 PM,7/3/2025,
591,36.4,gf,2.140,mm,OK,--,12:41:41 PM,7/3/2025,
592,36.4,gf,2.145,mm,OK,--,12:41:41 PM,7/3/2025,
593,36.4,gf,2.150,mm,OK,--,12:41:41 PM,7/3/2025,
594,36.4,gf,2.155,mm,OK,--,12:41:41 PM,7/3/2025,
595,36.5,gf,2.160,mm,OK,--,12:41:41 PM,7/3/2025,
596,36.5,gf,2.165,mm,OK,--,12:41:41 PM,7/3/2025,
597,36.5,gf,2.170,mm,OK,--,12:41:41 PM,7/3/2025,
598,36.6,gf,2.170,mm,OK,--,12:41:41 PM,7/3/2025,
599,36.5,gf,2.175,mm,OK,--,12:41:41 PM,7/3/2025,
600,36.5,gf,2.180,mm,OK,--,12:41:42 PM,7/3/2025,
601,36.6,gf,2.185,mm,OK,--,12:41:42 PM,7/3/2025,
602,36.6,gf,2.185,mm,OK,--,12:41:42 PM,7/3/2025,
603,36.7,gf,2.195,mm,OK,--,12:41:42 PM,7/3/2025,
604,36.6,gf,2.200,mm,OK,--,12:41:42 PM,7/3/2025,
605,36.6,gf,2.205,mm,OK,--,12:41:42 PM,7/3/2025,
606,36.7,gf,2.210,mm,OK,--,12:41:42 PM,7/3/2025,
607,36.7,gf,2.210,mm,OK,--,12:41:42 PM,7/3/2025,
608,36.7,gf,2.210,mm,OK,--,12:41:42 PM,7/3/2025,
609,36.7,gf,2.215,mm,OK,--,12:41:42 PM,7/3/2025,
610,36.7,gf,2.220,mm,OK,--,12:41:43 PM,7/3/2025,
611,36.7,gf,2.220,mm,OK,--,12:41:43 PM,7/3/2025,
612,36.7,gf,2.225,mm,OK,--,12:41:43 PM,7/3/2025,
613,36.7,gf,2.230,mm,OK,--,12:41:43 PM,7/3/2025,
614,36.8,gf,2.235,mm,OK,--,12:41:43 PM,7/3/2025,
615,36.8,gf,2.240,mm,OK,--,12:41:43 PM,7/3/2025,
616,36.8,gf,2.245,mm,OK,--,12:41:43 PM,7/3/2025,
617,36.9,gf,2.250,mm,OK,--,12:41:43 PM,7/3/2025,
618,36.9,gf,2.255,mm,OK,--,12:41:43 PM,7/3/2025,
619,36.9,gf,2.260,mm,OK,--,12:41:43 PM,7/3/2025,
620,36.9,gf,2.265,mm,OK,--,12:41:44 PM,7/3/2025,
621,36.9,gf,2.270,mm,OK,--,12:41:44 PM,7/3/2025,
622,36.9,gf,2.275,mm,OK,--,12:41:44 PM,7/3/2025,
623,37.0,gf,2.280,mm,OK,--,12:41:44 PM,7/3/2025,
624,37.0,gf,2.290,mm,OK,--,12:41:44 PM,7/3/2025,
625,37.0,gf,2.295,mm,OK,--,12:41:44 PM,7/3/2025,
626,37.0,gf,2.300,mm,OK,--,12:41:44 PM,7/3/2025,
627,37.1,gf,2.310,mm,OK,--,12:41:44 PM,7/3/2025,
628,37.1,gf,2.315,mm,OK,--,12:41:44 PM,7/3/2025,
629,37.1,gf,2.325,mm,OK,--,12:41:44 PM,7/3/2025,
630,37.2,gf,2.330,mm,OK,--,12:41:45 PM,7/3/2025,
631,37.2,gf,2.340,mm,OK,--,12:41:45 PM,7/3/2025,
632,37.3,gf,2.345,mm,OK,--,12:41:45 PM,7/3/2025,
633,37.3,gf,2.355,mm,OK,--,12:41:45 PM,7/3/2025,
634,37.3,gf,2.365,mm,OK,--,12:41:45 PM,7/3/2025,
635,37.3,gf,2.370,mm,OK,--,12:41:45 PM,7/3/2025,
636,37.4,gf,2.375,mm,OK,--,12:41:45 PM,7/3/2025,
637,37.3,gf,2.380,mm,OK,--,12:41:45 PM,7/3/2025,
638,37.4,gf,2.385,mm,OK,--,12:41:45 PM,7/3/2025,
639,37.4,gf,2.390,mm,OK,--,12:41:45 PM,7/3/2025,
640,37.4,gf,2.395,mm,OK,--,12:41:46 PM,7/3/2025,
641,37.4,gf,2.395,mm,OK,--,12:41:46 PM,7/3/2025,
642,37.4,gf,2.400,mm,OK,--,12:41:46 PM,7/3/2025,
643,37.4,gf,2.405,mm,OK,--,12:41:46 PM,7/3/2025,
644,37.4,gf,2.405,mm,OK,--,12:41:46 PM,7/3/2025,
645,37.4,gf,2.410,mm,OK,--,12:41:46 PM,7/3/2025,
646,37.4,gf,2.415,mm,OK,--,12:41:46 PM,7/3/2025,
647,37.4,gf,2.415,mm,OK,--,12:41:46 PM,7/3/2025,
648,37.5,gf,2.420,mm,OK,--,12:41:46 PM,7/3/2025,
649,37.5,gf,2.425,mm,OK,--,12:41:46 PM,7/3/2025,
650,37.5,gf,2.430,mm,OK,--,12:41:47 PM,7/3/2025,
651,37.5,gf,2.430,mm,OK,--,12:41:47 PM,7/3/2025,
652,37.5,gf,2.435,mm,OK,--,12:41:47 PM,7/3/2025,
653,37.5,gf,2.440,mm,OK,--,12:41:47 PM,7/3/2025,
654,37.5,gf,2.440,mm,OK,--,12:41:47 PM,7/3/2025,
655,37.5,gf,2.445,mm,OK,--,12:41:47 PM,7/3/2025,
656,37.6,gf,2.450,mm,OK,--,12:41:47 PM,7/3/2025,
657,37.6,gf,2.455,mm,OK,--,12:41:47 PM,7/3/2025,
658,37.6,gf,2.455,mm,OK,--,12:41:47 PM,7/3/2025,
659,37.6,gf,2.460,mm,OK,--,12:41:47 PM,7/3/2025,
660,37.6,gf,2.465,mm,OK,--,12:41:48 PM,7/3/2025,
661,37.6,gf,2.465,mm,OK,--,12:41:48 PM,7/3/2025,
662,37.6,gf,2.470,mm,OK,--,12:41:48 PM,7/3/2025,
663,37.7,gf,2.475,mm,OK,--,12:41:48 PM,7/3/2025,
664,37.7,gf,2.480,mm,OK,--,12:41:48 PM,7/3/2025,
665,37.7,gf,2.485,mm,OK,--,12:41:48 PM,7/3/2025,
666,37.7,gf,2.495,mm,OK,--,12:41:48 PM,7/3/2025,
667,37.8,gf,2.500,mm,OK,--,12:41:48 PM,7/3/2025,
668,37.8,gf,2.505,mm,OK,--,12:41:48 PM,7/3/2025,
669,37.8,gf,2.510,mm,OK,--,12:41:48 PM,7/3/2025,
670,37.8,gf,2.515,mm,OK,--,12:41:49 PM,7/3/2025,
671,37.8,gf,2.520,mm,OK,--,12:41:49 PM,7/3/2025,
672,37.9,gf,2.525,mm,OK,--,12:41:49 PM,7/3/2025,
673,37.9,gf,2.530,mm,OK,--,12:41:49 PM,7/3/2025,
674,37.9,gf,2.535,mm,OK,--,12:41:49 PM,7/3/2025,
675,37.9,gf,2.540,mm,OK,--,12:41:49 PM,7/3/2025,
676,38.0,gf,2.545,mm,OK,--,12:41:49 PM,7/3/2025,
677,38.0,gf,2.550,mm,OK,--,12:41:49 PM,7/3/2025,
678,38.0,gf,2.555,mm,OK,--,12:41:49 PM,7/3/2025,
679,38.0,gf,2.560,mm,OK,--,12:41:49 PM,7/3/2025,
680,38.0,gf,2.565,mm,OK,--,12:41:50 PM,7/3/2025,
681,38.0,gf,2.570,mm,OK,--,12:41:50 PM,7/3/2025,
682,38.1,gf,2.575,mm,OK,--,12:41:50 PM,7/3/2025,
683,38.1,gf,2.580,mm,OK,--,12:41:50 PM,7/3/2025,
684,38.1,gf,2.585,mm,OK,--,12:41:50 PM,7/3/2025,
685,38.1,gf,2.590,mm,OK,--,12:41:50 PM,7/3/2025,
686,38.1,gf,2.590,mm,OK,--,12:41:50 PM,7/3/2025,
687,38.1,gf,2.595,mm,OK,--,12:41:50 PM,7/3/2025,
688,38.2,gf,2.600,mm,OK,--,12:41:50 PM,7/3/2025,
689,38.2,gf,2.600,mm,OK,--,12:41:50 PM,7/3/2025,
690,38.2,gf,2.605,mm,OK,--,12:41:51 PM,7/3/2025,
691,38.2,gf,2.605,mm,OK,--,12:41:51 PM,7/3/2025,
692,38.2,gf,2.610,mm,OK,--,12:41:51 PM,7/3/2025,
693,38.2,gf,2.615,mm,OK,--,12:41:51 PM,7/3/2025,
694,38.3,gf,2.615,mm,OK,--,12:41:51 PM,7/3/2025,
695,38.3,gf,2.625,mm,OK,--,12:41:51 PM,7/3/2025,
696,38.4,gf,2.635,mm,OK,--,12:41:51 PM,7/3/2025,
697,38.4,gf,2.645,mm,OK,--,12:41:51 PM,7/3/2025,
698,38.5,gf,2.655,mm,OK,--,12:41:51 PM,7/3/2025,
699,38.5,gf,2.665,mm,OK,--,12:41:51 PM,7/3/2025,
700,38.6,gf,2.675,mm,OK,--,12:41:52 PM,7/3/2025,
701,38.6,gf,2.685,mm,OK,--,12:41:52 PM,7/3/2025,
702,38.6,gf,2.695,mm,OK,--,12:41:52 PM,7/3/2025,
703,38.7,gf,2.700,mm,OK,--,12:41:52 PM,7/3/2025,
704,38.7,gf,2.710,mm,OK,--,12:41:52 PM,7/3/2025,
705,38.8,gf,2.720,mm,OK,--,12:41:52 PM,7/3/2025,
706,38.9,gf,2.745,mm,OK,--,12:41:52 PM,7/3/2025,
707,39.0,gf,2.770,mm,OK,--,12:41:52 PM,7/3/2025,
708,39.1,gf,2.795,mm,OK,--,12:41:52 PM,7/3/2025,
709,39.2,gf,2.815,mm,OK,--,12:41:52 PM,7/3/2025,
710,39.2,gf,2.835,mm,OK,--,12:41:53 PM,7/3/2025,
711,39.3,gf,2.855,mm,OK,--,12:41:53 PM,7/3/2025,
712,39.4,gf,2.870,mm,OK,--,12:41:53 PM,7/3/2025,
713,39.4,gf,2.885,mm,OK,--,12:41:53 PM,7/3/2025,
714,39.4,gf,2.895,mm,OK,--,12:41:53 PM,7/3/2025,
715,39.3,gf,2.905,mm,OK,--,12:41:53 PM,7/3/2025,
716,39.3,gf,2.915,mm,OK,--,12:41:53 PM,7/3/2025,
717,39.4,gf,2.925,mm,OK,--,12:41:53 PM,7/3/2025,
718,39.4,gf,2.930,mm,OK,--,12:41:53 PM,7/3/2025,
719,39.4,gf,2.935,mm,OK,--,12:41:53 PM,7/3/2025,
720,39.4,gf,2.945,mm,OK,--,12:41:54 PM,7/3/2025,
721,39.4,gf,2.950,mm,OK,--,12:41:54 PM,7/3/2025,
722,39.4,gf,2.955,mm,OK,--,12:41:54 PM,7/3/2025,
723,39.5,gf,2.960,mm,OK,--,12:41:54 PM,7/3/2025,
724,39.5,gf,2.965,mm,OK,--,12:41:54 PM,7/3/2025,
725,39.5,gf,2.975,mm,OK,--,12:41:54 PM,7/3/2025,
726,39.6,gf,2.985,mm,OK,--,12:41:54 PM,7/3/2025,
727,39.6,gf,2.995,mm,OK,--,12:41:54 PM,7/3/2025,
728,39.7,gf,3.000,mm,OK,--,12:41:54 PM,7/3/2025,
729,39.7,gf,3.005,mm,OK,--,12:41:54 PM,7/3/2025,
730,39.7,gf,3.010,mm,OK,--,12:41:55 PM,7/3/2025,
731,39.7,gf,3.015,mm,OK,--,12:41:55 PM,7/3/2025,
732,39.7,gf,3.020,mm,OK,--,12:41:55 PM,7/3/2025,
733,39.7,gf,3.025,mm,OK,--,12:41:55 PM,7/3/2025,
734,39.7,gf,3.025,mm,OK,--,12:41:55 PM,7/3/2025,
735,39.7,gf,3.030,mm,OK,--,12:41:55 PM,7/3/2025,
736,39.7,gf,3.035,mm,OK,--,12:41:55 PM,7/3/2025,
737,39.7,gf,3.035,mm,OK,--,12:41:55 PM,7/3/2025,
738,39.7,gf,3.040,mm,OK,--,12:41:55 PM,7/3/2025,
739,39.7,gf,3.050,mm,OK,--,12:41:55 PM,7/3/2025,
740,39.8,gf,3.055,mm,OK,--,12:41:56 PM,7/3/2025,
741,39.8,gf,3.055,mm,OK,--,12:41:56 PM,7/3/2025,
742,39.8,gf,3.060,mm,OK,--,12:41:56 PM,7/3/2025,
743,39.8,gf,3.060,mm,OK,--,12:41:56 PM,7/3/2025,
744,39.8,gf,3.060,mm,OK,--,12:41:56 PM,7/3/2025,
745,39.8,gf,3.065,mm,OK,--,12:41:56 PM,7/3/2025,
746,39.8,gf,3.065,mm,OK,--,12:41:56 PM,7/3/2025,
747,39.8,gf,3.070,mm,OK,--,12:41:56 PM,7/3/2025,
748,39.8,gf,3.070,mm,OK,--,12:41:56 PM,7/3/2025,
749,39.8,gf,3.075,mm,OK,--,12:41:56 PM,7/3/2025,
750,39.8,gf,3.080,mm,OK,--,12:41:57 PM,7/3/2025,
751,39.9,gf,3.085,mm,OK,--,12:41:57 PM,7/3/2025,
752,39.9,gf,3.085,mm,OK,--,12:41:57 PM,7/3/2025,
753,39.9,gf,3.090,mm,OK,--,12:41:57 PM,7/3/2025,
754,39.9,gf,3.095,mm,OK,--,12:41:57 PM,7/3/2025,
755,39.9,gf,3.095,mm,OK,--,12:41:57 PM,7/3/2025,
756,39.9,gf,3.095,mm,OK,--,12:41:57 PM,7/3/2025,
757,40.0,gf,3.100,mm,OK,--,12:41:57 PM,7/3/2025,
758,40.0,gf,3.100,mm,OK,--,12:41:57 PM,7/3/2025,
759,40.0,gf,3.105,mm,OK,--,12:41:57 PM,7/3/2025,
760,40.0,gf,3.105,mm,OK,--,12:41:58 PM,7/3/2025,
761,40.0,gf,3.110,mm,OK,--,12:41:58 PM,7/3/2025,
762,40.0,gf,3.110,mm,OK,--,12:41:58 PM,7/3/2025,
763,40.0,gf,3.115,mm,OK,--,12:41:58 PM,7/3/2025,
764,40.0,gf,3.120,mm,OK,--,12:41:58 PM,7/3/2025,
765,40.1,gf,3.125,mm,OK,--,12:41:58 PM,7/3/2025,
766,40.1,gf,3.130,mm,OK,--,12:41:58 PM,7/3/2025,
767,40.1,gf,3.135,mm,OK,--,12:41:58 PM,7/3/2025,
768,40.1,gf,3.140,mm,OK,--,12:41:58 PM,7/3/2025,
769,40.2,gf,3.145,mm,OK,--,12:41:58 PM,7/3/2025,
770,40.2,gf,3.150,mm,OK,--,12:41:59 PM,7/3/2025,
771,40.2,gf,3.160,mm,OK,--,12:41:59 PM,7/3/2025,
772,40.2,gf,3.165,mm,OK,--,12:41:59 PM,7/3/2025,
773,40.2,gf,3.170,mm,OK,--,12:41:59 PM,7/3/2025,
774,40.2,gf,3.175,mm,OK,--,12:41:59 PM,7/3/2025,
775,40.3,gf,3.180,mm,OK,--,12:41:59 PM,7/3/2025,
776,40.3,gf,3.180,mm,OK,--,12:41:59 PM,7/3/2025,
777,40.3,gf,3.185,mm,OK,--,12:41:59 PM,7/3/2025,
778,40.3,gf,3.190,mm,OK,--,12:41:59 PM,7/3/2025,
779,40.3,gf,3.190,mm,OK,--,12:41:59 PM,7/3/2025,
780,40.3,gf,3.190,mm,OK,--,12:42:00 PM,7/3/2025,
781,40.3,gf,3.195,mm,OK,--,12:42:00 PM,7/3/2025,
782,40.3,gf,3.195,mm,OK,--,12:42:00 PM,7/3/2025,
783,40.4,gf,3.195,mm,OK,--,12:42:00 PM,7/3/2025,
784,40.4,gf,3.200,mm,OK,--,12:42:00 PM,7/3/2025,
785,40.4,gf,3.200,mm,OK,--,12:42:00 PM,7/3/2025,
786,40.4,gf,3.205,mm,OK,--,12:42:00 PM,7/3/2025,
787,40.4,gf,3.210,mm,OK,--,12:42:00 PM,7/3/2025,
788,40.4,gf,3.215,mm,OK,--,12:42:00 PM,7/3/2025,
789,40.4,gf,3.215,mm,OK,--,12:42:00 PM,7/3/2025,
790,40.4,gf,3.220,mm,OK,--,12:42:01 PM,7/3/2025,
791,40.5,gf,3.230,mm,OK,--,12:42:01 PM,7/3/2025,
792,40.5,gf,3.235,mm,OK,--,12:42:01 PM,7/3/2025,
793,40.5,gf,3.235,mm,OK,--,12:42:01 PM,7/3/2025,
794,40.5,gf,3.240,mm,OK,--,12:42:01 PM,7/3/2025,
795,40.5,gf,3.245,mm,OK,--,12:42:01 PM,7/3/2025,
796,40.6,gf,3.250,mm,OK,--,12:42:01 PM,7/3/2025,
797,40.6,gf,3.255,mm,OK,--,12:42:01 PM,7/3/2025,
798,40.6,gf,3.260,mm,OK,--,12:42:01 PM,7/3/2025,
799,40.6,gf,3.265,mm,OK,--,12:42:01 PM,7/3/2025,
800,40.6,gf,3.270,mm,OK,--,12:42:02 PM,7/3/2025,
801,40.6,gf,3.280,mm,OK,--,12:42:02 PM,7/3/2025,
802,40.7,gf,3.285,mm,OK,--,12:42:02 PM,7/3/2025,
803,40.7,gf,3.290,mm,OK,--,12:42:02 PM,7/3/2025,
804,40.8,gf,3.300,mm,OK,--,12:42:02 PM,7/3/2025,
805,40.8,gf,3.305,mm,OK,--,12:42:02 PM,7/3/2025,
806,40.8,gf,3.310,mm,OK,--,12:42:02 PM,7/3/2025,
807,40.8,gf,3.315,mm,OK,--,12:42:02 PM,7/3/2025,
808,40.9,gf,3.320,mm,OK,--,12:42:02 PM,7/3/2025,
809,40.9,gf,3.325,mm,OK,--,12:42:02 PM,7/3/2025,
810,40.9,gf,3.330,mm,OK,--,12:42:03 PM,7/3/2025,
811,40.9,gf,3.335,mm,OK,--,12:42:03 PM,7/3/2025,
812,40.9,gf,3.340,mm,OK,--,12:42:03 PM,7/3/2025,
813,40.9,gf,3.345,mm,OK,--,12:42:03 PM,7/3/2025,
814,40.9,gf,3.350,mm,OK,--,12:42:03 PM,7/3/2025,
815,40.9,gf,3.355,mm,OK,--,12:42:03 PM,7/3/2025,
816,41.0,gf,3.360,mm,OK,--,12:42:03 PM,7/3/2025,
817,41.0,gf,3.365,mm,OK,--,12:42:03 PM,7/3/2025,
818,41.0,gf,3.370,mm,OK,--,12:42:03 PM,7/3/2025,
819,41.1,gf,3.375,mm,OK,--,12:42:03 PM,7/3/2025,
820,41.1,gf,3.380,mm,OK,--,12:42:04 PM,7/3/2025,
821,41.1,gf,3.385,mm,OK,--,12:42:04 PM,7/3/2025,
822,41.1,gf,3.390,mm,OK,--,12:42:04 PM,7/3/2025,
823,41.1,gf,3.395,mm,OK,--,12:42:04 PM,7/3/2025,
824,41.1,gf,3.400,mm,OK,--,12:42:04 PM,7/3/2025,
825,41.2,gf,3.405,mm,OK,--,12:42:04 PM,7/3/2025,
826,41.2,gf,3.410,mm,OK,--,12:42:04 PM,7/3/2025,
827,41.2,gf,3.415,mm,OK,--,12:42:04 PM,7/3/2025,
828,41.3,gf,3.420,mm,OK,--,12:42:04 PM,7/3/2025,
829,41.3,gf,3.425,mm,OK,--,12:42:04 PM,7/3/2025,
830,41.4,gf,3.435,mm,OK,--,12:42:05 PM,7/3/2025,
831,41.4,gf,3.445,mm,OK,--,12:42:05 PM,7/3/2025,
832,41.4,gf,3.450,mm,OK,--,12:42:05 PM,7/3/2025,
833,41.4,gf,3.460,mm,OK,--,12:42:05 PM,7/3/2025,
834,41.5,gf,3.470,mm,OK,--,12:42:05 PM,7/3/2025,
835,41.5,gf,3.480,mm,OK,--,12:42:05 PM,7/3/2025,
836,41.5,gf,3.485,mm,OK,--,12:42:05 PM,7/3/2025,
837,41.6,gf,3.495,mm,OK,--,12:42:05 PM,7/3/2025,
838,41.6,gf,3.505,mm,OK,--,12:42:05 PM,7/3/2025,
839,41.6,gf,3.510,mm,OK,--,12:42:05 PM,7/3/2025,
840,41.6,gf,3.515,mm,OK,--,12:42:06 PM,7/3/2025,
841,41.6,gf,3.525,mm,OK,--,12:42:06 PM,7/3/2025,
842,41.7,gf,3.530,mm,OK,--,12:42:06 PM,7/3/2025,
843,41.7,gf,3.535,mm,OK,--,12:42:06 PM,7/3/2025,
844,41.7,gf,3.540,mm,OK,--,12:42:06 PM,7/3/2025,
845,41.7,gf,3.540,mm,OK,--,12:42:06 PM,7/3/2025,
846,41.7,gf,3.545,mm,OK,--,12:42:06 PM,7/3/2025,
847,41.7,gf,3.550,mm,OK,--,12:42:06 PM,7/3/2025,
848,41.7,gf,3.550,mm,OK,--,12:42:06 PM,7/3/2025,
849,41.7,gf,3.550,mm,OK,--,12:42:06 PM,7/3/2025,
850,41.7,gf,3.555,mm,OK,--,12:42:07 PM,7/3/2025,
851,41.7,gf,3.555,mm,OK,--,12:42:07 PM,7/3/2025,
852,41.7,gf,3.555,mm,OK,--,12:42:07 PM,7/3/2025,
853,41.7,gf,3.560,mm,OK,--,12:42:07 PM,7/3/2025,
854,41.7,gf,3.560,mm,OK,--,12:42:07 PM,7/3/2025,
855,41.7,gf,3.560,mm,OK,--,12:42:07 PM,7/3/2025,
856,41.7,gf,3.565,mm,OK,--,12:42:07 PM,7/3/2025,
857,41.7,gf,3.565,mm,OK,--,12:42:07 PM,7/3/2025,
858,41.7,gf,3.565,mm,OK,--,12:42:07 PM,7/3/2025,
859,41.7,gf,3.570,mm,OK,--,12:42:07 PM,7/3/2025,
860,41.7,gf,3.570,mm,OK,--,12:42:08 PM,7/3/2025,
861,41.7,gf,3.575,mm,OK,--,12:42:08 PM,7/3/2025,
862,41.8,gf,3.575,mm,OK,--,12:42:08 PM,7/3/2025,
863,41.8,gf,3.580,mm,OK,--,12:42:08 PM,7/3/2025,
864,41.8,gf,3.585,mm,OK,--,12:42:08 PM,7/3/2025,
865,41.8,gf,3.590,mm,OK,--,12:42:08 PM,7/3/2025,
866,41.8,gf,3.595,mm,OK,--,12:42:08 PM,7/3/2025,
867,41.8,gf,3.600,mm,OK,--,12:42:08 PM,7/3/2025,
868,41.9,gf,3.610,mm,OK,--,12:42:08 PM,7/3/2025,
869,42.0,gf,3.615,mm,OK,--,12:42:08 PM,7/3/2025,
870,42.0,gf,3.625,mm,OK,--,12:42:09 PM,7/3/2025,
871,42.8,gf,3.630,mm,OK,--,12:42:09 PM,7/3/2025,
872,49.8,gf,3.635,mm,OK,--,12:42:09 PM,7/3/2025,
873,56.5,gf,3.645,mm,OK,--,12:42:09 PM,7/3/2025,
874,62.8,gf,3.650,mm,OK,--,12:42:09 PM,7/3/2025,
875,68.2,gf,3.655,mm,OK,--,12:42:09 PM,7/3/2025,
876,73.4,gf,3.660,mm,OK,--,12:42:09 PM,7/3/2025,
877,77.4,gf,3.665,mm,OK,--,12:42:09 PM,7/3/2025,
878,80.8,gf,3.665,mm,OK,--,12:42:09 PM,7/3/2025,
879,84.0,gf,3.670,mm,OK,--,12:42:09 PM,7/3/2025,
880,87.2,gf,3.675,mm,OK,--,12:42:10 PM,7/3/2025,
881,90.1,gf,3.675,mm,OK,--,12:42:10 PM,7/3/2025,
882,92.0,gf,3.680,mm,OK,--,12:42:10 PM,7/3/2025,
883,93.5,gf,3.680,mm,OK,--,12:42:10 PM,7/3/2025,
884,94.7,gf,3.680,mm,OK,--,12:42:10 PM,7/3/2025,
885,95.7,gf,3.680,mm,OK,--,12:42:10 PM,7/3/2025,
886,96.7,gf,3.685,mm,OK,--,12:42:10 PM,7/3/2025,
887,98.2,gf,3.685,mm,OK,--,12:42:10 PM,7/3/2025,
888,99.9,gf,3.685,mm,OK,--,12:42:10 PM,7/3/2025,
889,101.2,gf,3.690,mm,OK,--,12:42:10 PM,7/3/2025,
890,102.3,gf,3.690,mm,OK,--,12:42:11 PM,7/3/2025,
891,102.9,gf,3.690,mm,OK,--,12:42:11 PM,7/3/2025,
892,103.6,gf,3.690,mm,OK,--,12:42:11 PM,7/3/2025,
893,104.4,gf,3.690,mm,OK,--,12:42:11 PM,7/3/2025,
894,105.2,gf,3.690,mm,OK,--,12:42:11 PM,7/3/2025,
895,105.7,gf,3.695,mm,OK,--,12:42:11 PM,7/3/2025,
896,106.4,gf,3.695,mm,OK,--,12:42:11 PM,7/3/2025,
897,107.1,gf,3.695,mm,OK,--,12:42:11 PM,7/3/2025,
898,108.2,gf,3.695,mm,OK,--,12:42:11 PM,7/3/2025,
899,109.7,gf,3.695,mm,OK,--,12:42:11 PM,7/3/2025,
900,110.8,gf,3.700,mm,OK,--,12:42:12 PM,7/3/2025,
901,111.9,gf,3.700,mm,OK,--,12:42:12 PM,7/3/2025,
902,113.0,gf,3.700,mm,OK,--,12:42:12 PM,7/3/2025,
903,114.0,gf,3.700,mm,OK,--,12:42:12 PM,7/3/2025,
904,114.9,gf,3.700,mm,OK,--,12:42:12 PM,7/3/2025,
905,115.8,gf,3.705,mm,OK,--,12:42:12 PM,7/3/2025,
906,116.6,gf,3.705,mm,OK,--,12:42:12 PM,7/3/2025,
907,117.3,gf,3.705,mm,OK,--,12:42:12 PM,7/3/2025,
908,118.1,gf,3.705,mm,OK,--,12:42:12 PM,7/3/2025,
909,118.8,gf,3.705,mm,OK,--,12:42:12 PM,7/3/2025,
910,119.5,gf,3.705,mm,OK,--,12:42:13 PM,7/3/2025,
911,120.2,gf,3.705,mm,OK,--,12:42:13 PM,7/3/2025,
912,120.9,gf,3.710,mm,OK,--,12:42:13 PM,7/3/2025,
913,121.6,gf,3.710,mm,OK,--,12:42:13 PM,7/3/2025,
914,122.4,gf,3.710,mm,OK,--,12:42:13 PM,7/3/2025,
915,122.9,gf,3.710,mm,OK,--,12:42:13 PM,7/3/2025,
916,123.7,gf,3.710,mm,OK,--,12:42:13 PM,7/3/2025,
917,124.3,gf,3.710,mm,OK,--,12:42:13 PM,7/3/2025,
918,124.8,gf,3.710,mm,OK,--,12:42:13 PM,7/3/2025,
919,125.4,gf,3.715,mm,OK,--,12:42:13 PM,7/3/2025,
920,125.9,gf,3.715,mm,OK,--,12:42:14 PM,7/3/2025,
921,126.6,gf,3.715,mm,OK,--,12:42:14 PM,7/3/2025,
922,127.1,gf,3.715,mm,OK,--,12:42:14 PM,7/3/2025,
923,127.3,gf,3.715,mm,OK,--,12:42:14 PM,7/3/2025,
924,127.8,gf,3.715,mm,OK,--,12:42:14 PM,7/3/2025,
925,128.3,gf,3.715,mm,OK,--,12:42:14 PM,7/3/2025,
926,128.9,gf,3.715,mm,OK,--,12:42:14 PM,7/3/2025,
927,129.5,gf,3.715,mm,OK,--,12:42:14 PM,7/3/2025,
928,130.2,gf,3.715,mm,OK,--,12:42:14 PM,7/3/2025,
929,130.7,gf,3.720,mm,OK,--,12:42:14 PM,7/3/2025,
930,131.1,gf,3.720,mm,OK,--,12:42:15 PM,7/3/2025,
931,131.5,gf,3.720,mm,OK,--,12:42:15 PM,7/3/2025,
932,131.7,gf,3.720,mm,OK,--,12:42:15 PM,7/3/2025,
933,131.9,gf,3.720,mm,OK,--,12:42:15 PM,7/3/2025,
934,132.1,gf,3.720,mm,OK,--,12:42:15 PM,7/3/2025,
935,132.4,gf,3.720,mm,OK,--,12:42:15 PM,7/3/2025,
936,132.6,gf,3.720,mm,OK,--,12:42:15 PM,7/3/2025,
937,132.8,gf,3.720,mm,OK,--,12:42:15 PM,7/3/2025,
938,132.9,gf,3.720,mm,OK,--,12:42:15 PM,7/3/2025,
939,133.2,gf,3.720,mm,OK,--,12:42:15 PM,7/3/2025,
940,133.3,gf,3.720,mm,OK,--,12:42:16 PM,7/3/2025,
941,133.6,gf,3.720,mm,OK,--,12:42:16 PM,7/3/2025,
942,133.7,gf,3.720,mm,OK,--,12:42:16 PM,7/3/2025,
943,133.8,gf,3.720,mm,OK,--,12:42:16 PM,7/3/2025,
944,133.9,gf,3.720,mm,OK,--,12:42:16 PM,7/3/2025,
945,134.3,gf,3.720,mm,OK,--,12:42:16 PM,7/3/2025,
946,134.8,gf,3.720,mm,OK,--,12:42:16 PM,7/3/2025,
947,135.1,gf,3.720,mm,OK,--,12:42:16 PM,7/3/2025,
948,135.5,gf,3.725,mm,OK,--,12:42:16 PM,7/3/2025,
949,136.4,gf,3.725,mm,OK,--,12:42:16 PM,7/3/2025,
950,137.5,gf,3.725,mm,OK,--,12:42:17 PM,7/3/2025,
951,138.3,gf,3.725,mm,OK,--,12:42:17 PM,7/3/2025,
952,139.0,gf,3.725,mm,OK,--,12:42:17 PM,7/3/2025,
953,139.7,gf,3.725,mm,OK,--,12:42:17 PM,7/3/2025,
954,140.3,gf,3.730,mm,OK,--,12:42:17 PM,7/3/2025,
955,141.0,gf,3.730,mm,OK,--,12:42:17 PM,7/3/2025,
956,141.7,gf,3.730,mm,OK,--,12:42:17 PM,7/3/2025,
957,142.4,gf,3.730,mm,OK,--,12:42:17 PM,7/3/2025,
958,143.2,gf,3.730,mm,OK,--,12:42:17 PM,7/3/2025,
959,143.9,gf,3.730,mm,OK,--,12:42:17 PM,7/3/2025,
960,144.6,gf,3.730,mm,OK,--,12:42:18 PM,7/3/2025,
961,145.2,gf,3.730,mm,OK,--,12:42:18 PM,7/3/2025,
962,145.8,gf,3.735,mm,OK,--,12:42:18 PM,7/3/2025,
963,146.3,gf,3.735,mm,OK,--,12:42:18 PM,7/3/2025,
964,146.8,gf,3.735,mm,OK,--,12:42:18 PM,7/3/2025,
965,147.4,gf,3.735,mm,OK,--,12:42:18 PM,7/3/2025,
966,148.0,gf,3.735,mm,OK,--,12:42:18 PM,7/3/2025,
967,148.7,gf,3.735,mm,OK,--,12:42:18 PM,7/3/2025,
968,149.5,gf,3.735,mm,OK,--,12:42:18 PM,7/3/2025,
969,150.1,gf,3.735,mm,OK,--,12:42:18 PM,7/3/2025,
970,150.9,gf,3.740,mm,OK,--,12:42:19 PM,7/3/2025,
971,151.5,gf,3.740,mm,OK,--,12:42:19 PM,7/3/2025,
972,152.3,gf,3.740,mm,OK,--,12:42:19 PM,7/3/2025,
973,153.2,gf,3.740,mm,OK,--,12:42:19 PM,7/3/2025,
974,154.3,gf,3.740,mm,OK,--,12:42:19 PM,7/3/2025,
975,155.6,gf,3.740,mm,OK,--,12:42:19 PM,7/3/2025,
976,156.9,gf,3.745,mm,OK,--,12:42:19 PM,7/3/2025,
977,158.2,gf,3.745,mm,OK,--,12:42:19 PM,7/3/2025,
978,159.5,gf,3.745,mm,OK,--,12:42:19 PM,7/3/2025,
979,160.6,gf,3.745,mm,OK,--,12:42:19 PM,7/3/2025,
980,161.6,gf,3.750,mm,OK,--,12:42:20 PM,7/3/2025,
981,162.6,gf,3.750,mm,OK,--,12:42:20 PM,7/3/2025,
982,164.0,gf,3.750,mm,OK,--,12:42:20 PM,7/3/2025,
983,165.1,gf,3.750,mm,OK,--,12:42:20 PM,7/3/2025,
984,166.2,gf,3.755,mm,OK,--,12:42:20 PM,7/3/2025,
985,167.4,gf,3.755,mm,OK,--,12:42:20 PM,7/3/2025,
986,168.7,gf,3.755,mm,OK,--,12:42:20 PM,7/3/2025,
987,170.3,gf,3.755,mm,OK,--,12:42:20 PM,7/3/2025,
988,171.7,gf,3.760,mm,OK,--,12:42:20 PM,7/3/2025,
989,173.2,gf,3.760,mm,OK,--,12:42:20 PM,7/3/2025,
990,175.0,gf,3.760,mm,OK,--,12:42:21 PM,7/3/2025,
991,176.9,gf,3.765,mm,OK,--,12:42:21 PM,7/3/2025,
992,180.0,gf,3.765,mm,OK,--,12:42:21 PM,7/3/2025,
993,183.0,gf,3.770,mm,OK,--,12:42:21 PM,7/3/2025,
994,185.8,gf,3.770,mm,OK,--,12:42:21 PM,7/3/2025,
995,188.7,gf,3.775,mm,OK,--,12:42:21 PM,7/3/2025,
996,191.7,gf,3.780,mm,OK,--,12:42:21 PM,7/3/2025,
997,193.4,gf,3.780,mm,OK,--,12:42:21 PM,7/3/2025,
998,194.3,gf,3.780,mm,OK,--,12:42:21 PM,7/3/2025,
999,194.8,gf,3.780,mm,OK,--,12:42:21 PM,7/3/2025,
1000,194.7,gf,3.780,mm,OK,--,12:42:22 PM,7/3/2025,
1001,194.7,gf,3.780,mm,OK,--,12:42:22 PM,7/3/2025,
1002,194.6,gf,3.780,mm,OK,--,12:42:22 PM,7/3/2025,
1003,194.6,gf,3.780,mm,OK,--,12:42:22 PM,7/3/2025,
1004,194.6,gf,3.780,mm,OK,--,12:42:22 PM,7/3/2025,
1005,194.6,gf,3.780,mm,OK,--,12:42:22 PM,7/3/2025,
1006,194.6,gf,3.780,mm,OK,--,12:42:22 PM,7/3/2025,
1007,194.6,gf,3.780,mm,OK,--,12:42:22 PM,7/3/2025,
1008,194.6,gf,3.780,mm,OK,--,12:42:22 PM,7/3/2025,
1009,194.6,gf,3.780,mm,OK,--,12:42:22 PM,7/3/2025,
1010,194.5,gf,3.780,mm,OK,--,12:42:23 PM,7/3/2025,
1011,194.5,gf,3.780,mm,OK,--,12:42:23 PM,7/3/2025,
1012,194.4,gf,3.780,mm,OK,--,12:42:23 PM,7/3/2025,
1013,194.4,gf,3.780,mm,OK,--,12:42:23 PM,7/3/2025,
1014,194.1,gf,3.780,mm,OK,--,12:42:23 PM,7/3/2025,
1015,194.0,gf,3.780,mm,OK,--,12:42:23 PM,7/3/2025,
1016,193.8,gf,3.780,mm,OK,--,12:42:23 PM,7/3/2025,
1017,193.2,gf,3.780,mm,OK,--,12:42:23 PM,7/3/2025,
1018,192.1,gf,3.780,mm,OK,--,12:42:23 PM,7/3/2025,
1019,191.3,gf,3.780,mm,OK,--,12:42:23 PM,7/3/2025,
1020,190.4,gf,3.780,mm,OK,--,12:42:24 PM,7/3/2025,
1021,189.3,gf,3.780,mm,OK,--,12:42:24 PM,7/3/2025,
1022,187.5,gf,3.775,mm,OK,--,12:42:24 PM,7/3/2025,
1023,185.7,gf,3.775,mm,OK,--,12:42:24 PM,7/3/2025,
1024,184.0,gf,3.775,mm,OK,--,12:42:24 PM,7/3/2025,
1025,182.3,gf,3.770,mm,OK,--,12:42:24 PM,7/3/2025,
1026,180.4,gf,3.770,mm,OK,--,12:42:24 PM,7/3/2025,
1027,179.1,gf,3.770,mm,OK,--,12:42:24 PM,7/3/2025,
1028,177.7,gf,3.765,mm,OK,--,12:42:24 PM,7/3/2025,
1029,176.5,gf,3.765,mm,OK,--,12:42:24 PM,7/3/2025,
1030,175.9,gf,3.765,mm,OK,--,12:42:25 PM,7/3/2025,
1031,175.6,gf,3.765,mm,OK,--,12:42:25 PM,7/3/2025,
1032,175.3,gf,3.765,mm,OK,--,12:42:25 PM,7/3/2025,
1033,174.9,gf,3.765,mm,OK,--,12:42:25 PM,7/3/2025,
1034,174.3,gf,3.765,mm,OK,--,12:42:25 PM,7/3/2025,
1035,173.8,gf,3.765,mm,OK,--,12:42:25 PM,7/3/2025,
1036,173.3,gf,3.760,mm,OK,--,12:42:25 PM,7/3/2025,
1037,172.7,gf,3.760,mm,OK,--,12:42:25 PM,7/3/2025,
1038,172.5,gf,3.760,mm,OK,--,12:42:25 PM,7/3/2025,
1039,172.3,gf,3.760,mm,OK,--,12:42:25 PM,7/3/2025,
1040,172.0,gf,3.760,mm,OK,--,12:42:26 PM,7/3/2025,
1041,171.7,gf,3.760,mm,OK,--,12:42:26 PM,7/3/2025,
1042,171.0,gf,3.760,mm,OK,--,12:42:26 PM,7/3/2025,
1043,170.4,gf,3.760,mm,OK,--,12:42:26 PM,7/3/2025,
1044,169.9,gf,3.760,mm,OK,--,12:42:26 PM,7/3/2025,
1045,169.4,gf,3.760,mm,OK,--,12:42:26 PM,7/3/2025,
1046,169.1,gf,3.760,mm,OK,--,12:42:26 PM,7/3/2025,
1047,168.9,gf,3.760,mm,OK,--,12:42:26 PM,7/3/2025,
1048,168.8,gf,3.760,mm,OK,--,12:42:26 PM,7/3/2025,
1049,168.4,gf,3.760,mm,OK,--,12:42:26 PM,7/3/2025,
1050,168.2,gf,3.755,mm,OK,--,12:42:27 PM,7/3/2025,
1051,168.1,gf,3.755,mm,OK,--,12:42:27 PM,7/3/2025,
1052,167.9,gf,3.755,mm,OK,--,12:42:27 PM,7/3/2025,
1053,167.8,gf,3.755,mm,OK,--,12:42:27 PM,7/3/2025,
1054,167.9,gf,3.755,mm,OK,--,12:42:27 PM,7/3/2025,
1055,167.7,gf,3.755,mm,OK,--,12:42:27 PM,7/3/2025,
1056,167.4,gf,3.755,mm,OK,--,12:42:27 PM,7/3/2025,
1057,167.1,gf,3.755,mm,OK,--,12:42:27 PM,7/3/2025,
1058,166.6,gf,3.755,mm,OK,--,12:42:27 PM,7/3/2025,
1059,166.0,gf,3.755,mm,OK,--,12:42:27 PM,7/3/2025,
1060,165.1,gf,3.755,mm,OK,--,12:42:28 PM,7/3/2025,
1061,164.3,gf,3.755,mm,OK,--,12:42:28 PM,7/3/2025,
1062,163.5,gf,3.755,mm,OK,--,12:42:28 PM,7/3/2025,
1063,163.0,gf,3.755,mm,OK,--,12:42:28 PM,7/3/2025,
1064,162.6,gf,3.750,mm,OK,--,12:42:28 PM,7/3/2025,
1065,162.2,gf,3.750,mm,OK,--,12:42:28 PM,7/3/2025,
1066,161.8,gf,3.750,mm,OK,--,12:42:28 PM,7/3/2025,
1067,161.4,gf,3.750,mm,OK,--,12:42:28 PM,7/3/2025,
1068,161.1,gf,3.750,mm,OK,--,12:42:28 PM,7/3/2025,
1069,160.6,gf,3.750,mm,OK,--,12:42:28 PM,7/3/2025,
1070,160.4,gf,3.750,mm,OK,--,12:42:29 PM,7/3/2025,
1071,159.8,gf,3.750,mm,OK,--,12:42:29 PM,7/3/2025,
1072,159.2,gf,3.750,mm,OK,--,12:42:29 PM,7/3/2025,
1073,158.5,gf,3.750,mm,OK,--,12:42:29 PM,7/3/2025,
1074,158.2,gf,3.750,mm,OK,--,12:42:29 PM,7/3/2025,
1075,157.9,gf,3.745,mm,OK,--,12:42:29 PM,7/3/2025,
1076,157.5,gf,3.745,mm,OK,--,12:42:29 PM,7/3/2025,
1077,157.1,gf,3.745,mm,OK,--,12:42:29 PM,7/3/2025,
1078,156.8,gf,3.745,mm,OK,--,12:42:29 PM,7/3/2025,
1079,156.7,gf,3.745,mm,OK,--,12:42:29 PM,7/3/2025,
1080,156.5,gf,3.745,mm,OK,--,12:42:30 PM,7/3/2025,
1081,156.2,gf,3.745,mm,OK,--,12:42:30 PM,7/3/2025,
1082,155.9,gf,3.745,mm,OK,--,12:42:30 PM,7/3/2025,
1083,155.6,gf,3.745,mm,OK,--,12:42:30 PM,7/3/2025,
1084,155.4,gf,3.745,mm,OK,--,12:42:30 PM,7/3/2025,
1085,155.2,gf,3.745,mm,OK,--,12:42:30 PM,7/3/2025,
1086,155.2,gf,3.745,mm,OK,--,12:42:30 PM,7/3/2025,
1087,155.0,gf,3.745,mm,OK,--,12:42:30 PM,7/3/2025,
1088,154.9,gf,3.745,mm,OK,--,12:42:30 PM,7/3/2025,
1089,154.9,gf,3.745,mm,OK,--,12:42:30 PM,7/3/2025,
1090,154.8,gf,3.745,mm,OK,--,12:42:31 PM,7/3/2025,
1091,154.6,gf,3.745,mm,OK,--,12:42:31 PM,7/3/2025,
1092,154.6,gf,3.745,mm,OK,--,12:42:31 PM,7/3/2025,
1093,154.4,gf,3.745,mm,OK,--,12:42:31 PM,7/3/2025,
1094,154.1,gf,3.745,mm,OK,--,12:42:31 PM,7/3/2025,
1095,153.5,gf,3.745,mm,OK,--,12:42:31 PM,7/3/2025,
1096,152.7,gf,3.745,mm,OK,--,12:42:31 PM,7/3/2025,
1097,151.8,gf,3.740,mm,OK,--,12:42:31 PM,7/3/2025,
1098,150.9,gf,3.740,mm,OK,--,12:42:31 PM,7/3/2025,
1099,150.4,gf,3.740,mm,OK,--,12:42:31 PM,7/3/2025,
1100,150.1,gf,3.740,mm,OK,--,12:42:32 PM,7/3/2025,
1101,149.4,gf,3.740,mm,OK,--,12:42:32 PM,7/3/2025,
1102,148.4,gf,3.740,mm,OK,--,12:42:32 PM,7/3/2025,
1103,147.4,gf,3.740,mm,OK,--,12:42:32 PM,7/3/2025,
1104,146.2,gf,3.735,mm,OK,--,12:42:32 PM,7/3/2025,
1105,145.2,gf,3.735,mm,OK,--,12:42:32 PM,7/3/2025,
1106,144.3,gf,3.735,mm,OK,--,12:42:32 PM,7/3/2025,
1107,144.0,gf,3.735,mm,OK,--,12:42:32 PM,7/3/2025,
1108,143.8,gf,3.735,mm,OK,--,12:42:32 PM,7/3/2025,
1109,143.3,gf,3.735,mm,OK,--,12:42:32 PM,7/3/2025,
1110,142.9,gf,3.735,mm,OK,--,12:42:33 PM,7/3/2025,
1111,142.4,gf,3.735,mm,OK,--,12:42:33 PM,7/3/2025,
1112,142.3,gf,3.735,mm,OK,--,12:42:33 PM,7/3/2025,
1113,142.1,gf,3.735,mm,OK,--,12:42:33 PM,7/3/2025,
1114,142.1,gf,3.735,mm,OK,--,12:42:33 PM,7/3/2025,
1115,141.9,gf,3.730,mm,OK,--,12:42:33 PM,7/3/2025,
1116,141.6,gf,3.730,mm,OK,--,12:42:33 PM,7/3/2025,
1117,141.4,gf,3.730,mm,OK,--,12:42:33 PM,7/3/2025,
1118,141.1,gf,3.730,mm,OK,--,12:42:33 PM,7/3/2025,
1119,140.9,gf,3.730,mm,OK,--,12:42:33 PM,7/3/2025,
1120,140.5,gf,3.730,mm,OK,--,12:42:34 PM,7/3/2025,
1121,140.0,gf,3.730,mm,OK,--,12:42:34 PM,7/3/2025,
1122,139.4,gf,3.730,mm,OK,--,12:42:34 PM,7/3/2025,
1123,138.6,gf,3.730,mm,OK,--,12:42:34 PM,7/3/2025,
1124,137.6,gf,3.730,mm,OK,--,12:42:34 PM,7/3/2025,
1125,136.4,gf,3.730,mm,OK,--,12:42:34 PM,7/3/2025,
1126,136.0,gf,3.725,mm,OK,--,12:42:34 PM,7/3/2025,
1127,135.2,gf,3.725,mm,OK,--,12:42:34 PM,7/3/2025,
1128,134.6,gf,3.725,mm,OK,--,12:42:34 PM,7/3/2025,
1129,133.9,gf,3.725,mm,OK,--,12:42:34 PM,7/3/2025,
1130,132.9,gf,3.725,mm,OK,--,12:42:35 PM,7/3/2025,
1131,131.6,gf,3.725,mm,OK,--,12:42:35 PM,7/3/2025,
1132,129.5,gf,3.720,mm,OK,--,12:42:35 PM,7/3/2025,
1133,125.1,gf,3.715,mm,OK,--,12:42:35 PM,7/3/2025,
1134,120.6,gf,3.710,mm,OK,--,12:42:35 PM,7/3/2025,
1135,116.5,gf,3.710,mm,OK,--,12:42:35 PM,7/3/2025,
1136,113.0,gf,3.705,mm,OK,--,12:42:35 PM,7/3/2025,
1137,109.1,gf,3.700,mm,OK,--,12:42:35 PM,7/3/2025,
1138,104.7,gf,3.695,mm,OK,--,12:42:35 PM,7/3/2025,
1139,99.4,gf,3.690,mm,OK,--,12:42:35 PM,7/3/2025,
1140,94.5,gf,3.685,mm,OK,--,12:42:36 PM,7/3/2025,
1141,90.3,gf,3.680,mm,OK,--,12:42:36 PM,7/3/2025,
1142,86.2,gf,3.675,mm,OK,--,12:42:36 PM,7/3/2025,
1143,79.1,gf,3.670,mm,OK,--,12:42:36 PM,7/3/2025,
1144,70.3,gf,3.660,mm,OK,--,12:42:36 PM,7/3/2025,
1145,64.2,gf,3.655,mm,OK,--,12:42:36 PM,7/3/2025,
1146,60.1,gf,3.650,mm,OK,--,12:42:36 PM,7/3/2025,
1147,57.2,gf,3.650,mm,OK,--,12:42:36 PM,7/3/2025,
1148,53.4,gf,3.645,mm,OK,--,12:42:36 PM,7/3/2025,
1149,49.2,gf,3.640,mm,OK,--,12:42:36 PM,7/3/2025,
1150,44.2,gf,3.635,mm,OK,--,12:42:37 PM,7/3/2025,
1151,39.9,gf,3.630,mm,OK,--,12:42:37 PM,7/3/2025,
1152,40.0,gf,3.625,mm,OK,--,12:42:37 PM,7/3/2025,
1153,40.0,gf,3.625,mm,OK,--,12:42:37 PM,7/3/2025,
1154,40.0,gf,3.620,mm,OK,--,12:42:37 PM,7/3/2025,
1155,40.1,gf,3.620,mm,OK,--,12:42:37 PM,7/3/2025,
1156,40.1,gf,3.620,mm,OK,--,12:42:37 PM,7/3/2025,
1157,40.1,gf,3.615,mm,OK,--,12:42:37 PM,7/3/2025,
1158,40.1,gf,3.615,mm,OK,--,12:42:37 PM,7/3/2025,
1159,40.1,gf,3.615,mm,OK,--,12:42:37 PM,7/3/2025,
1160,40.1,gf,3.610,mm,OK,--,12:42:38 PM,7/3/2025,
1161,40.1,gf,3.610,mm,OK,--,12:42:38 PM,7/3/2025,
1162,40.1,gf,3.610,mm,OK,--,12:42:38 PM,7/3/2025,
1163,40.1,gf,3.610,mm,OK,--,12:42:38 PM,7/3/2025,
1164,40.1,gf,3.610,mm,OK,--,12:42:38 PM,7/3/2025,
1165,40.0,gf,3.605,mm,OK,--,12:42:38 PM,7/3/2025,
1166,40.0,gf,3.605,mm,OK,--,12:42:38 PM,7/3/2025,
1167,40.0,gf,3.600,mm,OK,--,12:42:38 PM,7/3/2025,
1168,40.0,gf,3.600,mm,OK,--,12:42:38 PM,7/3/2025,
1169,40.0,gf,3.600,mm,OK,--,12:42:38 PM,7/3/2025,
1170,40.0,gf,3.600,mm,OK,--,12:42:39 PM,7/3/2025,
1171,40.0,gf,3.595,mm,OK,--,12:42:39 PM,7/3/2025,
1172,40.0,gf,3.590,mm,OK,--,12:42:39 PM,7/3/2025,
1173,40.0,gf,3.585,mm,OK,--,12:42:39 PM,7/3/2025,
1174,39.9,gf,3.580,mm,OK,--,12:42:39 PM,7/3/2025,
1175,39.9,gf,3.575,mm,OK,--,12:42:39 PM,7/3/2025,
1176,39.9,gf,3.570,mm,OK,--,12:42:39 PM,7/3/2025,
1177,39.9,gf,3.565,mm,OK,--,12:42:39 PM,7/3/2025,
1178,39.9,gf,3.560,mm,OK,--,12:42:39 PM,7/3/2025,
1179,39.9,gf,3.560,mm,OK,--,12:42:39 PM,7/3/2025,
1180,39.9,gf,3.555,mm,OK,--,12:42:40 PM,7/3/2025,
1181,39.8,gf,3.555,mm,OK,--,12:42:40 PM,7/3/2025,
1182,39.8,gf,3.550,mm,OK,--,12:42:40 PM,7/3/2025,
1183,39.8,gf,3.540,mm,OK,--,12:42:40 PM,7/3/2025,
1184,39.8,gf,3.535,mm,OK,--,12:42:40 PM,7/3/2025,
1185,39.8,gf,3.530,mm,OK,--,12:42:40 PM,7/3/2025,
1186,39.8,gf,3.530,mm,OK,--,12:42:40 PM,7/3/2025,
1187,39.8,gf,3.525,mm,OK,--,12:42:40 PM,7/3/2025,
1188,39.7,gf,3.520,mm,OK,--,12:42:40 PM,7/3/2025,
1189,39.7,gf,3.515,mm,OK,--,12:42:40 PM,7/3/2025,
1190,39.7,gf,3.510,mm,OK,--,12:42:41 PM,7/3/2025,
1191,39.7,gf,3.510,mm,OK,--,12:42:41 PM,7/3/2025,
1192,39.7,gf,3.510,mm,OK,--,12:42:41 PM,7/3/2025,
1193,39.7,gf,3.505,mm,OK,--,12:42:41 PM,7/3/2025,
1194,39.7,gf,3.505,mm,OK,--,12:42:41 PM,7/3/2025,
1195,39.7,gf,3.505,mm,OK,--,12:42:41 PM,7/3/2025,
1196,39.6,gf,3.505,mm,OK,--,12:42:41 PM,7/3/2025,
1197,39.7,gf,3.505,mm,OK,--,12:42:41 PM,7/3/2025,
1198,39.7,gf,3.505,mm,OK,--,12:42:41 PM,7/3/2025,
1199,39.6,gf,3.500,mm,OK,--,12:42:41 PM,7/3/2025,
1200,39.6,gf,3.500,mm,OK,--,12:42:42 PM,7/3/2025,
1201,39.6,gf,3.495,mm,OK,--,12:42:42 PM,7/3/2025,
1202,39.6,gf,3.495,mm,OK,--,12:42:42 PM,7/3/2025,
1203,39.6,gf,3.490,mm,OK,--,12:42:42 PM,7/3/2025,
1204,39.6,gf,3.490,mm,OK,--,12:42:42 PM,7/3/2025,
1205,39.6,gf,3.485,mm,OK,--,12:42:42 PM,7/3/2025,
1206,39.6,gf,3.480,mm,OK,--,12:42:42 PM,7/3/2025,
1207,39.6,gf,3.480,mm,OK,--,12:42:42 PM,7/3/2025,
1208,39.6,gf,3.475,mm,OK,--,12:42:42 PM,7/3/2025,
1209,39.5,gf,3.470,mm,OK,--,12:42:42 PM,7/3/2025,
1210,39.5,gf,3.460,mm,OK,--,12:42:43 PM,7/3/2025,
1211,39.5,gf,3.460,mm,OK,--,12:42:43 PM,7/3/2025,
1212,39.5,gf,3.455,mm,OK,--,12:42:43 PM,7/3/2025,
1213,39.5,gf,3.455,mm,OK,--,12:42:43 PM,7/3/2025,
1214,39.5,gf,3.445,mm,OK,--,12:42:43 PM,7/3/2025,
1215,39.5,gf,3.445,mm,OK,--,12:42:43 PM,7/3/2025,
1216,39.5,gf,3.440,mm,OK,--,12:42:43 PM,7/3/2025,
1217,39.4,gf,3.440,mm,OK,--,12:42:43 PM,7/3/2025,
1218,39.4,gf,3.435,mm,OK,--,12:42:43 PM,7/3/2025,
1219,39.4,gf,3.430,mm,OK,--,12:42:43 PM,7/3/2025,
1220,39.4,gf,3.425,mm,OK,--,12:42:44 PM,7/3/2025,
1221,39.4,gf,3.420,mm,OK,--,12:42:44 PM,7/3/2025,
1222,39.4,gf,3.410,mm,OK,--,12:42:44 PM,7/3/2025,
1223,39.3,gf,3.400,mm,OK,--,12:42:44 PM,7/3/2025,
1224,39.3,gf,3.395,mm,OK,--,12:42:44 PM,7/3/2025,
1225,39.3,gf,3.390,mm,OK,--,12:42:44 PM,7/3/2025,
1226,39.3,gf,3.385,mm,OK,--,12:42:44 PM,7/3/2025,
1227,39.3,gf,3.385,mm,OK,--,12:42:44 PM,7/3/2025,
1228,39.3,gf,3.380,mm,OK,--,12:42:44 PM,7/3/2025,
1229,39.3,gf,3.380,mm,OK,--,12:42:44 PM,7/3/2025,
1230,39.3,gf,3.380,mm,OK,--,12:42:45 PM,7/3/2025,
1231,39.2,gf,3.380,mm,OK,--,12:42:45 PM,7/3/2025,
1232,39.2,gf,3.375,mm,OK,--,12:42:45 PM,7/3/2025,
1233,39.2,gf,3.375,mm,OK,--,12:42:45 PM,7/3/2025,
1234,39.2,gf,3.375,mm,OK,--,12:42:45 PM,7/3/2025,
1235,39.2,gf,3.365,mm,OK,--,12:42:45 PM,7/3/2025,
1236,39.2,gf,3.360,mm,OK,--,12:42:45 PM,7/3/2025,
1237,39.2,gf,3.350,mm,OK,--,12:42:45 PM,7/3/2025,
1238,39.1,gf,3.345,mm,OK,--,12:42:45 PM,7/3/2025,
1239,39.1,gf,3.335,mm,OK,--,12:42:45 PM,7/3/2025,
1240,39.1,gf,3.325,mm,OK,--,12:42:46 PM,7/3/2025,
1241,39.0,gf,3.320,mm,OK,--,12:42:46 PM,7/3/2025,
1242,39.0,gf,3.310,mm,OK,--,12:42:46 PM,7/3/2025,
1243,39.0,gf,3.300,mm,OK,--,12:42:46 PM,7/3/2025,
1244,39.0,gf,3.290,mm,OK,--,12:42:46 PM,7/3/2025,
1245,38.9,gf,3.280,mm,OK,--,12:42:46 PM,7/3/2025,
1246,38.9,gf,3.265,mm,OK,--,12:42:46 PM,7/3/2025,
1247,38.9,gf,3.255,mm,OK,--,12:42:46 PM,7/3/2025,
1248,38.8,gf,3.245,mm,OK,--,12:42:46 PM,7/3/2025,
1249,38.7,gf,3.235,mm,OK,--,12:42:46 PM,7/3/2025,
1250,38.7,gf,3.220,mm,OK,--,12:42:47 PM,7/3/2025,
1251,38.6,gf,3.205,mm,OK,--,12:42:47 PM,7/3/2025,
1252,38.6,gf,3.190,mm,OK,--,12:42:47 PM,7/3/2025,
1253,38.6,gf,3.180,mm,OK,--,12:42:47 PM,7/3/2025,
1254,38.5,gf,3.170,mm,OK,--,12:42:47 PM,7/3/2025,
1255,38.5,gf,3.160,mm,OK,--,12:42:47 PM,7/3/2025,
1256,38.5,gf,3.155,mm,OK,--,12:42:47 PM,7/3/2025,
1257,38.5,gf,3.150,mm,OK,--,12:42:47 PM,7/3/2025,
1258,38.4,gf,3.140,mm,OK,--,12:42:47 PM,7/3/2025,
1259,38.4,gf,3.135,mm,OK,--,12:42:47 PM,7/3/2025,
1260,38.4,gf,3.125,mm,OK,--,12:42:48 PM,7/3/2025,
1261,38.4,gf,3.115,mm,OK,--,12:42:48 PM,7/3/2025,
1262,38.3,gf,3.110,mm,OK,--,12:42:48 PM,7/3/2025,
1263,38.3,gf,3.100,mm,OK,--,12:42:48 PM,7/3/2025,
1264,38.3,gf,3.090,mm,OK,--,12:42:48 PM,7/3/2025,
1265,38.2,gf,3.080,mm,OK,--,12:42:48 PM,7/3/2025,
1266,38.2,gf,3.075,mm,OK,--,12:42:48 PM,7/3/2025,
1267,38.2,gf,3.065,mm,OK,--,12:42:48 PM,7/3/2025,
1268,38.2,gf,3.060,mm,OK,--,12:42:48 PM,7/3/2025,
1269,38.1,gf,3.050,mm,OK,--,12:42:48 PM,7/3/2025,
1270,38.1,gf,3.045,mm,OK,--,12:42:49 PM,7/3/2025,
1271,38.1,gf,3.040,mm,OK,--,12:42:49 PM,7/3/2025,
1272,38.1,gf,3.030,mm,OK,--,12:42:49 PM,7/3/2025,
1273,38.0,gf,3.020,mm,OK,--,12:42:49 PM,7/3/2025,
1274,37.9,gf,3.010,mm,OK,--,12:42:49 PM,7/3/2025,
1275,37.9,gf,3.005,mm,OK,--,12:42:49 PM,7/3/2025,
1276,37.9,gf,2.995,mm,OK,--,12:42:49 PM,7/3/2025,
1277,37.8,gf,2.990,mm,OK,--,12:42:49 PM,7/3/2025,
1278,37.8,gf,2.980,mm,OK,--,12:42:49 PM,7/3/2025,
1279,37.8,gf,2.975,mm,OK,--,12:42:49 PM,7/3/2025,
1280,37.8,gf,2.970,mm,OK,--,12:42:50 PM,7/3/2025,
1281,37.8,gf,2.965,mm,OK,--,12:42:50 PM,7/3/2025,
1282,37.7,gf,2.960,mm,OK,--,12:42:50 PM,7/3/2025,
1283,37.7,gf,2.955,mm,OK,--,12:42:50 PM,7/3/2025,
1284,37.7,gf,2.950,mm,OK,--,12:42:50 PM,7/3/2025,
1285,37.7,gf,2.940,mm,OK,--,12:42:50 PM,7/3/2025,
1286,37.6,gf,2.935,mm,OK,--,12:42:50 PM,7/3/2025,
1287,37.6,gf,2.930,mm,OK,--,12:42:50 PM,7/3/2025,
1288,37.6,gf,2.925,mm,OK,--,12:42:50 PM,7/3/2025,
1289,37.6,gf,2.920,mm,OK,--,12:42:50 PM,7/3/2025,
1290,37.6,gf,2.915,mm,OK,--,12:42:51 PM,7/3/2025,
1291,37.5,gf,2.910,mm,OK,--,12:42:51 PM,7/3/2025,
1292,37.5,gf,2.905,mm,OK,--,12:42:51 PM,7/3/2025,
1293,37.5,gf,2.905,mm,OK,--,12:42:51 PM,7/3/2025,
1294,37.5,gf,2.905,mm,OK,--,12:42:51 PM,7/3/2025,
1295,37.5,gf,2.900,mm,OK,--,12:42:51 PM,7/3/2025,
1296,37.5,gf,2.900,mm,OK,--,12:42:51 PM,7/3/2025,
1297,37.5,gf,2.895,mm,OK,--,12:42:51 PM,7/3/2025,
1298,37.5,gf,2.890,mm,OK,--,12:42:51 PM,7/3/2025,
1299,37.5,gf,2.885,mm,OK,--,12:42:51 PM,7/3/2025,
1300,37.4,gf,2.875,mm,OK,--,12:42:52 PM,7/3/2025,
1301,37.4,gf,2.870,mm,OK,--,12:42:52 PM,7/3/2025,
1302,37.4,gf,2.865,mm,OK,--,12:42:52 PM,7/3/2025,
1303,37.4,gf,2.860,mm,OK,--,12:42:52 PM,7/3/2025,
1304,37.3,gf,2.855,mm,OK,--,12:42:52 PM,7/3/2025,
1305,37.3,gf,2.850,mm,OK,--,12:42:52 PM,7/3/2025,
1306,37.3,gf,2.840,mm,OK,--,12:42:52 PM,7/3/2025,
1307,37.3,gf,2.835,mm,OK,--,12:42:52 PM,7/3/2025,
1308,37.3,gf,2.825,mm,OK,--,12:42:52 PM,7/3/2025,
1309,37.2,gf,2.820,mm,OK,--,12:42:52 PM,7/3/2025,
1310,37.2,gf,2.815,mm,OK,--,12:42:53 PM,7/3/2025,
1311,37.2,gf,2.810,mm,OK,--,12:42:53 PM,7/3/2025,
1312,37.2,gf,2.805,mm,OK,--,12:42:53 PM,7/3/2025,
1313,37.1,gf,2.795,mm,OK,--,12:42:53 PM,7/3/2025,
1314,37.1,gf,2.790,mm,OK,--,12:42:53 PM,7/3/2025,
1315,37.1,gf,2.785,mm,OK,--,12:42:53 PM,7/3/2025,
1316,37.1,gf,2.780,mm,OK,--,12:42:53 PM,7/3/2025,
1317,37.0,gf,2.775,mm,OK,--,12:42:53 PM,7/3/2025,
1318,37.0,gf,2.770,mm,OK,--,12:42:53 PM,7/3/2025,
1319,37.0,gf,2.765,mm,OK,--,12:42:53 PM,7/3/2025,
1320,37.0,gf,2.765,mm,OK,--,12:42:54 PM,7/3/2025,
1321,37.0,gf,2.760,mm,OK,--,12:42:54 PM,7/3/2025,
1322,36.9,gf,2.755,mm,OK,--,12:42:54 PM,7/3/2025,
1323,36.9,gf,2.750,mm,OK,--,12:42:54 PM,7/3/2025,
1324,36.9,gf,2.745,mm,OK,--,12:42:54 PM,7/3/2025,
1325,36.9,gf,2.740,mm,OK,--,12:42:54 PM,7/3/2025,
1326,36.9,gf,2.735,mm,OK,--,12:42:54 PM,7/3/2025,
1327,36.8,gf,2.730,mm,OK,--,12:42:54 PM,7/3/2025,
1328,36.8,gf,2.725,mm,OK,--,12:42:54 PM,7/3/2025,
1329,36.8,gf,2.720,mm,OK,--,12:42:54 PM,7/3/2025,
1330,36.8,gf,2.715,mm,OK,--,12:42:55 PM,7/3/2025,
1331,36.8,gf,2.710,mm,OK,--,12:42:55 PM,7/3/2025,
1332,36.8,gf,2.705,mm,OK,--,12:42:55 PM,7/3/2025,
1333,36.7,gf,2.700,mm,OK,--,12:42:55 PM,7/3/2025,
1334,36.7,gf,2.695,mm,OK,--,12:42:55 PM,7/3/2025,
1335,36.7,gf,2.695,mm,OK,--,12:42:55 PM,7/3/2025,
1336,36.7,gf,2.690,mm,OK,--,12:42:55 PM,7/3/2025,
1337,36.7,gf,2.685,mm,OK,--,12:42:55 PM,7/3/2025,
1338,36.7,gf,2.680,mm,OK,--,12:42:55 PM,7/3/2025,
1339,36.6,gf,2.670,mm,OK,--,12:42:55 PM,7/3/2025,
1340,36.6,gf,2.665,mm,OK,--,12:42:56 PM,7/3/2025,
1341,36.5,gf,2.650,mm,OK,--,12:42:56 PM,7/3/2025,
1342,36.5,gf,2.625,mm,OK,--,12:42:56 PM,7/3/2025,
1343,36.5,gf,2.620,mm,OK,--,12:42:56 PM,7/3/2025,
1344,36.5,gf,2.615,mm,OK,--,12:42:56 PM,7/3/2025,
1345,36.5,gf,2.610,mm,OK,--,12:42:56 PM,7/3/2025,
1346,36.5,gf,2.605,mm,OK,--,12:42:56 PM,7/3/2025,
1347,36.4,gf,2.600,mm,OK,--,12:42:56 PM,7/3/2025,
1348,36.4,gf,2.595,mm,OK,--,12:42:56 PM,7/3/2025,
1349,36.4,gf,2.585,mm,OK,--,12:42:56 PM,7/3/2025,
1350,36.4,gf,2.580,mm,OK,--,12:42:57 PM,7/3/2025,
1351,36.4,gf,2.570,mm,OK,--,12:42:57 PM,7/3/2025,
1352,36.3,gf,2.560,mm,OK,--,12:42:57 PM,7/3/2025,
1353,36.3,gf,2.560,mm,OK,--,12:42:57 PM,7/3/2025,
1354,36.3,gf,2.555,mm,OK,--,12:42:57 PM,7/3/2025,
1355,36.3,gf,2.550,mm,OK,--,12:42:57 PM,7/3/2025,
1356,36.2,gf,2.545,mm,OK,--,12:42:57 PM,7/3/2025,
1357,36.2,gf,2.540,mm,OK,--,12:42:57 PM,7/3/2025,
1358,36.2,gf,2.535,mm,OK,--,12:42:57 PM,7/3/2025,
1359,36.2,gf,2.535,mm,OK,--,12:42:57 PM,7/3/2025,
1360,36.2,gf,2.530,mm,OK,--,12:42:58 PM,7/3/2025,
1361,36.2,gf,2.525,mm,OK,--,12:42:58 PM,7/3/2025,
1362,36.2,gf,2.520,mm,OK,--,12:42:58 PM,7/3/2025,
1363,36.2,gf,2.515,mm,OK,--,12:42:58 PM,7/3/2025,
1364,36.1,gf,2.515,mm,OK,--,12:42:58 PM,7/3/2025,
1365,36.1,gf,2.510,mm,OK,--,12:42:58 PM,7/3/2025,
1366,36.1,gf,2.505,mm,OK,--,12:42:58 PM,7/3/2025,
1367,36.1,gf,2.500,mm,OK,--,12:42:58 PM,7/3/2025,
1368,36.1,gf,2.490,mm,OK,--,12:42:58 PM,7/3/2025,
1369,36.1,gf,2.485,mm,OK,--,12:42:58 PM,7/3/2025,
1370,36.0,gf,2.480,mm,OK,--,12:42:59 PM,7/3/2025,
1371,36.0,gf,2.475,mm,OK,--,12:42:59 PM,7/3/2025,
1372,36.0,gf,2.470,mm,OK,--,12:42:59 PM,7/3/2025,
1373,36.0,gf,2.460,mm,OK,--,12:42:59 PM,7/3/2025,
1374,36.0,gf,2.455,mm,OK,--,12:42:59 PM,7/3/2025,
1375,36.0,gf,2.450,mm,OK,--,12:42:59 PM,7/3/2025,
1376,36.0,gf,2.450,mm,OK,--,12:42:59 PM,7/3/2025,
1377,35.9,gf,2.445,mm,OK,--,12:42:59 PM,7/3/2025,
1378,35.9,gf,2.440,mm,OK,--,12:42:59 PM,7/3/2025,
1379,35.9,gf,2.435,mm,OK,--,12:42:59 PM,7/3/2025,
1380,35.9,gf,2.430,mm,OK,--,12:43:00 PM,7/3/2025,
1381,35.9,gf,2.425,mm,OK,--,12:43:00 PM,7/3/2025,
1382,35.9,gf,2.415,mm,OK,--,12:43:00 PM,7/3/2025,
1383,35.8,gf,2.405,mm,OK,--,12:43:00 PM,7/3/2025,
1384,35.8,gf,2.400,mm,OK,--,12:43:00 PM,7/3/2025,
1385,35.8,gf,2.390,mm,OK,--,12:43:00 PM,7/3/2025,
1386,35.8,gf,2.385,mm,OK,--,12:43:00 PM,7/3/2025,
1387,35.7,gf,2.380,mm,OK,--,12:43:00 PM,7/3/2025,
1388,35.7,gf,2.370,mm,OK,--,12:43:00 PM,7/3/2025,
1389,35.7,gf,2.360,mm,OK,--,12:43:00 PM,7/3/2025,
1390,35.7,gf,2.355,mm,OK,--,12:43:01 PM,7/3/2025,
1391,35.6,gf,2.345,mm,OK,--,12:43:01 PM,7/3/2025,
1392,35.6,gf,2.340,mm,OK,--,12:43:01 PM,7/3/2025,
1393,35.6,gf,2.335,mm,OK,--,12:43:01 PM,7/3/2025,
1394,35.6,gf,2.325,mm,OK,--,12:43:01 PM,7/3/2025,
1395,35.6,gf,2.320,mm,OK,--,12:43:01 PM,7/3/2025,
1396,35.5,gf,2.310,mm,OK,--,12:43:01 PM,7/3/2025,
1397,35.5,gf,2.305,mm,OK,--,12:43:01 PM,7/3/2025,
1398,35.5,gf,2.300,mm,OK,--,12:43:01 PM,7/3/2025,
1399,35.5,gf,2.295,mm,OK,--,12:43:01 PM,7/3/2025,
1400,35.4,gf,2.285,mm,OK,--,12:43:02 PM,7/3/2025,
1401,35.4,gf,2.280,mm,OK,--,12:43:02 PM,7/3/2025,
1402,35.4,gf,2.275,mm,OK,--,12:43:02 PM,7/3/2025,
1403,35.4,gf,2.270,mm,OK,--,12:43:02 PM,7/3/2025,
1404,35.4,gf,2.265,mm,OK,--,12:43:02 PM,7/3/2025,
1405,35.4,gf,2.260,mm,OK,--,12:43:02 PM,7/3/2025,
1406,35.3,gf,2.255,mm,OK,--,12:43:02 PM,7/3/2025,
1407,35.3,gf,2.245,mm,OK,--,12:43:02 PM,7/3/2025,
1408,35.3,gf,2.240,mm,OK,--,12:43:02 PM,7/3/2025,
1409,35.3,gf,2.230,mm,OK,--,12:43:02 PM,7/3/2025,
1410,35.2,gf,2.225,mm,OK,--,12:43:03 PM,7/3/2025,
1411,35.2,gf,2.215,mm,OK,--,12:43:03 PM,7/3/2025,
1412,35.2,gf,2.210,mm,OK,--,12:43:03 PM,7/3/2025,
1413,35.2,gf,2.205,mm,OK,--,12:43:03 PM,7/3/2025,
1414,35.2,gf,2.200,mm,OK,--,12:43:03 PM,7/3/2025,
1415,35.1,gf,2.195,mm,OK,--,12:43:03 PM,7/3/2025,
1416,35.1,gf,2.190,mm,OK,--,12:43:03 PM,7/3/2025,
1417,35.1,gf,2.180,mm,OK,--,12:43:03 PM,7/3/2025,
1418,35.1,gf,2.175,mm,OK,--,12:43:03 PM,7/3/2025,
1419,35.1,gf,2.170,mm,OK,--,12:43:03 PM,7/3/2025,
1420,35.1,gf,2.165,mm,OK,--,12:43:04 PM,7/3/2025,
1421,35.0,gf,2.160,mm,OK,--,12:43:04 PM,7/3/2025,
1422,35.0,gf,2.150,mm,OK,--,12:43:04 PM,7/3/2025,
1423,35.0,gf,2.145,mm,OK,--,12:43:04 PM,7/3/2025,
1424,35.0,gf,2.135,mm,OK,--,12:43:04 PM,7/3/2025,
1425,34.9,gf,2.125,mm,OK,--,12:43:04 PM,7/3/2025,
1426,34.8,gf,2.110,mm,OK,--,12:43:04 PM,7/3/2025,
1427,34.8,gf,2.095,mm,OK,--,12:43:04 PM,7/3/2025,
1428,34.8,gf,2.085,mm,OK,--,12:43:04 PM,7/3/2025,
1429,34.8,gf,2.080,mm,OK,--,12:43:04 PM,7/3/2025,
1430,34.7,gf,2.075,mm,OK,--,12:43:05 PM,7/3/2025,
1431,34.7,gf,2.065,mm,OK,--,12:43:05 PM,7/3/2025,
1432,34.7,gf,2.060,mm,OK,--,12:43:05 PM,7/3/2025,
1433,34.7,gf,2.055,mm,OK,--,12:43:05 PM,7/3/2025,
1434,34.7,gf,2.050,mm,OK,--,12:43:05 PM,7/3/2025,
1435,34.6,gf,2.045,mm,OK,--,12:43:05 PM,7/3/2025,
1436,34.6,gf,2.035,mm,OK,--,12:43:05 PM,7/3/2025,
1437,34.6,gf,2.030,mm,OK,--,12:43:05 PM,7/3/2025,
1438,34.6,gf,2.025,mm,OK,--,12:43:05 PM,7/3/2025,
1439,34.6,gf,2.020,mm,OK,--,12:43:05 PM,7/3/2025,
1440,34.5,gf,2.010,mm,OK,--,12:43:06 PM,7/3/2025,
1441,34.5,gf,2.005,mm,OK,--,12:43:06 PM,7/3/2025,
1442,34.5,gf,2.000,mm,OK,--,12:43:06 PM,7/3/2025,
1443,34.5,gf,1.995,mm,OK,--,12:43:06 PM,7/3/2025,
1444,34.4,gf,1.985,mm,OK,--,12:43:06 PM,7/3/2025,
1445,34.4,gf,1.980,mm,OK,--,12:43:06 PM,7/3/2025,
1446,34.4,gf,1.975,mm,OK,--,12:43:06 PM,7/3/2025,
1447,34.3,gf,1.960,mm,OK,--,12:43:06 PM,7/3/2025,
1448,34.3,gf,1.945,mm,OK,--,12:43:06 PM,7/3/2025,
1449,34.2,gf,1.930,mm,OK,--,12:43:06 PM,7/3/2025,
1450,34.1,gf,1.920,mm,OK,--,12:43:07 PM,7/3/2025,
1451,34.1,gf,1.905,mm,OK,--,12:43:07 PM,7/3/2025,
1452,34.0,gf,1.895,mm,OK,--,12:43:07 PM,7/3/2025,
1453,34.0,gf,1.880,mm,OK,--,12:43:07 PM,7/3/2025,
1454,34.0,gf,1.875,mm,OK,--,12:43:07 PM,7/3/2025,
1455,34.0,gf,1.870,mm,OK,--,12:43:07 PM,7/3/2025,
1456,34.0,gf,1.860,mm,OK,--,12:43:07 PM,7/3/2025,
1457,33.9,gf,1.855,mm,OK,--,12:43:07 PM,7/3/2025,
1458,33.9,gf,1.850,mm,OK,--,12:43:07 PM,7/3/2025,
1459,33.9,gf,1.845,mm,OK,--,12:43:07 PM,7/3/2025,
1460,33.9,gf,1.845,mm,OK,--,12:43:08 PM,7/3/2025,
1461,33.9,gf,1.840,mm,OK,--,12:43:08 PM,7/3/2025,
1462,33.8,gf,1.830,mm,OK,--,12:43:08 PM,7/3/2025,
1463,33.9,gf,1.825,mm,OK,--,12:43:08 PM,7/3/2025,
1464,33.9,gf,1.825,mm,OK,--,12:43:08 PM,7/3/2025,
1465,33.8,gf,1.820,mm,OK,--,12:43:08 PM,7/3/2025,
1466,33.8,gf,1.815,mm,OK,--,12:43:08 PM,7/3/2025,
1467,33.8,gf,1.810,mm,OK,--,12:43:08 PM,7/3/2025,
1468,33.8,gf,1.805,mm,OK,--,12:43:08 PM,7/3/2025,
1469,33.8,gf,1.800,mm,OK,--,12:43:08 PM,7/3/2025,
1470,33.7,gf,1.795,mm,OK,--,12:43:09 PM,7/3/2025,
1471,33.7,gf,1.790,mm,OK,--,12:43:09 PM,7/3/2025,
1472,33.7,gf,1.785,mm,OK,--,12:43:09 PM,7/3/2025,
1473,33.7,gf,1.775,mm,OK,--,12:43:09 PM,7/3/2025,
1474,33.7,gf,1.770,mm,OK,--,12:43:09 PM,7/3/2025,
1475,33.6,gf,1.760,mm,OK,--,12:43:09 PM,7/3/2025,
1476,33.6,gf,1.755,mm,OK,--,12:43:09 PM,7/3/2025,
1477,33.6,gf,1.745,mm,OK,--,12:43:09 PM,7/3/2025,
1478,33.5,gf,1.740,mm,OK,--,12:43:09 PM,7/3/2025,
1479,33.5,gf,1.735,mm,OK,--,12:43:09 PM,7/3/2025,
1480,33.5,gf,1.725,mm,OK,--,12:43:10 PM,7/3/2025,
1481,33.4,gf,1.720,mm,OK,--,12:43:10 PM,7/3/2025,
1482,33.4,gf,1.710,mm,OK,--,12:43:10 PM,7/3/2025,
1483,33.4,gf,1.705,mm,OK,--,12:43:10 PM,7/3/2025,
1484,33.4,gf,1.700,mm,OK,--,12:43:10 PM,7/3/2025,
1485,33.4,gf,1.695,mm,OK,--,12:43:10 PM,7/3/2025,
1486,33.4,gf,1.690,mm,OK,--,12:43:10 PM,7/3/2025,
1487,33.3,gf,1.680,mm,OK,--,12:43:10 PM,7/3/2025,
1488,33.3,gf,1.680,mm,OK,--,12:43:10 PM,7/3/2025,
1489,33.3,gf,1.680,mm,OK,--,12:43:10 PM,7/3/2025,
1490,33.3,gf,1.675,mm,OK,--,12:43:11 PM,7/3/2025,
1491,33.3,gf,1.670,mm,OK,--,12:43:11 PM,7/3/2025,
1492,33.2,gf,1.660,mm,OK,--,12:43:11 PM,7/3/2025,
1493,33.2,gf,1.655,mm,OK,--,12:43:11 PM,7/3/2025,
1494,33.2,gf,1.645,mm,OK,--,12:43:11 PM,7/3/2025,
1495,33.1,gf,1.635,mm,OK,--,12:43:11 PM,7/3/2025,
1496,33.1,gf,1.620,mm,OK,--,12:43:11 PM,7/3/2025,
1497,33.0,gf,1.615,mm,OK,--,12:43:11 PM,7/3/2025,
1498,33.0,gf,1.605,mm,OK,--,12:43:11 PM,7/3/2025,
1499,33.0,gf,1.595,mm,OK,--,12:43:11 PM,7/3/2025,
1500,33.0,gf,1.590,mm,OK,--,12:43:12 PM,7/3/2025,
1501,33.0,gf,1.580,mm,OK,--,12:43:12 PM,7/3/2025,
1502,32.9,gf,1.575,mm,OK,--,12:43:12 PM,7/3/2025,
1503,32.9,gf,1.570,mm,OK,--,12:43:12 PM,7/3/2025,
1504,32.9,gf,1.560,mm,OK,--,12:43:12 PM,7/3/2025,
1505,32.9,gf,1.555,mm,OK,--,12:43:12 PM,7/3/2025,
1506,32.9,gf,1.550,mm,OK,--,12:43:12 PM,7/3/2025,
1507,32.8,gf,1.545,mm,OK,--,12:43:12 PM,7/3/2025,
1508,32.8,gf,1.540,mm,OK,--,12:43:12 PM,7/3/2025,
1509,32.8,gf,1.535,mm,OK,--,12:43:12 PM,7/3/2025,
1510,32.8,gf,1.525,mm,OK,--,12:43:13 PM,7/3/2025,
1511,32.8,gf,1.520,mm,OK,--,12:43:13 PM,7/3/2025,
1512,32.7,gf,1.515,mm,OK,--,12:43:13 PM,7/3/2025,
1513,32.7,gf,1.505,mm,OK,--,12:43:13 PM,7/3/2025,
1514,32.7,gf,1.500,mm,OK,--,12:43:13 PM,7/3/2025,
1515,32.7,gf,1.500,mm,OK,--,12:43:13 PM,7/3/2025,
1516,32.7,gf,1.495,mm,OK,--,12:43:13 PM,7/3/2025,
1517,32.6,gf,1.485,mm,OK,--,12:43:13 PM,7/3/2025,
1518,32.6,gf,1.480,mm,OK,--,12:43:13 PM,7/3/2025,
1519,32.6,gf,1.470,mm,OK,--,12:43:13 PM,7/3/2025,
1520,32.5,gf,1.460,mm,OK,--,12:43:14 PM,7/3/2025,
1521,32.5,gf,1.450,mm,OK,--,12:43:14 PM,7/3/2025,
1522,32.4,gf,1.440,mm,OK,--,12:43:14 PM,7/3/2025,
1523,32.4,gf,1.430,mm,OK,--,12:43:14 PM,7/3/2025,
1524,32.4,gf,1.425,mm,OK,--,12:43:14 PM,7/3/2025,
1525,32.4,gf,1.415,mm,OK,--,12:43:14 PM,7/3/2025,
1526,32.4,gf,1.405,mm,OK,--,12:43:14 PM,7/3/2025,
1527,32.3,gf,1.395,mm,OK,--,12:43:14 PM,7/3/2025,
1528,32.2,gf,1.390,mm,OK,--,12:43:14 PM,7/3/2025,
1529,32.2,gf,1.380,mm,OK,--,12:43:14 PM,7/3/2025,
1530,32.2,gf,1.375,mm,OK,--,12:43:15 PM,7/3/2025,
1531,32.1,gf,1.365,mm,OK,--,12:43:15 PM,7/3/2025,
1532,32.1,gf,1.355,mm,OK,--,12:43:15 PM,7/3/2025,
1533,32.1,gf,1.350,mm,OK,--,12:43:15 PM,7/3/2025,
1534,32.1,gf,1.345,mm,OK,--,12:43:15 PM,7/3/2025,
1535,32.1,gf,1.340,mm,OK,--,12:43:15 PM,7/3/2025,
1536,32.1,gf,1.335,mm,OK,--,12:43:15 PM,7/3/2025,
1537,32.1,gf,1.325,mm,OK,--,12:43:15 PM,7/3/2025,
1538,32.1,gf,1.320,mm,OK,--,12:43:15 PM,7/3/2025,
1539,32.0,gf,1.315,mm,OK,--,12:43:15 PM,7/3/2025,
1540,32.0,gf,1.305,mm,OK,--,12:43:16 PM,7/3/2025,
1541,32.0,gf,1.300,mm,OK,--,12:43:16 PM,7/3/2025,
1542,32.0,gf,1.290,mm,OK,--,12:43:16 PM,7/3/2025,
1543,32.0,gf,1.285,mm,OK,--,12:43:16 PM,7/3/2025,
1544,32.0,gf,1.280,mm,OK,--,12:43:16 PM,7/3/2025,
1545,31.9,gf,1.275,mm,OK,--,12:43:16 PM,7/3/2025,
1546,31.9,gf,1.270,mm,OK,--,12:43:16 PM,7/3/2025,
1547,31.9,gf,1.265,mm,OK,--,12:43:16 PM,7/3/2025,
1548,31.9,gf,1.260,mm,OK,--,12:43:16 PM,7/3/2025,
1549,31.9,gf,1.255,mm,OK,--,12:43:16 PM,7/3/2025,
1550,31.9,gf,1.250,mm,OK,--,12:43:17 PM,7/3/2025,
1551,31.8,gf,1.245,mm,OK,--,12:43:17 PM,7/3/2025,
1552,31.8,gf,1.240,mm,OK,--,12:43:17 PM,7/3/2025,
1553,31.8,gf,1.235,mm,OK,--,12:43:17 PM,7/3/2025,
1554,31.8,gf,1.225,mm,OK,--,12:43:17 PM,7/3/2025,
1555,31.8,gf,1.225,mm,OK,--,12:43:17 PM,7/3/2025,
1556,31.8,gf,1.220,mm,OK,--,12:43:17 PM,7/3/2025,
1557,31.7,gf,1.215,mm,OK,--,12:43:17 PM,7/3/2025,
1558,31.7,gf,1.215,mm,OK,--,12:43:17 PM,7/3/2025,
1559,31.7,gf,1.205,mm,OK,--,12:43:17 PM,7/3/2025,
1560,31.7,gf,1.200,mm,OK,--,12:43:18 PM,7/3/2025,
1561,31.7,gf,1.200,mm,OK,--,12:43:18 PM,7/3/2025,
1562,31.7,gf,1.195,mm,OK,--,12:43:18 PM,7/3/2025,
1563,31.7,gf,1.190,mm,OK,--,12:43:18 PM,7/3/2025,
1564,31.6,gf,1.190,mm,OK,--,12:43:18 PM,7/3/2025,
1565,31.6,gf,1.185,mm,OK,--,12:43:18 PM,7/3/2025,
1566,31.6,gf,1.180,mm,OK,--,12:43:18 PM,7/3/2025,
1567,31.6,gf,1.175,mm,OK,--,12:43:18 PM,7/3/2025,
1568,31.6,gf,1.170,mm,OK,--,12:43:18 PM,7/3/2025,
1569,31.6,gf,1.165,mm,OK,--,12:43:18 PM,7/3/2025,
1570,31.5,gf,1.155,mm,OK,--,12:43:19 PM,7/3/2025,
1571,31.5,gf,1.150,mm,OK,--,12:43:19 PM,7/3/2025,
1572,31.5,gf,1.140,mm,OK,--,12:43:19 PM,7/3/2025,
1573,31.5,gf,1.135,mm,OK,--,12:43:19 PM,7/3/2025,
1574,31.4,gf,1.125,mm,OK,--,12:43:19 PM,7/3/2025,
1575,31.4,gf,1.120,mm,OK,--,12:43:19 PM,7/3/2025,
1576,31.4,gf,1.115,mm,OK,--,12:43:19 PM,7/3/2025,
1577,31.4,gf,1.110,mm,OK,--,12:43:19 PM,7/3/2025,
1578,31.4,gf,1.105,mm,OK,--,12:43:19 PM,7/3/2025,
1579,31.4,gf,1.105,mm,OK,--,12:43:19 PM,7/3/2025,
1580,31.4,gf,1.100,mm,OK,--,12:43:20 PM,7/3/2025,
1581,31.3,gf,1.100,mm,OK,--,12:43:20 PM,7/3/2025,
1582,31.3,gf,1.095,mm,OK,--,12:43:20 PM,7/3/2025,
1583,31.3,gf,1.090,mm,OK,--,12:43:20 PM,7/3/2025,
1584,31.3,gf,1.085,mm,OK,--,12:43:20 PM,7/3/2025,
1585,31.3,gf,1.085,mm,OK,--,12:43:20 PM,7/3/2025,
1586,31.3,gf,1.080,mm,OK,--,12:43:20 PM,7/3/2025,
1587,31.3,gf,1.075,mm,OK,--,12:43:20 PM,7/3/2025,
1588,31.3,gf,1.075,mm,OK,--,12:43:20 PM,7/3/2025,
1589,31.2,gf,1.070,mm,OK,--,12:43:20 PM,7/3/2025,
1590,31.2,gf,1.070,mm,OK,--,12:43:21 PM,7/3/2025,
1591,31.2,gf,1.065,mm,OK,--,12:43:21 PM,7/3/2025,
1592,31.2,gf,1.060,mm,OK,--,12:43:21 PM,7/3/2025,
1593,31.2,gf,1.060,mm,OK,--,12:43:21 PM,7/3/2025,
1594,31.2,gf,1.055,mm,OK,--,12:43:21 PM,7/3/2025,
1595,31.2,gf,1.055,mm,OK,--,12:43:21 PM,7/3/2025,
1596,31.2,gf,1.055,mm,OK,--,12:43:21 PM,7/3/2025,
1597,31.2,gf,1.050,mm,OK,--,12:43:21 PM,7/3/2025,
1598,31.2,gf,1.050,mm,OK,--,12:43:21 PM,7/3/2025,
1599,31.2,gf,1.045,mm,OK,--,12:43:21 PM,7/3/2025,
1600,31.1,gf,1.045,mm,OK,--,12:43:22 PM,7/3/2025,
1601,31.1,gf,1.040,mm,OK,--,12:43:22 PM,7/3/2025,
1602,31.1,gf,1.040,mm,OK,--,12:43:22 PM,7/3/2025,
1603,31.1,gf,1.035,mm,OK,--,12:43:22 PM,7/3/2025,
1604,31.1,gf,1.030,mm,OK,--,12:43:22 PM,7/3/2025,
1605,31.1,gf,1.025,mm,OK,--,12:43:22 PM,7/3/2025,
1606,31.1,gf,1.020,mm,OK,--,12:43:22 PM,7/3/2025,
1607,31.1,gf,1.020,mm,OK,--,12:43:22 PM,7/3/2025,
1608,31.0,gf,1.015,mm,OK,--,12:43:22 PM,7/3/2025,
1609,31.0,gf,1.015,mm,OK,--,12:43:22 PM,7/3/2025,
1610,31.0,gf,1.015,mm,OK,--,12:43:23 PM,7/3/2025,
1611,31.0,gf,1.010,mm,OK,--,12:43:23 PM,7/3/2025,
1612,31.0,gf,1.010,mm,OK,--,12:43:23 PM,7/3/2025,
1613,31.0,gf,1.005,mm,OK,--,12:43:23 PM,7/3/2025,
1614,31.0,gf,1.000,mm,OK,--,12:43:23 PM,7/3/2025,
1615,31.0,gf,1.000,mm,OK,--,12:43:23 PM,7/3/2025,
1616,31.0,gf,0.995,mm,OK,--,12:43:23 PM,7/3/2025,
1617,31.0,gf,0.995,mm,OK,--,12:43:23 PM,7/3/2025,
1618,31.0,gf,0.990,mm,OK,--,12:43:23 PM,7/3/2025,
1619,30.9,gf,0.985,mm,OK,--,12:43:23 PM,7/3/2025,
1620,30.9,gf,0.980,mm,OK,--,12:43:24 PM,7/3/2025,
1621,30.9,gf,0.980,mm,OK,--,12:43:24 PM,7/3/2025,
1622,30.9,gf,0.975,mm,OK,--,12:43:24 PM,7/3/2025,
1623,30.9,gf,0.975,mm,OK,--,12:43:24 PM,7/3/2025,
1624,30.9,gf,0.970,mm,OK,--,12:43:24 PM,7/3/2025,
1625,30.9,gf,0.960,mm,OK,--,12:43:24 PM,7/3/2025,
1626,30.8,gf,0.960,mm,OK,--,12:43:24 PM,7/3/2025,
1627,30.8,gf,0.955,mm,OK,--,12:43:24 PM,7/3/2025,
1628,30.8,gf,0.950,mm,OK,--,12:43:24 PM,7/3/2025,
1629,30.8,gf,0.945,mm,OK,--,12:43:24 PM,7/3/2025,
1630,30.8,gf,0.945,mm,OK,--,12:43:25 PM,7/3/2025,
1631,30.8,gf,0.940,mm,OK,--,12:43:25 PM,7/3/2025,
1632,30.8,gf,0.940,mm,OK,--,12:43:25 PM,7/3/2025,
1633,30.8,gf,0.935,mm,OK,--,12:43:25 PM,7/3/2025,
1634,30.7,gf,0.930,mm,OK,--,12:43:25 PM,7/3/2025,
1635,30.7,gf,0.925,mm,OK,--,12:43:25 PM,7/3/2025,
1636,30.7,gf,0.920,mm,OK,--,12:43:25 PM,7/3/2025,
1637,30.7,gf,0.920,mm,OK,--,12:43:25 PM,7/3/2025,
1638,30.7,gf,0.915,mm,OK,--,12:43:25 PM,7/3/2025,
1639,30.7,gf,0.910,mm,OK,--,12:43:25 PM,7/3/2025,
1640,30.7,gf,0.910,mm,OK,--,12:43:26 PM,7/3/2025,
1641,30.7,gf,0.905,mm,OK,--,12:43:26 PM,7/3/2025,
1642,30.6,gf,0.900,mm,OK,--,12:43:26 PM,7/3/2025,
1643,30.6,gf,0.895,mm,OK,--,12:43:26 PM,7/3/2025,
1644,30.6,gf,0.895,mm,OK,--,12:43:26 PM,7/3/2025,
1645,30.6,gf,0.890,mm,OK,--,12:43:26 PM,7/3/2025,
1646,30.6,gf,0.890,mm,OK,--,12:43:26 PM,7/3/2025,
1647,30.6,gf,0.885,mm,OK,--,12:43:26 PM,7/3/2025,
1648,30.6,gf,0.880,mm,OK,--,12:43:26 PM,7/3/2025,
1649,30.5,gf,0.875,mm,OK,--,12:43:26 PM,7/3/2025,
1650,30.5,gf,0.870,mm,OK,--,12:43:27 PM,7/3/2025,
1651,30.5,gf,0.870,mm,OK,--,12:43:27 PM,7/3/2025,
1652,30.5,gf,0.865,mm,OK,--,12:43:27 PM,7/3/2025,
1653,30.5,gf,0.860,mm,OK,--,12:43:27 PM,7/3/2025,
1654,30.5,gf,0.855,mm,OK,--,12:43:27 PM,7/3/2025,
1655,30.5,gf,0.850,mm,OK,--,12:43:27 PM,7/3/2025,
1656,30.4,gf,0.850,mm,OK,--,12:43:27 PM,7/3/2025,
1657,30.4,gf,0.845,mm,OK,--,12:43:27 PM,7/3/2025,
1658,30.4,gf,0.840,mm,OK,--,12:43:27 PM,7/3/2025,
1659,30.4,gf,0.835,mm,OK,--,12:43:27 PM,7/3/2025,
1660,30.4,gf,0.830,mm,OK,--,12:43:28 PM,7/3/2025,
1661,30.4,gf,0.825,mm,OK,--,12:43:28 PM,7/3/2025,
1662,30.4,gf,0.820,mm,OK,--,12:43:28 PM,7/3/2025,
1663,30.3,gf,0.815,mm,OK,--,12:43:28 PM,7/3/2025,
1664,30.3,gf,0.810,mm,OK,--,12:43:28 PM,7/3/2025,
1665,30.3,gf,0.805,mm,OK,--,12:43:28 PM,7/3/2025,
1666,30.3,gf,0.800,mm,OK,--,12:43:28 PM,7/3/2025,
1667,30.3,gf,0.790,mm,OK,--,12:43:28 PM,7/3/2025,
1668,30.2,gf,0.785,mm,OK,--,12:43:28 PM,7/3/2025,
1669,30.2,gf,0.775,mm,OK,--,12:43:28 PM,7/3/2025,
1670,30.1,gf,0.765,mm,OK,--,12:43:29 PM,7/3/2025,
1671,30.1,gf,0.755,mm,OK,--,12:43:29 PM,7/3/2025,
1672,30.1,gf,0.745,mm,OK,--,12:43:29 PM,7/3/2025,
1673,30.1,gf,0.740,mm,OK,--,12:43:29 PM,7/3/2025,
1674,30.0,gf,0.730,mm,OK,--,12:43:29 PM,7/3/2025,
1675,30.0,gf,0.725,mm,OK,--,12:43:29 PM,7/3/2025,
1676,30.0,gf,0.720,mm,OK,--,12:43:29 PM,7/3/2025,
1677,30.0,gf,0.720,mm,OK,--,12:43:29 PM,7/3/2025,
1678,30.0,gf,0.715,mm,OK,--,12:43:29 PM,7/3/2025,
1679,30.0,gf,0.710,mm,OK,--,12:43:29 PM,7/3/2025,
1680,30.0,gf,0.705,mm,OK,--,12:43:30 PM,7/3/2025,
1681,30.0,gf,0.700,mm,OK,--,12:43:30 PM,7/3/2025,
1682,29.9,gf,0.700,mm,OK,--,12:43:30 PM,7/3/2025,
1683,29.9,gf,0.695,mm,OK,--,12:43:30 PM,7/3/2025,
1684,29.9,gf,0.690,mm,OK,--,12:43:30 PM,7/3/2025,
1685,29.9,gf,0.690,mm,OK,--,12:43:30 PM,7/3/2025,
1686,29.9,gf,0.685,mm,OK,--,12:43:30 PM,7/3/2025,
1687,29.9,gf,0.680,mm,OK,--,12:43:30 PM,7/3/2025,
1688,29.9,gf,0.675,mm,OK,--,12:43:30 PM,7/3/2025,
1689,29.9,gf,0.670,mm,OK,--,12:43:30 PM,7/3/2025,
1690,29.8,gf,0.665,mm,OK,--,12:43:31 PM,7/3/2025,
1691,29.8,gf,0.660,mm,OK,--,12:43:31 PM,7/3/2025,
1692,29.8,gf,0.655,mm,OK,--,12:43:31 PM,7/3/2025,
1693,29.8,gf,0.650,mm,OK,--,12:43:31 PM,7/3/2025,
1694,29.8,gf,0.640,mm,OK,--,12:43:31 PM,7/3/2025,
1695,29.8,gf,0.635,mm,OK,--,12:43:31 PM,7/3/2025,
1696,29.7,gf,0.630,mm,OK,--,12:43:31 PM,7/3/2025,
1697,29.7,gf,0.625,mm,OK,--,12:43:31 PM,7/3/2025,
1698,29.7,gf,0.620,mm,OK,--,12:43:31 PM,7/3/2025,
1699,29.7,gf,0.615,mm,OK,--,12:43:31 PM,7/3/2025,
1700,29.7,gf,0.610,mm,OK,--,12:43:32 PM,7/3/2025,
1701,29.7,gf,0.610,mm,OK,--,12:43:32 PM,7/3/2025,
1702,29.6,gf,0.605,mm,OK,--,12:43:32 PM,7/3/2025,
1703,29.6,gf,0.595,mm,OK,--,12:43:32 PM,7/3/2025,
1704,29.6,gf,0.590,mm,OK,--,12:43:32 PM,7/3/2025,
1705,29.6,gf,0.590,mm,OK,--,12:43:32 PM,7/3/2025,
1706,29.6,gf,0.585,mm,OK,--,12:43:32 PM,7/3/2025,
1707,29.6,gf,0.580,mm,OK,--,12:43:32 PM,7/3/2025,
1708,29.5,gf,0.570,mm,OK,--,12:43:32 PM,7/3/2025,
1709,29.5,gf,0.560,mm,OK,--,12:43:32 PM,7/3/2025,
1710,29.4,gf,0.555,mm,OK,--,12:43:33 PM,7/3/2025,
1711,29.4,gf,0.545,mm,OK,--,12:43:33 PM,7/3/2025,
1712,29.4,gf,0.540,mm,OK,--,12:43:33 PM,7/3/2025,
1713,29.4,gf,0.535,mm,OK,--,12:43:33 PM,7/3/2025,
1714,29.4,gf,0.535,mm,OK,--,12:43:33 PM,7/3/2025,
1715,29.4,gf,0.530,mm,OK,--,12:43:33 PM,7/3/2025,
1716,29.4,gf,0.525,mm,OK,--,12:43:33 PM,7/3/2025,
1717,29.4,gf,0.520,mm,OK,--,12:43:33 PM,7/3/2025,
1718,29.4,gf,0.515,mm,OK,--,12:43:33 PM,7/3/2025,
1719,29.3,gf,0.510,mm,OK,--,12:43:33 PM,7/3/2025,
1720,29.3,gf,0.505,mm,OK,--,12:43:34 PM,7/3/2025,
1721,29.3,gf,0.500,mm,OK,--,12:43:34 PM,7/3/2025,
1722,29.3,gf,0.500,mm,OK,--,12:43:34 PM,7/3/2025,
1723,29.3,gf,0.495,mm,OK,--,12:43:34 PM,7/3/2025,
1724,29.3,gf,0.495,mm,OK,--,12:43:34 PM,7/3/2025,
1725,29.3,gf,0.495,mm,OK,--,12:43:34 PM,7/3/2025,
1726,29.3,gf,0.490,mm,OK,--,12:43:34 PM,7/3/2025,
1727,29.2,gf,0.485,mm,OK,--,12:43:34 PM,7/3/2025,
1728,29.2,gf,0.485,mm,OK,--,12:43:34 PM,7/3/2025,
1729,29.2,gf,0.475,mm,OK,--,12:43:34 PM,7/3/2025,
1730,29.2,gf,0.470,mm,OK,--,12:43:35 PM,7/3/2025,
1731,29.2,gf,0.465,mm,OK,--,12:43:35 PM,7/3/2025,
1732,29.2,gf,0.465,mm,OK,--,12:43:35 PM,7/3/2025,
1733,29.1,gf,0.460,mm,OK,--,12:43:35 PM,7/3/2025,
1734,29.1,gf,0.455,mm,OK,--,12:43:35 PM,7/3/2025,
1735,29.1,gf,0.450,mm,OK,--,12:43:35 PM,7/3/2025,
1736,29.1,gf,0.450,mm,OK,--,12:43:35 PM,7/3/2025,
1737,29.1,gf,0.445,mm,OK,--,12:43:35 PM,7/3/2025,
1738,29.1,gf,0.445,mm,OK,--,12:43:35 PM,7/3/2025,
1739,29.1,gf,0.440,mm,OK,--,12:43:35 PM,7/3/2025,
1740,29.0,gf,0.435,mm,OK,--,12:43:36 PM,7/3/2025,
1741,29.0,gf,0.430,mm,OK,--,12:43:36 PM,7/3/2025,
1742,29.0,gf,0.420,mm,OK,--,12:43:36 PM,7/3/2025,
1743,29.0,gf,0.415,mm,OK,--,12:43:36 PM,7/3/2025,
1744,28.9,gf,0.410,mm,OK,--,12:43:36 PM,7/3/2025,
1745,28.9,gf,0.410,mm,OK,--,12:43:36 PM,7/3/2025,
1746,28.9,gf,0.405,mm,OK,--,12:43:36 PM,7/3/2025,
1747,28.9,gf,0.400,mm,OK,--,12:43:36 PM,7/3/2025,
1748,28.9,gf,0.395,mm,OK,--,12:43:36 PM,7/3/2025,
1749,28.9,gf,0.395,mm,OK,--,12:43:36 PM,7/3/2025,
1750,28.9,gf,0.390,mm,OK,--,12:43:37 PM,7/3/2025,
1751,28.8,gf,0.390,mm,OK,--,12:43:37 PM,7/3/2025,
1752,28.8,gf,0.385,mm,OK,--,12:43:37 PM,7/3/2025,
1753,28.8,gf,0.380,mm,OK,--,12:43:37 PM,7/3/2025,
1754,28.8,gf,0.380,mm,OK,--,12:43:37 PM,7/3/2025,
1755,28.8,gf,0.375,mm,OK,--,12:43:37 PM,7/3/2025,
1756,28.8,gf,0.375,mm,OK,--,12:43:37 PM,7/3/2025,
1757,28.8,gf,0.370,mm,OK,--,12:43:37 PM,7/3/2025,
1758,28.8,gf,0.370,mm,OK,--,12:43:37 PM,7/3/2025,
1759,28.8,gf,0.370,mm,OK,--,12:43:37 PM,7/3/2025,
1760,28.8,gf,0.370,mm,OK,--,12:43:38 PM,7/3/2025,
1761,28.8,gf,0.365,mm,OK,--,12:43:38 PM,7/3/2025,
1762,28.8,gf,0.365,mm,OK,--,12:43:38 PM,7/3/2025,
1763,28.7,gf,0.365,mm,OK,--,12:43:38 PM,7/3/2025,
1764,28.7,gf,0.360,mm,OK,--,12:43:38 PM,7/3/2025,
1765,28.7,gf,0.360,mm,OK,--,12:43:38 PM,7/3/2025,
1766,28.7,gf,0.360,mm,OK,--,12:43:38 PM,7/3/2025,
1767,28.7,gf,0.360,mm,OK,--,12:43:38 PM,7/3/2025,
1768,28.7,gf,0.355,mm,OK,--,12:43:38 PM,7/3/2025,
1769,28.7,gf,0.355,mm,OK,--,12:43:38 PM,7/3/2025,
1770,28.7,gf,0.350,mm,OK,--,12:43:39 PM,7/3/2025,
1771,28.7,gf,0.350,mm,OK,--,12:43:39 PM,7/3/2025,
1772,28.7,gf,0.345,mm,OK,--,12:43:39 PM,7/3/2025,
1773,28.7,gf,0.345,mm,OK,--,12:43:39 PM,7/3/2025,
1774,28.6,gf,0.340,mm,OK,--,12:43:39 PM,7/3/2025,
1775,28.6,gf,0.335,mm,OK,--,12:43:39 PM,7/3/2025,
1776,28.6,gf,0.335,mm,OK,--,12:43:39 PM,7/3/2025,
1777,28.6,gf,0.330,mm,OK,--,12:43:39 PM,7/3/2025,
1778,28.6,gf,0.330,mm,OK,--,12:43:39 PM,7/3/2025,
1779,28.6,gf,0.325,mm,OK,--,12:43:39 PM,7/3/2025,
1780,28.6,gf,0.325,mm,OK,--,12:43:40 PM,7/3/2025,
1781,28.6,gf,0.325,mm,OK,--,12:43:40 PM,7/3/2025,
1782,28.6,gf,0.320,mm,OK,--,12:43:40 PM,7/3/2025,
1783,28.5,gf,0.315,mm,OK,--,12:43:40 PM,7/3/2025,
1784,28.5,gf,0.315,mm,OK,--,12:43:40 PM,7/3/2025,
1785,28.5,gf,0.310,mm,OK,--,12:43:40 PM,7/3/2025,
1786,28.5,gf,0.305,mm,OK,--,12:43:40 PM,7/3/2025,
1787,28.5,gf,0.305,mm,OK,--,12:43:40 PM,7/3/2025,
1788,28.5,gf,0.300,mm,OK,--,12:43:40 PM,7/3/2025,
1789,28.5,gf,0.300,mm,OK,--,12:43:40 PM,7/3/2025,
1790,28.5,gf,0.295,mm,OK,--,12:43:41 PM,7/3/2025,
1791,28.4,gf,0.295,mm,OK,--,12:43:41 PM,7/3/2025,
1792,28.4,gf,0.295,mm,OK,--,12:43:41 PM,7/3/2025,
1793,28.4,gf,0.290,mm,OK,--,12:43:41 PM,7/3/2025,
1794,28.4,gf,0.290,mm,OK,--,12:43:41 PM,7/3/2025,
1795,28.4,gf,0.290,mm,OK,--,12:43:41 PM,7/3/2025,
1796,28.4,gf,0.285,mm,OK,--,12:43:41 PM,7/3/2025,
1797,28.4,gf,0.285,mm,OK,--,12:43:41 PM,7/3/2025,
1798,28.4,gf,0.280,mm,OK,--,12:43:41 PM,7/3/2025,
1799,28.4,gf,0.280,mm,OK,--,12:43:41 PM,7/3/2025,
1800,28.4,gf,0.275,mm,OK,--,12:43:42 PM,7/3/2025,
1801,28.4,gf,0.275,mm,OK,--,12:43:42 PM,7/3/2025,
1802,28.4,gf,0.275,mm,OK,--,12:43:42 PM,7/3/2025,
1803,28.4,gf,0.275,mm,OK,--,12:43:42 PM,7/3/2025,
1804,28.4,gf,0.270,mm,OK,--,12:43:42 PM,7/3/2025,
1805,28.3,gf,0.270,mm,OK,--,12:43:42 PM,7/3/2025,
1806,28.3,gf,0.270,mm,OK,--,12:43:42 PM,7/3/2025,
1807,28.3,gf,0.270,mm,OK,--,12:43:42 PM,7/3/2025,
1808,28.3,gf,0.265,mm,OK,--,12:43:42 PM,7/3/2025,
1809,28.3,gf,0.265,mm,OK,--,12:43:42 PM,7/3/2025,
1810,28.3,gf,0.265,mm,OK,--,12:43:43 PM,7/3/2025,
1811,28.3,gf,0.260,mm,OK,--,12:43:43 PM,7/3/2025,
1812,28.3,gf,0.260,mm,OK,--,12:43:43 PM,7/3/2025,
1813,28.3,gf,0.260,mm,OK,--,12:43:43 PM,7/3/2025,
1814,28.3,gf,0.255,mm,OK,--,12:43:43 PM,7/3/2025,
1815,28.3,gf,0.255,mm,OK,--,12:43:43 PM,7/3/2025,
1816,28.3,gf,0.250,mm,OK,--,12:43:43 PM,7/3/2025,
1817,28.3,gf,0.250,mm,OK,--,12:43:43 PM,7/3/2025,
1818,28.3,gf,0.245,mm,OK,--,12:43:43 PM,7/3/2025,
1819,28.3,gf,0.245,mm,OK,--,12:43:43 PM,7/3/2025,
1820,28.3,gf,0.245,mm,OK,--,12:43:44 PM,7/3/2025,
1821,28.3,gf,0.240,mm,OK,--,12:43:44 PM,7/3/2025,
1822,28.3,gf,0.240,mm,OK,--,12:43:44 PM,7/3/2025,
1823,28.2,gf,0.240,mm,OK,--,12:43:44 PM,7/3/2025,
1824,28.2,gf,0.240,mm,OK,--,12:43:44 PM,7/3/2025,
1825,28.2,gf,0.235,mm,OK,--,12:43:44 PM,7/3/2025,
1826,28.2,gf,0.235,mm,OK,--,12:43:44 PM,7/3/2025,
1827,28.2,gf,0.235,mm,OK,--,12:43:44 PM,7/3/2025,
1828,28.2,gf,0.235,mm,OK,--,12:43:44 PM,7/3/2025,
1829,28.2,gf,0.230,mm,OK,--,12:43:44 PM,7/3/2025,
1830,28.2,gf,0.230,mm,OK,--,12:43:45 PM,7/3/2025,
1831,28.2,gf,0.225,mm,OK,--,12:43:45 PM,7/3/2025,
1832,28.2,gf,0.225,mm,OK,--,12:43:45 PM,7/3/2025,
1833,28.2,gf,0.220,mm,OK,--,12:43:45 PM,7/3/2025,
1834,28.2,gf,0.220,mm,OK,--,12:43:45 PM,7/3/2025,
1835,28.2,gf,0.220,mm,OK,--,12:43:45 PM,7/3/2025,
1836,28.2,gf,0.220,mm,OK,--,12:43:45 PM,7/3/2025,
1837,28.2,gf,0.220,mm,OK,--,12:43:45 PM,7/3/2025,
1838,28.2,gf,0.215,mm,OK,--,12:43:45 PM,7/3/2025,
1839,28.2,gf,0.215,mm,OK,--,12:43:45 PM,7/3/2025,
1840,28.2,gf,0.210,mm,OK,--,12:43:46 PM,7/3/2025,
1841,28.1,gf,0.210,mm,OK,--,12:43:46 PM,7/3/2025,
1842,28.1,gf,0.205,mm,OK,--,12:43:46 PM,7/3/2025,
1843,28.1,gf,0.205,mm,OK,--,12:43:46 PM,7/3/2025,
1844,28.1,gf,0.200,mm,OK,--,12:43:46 PM,7/3/2025,
1845,28.1,gf,0.200,mm,OK,--,12:43:46 PM,7/3/2025,
1846,28.1,gf,0.195,mm,OK,--,12:43:46 PM,7/3/2025,
1847,28.1,gf,0.195,mm,OK,--,12:43:46 PM,7/3/2025,
1848,28.1,gf,0.190,mm,OK,--,12:43:46 PM,7/3/2025,
1849,28.1,gf,0.185,mm,OK,--,12:43:46 PM,7/3/2025,
1850,27.6,gf,0.185,mm,OK,--,12:43:47 PM,7/3/2025,
1851,26.8,gf,0.180,mm,OK,--,12:43:47 PM,7/3/2025,
1852,26.1,gf,0.180,mm,OK,--,12:43:47 PM,7/3/2025,
1853,25.5,gf,0.180,mm,OK,--,12:43:47 PM,7/3/2025,
1854,24.6,gf,0.180,mm,OK,--,12:43:47 PM,7/3/2025,
1855,21.6,gf,0.170,mm,OK,--,12:43:47 PM,7/3/2025,
1856,17.7,gf,0.165,mm,OK,--,12:43:47 PM,7/3/2025,
1857,14.0,gf,0.160,mm,OK,--,12:43:47 PM,7/3/2025,
1858,9.4,gf,0.155,mm,OK,--,12:43:47 PM,7/3/2025,
1859,4.6,gf,0.145,mm,OK,--,12:43:47 PM,7/3/2025,
1860,0.6,gf,0.135,mm,OK,--,12:43:48 PM,7/3/2025,
1861,1.9,gf,0.135,mm,OK,--,12:43:48 PM,7/3/2025,
1862,0.9,gf,0.130,mm,OK,--,12:43:48 PM,7/3/2025,
1863,-0.1,gf,0.120,mm,OK,--,12:43:48 PM,7/3/2025,
1864,0.0,gf,0.105,mm,OK,--,12:43:48 PM,7/3/2025,
1865,0.1,gf,0.090,mm,OK,--,12:43:48 PM,7/3/2025,
1866,0.0,gf,0.075,mm,OK,--,12:43:48 PM,7/3/2025,
1867,0.0,gf,0.065,mm,OK,--,12:43:48 PM,7/3/2025,
1868,0.1,gf,0.055,mm,OK,--,12:43:48 PM,7/3/2025,
1869,0.0,gf,0.045,mm,OK,--,12:43:48 PM,7/3/2025,
1870,0.0,gf,0.035,mm,OK,--,12:43:49 PM,7/3/2025,
1871,0.0,gf,0.030,mm,OK,--,12:43:49 PM,7/3/2025,
1872,0.0,gf,0.015,mm,OK,--,12:43:49 PM,7/3/2025,
1873,0.0,gf,0.000,mm,OK,--,12:43:49 PM,7/3/2025,
1874,0.0,gf,-0.020,mm,OK,--,12:43:49 PM,7/3/2025,
1875,0.1,gf,-0.025,mm,OK,--,12:43:49 PM,7/3/2025,
1876,0.0,gf,-0.025,mm,OK,--,12:43:49 PM,7/3/2025,
1877,0.0,gf,-0.025,mm,OK,--,12:43:49 PM,7/3/2025,
1878,0.0,gf,-0.025,mm,OK,--,12:43:49 PM,7/3/2025,
1879,0.0,gf,-0.025,mm,OK,--,12:43:49 PM,7/3/2025,
1880,0.1,gf,-0.025,mm,OK,--,12:43:50 PM,7/3/2025,
1881,0.0,gf,-0.025,mm,OK,--,12:43:50 PM,7/3/2025,
1882,0.0,gf,-0.025,mm,OK,--,12:43:50 PM,7/3/2025,
1883,0.0,gf,-0.025,mm,OK,--,12:43:50 PM,7/3/2025,
1884,0.3,gf,-0.020,mm,OK,--,12:43:50 PM,7/3/2025,
1885,0.1,gf,-0.020,mm,OK,--,12:43:50 PM,7/3/2025,
1886,0.0,gf,-0.015,mm,OK,--,12:43:50 PM,7/3/2025,
1887,-0.1,gf,-0.015,mm,OK,--,12:43:50 PM,7/3/2025,
1888,0.0,gf,-0.015,mm,OK,--,12:43:50 PM,7/3/2025,
1889,0.0,gf,-0.015,mm,OK,--,12:43:50 PM,7/3/2025,
1890,0.0,gf,-0.010,mm,OK,--,12:43:51 PM,7/3/2025,
1891,0.0,gf,-0.010,mm,OK,--,12:43:51 PM,7/3/2025,
1892,0.0,gf,-0.010,mm,OK,--,12:43:51 PM,7/3/2025,
1893,0.0,gf,-0.010,mm,OK,--,12:43:51 PM,7/3/2025,
1894,0.0,gf,-0.010,mm,OK,--,12:43:51 PM,7/3/2025,
1895,0.0,gf,-0.010,mm,OK,--,12:43:51 PM,7/3/2025,
1896,0.0,gf,-0.005,mm,OK,--,12:43:51 PM,7/3/2025,
1897,0.0,gf,-0.005,mm,OK,--,12:43:51 PM,7/3/2025,
1898,0.0,gf,-0.005,mm,OK,--,12:43:51 PM,7/3/2025,
1899,0.0,gf,-0.005,mm,OK,--,12:43:51 PM,7/3/2025,
