Maximum,190.1,@,No.953,,,,,,
Minimum,-0.2,@,No.1840,,,,,,
Average,60.99,,,,,,,,
Data Quantity,1853,,,,,,,,
Number of NG,0,,,,,,,,
No.,Force,Unit,Displacement,Unit,Judge,Position,Time,Date,
1,0.0,gf,0.000,mm,OK,--,5:29:02 PM,10/13/2024,
2,0.0,gf,0.000,mm,OK,--,5:29:02 PM,10/13/2024,
3,0.0,gf,0.000,mm,OK,--,5:29:02 PM,10/13/2024,
4,0.0,gf,0.000,mm,OK,--,5:29:02 PM,10/13/2024,
5,0.0,gf,0.000,mm,OK,--,5:29:02 PM,10/13/2024,
6,0.0,gf,0.000,mm,OK,--,5:29:02 PM,10/13/2024,
7,0.0,gf,0.000,mm,OK,--,5:29:03 PM,10/13/2024,
8,0.0,gf,0.000,mm,OK,--,5:29:03 PM,10/13/2024,
9,0.0,gf,0.000,mm,OK,--,5:29:03 PM,10/13/2024,
10,0.0,gf,0.000,mm,OK,--,5:29:03 PM,10/13/2024,
11,0.0,gf,0.000,mm,OK,--,5:29:03 PM,10/13/2024,
12,0.0,gf,0.000,mm,OK,--,5:29:03 PM,10/13/2024,
13,0.0,gf,0.000,mm,OK,--,5:29:03 PM,10/13/2024,
14,0.0,gf,0.000,mm,OK,--,5:29:03 PM,10/13/2024,
15,0.0,gf,0.000,mm,OK,--,5:29:03 PM,10/13/2024,
16,0.0,gf,0.000,mm,OK,--,5:29:03 PM,10/13/2024,
17,0.0,gf,0.000,mm,OK,--,5:29:04 PM,10/13/2024,
18,0.0,gf,0.000,mm,OK,--,5:29:04 PM,10/13/2024,
19,0.0,gf,0.000,mm,OK,--,5:29:04 PM,10/13/2024,
20,0.0,gf,0.000,mm,OK,--,5:29:04 PM,10/13/2024,
21,0.0,gf,0.000,mm,OK,--,5:29:04 PM,10/13/2024,
22,0.0,gf,0.000,mm,OK,--,5:29:04 PM,10/13/2024,
23,0.0,gf,0.005,mm,OK,--,5:29:04 PM,10/13/2024,
24,0.0,gf,0.005,mm,OK,--,5:29:04 PM,10/13/2024,
25,0.0,gf,0.005,mm,OK,--,5:29:04 PM,10/13/2024,
26,0.0,gf,0.005,mm,OK,--,5:29:04 PM,10/13/2024,
27,0.0,gf,0.005,mm,OK,--,5:29:05 PM,10/13/2024,
28,0.0,gf,0.005,mm,OK,--,5:29:05 PM,10/13/2024,
29,0.0,gf,0.010,mm,OK,--,5:29:05 PM,10/13/2024,
30,0.0,gf,0.010,mm,OK,--,5:29:05 PM,10/13/2024,
31,0.0,gf,0.010,mm,OK,--,5:29:05 PM,10/13/2024,
32,0.0,gf,0.015,mm,OK,--,5:29:05 PM,10/13/2024,
33,0.0,gf,0.015,mm,OK,--,5:29:05 PM,10/13/2024,
34,0.0,gf,0.020,mm,OK,--,5:29:05 PM,10/13/2024,
35,0.0,gf,0.020,mm,OK,--,5:29:05 PM,10/13/2024,
36,0.0,gf,0.025,mm,OK,--,5:29:05 PM,10/13/2024,
37,0.0,gf,0.025,mm,OK,--,5:29:06 PM,10/13/2024,
38,0.0,gf,0.025,mm,OK,--,5:29:06 PM,10/13/2024,
39,0.0,gf,0.030,mm,OK,--,5:29:06 PM,10/13/2024,
40,0.0,gf,0.035,mm,OK,--,5:29:06 PM,10/13/2024,
41,0.0,gf,0.040,mm,OK,--,5:29:06 PM,10/13/2024,
42,0.0,gf,0.045,mm,OK,--,5:29:06 PM,10/13/2024,
43,0.0,gf,0.045,mm,OK,--,5:29:06 PM,10/13/2024,
44,0.0,gf,0.050,mm,OK,--,5:29:06 PM,10/13/2024,
45,0.0,gf,0.055,mm,OK,--,5:29:06 PM,10/13/2024,
46,0.0,gf,0.060,mm,OK,--,5:29:06 PM,10/13/2024,
47,0.0,gf,0.060,mm,OK,--,5:29:07 PM,10/13/2024,
48,0.0,gf,0.065,mm,OK,--,5:29:07 PM,10/13/2024,
49,0.0,gf,0.070,mm,OK,--,5:29:07 PM,10/13/2024,
50,0.0,gf,0.070,mm,OK,--,5:29:07 PM,10/13/2024,
51,0.0,gf,0.080,mm,OK,--,5:29:07 PM,10/13/2024,
52,0.0,gf,0.080,mm,OK,--,5:29:07 PM,10/13/2024,
53,0.0,gf,0.085,mm,OK,--,5:29:07 PM,10/13/2024,
54,0.0,gf,0.090,mm,OK,--,5:29:07 PM,10/13/2024,
55,0.0,gf,0.095,mm,OK,--,5:29:07 PM,10/13/2024,
56,0.0,gf,0.100,mm,OK,--,5:29:07 PM,10/13/2024,
57,0.0,gf,0.105,mm,OK,--,5:29:08 PM,10/13/2024,
58,0.0,gf,0.105,mm,OK,--,5:29:08 PM,10/13/2024,
59,0.3,gf,0.110,mm,OK,--,5:29:08 PM,10/13/2024,
60,2.7,gf,0.115,mm,OK,--,5:29:08 PM,10/13/2024,
61,6.5,gf,0.120,mm,OK,--,5:29:08 PM,10/13/2024,
62,9.3,gf,0.125,mm,OK,--,5:29:08 PM,10/13/2024,
63,11.6,gf,0.125,mm,OK,--,5:29:08 PM,10/13/2024,
64,13.4,gf,0.130,mm,OK,--,5:29:08 PM,10/13/2024,
65,14.9,gf,0.130,mm,OK,--,5:29:08 PM,10/13/2024,
66,16.3,gf,0.130,mm,OK,--,5:29:08 PM,10/13/2024,
67,17.2,gf,0.135,mm,OK,--,5:29:09 PM,10/13/2024,
68,18.3,gf,0.135,mm,OK,--,5:29:09 PM,10/13/2024,
69,19.5,gf,0.135,mm,OK,--,5:29:09 PM,10/13/2024,
70,20.8,gf,0.140,mm,OK,--,5:29:09 PM,10/13/2024,
71,22.1,gf,0.140,mm,OK,--,5:29:09 PM,10/13/2024,
72,23.4,gf,0.140,mm,OK,--,5:29:09 PM,10/13/2024,
73,24.9,gf,0.145,mm,OK,--,5:29:09 PM,10/13/2024,
74,26.0,gf,0.145,mm,OK,--,5:29:09 PM,10/13/2024,
75,26.7,gf,0.145,mm,OK,--,5:29:09 PM,10/13/2024,
76,27.4,gf,0.145,mm,OK,--,5:29:09 PM,10/13/2024,
77,28.8,gf,0.145,mm,OK,--,5:29:10 PM,10/13/2024,
78,29.7,gf,0.150,mm,OK,--,5:29:10 PM,10/13/2024,
79,30.6,gf,0.150,mm,OK,--,5:29:10 PM,10/13/2024,
80,31.5,gf,0.155,mm,OK,--,5:29:10 PM,10/13/2024,
81,32.5,gf,0.155,mm,OK,--,5:29:10 PM,10/13/2024,
82,33.4,gf,0.155,mm,OK,--,5:29:10 PM,10/13/2024,
83,34.4,gf,0.160,mm,OK,--,5:29:10 PM,10/13/2024,
84,35.3,gf,0.160,mm,OK,--,5:29:10 PM,10/13/2024,
85,36.6,gf,0.165,mm,OK,--,5:29:10 PM,10/13/2024,
86,37.3,gf,0.165,mm,OK,--,5:29:10 PM,10/13/2024,
87,38.1,gf,0.165,mm,OK,--,5:29:11 PM,10/13/2024,
88,38.7,gf,0.165,mm,OK,--,5:29:11 PM,10/13/2024,
89,39.4,gf,0.170,mm,OK,--,5:29:11 PM,10/13/2024,
90,40.3,gf,0.170,mm,OK,--,5:29:11 PM,10/13/2024,
91,41.3,gf,0.170,mm,OK,--,5:29:11 PM,10/13/2024,
92,41.9,gf,0.175,mm,OK,--,5:29:11 PM,10/13/2024,
93,42.2,gf,0.175,mm,OK,--,5:29:11 PM,10/13/2024,
94,42.6,gf,0.180,mm,OK,--,5:29:11 PM,10/13/2024,
95,42.8,gf,0.180,mm,OK,--,5:29:11 PM,10/13/2024,
96,42.9,gf,0.185,mm,OK,--,5:29:11 PM,10/13/2024,
97,43.1,gf,0.185,mm,OK,--,5:29:12 PM,10/13/2024,
98,43.1,gf,0.190,mm,OK,--,5:29:12 PM,10/13/2024,
99,43.3,gf,0.190,mm,OK,--,5:29:12 PM,10/13/2024,
100,43.5,gf,0.195,mm,OK,--,5:29:12 PM,10/13/2024,
101,43.7,gf,0.200,mm,OK,--,5:29:12 PM,10/13/2024,
102,43.8,gf,0.200,mm,OK,--,5:29:12 PM,10/13/2024,
103,43.8,gf,0.205,mm,OK,--,5:29:12 PM,10/13/2024,
104,44.0,gf,0.210,mm,OK,--,5:29:12 PM,10/13/2024,
105,44.0,gf,0.215,mm,OK,--,5:29:12 PM,10/13/2024,
106,43.5,gf,0.220,mm,OK,--,5:29:12 PM,10/13/2024,
107,44.5,gf,0.225,mm,OK,--,5:29:13 PM,10/13/2024,
108,44.8,gf,0.230,mm,OK,--,5:29:13 PM,10/13/2024,
109,44.9,gf,0.230,mm,OK,--,5:29:13 PM,10/13/2024,
110,45.0,gf,0.235,mm,OK,--,5:29:13 PM,10/13/2024,
111,45.1,gf,0.240,mm,OK,--,5:29:13 PM,10/13/2024,
112,43.9,gf,0.245,mm,OK,--,5:29:13 PM,10/13/2024,
113,44.4,gf,0.255,mm,OK,--,5:29:13 PM,10/13/2024,
114,44.5,gf,0.260,mm,OK,--,5:29:13 PM,10/13/2024,
115,43.7,gf,0.270,mm,OK,--,5:29:13 PM,10/13/2024,
116,44.0,gf,0.275,mm,OK,--,5:29:13 PM,10/13/2024,
117,44.1,gf,0.280,mm,OK,--,5:29:14 PM,10/13/2024,
118,43.7,gf,0.285,mm,OK,--,5:29:14 PM,10/13/2024,
119,43.8,gf,0.290,mm,OK,--,5:29:14 PM,10/13/2024,
120,43.8,gf,0.295,mm,OK,--,5:29:14 PM,10/13/2024,
121,43.8,gf,0.300,mm,OK,--,5:29:14 PM,10/13/2024,
122,43.7,gf,0.300,mm,OK,--,5:29:14 PM,10/13/2024,
123,43.5,gf,0.305,mm,OK,--,5:29:14 PM,10/13/2024,
124,43.5,gf,0.310,mm,OK,--,5:29:14 PM,10/13/2024,
125,43.5,gf,0.310,mm,OK,--,5:29:14 PM,10/13/2024,
126,43.5,gf,0.315,mm,OK,--,5:29:14 PM,10/13/2024,
127,43.5,gf,0.315,mm,OK,--,5:29:15 PM,10/13/2024,
128,43.5,gf,0.320,mm,OK,--,5:29:15 PM,10/13/2024,
129,43.6,gf,0.320,mm,OK,--,5:29:15 PM,10/13/2024,
130,43.6,gf,0.325,mm,OK,--,5:29:15 PM,10/13/2024,
131,43.6,gf,0.325,mm,OK,--,5:29:15 PM,10/13/2024,
132,43.6,gf,0.330,mm,OK,--,5:29:15 PM,10/13/2024,
133,43.6,gf,0.330,mm,OK,--,5:29:15 PM,10/13/2024,
134,43.6,gf,0.335,mm,OK,--,5:29:15 PM,10/13/2024,
135,43.6,gf,0.335,mm,OK,--,5:29:15 PM,10/13/2024,
136,43.6,gf,0.340,mm,OK,--,5:29:15 PM,10/13/2024,
137,43.6,gf,0.340,mm,OK,--,5:29:16 PM,10/13/2024,
138,43.6,gf,0.345,mm,OK,--,5:29:16 PM,10/13/2024,
139,43.6,gf,0.345,mm,OK,--,5:29:16 PM,10/13/2024,
140,43.7,gf,0.350,mm,OK,--,5:29:16 PM,10/13/2024,
141,43.7,gf,0.350,mm,OK,--,5:29:16 PM,10/13/2024,
142,43.7,gf,0.355,mm,OK,--,5:29:16 PM,10/13/2024,
143,43.7,gf,0.355,mm,OK,--,5:29:16 PM,10/13/2024,
144,43.7,gf,0.360,mm,OK,--,5:29:16 PM,10/13/2024,
145,43.7,gf,0.360,mm,OK,--,5:29:16 PM,10/13/2024,
146,43.8,gf,0.365,mm,OK,--,5:29:16 PM,10/13/2024,
147,43.8,gf,0.365,mm,OK,--,5:29:17 PM,10/13/2024,
148,43.8,gf,0.370,mm,OK,--,5:29:17 PM,10/13/2024,
149,43.7,gf,0.370,mm,OK,--,5:29:17 PM,10/13/2024,
150,43.6,gf,0.375,mm,OK,--,5:29:17 PM,10/13/2024,
151,43.5,gf,0.380,mm,OK,--,5:29:17 PM,10/13/2024,
152,43.5,gf,0.380,mm,OK,--,5:29:17 PM,10/13/2024,
153,43.5,gf,0.385,mm,OK,--,5:29:17 PM,10/13/2024,
154,43.6,gf,0.385,mm,OK,--,5:29:17 PM,10/13/2024,
155,43.6,gf,0.390,mm,OK,--,5:29:17 PM,10/13/2024,
156,43.6,gf,0.390,mm,OK,--,5:29:17 PM,10/13/2024,
157,43.6,gf,0.395,mm,OK,--,5:29:18 PM,10/13/2024,
158,43.6,gf,0.400,mm,OK,--,5:29:18 PM,10/13/2024,
159,43.6,gf,0.405,mm,OK,--,5:29:18 PM,10/13/2024,
160,43.7,gf,0.410,mm,OK,--,5:29:18 PM,10/13/2024,
161,43.8,gf,0.420,mm,OK,--,5:29:18 PM,10/13/2024,
162,43.9,gf,0.425,mm,OK,--,5:29:18 PM,10/13/2024,
163,43.8,gf,0.430,mm,OK,--,5:29:18 PM,10/13/2024,
164,44.0,gf,0.435,mm,OK,--,5:29:18 PM,10/13/2024,
165,44.2,gf,0.440,mm,OK,--,5:29:18 PM,10/13/2024,
166,44.2,gf,0.450,mm,OK,--,5:29:18 PM,10/13/2024,
167,44.2,gf,0.455,mm,OK,--,5:29:19 PM,10/13/2024,
168,44.5,gf,0.460,mm,OK,--,5:29:19 PM,10/13/2024,
169,44.6,gf,0.465,mm,OK,--,5:29:19 PM,10/13/2024,
170,44.5,gf,0.470,mm,OK,--,5:29:19 PM,10/13/2024,
171,44.4,gf,0.475,mm,OK,--,5:29:19 PM,10/13/2024,
172,44.4,gf,0.480,mm,OK,--,5:29:19 PM,10/13/2024,
173,44.5,gf,0.485,mm,OK,--,5:29:19 PM,10/13/2024,
174,44.7,gf,0.490,mm,OK,--,5:29:19 PM,10/13/2024,
175,44.7,gf,0.495,mm,OK,--,5:29:19 PM,10/13/2024,
176,44.9,gf,0.500,mm,OK,--,5:29:19 PM,10/13/2024,
177,45.0,gf,0.505,mm,OK,--,5:29:20 PM,10/13/2024,
178,44.9,gf,0.505,mm,OK,--,5:29:20 PM,10/13/2024,
179,44.9,gf,0.510,mm,OK,--,5:29:20 PM,10/13/2024,
180,45.0,gf,0.515,mm,OK,--,5:29:20 PM,10/13/2024,
181,45.0,gf,0.520,mm,OK,--,5:29:20 PM,10/13/2024,
182,44.9,gf,0.525,mm,OK,--,5:29:20 PM,10/13/2024,
183,44.9,gf,0.525,mm,OK,--,5:29:20 PM,10/13/2024,
184,44.9,gf,0.530,mm,OK,--,5:29:20 PM,10/13/2024,
185,44.9,gf,0.535,mm,OK,--,5:29:20 PM,10/13/2024,
186,45.1,gf,0.540,mm,OK,--,5:29:20 PM,10/13/2024,
187,44.9,gf,0.540,mm,OK,--,5:29:21 PM,10/13/2024,
188,44.9,gf,0.545,mm,OK,--,5:29:21 PM,10/13/2024,
189,45.1,gf,0.550,mm,OK,--,5:29:21 PM,10/13/2024,
190,45.1,gf,0.550,mm,OK,--,5:29:21 PM,10/13/2024,
191,45.3,gf,0.555,mm,OK,--,5:29:21 PM,10/13/2024,
192,45.2,gf,0.555,mm,OK,--,5:29:21 PM,10/13/2024,
193,45.2,gf,0.560,mm,OK,--,5:29:21 PM,10/13/2024,
194,45.2,gf,0.560,mm,OK,--,5:29:21 PM,10/13/2024,
195,45.4,gf,0.565,mm,OK,--,5:29:21 PM,10/13/2024,
196,45.5,gf,0.565,mm,OK,--,5:29:21 PM,10/13/2024,
197,45.5,gf,0.565,mm,OK,--,5:29:22 PM,10/13/2024,
198,45.5,gf,0.570,mm,OK,--,5:29:22 PM,10/13/2024,
199,45.4,gf,0.570,mm,OK,--,5:29:22 PM,10/13/2024,
200,45.4,gf,0.575,mm,OK,--,5:29:22 PM,10/13/2024,
201,45.2,gf,0.580,mm,OK,--,5:29:22 PM,10/13/2024,
202,45.1,gf,0.585,mm,OK,--,5:29:22 PM,10/13/2024,
203,45.2,gf,0.585,mm,OK,--,5:29:22 PM,10/13/2024,
204,45.3,gf,0.590,mm,OK,--,5:29:22 PM,10/13/2024,
205,45.5,gf,0.590,mm,OK,--,5:29:22 PM,10/13/2024,
206,45.6,gf,0.595,mm,OK,--,5:29:22 PM,10/13/2024,
207,45.6,gf,0.600,mm,OK,--,5:29:23 PM,10/13/2024,
208,45.7,gf,0.600,mm,OK,--,5:29:23 PM,10/13/2024,
209,45.7,gf,0.605,mm,OK,--,5:29:23 PM,10/13/2024,
210,45.7,gf,0.605,mm,OK,--,5:29:23 PM,10/13/2024,
211,45.7,gf,0.610,mm,OK,--,5:29:23 PM,10/13/2024,
212,45.5,gf,0.610,mm,OK,--,5:29:23 PM,10/13/2024,
213,45.4,gf,0.610,mm,OK,--,5:29:23 PM,10/13/2024,
214,45.4,gf,0.615,mm,OK,--,5:29:23 PM,10/13/2024,
215,45.5,gf,0.615,mm,OK,--,5:29:23 PM,10/13/2024,
216,45.5,gf,0.615,mm,OK,--,5:29:23 PM,10/13/2024,
217,45.5,gf,0.620,mm,OK,--,5:29:24 PM,10/13/2024,
218,45.4,gf,0.620,mm,OK,--,5:29:24 PM,10/13/2024,
219,45.5,gf,0.620,mm,OK,--,5:29:24 PM,10/13/2024,
220,45.5,gf,0.625,mm,OK,--,5:29:24 PM,10/13/2024,
221,45.5,gf,0.625,mm,OK,--,5:29:24 PM,10/13/2024,
222,45.5,gf,0.625,mm,OK,--,5:29:24 PM,10/13/2024,
223,45.5,gf,0.625,mm,OK,--,5:29:24 PM,10/13/2024,
224,45.5,gf,0.630,mm,OK,--,5:29:24 PM,10/13/2024,
225,45.5,gf,0.630,mm,OK,--,5:29:24 PM,10/13/2024,
226,45.7,gf,0.630,mm,OK,--,5:29:24 PM,10/13/2024,
227,45.7,gf,0.630,mm,OK,--,5:29:25 PM,10/13/2024,
228,45.8,gf,0.630,mm,OK,--,5:29:25 PM,10/13/2024,
229,45.8,gf,0.635,mm,OK,--,5:29:25 PM,10/13/2024,
230,45.9,gf,0.635,mm,OK,--,5:29:25 PM,10/13/2024,
231,46.0,gf,0.640,mm,OK,--,5:29:25 PM,10/13/2024,
232,45.8,gf,0.645,mm,OK,--,5:29:25 PM,10/13/2024,
233,45.6,gf,0.650,mm,OK,--,5:29:25 PM,10/13/2024,
234,45.6,gf,0.650,mm,OK,--,5:29:25 PM,10/13/2024,
235,45.7,gf,0.655,mm,OK,--,5:29:25 PM,10/13/2024,
236,45.7,gf,0.660,mm,OK,--,5:29:25 PM,10/13/2024,
237,45.6,gf,0.665,mm,OK,--,5:29:26 PM,10/13/2024,
238,45.7,gf,0.670,mm,OK,--,5:29:26 PM,10/13/2024,
239,45.7,gf,0.675,mm,OK,--,5:29:26 PM,10/13/2024,
240,45.7,gf,0.680,mm,OK,--,5:29:26 PM,10/13/2024,
241,45.7,gf,0.685,mm,OK,--,5:29:26 PM,10/13/2024,
242,45.8,gf,0.690,mm,OK,--,5:29:26 PM,10/13/2024,
243,45.7,gf,0.695,mm,OK,--,5:29:26 PM,10/13/2024,
244,45.7,gf,0.700,mm,OK,--,5:29:26 PM,10/13/2024,
245,45.7,gf,0.700,mm,OK,--,5:29:26 PM,10/13/2024,
246,45.5,gf,0.705,mm,OK,--,5:29:26 PM,10/13/2024,
247,45.5,gf,0.710,mm,OK,--,5:29:27 PM,10/13/2024,
248,45.6,gf,0.720,mm,OK,--,5:29:27 PM,10/13/2024,
249,45.5,gf,0.720,mm,OK,--,5:29:27 PM,10/13/2024,
250,45.6,gf,0.725,mm,OK,--,5:29:27 PM,10/13/2024,
251,45.9,gf,0.725,mm,OK,--,5:29:27 PM,10/13/2024,
252,46.0,gf,0.730,mm,OK,--,5:29:27 PM,10/13/2024,
253,46.0,gf,0.735,mm,OK,--,5:29:27 PM,10/13/2024,
254,46.0,gf,0.735,mm,OK,--,5:29:27 PM,10/13/2024,
255,46.0,gf,0.740,mm,OK,--,5:29:27 PM,10/13/2024,
256,46.0,gf,0.740,mm,OK,--,5:29:27 PM,10/13/2024,
257,46.1,gf,0.745,mm,OK,--,5:29:28 PM,10/13/2024,
258,46.1,gf,0.745,mm,OK,--,5:29:28 PM,10/13/2024,
259,46.2,gf,0.745,mm,OK,--,5:29:28 PM,10/13/2024,
260,46.2,gf,0.750,mm,OK,--,5:29:28 PM,10/13/2024,
261,46.4,gf,0.750,mm,OK,--,5:29:28 PM,10/13/2024,
262,46.2,gf,0.755,mm,OK,--,5:29:28 PM,10/13/2024,
263,46.1,gf,0.760,mm,OK,--,5:29:28 PM,10/13/2024,
264,46.2,gf,0.765,mm,OK,--,5:29:28 PM,10/13/2024,
265,46.3,gf,0.765,mm,OK,--,5:29:28 PM,10/13/2024,
266,46.5,gf,0.765,mm,OK,--,5:29:28 PM,10/13/2024,
267,46.6,gf,0.770,mm,OK,--,5:29:29 PM,10/13/2024,
268,46.7,gf,0.770,mm,OK,--,5:29:29 PM,10/13/2024,
269,46.8,gf,0.775,mm,OK,--,5:29:29 PM,10/13/2024,
270,46.8,gf,0.775,mm,OK,--,5:29:29 PM,10/13/2024,
271,46.9,gf,0.780,mm,OK,--,5:29:29 PM,10/13/2024,
272,46.9,gf,0.780,mm,OK,--,5:29:29 PM,10/13/2024,
273,47.0,gf,0.780,mm,OK,--,5:29:29 PM,10/13/2024,
274,47.1,gf,0.785,mm,OK,--,5:29:29 PM,10/13/2024,
275,47.1,gf,0.785,mm,OK,--,5:29:29 PM,10/13/2024,
276,47.1,gf,0.785,mm,OK,--,5:29:29 PM,10/13/2024,
277,47.1,gf,0.785,mm,OK,--,5:29:30 PM,10/13/2024,
278,47.2,gf,0.790,mm,OK,--,5:29:30 PM,10/13/2024,
279,47.2,gf,0.790,mm,OK,--,5:29:30 PM,10/13/2024,
280,47.2,gf,0.795,mm,OK,--,5:29:30 PM,10/13/2024,
281,47.2,gf,0.795,mm,OK,--,5:29:30 PM,10/13/2024,
282,47.2,gf,0.800,mm,OK,--,5:29:30 PM,10/13/2024,
283,46.9,gf,0.805,mm,OK,--,5:29:30 PM,10/13/2024,
284,47.0,gf,0.805,mm,OK,--,5:29:30 PM,10/13/2024,
285,47.0,gf,0.810,mm,OK,--,5:29:30 PM,10/13/2024,
286,47.1,gf,0.815,mm,OK,--,5:29:30 PM,10/13/2024,
287,47.2,gf,0.820,mm,OK,--,5:29:31 PM,10/13/2024,
288,47.2,gf,0.820,mm,OK,--,5:29:31 PM,10/13/2024,
289,47.4,gf,0.825,mm,OK,--,5:29:31 PM,10/13/2024,
290,47.6,gf,0.830,mm,OK,--,5:29:31 PM,10/13/2024,
291,47.3,gf,0.835,mm,OK,--,5:29:31 PM,10/13/2024,
292,47.3,gf,0.840,mm,OK,--,5:29:31 PM,10/13/2024,
293,47.3,gf,0.845,mm,OK,--,5:29:31 PM,10/13/2024,
294,47.3,gf,0.850,mm,OK,--,5:29:31 PM,10/13/2024,
295,47.4,gf,0.855,mm,OK,--,5:29:31 PM,10/13/2024,
296,47.3,gf,0.860,mm,OK,--,5:29:31 PM,10/13/2024,
297,47.3,gf,0.865,mm,OK,--,5:29:32 PM,10/13/2024,
298,47.5,gf,0.870,mm,OK,--,5:29:32 PM,10/13/2024,
299,47.7,gf,0.875,mm,OK,--,5:29:32 PM,10/13/2024,
300,47.5,gf,0.875,mm,OK,--,5:29:32 PM,10/13/2024,
301,47.4,gf,0.875,mm,OK,--,5:29:32 PM,10/13/2024,
302,47.7,gf,0.875,mm,OK,--,5:29:32 PM,10/13/2024,
303,47.8,gf,0.880,mm,OK,--,5:29:32 PM,10/13/2024,
304,47.8,gf,0.885,mm,OK,--,5:29:32 PM,10/13/2024,
305,47.7,gf,0.890,mm,OK,--,5:29:32 PM,10/13/2024,
306,47.7,gf,0.895,mm,OK,--,5:29:32 PM,10/13/2024,
307,47.8,gf,0.895,mm,OK,--,5:29:33 PM,10/13/2024,
308,48.0,gf,0.900,mm,OK,--,5:29:33 PM,10/13/2024,
309,48.1,gf,0.905,mm,OK,--,5:29:33 PM,10/13/2024,
310,48.2,gf,0.910,mm,OK,--,5:29:33 PM,10/13/2024,
311,48.3,gf,0.915,mm,OK,--,5:29:33 PM,10/13/2024,
312,48.3,gf,0.920,mm,OK,--,5:29:33 PM,10/13/2024,
313,48.3,gf,0.920,mm,OK,--,5:29:33 PM,10/13/2024,
314,48.4,gf,0.925,mm,OK,--,5:29:33 PM,10/13/2024,
315,48.4,gf,0.930,mm,OK,--,5:29:33 PM,10/13/2024,
316,48.4,gf,0.935,mm,OK,--,5:29:33 PM,10/13/2024,
317,48.0,gf,0.940,mm,OK,--,5:29:34 PM,10/13/2024,
318,48.3,gf,0.945,mm,OK,--,5:29:34 PM,10/13/2024,
319,48.2,gf,0.950,mm,OK,--,5:29:34 PM,10/13/2024,
320,48.2,gf,0.955,mm,OK,--,5:29:34 PM,10/13/2024,
321,48.4,gf,0.960,mm,OK,--,5:29:34 PM,10/13/2024,
322,48.5,gf,0.965,mm,OK,--,5:29:34 PM,10/13/2024,
323,48.4,gf,0.970,mm,OK,--,5:29:34 PM,10/13/2024,
324,48.6,gf,0.975,mm,OK,--,5:29:34 PM,10/13/2024,
325,48.5,gf,0.985,mm,OK,--,5:29:34 PM,10/13/2024,
326,48.7,gf,0.990,mm,OK,--,5:29:34 PM,10/13/2024,
327,48.8,gf,0.990,mm,OK,--,5:29:35 PM,10/13/2024,
328,48.8,gf,0.995,mm,OK,--,5:29:35 PM,10/13/2024,
329,48.9,gf,1.000,mm,OK,--,5:29:35 PM,10/13/2024,
330,49.1,gf,1.005,mm,OK,--,5:29:35 PM,10/13/2024,
331,49.0,gf,1.010,mm,OK,--,5:29:35 PM,10/13/2024,
332,49.0,gf,1.010,mm,OK,--,5:29:35 PM,10/13/2024,
333,49.1,gf,1.015,mm,OK,--,5:29:35 PM,10/13/2024,
334,49.2,gf,1.015,mm,OK,--,5:29:35 PM,10/13/2024,
335,49.2,gf,1.015,mm,OK,--,5:29:35 PM,10/13/2024,
336,49.4,gf,1.020,mm,OK,--,5:29:35 PM,10/13/2024,
337,49.5,gf,1.025,mm,OK,--,5:29:36 PM,10/13/2024,
338,49.5,gf,1.030,mm,OK,--,5:29:36 PM,10/13/2024,
339,49.3,gf,1.035,mm,OK,--,5:29:36 PM,10/13/2024,
340,49.2,gf,1.040,mm,OK,--,5:29:36 PM,10/13/2024,
341,49.1,gf,1.055,mm,OK,--,5:29:36 PM,10/13/2024,
342,49.6,gf,1.065,mm,OK,--,5:29:36 PM,10/13/2024,
343,49.9,gf,1.070,mm,OK,--,5:29:36 PM,10/13/2024,
344,50.2,gf,1.080,mm,OK,--,5:29:36 PM,10/13/2024,
345,50.0,gf,1.090,mm,OK,--,5:29:36 PM,10/13/2024,
346,50.2,gf,1.095,mm,OK,--,5:29:36 PM,10/13/2024,
347,50.1,gf,1.100,mm,OK,--,5:29:37 PM,10/13/2024,
348,50.0,gf,1.100,mm,OK,--,5:29:37 PM,10/13/2024,
349,50.3,gf,1.100,mm,OK,--,5:29:37 PM,10/13/2024,
350,50.4,gf,1.105,mm,OK,--,5:29:37 PM,10/13/2024,
351,50.4,gf,1.105,mm,OK,--,5:29:37 PM,10/13/2024,
352,50.4,gf,1.110,mm,OK,--,5:29:37 PM,10/13/2024,
353,50.4,gf,1.110,mm,OK,--,5:29:37 PM,10/13/2024,
354,50.5,gf,1.115,mm,OK,--,5:29:37 PM,10/13/2024,
355,50.3,gf,1.120,mm,OK,--,5:29:37 PM,10/13/2024,
356,50.3,gf,1.125,mm,OK,--,5:29:37 PM,10/13/2024,
357,50.4,gf,1.130,mm,OK,--,5:29:38 PM,10/13/2024,
358,50.3,gf,1.135,mm,OK,--,5:29:38 PM,10/13/2024,
359,50.3,gf,1.135,mm,OK,--,5:29:38 PM,10/13/2024,
360,50.5,gf,1.140,mm,OK,--,5:29:38 PM,10/13/2024,
361,50.5,gf,1.140,mm,OK,--,5:29:38 PM,10/13/2024,
362,50.6,gf,1.145,mm,OK,--,5:29:38 PM,10/13/2024,
363,50.6,gf,1.145,mm,OK,--,5:29:38 PM,10/13/2024,
364,50.5,gf,1.150,mm,OK,--,5:29:38 PM,10/13/2024,
365,50.5,gf,1.150,mm,OK,--,5:29:38 PM,10/13/2024,
366,50.5,gf,1.150,mm,OK,--,5:29:38 PM,10/13/2024,
367,50.5,gf,1.155,mm,OK,--,5:29:39 PM,10/13/2024,
368,50.7,gf,1.160,mm,OK,--,5:29:39 PM,10/13/2024,
369,50.7,gf,1.160,mm,OK,--,5:29:39 PM,10/13/2024,
370,50.3,gf,1.170,mm,OK,--,5:29:39 PM,10/13/2024,
371,50.2,gf,1.175,mm,OK,--,5:29:39 PM,10/13/2024,
372,50.2,gf,1.180,mm,OK,--,5:29:39 PM,10/13/2024,
373,50.3,gf,1.185,mm,OK,--,5:29:39 PM,10/13/2024,
374,50.5,gf,1.185,mm,OK,--,5:29:39 PM,10/13/2024,
375,50.5,gf,1.190,mm,OK,--,5:29:39 PM,10/13/2024,
376,50.5,gf,1.195,mm,OK,--,5:29:39 PM,10/13/2024,
377,50.5,gf,1.200,mm,OK,--,5:29:40 PM,10/13/2024,
378,50.5,gf,1.205,mm,OK,--,5:29:40 PM,10/13/2024,
379,50.4,gf,1.215,mm,OK,--,5:29:40 PM,10/13/2024,
380,50.4,gf,1.220,mm,OK,--,5:29:40 PM,10/13/2024,
381,50.5,gf,1.225,mm,OK,--,5:29:40 PM,10/13/2024,
382,50.6,gf,1.230,mm,OK,--,5:29:40 PM,10/13/2024,
383,50.7,gf,1.235,mm,OK,--,5:29:40 PM,10/13/2024,
384,50.7,gf,1.240,mm,OK,--,5:29:40 PM,10/13/2024,
385,50.7,gf,1.245,mm,OK,--,5:29:40 PM,10/13/2024,
386,50.6,gf,1.250,mm,OK,--,5:29:40 PM,10/13/2024,
387,50.8,gf,1.250,mm,OK,--,5:29:41 PM,10/13/2024,
388,50.8,gf,1.255,mm,OK,--,5:29:41 PM,10/13/2024,
389,51.0,gf,1.260,mm,OK,--,5:29:41 PM,10/13/2024,
390,50.9,gf,1.265,mm,OK,--,5:29:41 PM,10/13/2024,
391,51.0,gf,1.265,mm,OK,--,5:29:41 PM,10/13/2024,
392,51.0,gf,1.270,mm,OK,--,5:29:41 PM,10/13/2024,
393,51.1,gf,1.275,mm,OK,--,5:29:41 PM,10/13/2024,
394,51.1,gf,1.280,mm,OK,--,5:29:41 PM,10/13/2024,
395,51.1,gf,1.285,mm,OK,--,5:29:41 PM,10/13/2024,
396,51.2,gf,1.290,mm,OK,--,5:29:41 PM,10/13/2024,
397,51.3,gf,1.290,mm,OK,--,5:29:42 PM,10/13/2024,
398,51.4,gf,1.295,mm,OK,--,5:29:42 PM,10/13/2024,
399,51.3,gf,1.300,mm,OK,--,5:29:42 PM,10/13/2024,
400,51.2,gf,1.300,mm,OK,--,5:29:42 PM,10/13/2024,
401,51.3,gf,1.305,mm,OK,--,5:29:42 PM,10/13/2024,
402,51.3,gf,1.305,mm,OK,--,5:29:42 PM,10/13/2024,
403,51.4,gf,1.310,mm,OK,--,5:29:42 PM,10/13/2024,
404,51.5,gf,1.310,mm,OK,--,5:29:42 PM,10/13/2024,
405,51.5,gf,1.315,mm,OK,--,5:29:42 PM,10/13/2024,
406,51.5,gf,1.315,mm,OK,--,5:29:42 PM,10/13/2024,
407,51.6,gf,1.315,mm,OK,--,5:29:43 PM,10/13/2024,
408,51.7,gf,1.320,mm,OK,--,5:29:43 PM,10/13/2024,
409,51.5,gf,1.325,mm,OK,--,5:29:43 PM,10/13/2024,
410,51.4,gf,1.325,mm,OK,--,5:29:43 PM,10/13/2024,
411,51.5,gf,1.330,mm,OK,--,5:29:43 PM,10/13/2024,
412,51.6,gf,1.335,mm,OK,--,5:29:43 PM,10/13/2024,
413,51.6,gf,1.335,mm,OK,--,5:29:43 PM,10/13/2024,
414,51.6,gf,1.340,mm,OK,--,5:29:43 PM,10/13/2024,
415,51.8,gf,1.345,mm,OK,--,5:29:43 PM,10/13/2024,
416,51.9,gf,1.345,mm,OK,--,5:29:43 PM,10/13/2024,
417,51.9,gf,1.350,mm,OK,--,5:29:44 PM,10/13/2024,
418,51.9,gf,1.355,mm,OK,--,5:29:44 PM,10/13/2024,
419,52.0,gf,1.355,mm,OK,--,5:29:44 PM,10/13/2024,
420,51.5,gf,1.360,mm,OK,--,5:29:44 PM,10/13/2024,
421,51.7,gf,1.360,mm,OK,--,5:29:44 PM,10/13/2024,
422,52.0,gf,1.365,mm,OK,--,5:29:44 PM,10/13/2024,
423,52.0,gf,1.365,mm,OK,--,5:29:44 PM,10/13/2024,
424,52.2,gf,1.370,mm,OK,--,5:29:44 PM,10/13/2024,
425,52.3,gf,1.370,mm,OK,--,5:29:44 PM,10/13/2024,
426,52.3,gf,1.375,mm,OK,--,5:29:44 PM,10/13/2024,
427,52.2,gf,1.375,mm,OK,--,5:29:45 PM,10/13/2024,
428,52.2,gf,1.380,mm,OK,--,5:29:45 PM,10/13/2024,
429,52.2,gf,1.380,mm,OK,--,5:29:45 PM,10/13/2024,
430,52.2,gf,1.385,mm,OK,--,5:29:45 PM,10/13/2024,
431,52.3,gf,1.385,mm,OK,--,5:29:45 PM,10/13/2024,
432,52.3,gf,1.390,mm,OK,--,5:29:45 PM,10/13/2024,
433,52.4,gf,1.390,mm,OK,--,5:29:45 PM,10/13/2024,
434,52.2,gf,1.395,mm,OK,--,5:29:45 PM,10/13/2024,
435,52.1,gf,1.400,mm,OK,--,5:29:45 PM,10/13/2024,
436,52.1,gf,1.405,mm,OK,--,5:29:45 PM,10/13/2024,
437,52.2,gf,1.410,mm,OK,--,5:29:46 PM,10/13/2024,
438,52.2,gf,1.415,mm,OK,--,5:29:46 PM,10/13/2024,
439,52.3,gf,1.420,mm,OK,--,5:29:46 PM,10/13/2024,
440,52.2,gf,1.425,mm,OK,--,5:29:46 PM,10/13/2024,
441,52.2,gf,1.425,mm,OK,--,5:29:46 PM,10/13/2024,
442,52.3,gf,1.430,mm,OK,--,5:29:46 PM,10/13/2024,
443,52.5,gf,1.435,mm,OK,--,5:29:46 PM,10/13/2024,
444,52.4,gf,1.435,mm,OK,--,5:29:46 PM,10/13/2024,
445,52.5,gf,1.440,mm,OK,--,5:29:46 PM,10/13/2024,
446,52.5,gf,1.440,mm,OK,--,5:29:46 PM,10/13/2024,
447,52.5,gf,1.440,mm,OK,--,5:29:47 PM,10/13/2024,
448,52.7,gf,1.440,mm,OK,--,5:29:47 PM,10/13/2024,
449,52.7,gf,1.445,mm,OK,--,5:29:47 PM,10/13/2024,
450,52.8,gf,1.445,mm,OK,--,5:29:47 PM,10/13/2024,
451,52.9,gf,1.445,mm,OK,--,5:29:47 PM,10/13/2024,
452,52.8,gf,1.445,mm,OK,--,5:29:47 PM,10/13/2024,
453,52.9,gf,1.450,mm,OK,--,5:29:47 PM,10/13/2024,
454,52.9,gf,1.450,mm,OK,--,5:29:47 PM,10/13/2024,
455,52.9,gf,1.450,mm,OK,--,5:29:47 PM,10/13/2024,
456,52.9,gf,1.450,mm,OK,--,5:29:47 PM,10/13/2024,
457,53.0,gf,1.455,mm,OK,--,5:29:48 PM,10/13/2024,
458,52.9,gf,1.455,mm,OK,--,5:29:48 PM,10/13/2024,
459,52.9,gf,1.455,mm,OK,--,5:29:48 PM,10/13/2024,
460,52.9,gf,1.455,mm,OK,--,5:29:48 PM,10/13/2024,
461,53.0,gf,1.455,mm,OK,--,5:29:48 PM,10/13/2024,
462,53.0,gf,1.455,mm,OK,--,5:29:48 PM,10/13/2024,
463,53.0,gf,1.460,mm,OK,--,5:29:48 PM,10/13/2024,
464,53.0,gf,1.460,mm,OK,--,5:29:48 PM,10/13/2024,
465,53.0,gf,1.460,mm,OK,--,5:29:48 PM,10/13/2024,
466,53.1,gf,1.460,mm,OK,--,5:29:48 PM,10/13/2024,
467,53.2,gf,1.460,mm,OK,--,5:29:49 PM,10/13/2024,
468,53.2,gf,1.465,mm,OK,--,5:29:49 PM,10/13/2024,
469,53.2,gf,1.465,mm,OK,--,5:29:49 PM,10/13/2024,
470,53.1,gf,1.465,mm,OK,--,5:29:49 PM,10/13/2024,
471,52.9,gf,1.470,mm,OK,--,5:29:49 PM,10/13/2024,
472,53.1,gf,1.475,mm,OK,--,5:29:49 PM,10/13/2024,
473,53.0,gf,1.480,mm,OK,--,5:29:49 PM,10/13/2024,
474,53.0,gf,1.485,mm,OK,--,5:29:49 PM,10/13/2024,
475,53.0,gf,1.490,mm,OK,--,5:29:49 PM,10/13/2024,
476,53.1,gf,1.495,mm,OK,--,5:29:49 PM,10/13/2024,
477,53.1,gf,1.500,mm,OK,--,5:29:50 PM,10/13/2024,
478,53.1,gf,1.505,mm,OK,--,5:29:50 PM,10/13/2024,
479,53.2,gf,1.505,mm,OK,--,5:29:50 PM,10/13/2024,
480,53.1,gf,1.510,mm,OK,--,5:29:50 PM,10/13/2024,
481,53.0,gf,1.515,mm,OK,--,5:29:50 PM,10/13/2024,
482,53.0,gf,1.520,mm,OK,--,5:29:50 PM,10/13/2024,
483,53.2,gf,1.525,mm,OK,--,5:29:50 PM,10/13/2024,
484,53.3,gf,1.530,mm,OK,--,5:29:50 PM,10/13/2024,
485,53.2,gf,1.535,mm,OK,--,5:29:50 PM,10/13/2024,
486,53.1,gf,1.540,mm,OK,--,5:29:50 PM,10/13/2024,
487,53.1,gf,1.545,mm,OK,--,5:29:51 PM,10/13/2024,
488,53.2,gf,1.545,mm,OK,--,5:29:51 PM,10/13/2024,
489,53.3,gf,1.550,mm,OK,--,5:29:51 PM,10/13/2024,
490,53.3,gf,1.555,mm,OK,--,5:29:51 PM,10/13/2024,
491,53.4,gf,1.560,mm,OK,--,5:29:51 PM,10/13/2024,
492,53.4,gf,1.565,mm,OK,--,5:29:51 PM,10/13/2024,
493,53.2,gf,1.570,mm,OK,--,5:29:51 PM,10/13/2024,
494,53.2,gf,1.575,mm,OK,--,5:29:51 PM,10/13/2024,
495,53.1,gf,1.580,mm,OK,--,5:29:51 PM,10/13/2024,
496,53.1,gf,1.580,mm,OK,--,5:29:51 PM,10/13/2024,
497,53.2,gf,1.585,mm,OK,--,5:29:52 PM,10/13/2024,
498,53.4,gf,1.590,mm,OK,--,5:29:52 PM,10/13/2024,
499,53.5,gf,1.590,mm,OK,--,5:29:52 PM,10/13/2024,
500,53.1,gf,1.595,mm,OK,--,5:29:52 PM,10/13/2024,
501,53.2,gf,1.600,mm,OK,--,5:29:52 PM,10/13/2024,
502,53.4,gf,1.605,mm,OK,--,5:29:52 PM,10/13/2024,
503,53.2,gf,1.610,mm,OK,--,5:29:52 PM,10/13/2024,
504,53.1,gf,1.615,mm,OK,--,5:29:52 PM,10/13/2024,
505,53.1,gf,1.620,mm,OK,--,5:29:52 PM,10/13/2024,
506,53.0,gf,1.630,mm,OK,--,5:29:52 PM,10/13/2024,
507,52.9,gf,1.635,mm,OK,--,5:29:53 PM,10/13/2024,
508,52.9,gf,1.640,mm,OK,--,5:29:53 PM,10/13/2024,
509,52.8,gf,1.645,mm,OK,--,5:29:53 PM,10/13/2024,
510,52.7,gf,1.655,mm,OK,--,5:29:53 PM,10/13/2024,
511,52.6,gf,1.660,mm,OK,--,5:29:53 PM,10/13/2024,
512,52.6,gf,1.665,mm,OK,--,5:29:53 PM,10/13/2024,
513,52.5,gf,1.675,mm,OK,--,5:29:53 PM,10/13/2024,
514,52.4,gf,1.680,mm,OK,--,5:29:53 PM,10/13/2024,
515,52.3,gf,1.685,mm,OK,--,5:29:53 PM,10/13/2024,
516,52.2,gf,1.690,mm,OK,--,5:29:53 PM,10/13/2024,
517,52.1,gf,1.700,mm,OK,--,5:29:54 PM,10/13/2024,
518,52.1,gf,1.705,mm,OK,--,5:29:54 PM,10/13/2024,
519,52.1,gf,1.710,mm,OK,--,5:29:54 PM,10/13/2024,
520,52.1,gf,1.715,mm,OK,--,5:29:54 PM,10/13/2024,
521,52.1,gf,1.725,mm,OK,--,5:29:54 PM,10/13/2024,
522,52.1,gf,1.730,mm,OK,--,5:29:54 PM,10/13/2024,
523,52.1,gf,1.735,mm,OK,--,5:29:54 PM,10/13/2024,
524,52.1,gf,1.740,mm,OK,--,5:29:54 PM,10/13/2024,
525,52.1,gf,1.740,mm,OK,--,5:29:54 PM,10/13/2024,
526,52.1,gf,1.745,mm,OK,--,5:29:54 PM,10/13/2024,
527,52.2,gf,1.750,mm,OK,--,5:29:55 PM,10/13/2024,
528,52.2,gf,1.755,mm,OK,--,5:29:55 PM,10/13/2024,
529,52.1,gf,1.760,mm,OK,--,5:29:55 PM,10/13/2024,
530,51.9,gf,1.765,mm,OK,--,5:29:55 PM,10/13/2024,
531,52.2,gf,1.770,mm,OK,--,5:29:55 PM,10/13/2024,
532,52.2,gf,1.775,mm,OK,--,5:29:55 PM,10/13/2024,
533,52.3,gf,1.780,mm,OK,--,5:29:55 PM,10/13/2024,
534,52.2,gf,1.785,mm,OK,--,5:29:55 PM,10/13/2024,
535,52.3,gf,1.790,mm,OK,--,5:29:55 PM,10/13/2024,
536,52.3,gf,1.795,mm,OK,--,5:29:55 PM,10/13/2024,
537,52.4,gf,1.795,mm,OK,--,5:29:56 PM,10/13/2024,
538,52.4,gf,1.800,mm,OK,--,5:29:56 PM,10/13/2024,
539,52.4,gf,1.805,mm,OK,--,5:29:56 PM,10/13/2024,
540,52.5,gf,1.805,mm,OK,--,5:29:56 PM,10/13/2024,
541,52.5,gf,1.810,mm,OK,--,5:29:56 PM,10/13/2024,
542,52.6,gf,1.810,mm,OK,--,5:29:56 PM,10/13/2024,
543,52.6,gf,1.815,mm,OK,--,5:29:56 PM,10/13/2024,
544,52.7,gf,1.815,mm,OK,--,5:29:56 PM,10/13/2024,
545,52.7,gf,1.820,mm,OK,--,5:29:56 PM,10/13/2024,
546,52.7,gf,1.820,mm,OK,--,5:29:56 PM,10/13/2024,
547,52.7,gf,1.825,mm,OK,--,5:29:57 PM,10/13/2024,
548,52.7,gf,1.825,mm,OK,--,5:29:57 PM,10/13/2024,
549,52.7,gf,1.825,mm,OK,--,5:29:57 PM,10/13/2024,
550,52.7,gf,1.830,mm,OK,--,5:29:57 PM,10/13/2024,
551,52.7,gf,1.835,mm,OK,--,5:29:57 PM,10/13/2024,
552,52.8,gf,1.840,mm,OK,--,5:29:57 PM,10/13/2024,
553,52.8,gf,1.845,mm,OK,--,5:29:57 PM,10/13/2024,
554,52.9,gf,1.845,mm,OK,--,5:29:57 PM,10/13/2024,
555,52.9,gf,1.850,mm,OK,--,5:29:57 PM,10/13/2024,
556,53.0,gf,1.860,mm,OK,--,5:29:57 PM,10/13/2024,
557,53.1,gf,1.865,mm,OK,--,5:29:58 PM,10/13/2024,
558,53.1,gf,1.870,mm,OK,--,5:29:58 PM,10/13/2024,
559,53.1,gf,1.875,mm,OK,--,5:29:58 PM,10/13/2024,
560,53.2,gf,1.880,mm,OK,--,5:29:58 PM,10/13/2024,
561,53.3,gf,1.885,mm,OK,--,5:29:58 PM,10/13/2024,
562,53.4,gf,1.895,mm,OK,--,5:29:58 PM,10/13/2024,
563,53.5,gf,1.905,mm,OK,--,5:29:58 PM,10/13/2024,
564,53.5,gf,1.910,mm,OK,--,5:29:58 PM,10/13/2024,
565,53.6,gf,1.920,mm,OK,--,5:29:58 PM,10/13/2024,
566,53.7,gf,1.925,mm,OK,--,5:29:58 PM,10/13/2024,
567,53.7,gf,1.935,mm,OK,--,5:29:59 PM,10/13/2024,
568,53.8,gf,1.945,mm,OK,--,5:29:59 PM,10/13/2024,
569,53.9,gf,1.950,mm,OK,--,5:29:59 PM,10/13/2024,
570,54.0,gf,1.960,mm,OK,--,5:29:59 PM,10/13/2024,
571,54.0,gf,1.965,mm,OK,--,5:29:59 PM,10/13/2024,
572,54.1,gf,1.970,mm,OK,--,5:29:59 PM,10/13/2024,
573,54.1,gf,1.980,mm,OK,--,5:29:59 PM,10/13/2024,
574,54.2,gf,1.985,mm,OK,--,5:29:59 PM,10/13/2024,
575,54.2,gf,1.990,mm,OK,--,5:29:59 PM,10/13/2024,
576,54.3,gf,1.990,mm,OK,--,5:29:59 PM,10/13/2024,
577,54.3,gf,1.995,mm,OK,--,5:30:00 PM,10/13/2024,
578,54.4,gf,2.000,mm,OK,--,5:30:00 PM,10/13/2024,
579,54.4,gf,2.005,mm,OK,--,5:30:00 PM,10/13/2024,
580,54.4,gf,2.010,mm,OK,--,5:30:00 PM,10/13/2024,
581,54.5,gf,2.015,mm,OK,--,5:30:00 PM,10/13/2024,
582,54.5,gf,2.020,mm,OK,--,5:30:00 PM,10/13/2024,
583,54.6,gf,2.025,mm,OK,--,5:30:00 PM,10/13/2024,
584,54.6,gf,2.030,mm,OK,--,5:30:00 PM,10/13/2024,
585,54.7,gf,2.035,mm,OK,--,5:30:00 PM,10/13/2024,
586,54.7,gf,2.040,mm,OK,--,5:30:00 PM,10/13/2024,
587,54.8,gf,2.050,mm,OK,--,5:30:01 PM,10/13/2024,
588,54.9,gf,2.055,mm,OK,--,5:30:01 PM,10/13/2024,
589,55.0,gf,2.065,mm,OK,--,5:30:01 PM,10/13/2024,
590,55.0,gf,2.070,mm,OK,--,5:30:01 PM,10/13/2024,
591,55.0,gf,2.075,mm,OK,--,5:30:01 PM,10/13/2024,
592,55.1,gf,2.085,mm,OK,--,5:30:01 PM,10/13/2024,
593,55.2,gf,2.095,mm,OK,--,5:30:01 PM,10/13/2024,
594,55.3,gf,2.100,mm,OK,--,5:30:01 PM,10/13/2024,
595,55.4,gf,2.105,mm,OK,--,5:30:01 PM,10/13/2024,
596,55.5,gf,2.115,mm,OK,--,5:30:01 PM,10/13/2024,
597,55.5,gf,2.125,mm,OK,--,5:30:02 PM,10/13/2024,
598,55.5,gf,2.135,mm,OK,--,5:30:02 PM,10/13/2024,
599,55.6,gf,2.140,mm,OK,--,5:30:02 PM,10/13/2024,
600,55.7,gf,2.150,mm,OK,--,5:30:02 PM,10/13/2024,
601,55.7,gf,2.155,mm,OK,--,5:30:02 PM,10/13/2024,
602,55.7,gf,2.160,mm,OK,--,5:30:02 PM,10/13/2024,
603,55.8,gf,2.160,mm,OK,--,5:30:02 PM,10/13/2024,
604,55.9,gf,2.165,mm,OK,--,5:30:02 PM,10/13/2024,
605,55.8,gf,2.170,mm,OK,--,5:30:02 PM,10/13/2024,
606,55.9,gf,2.175,mm,OK,--,5:30:02 PM,10/13/2024,
607,56.0,gf,2.185,mm,OK,--,5:30:03 PM,10/13/2024,
608,56.0,gf,2.190,mm,OK,--,5:30:03 PM,10/13/2024,
609,56.0,gf,2.190,mm,OK,--,5:30:03 PM,10/13/2024,
610,56.0,gf,2.195,mm,OK,--,5:30:03 PM,10/13/2024,
611,56.0,gf,2.200,mm,OK,--,5:30:03 PM,10/13/2024,
612,56.0,gf,2.200,mm,OK,--,5:30:03 PM,10/13/2024,
613,56.1,gf,2.205,mm,OK,--,5:30:03 PM,10/13/2024,
614,56.1,gf,2.210,mm,OK,--,5:30:03 PM,10/13/2024,
615,56.2,gf,2.215,mm,OK,--,5:30:03 PM,10/13/2024,
616,56.3,gf,2.220,mm,OK,--,5:30:03 PM,10/13/2024,
617,56.3,gf,2.225,mm,OK,--,5:30:04 PM,10/13/2024,
618,56.4,gf,2.230,mm,OK,--,5:30:04 PM,10/13/2024,
619,56.4,gf,2.230,mm,OK,--,5:30:04 PM,10/13/2024,
620,56.4,gf,2.235,mm,OK,--,5:30:04 PM,10/13/2024,
621,56.4,gf,2.240,mm,OK,--,5:30:04 PM,10/13/2024,
622,56.5,gf,2.245,mm,OK,--,5:30:04 PM,10/13/2024,
623,56.5,gf,2.250,mm,OK,--,5:30:04 PM,10/13/2024,
624,56.6,gf,2.255,mm,OK,--,5:30:04 PM,10/13/2024,
625,56.6,gf,2.260,mm,OK,--,5:30:04 PM,10/13/2024,
626,56.7,gf,2.265,mm,OK,--,5:30:04 PM,10/13/2024,
627,56.7,gf,2.270,mm,OK,--,5:30:05 PM,10/13/2024,
628,56.9,gf,2.275,mm,OK,--,5:30:05 PM,10/13/2024,
629,56.8,gf,2.285,mm,OK,--,5:30:05 PM,10/13/2024,
630,56.8,gf,2.290,mm,OK,--,5:30:05 PM,10/13/2024,
631,56.9,gf,2.295,mm,OK,--,5:30:05 PM,10/13/2024,
632,57.0,gf,2.300,mm,OK,--,5:30:05 PM,10/13/2024,
633,57.0,gf,2.310,mm,OK,--,5:30:05 PM,10/13/2024,
634,57.1,gf,2.315,mm,OK,--,5:30:05 PM,10/13/2024,
635,57.1,gf,2.325,mm,OK,--,5:30:05 PM,10/13/2024,
636,57.2,gf,2.330,mm,OK,--,5:30:05 PM,10/13/2024,
637,57.2,gf,2.335,mm,OK,--,5:30:06 PM,10/13/2024,
638,57.2,gf,2.340,mm,OK,--,5:30:06 PM,10/13/2024,
639,57.2,gf,2.345,mm,OK,--,5:30:06 PM,10/13/2024,
640,57.4,gf,2.350,mm,OK,--,5:30:06 PM,10/13/2024,
641,57.4,gf,2.360,mm,OK,--,5:30:06 PM,10/13/2024,
642,57.4,gf,2.365,mm,OK,--,5:30:06 PM,10/13/2024,
643,57.5,gf,2.365,mm,OK,--,5:30:06 PM,10/13/2024,
644,57.5,gf,2.370,mm,OK,--,5:30:06 PM,10/13/2024,
645,57.6,gf,2.375,mm,OK,--,5:30:06 PM,10/13/2024,
646,57.6,gf,2.380,mm,OK,--,5:30:06 PM,10/13/2024,
647,57.7,gf,2.385,mm,OK,--,5:30:07 PM,10/13/2024,
648,57.7,gf,2.390,mm,OK,--,5:30:07 PM,10/13/2024,
649,57.7,gf,2.395,mm,OK,--,5:30:07 PM,10/13/2024,
650,57.7,gf,2.405,mm,OK,--,5:30:07 PM,10/13/2024,
651,57.8,gf,2.410,mm,OK,--,5:30:07 PM,10/13/2024,
652,58.0,gf,2.420,mm,OK,--,5:30:07 PM,10/13/2024,
653,58.0,gf,2.425,mm,OK,--,5:30:07 PM,10/13/2024,
654,58.0,gf,2.430,mm,OK,--,5:30:07 PM,10/13/2024,
655,58.0,gf,2.440,mm,OK,--,5:30:07 PM,10/13/2024,
656,58.0,gf,2.445,mm,OK,--,5:30:07 PM,10/13/2024,
657,58.0,gf,2.450,mm,OK,--,5:30:08 PM,10/13/2024,
658,58.1,gf,2.455,mm,OK,--,5:30:08 PM,10/13/2024,
659,58.2,gf,2.460,mm,OK,--,5:30:08 PM,10/13/2024,
660,58.2,gf,2.465,mm,OK,--,5:30:08 PM,10/13/2024,
661,58.3,gf,2.470,mm,OK,--,5:30:08 PM,10/13/2024,
662,58.4,gf,2.475,mm,OK,--,5:30:08 PM,10/13/2024,
663,58.4,gf,2.480,mm,OK,--,5:30:08 PM,10/13/2024,
664,58.5,gf,2.485,mm,OK,--,5:30:08 PM,10/13/2024,
665,58.5,gf,2.490,mm,OK,--,5:30:08 PM,10/13/2024,
666,58.6,gf,2.495,mm,OK,--,5:30:08 PM,10/13/2024,
667,58.6,gf,2.500,mm,OK,--,5:30:09 PM,10/13/2024,
668,58.6,gf,2.505,mm,OK,--,5:30:09 PM,10/13/2024,
669,58.6,gf,2.510,mm,OK,--,5:30:09 PM,10/13/2024,
670,58.7,gf,2.510,mm,OK,--,5:30:09 PM,10/13/2024,
671,58.7,gf,2.515,mm,OK,--,5:30:09 PM,10/13/2024,
672,58.7,gf,2.520,mm,OK,--,5:30:09 PM,10/13/2024,
673,58.8,gf,2.525,mm,OK,--,5:30:09 PM,10/13/2024,
674,58.8,gf,2.530,mm,OK,--,5:30:09 PM,10/13/2024,
675,58.9,gf,2.530,mm,OK,--,5:30:09 PM,10/13/2024,
676,58.9,gf,2.535,mm,OK,--,5:30:09 PM,10/13/2024,
677,59.0,gf,2.540,mm,OK,--,5:30:10 PM,10/13/2024,
678,59.1,gf,2.540,mm,OK,--,5:30:10 PM,10/13/2024,
679,59.1,gf,2.545,mm,OK,--,5:30:10 PM,10/13/2024,
680,59.1,gf,2.545,mm,OK,--,5:30:10 PM,10/13/2024,
681,59.2,gf,2.550,mm,OK,--,5:30:10 PM,10/13/2024,
682,59.2,gf,2.550,mm,OK,--,5:30:10 PM,10/13/2024,
683,59.2,gf,2.555,mm,OK,--,5:30:10 PM,10/13/2024,
684,59.2,gf,2.555,mm,OK,--,5:30:10 PM,10/13/2024,
685,59.2,gf,2.560,mm,OK,--,5:30:10 PM,10/13/2024,
686,59.2,gf,2.565,mm,OK,--,5:30:10 PM,10/13/2024,
687,59.2,gf,2.565,mm,OK,--,5:30:11 PM,10/13/2024,
688,59.3,gf,2.570,mm,OK,--,5:30:11 PM,10/13/2024,
689,59.3,gf,2.580,mm,OK,--,5:30:11 PM,10/13/2024,
690,59.4,gf,2.590,mm,OK,--,5:30:11 PM,10/13/2024,
691,59.4,gf,2.595,mm,OK,--,5:30:11 PM,10/13/2024,
692,59.5,gf,2.605,mm,OK,--,5:30:11 PM,10/13/2024,
693,59.5,gf,2.605,mm,OK,--,5:30:11 PM,10/13/2024,
694,59.5,gf,2.610,mm,OK,--,5:30:11 PM,10/13/2024,
695,59.6,gf,2.615,mm,OK,--,5:30:11 PM,10/13/2024,
696,59.6,gf,2.620,mm,OK,--,5:30:11 PM,10/13/2024,
697,59.6,gf,2.620,mm,OK,--,5:30:12 PM,10/13/2024,
698,59.7,gf,2.625,mm,OK,--,5:30:12 PM,10/13/2024,
699,59.7,gf,2.625,mm,OK,--,5:30:12 PM,10/13/2024,
700,59.7,gf,2.630,mm,OK,--,5:30:12 PM,10/13/2024,
701,59.8,gf,2.635,mm,OK,--,5:30:12 PM,10/13/2024,
702,59.9,gf,2.635,mm,OK,--,5:30:12 PM,10/13/2024,
703,59.9,gf,2.640,mm,OK,--,5:30:12 PM,10/13/2024,
704,59.9,gf,2.640,mm,OK,--,5:30:12 PM,10/13/2024,
705,59.9,gf,2.645,mm,OK,--,5:30:12 PM,10/13/2024,
706,59.9,gf,2.645,mm,OK,--,5:30:12 PM,10/13/2024,
707,60.0,gf,2.650,mm,OK,--,5:30:13 PM,10/13/2024,
708,60.1,gf,2.655,mm,OK,--,5:30:13 PM,10/13/2024,
709,60.0,gf,2.660,mm,OK,--,5:30:13 PM,10/13/2024,
710,60.1,gf,2.665,mm,OK,--,5:30:13 PM,10/13/2024,
711,60.2,gf,2.670,mm,OK,--,5:30:13 PM,10/13/2024,
712,60.3,gf,2.675,mm,OK,--,5:30:13 PM,10/13/2024,
713,60.3,gf,2.680,mm,OK,--,5:30:13 PM,10/13/2024,
714,60.4,gf,2.685,mm,OK,--,5:30:13 PM,10/13/2024,
715,60.4,gf,2.690,mm,OK,--,5:30:13 PM,10/13/2024,
716,60.4,gf,2.690,mm,OK,--,5:30:13 PM,10/13/2024,
717,60.5,gf,2.695,mm,OK,--,5:30:14 PM,10/13/2024,
718,60.5,gf,2.700,mm,OK,--,5:30:14 PM,10/13/2024,
719,60.5,gf,2.705,mm,OK,--,5:30:14 PM,10/13/2024,
720,60.6,gf,2.710,mm,OK,--,5:30:14 PM,10/13/2024,
721,60.6,gf,2.715,mm,OK,--,5:30:14 PM,10/13/2024,
722,60.6,gf,2.720,mm,OK,--,5:30:14 PM,10/13/2024,
723,60.7,gf,2.725,mm,OK,--,5:30:14 PM,10/13/2024,
724,60.7,gf,2.730,mm,OK,--,5:30:14 PM,10/13/2024,
725,60.7,gf,2.735,mm,OK,--,5:30:14 PM,10/13/2024,
726,60.8,gf,2.745,mm,OK,--,5:30:14 PM,10/13/2024,
727,60.9,gf,2.750,mm,OK,--,5:30:15 PM,10/13/2024,
728,61.0,gf,2.755,mm,OK,--,5:30:15 PM,10/13/2024,
729,61.1,gf,2.765,mm,OK,--,5:30:15 PM,10/13/2024,
730,61.1,gf,2.770,mm,OK,--,5:30:15 PM,10/13/2024,
731,61.1,gf,2.780,mm,OK,--,5:30:15 PM,10/13/2024,
732,61.2,gf,2.785,mm,OK,--,5:30:15 PM,10/13/2024,
733,61.3,gf,2.795,mm,OK,--,5:30:15 PM,10/13/2024,
734,61.3,gf,2.800,mm,OK,--,5:30:15 PM,10/13/2024,
735,61.3,gf,2.810,mm,OK,--,5:30:15 PM,10/13/2024,
736,61.4,gf,2.815,mm,OK,--,5:30:15 PM,10/13/2024,
737,61.5,gf,2.825,mm,OK,--,5:30:16 PM,10/13/2024,
738,61.6,gf,2.830,mm,OK,--,5:30:16 PM,10/13/2024,
739,61.6,gf,2.835,mm,OK,--,5:30:16 PM,10/13/2024,
740,61.7,gf,2.840,mm,OK,--,5:30:16 PM,10/13/2024,
741,61.7,gf,2.845,mm,OK,--,5:30:16 PM,10/13/2024,
742,61.7,gf,2.850,mm,OK,--,5:30:16 PM,10/13/2024,
743,61.7,gf,2.855,mm,OK,--,5:30:16 PM,10/13/2024,
744,61.7,gf,2.860,mm,OK,--,5:30:16 PM,10/13/2024,
745,61.7,gf,2.860,mm,OK,--,5:30:16 PM,10/13/2024,
746,61.8,gf,2.865,mm,OK,--,5:30:16 PM,10/13/2024,
747,61.8,gf,2.870,mm,OK,--,5:30:17 PM,10/13/2024,
748,61.9,gf,2.875,mm,OK,--,5:30:17 PM,10/13/2024,
749,61.8,gf,2.880,mm,OK,--,5:30:17 PM,10/13/2024,
750,61.9,gf,2.885,mm,OK,--,5:30:17 PM,10/13/2024,
751,61.9,gf,2.895,mm,OK,--,5:30:17 PM,10/13/2024,
752,61.9,gf,2.900,mm,OK,--,5:30:17 PM,10/13/2024,
753,61.9,gf,2.905,mm,OK,--,5:30:17 PM,10/13/2024,
754,62.0,gf,2.905,mm,OK,--,5:30:17 PM,10/13/2024,
755,61.9,gf,2.910,mm,OK,--,5:30:17 PM,10/13/2024,
756,62.0,gf,2.915,mm,OK,--,5:30:17 PM,10/13/2024,
757,62.1,gf,2.925,mm,OK,--,5:30:18 PM,10/13/2024,
758,62.2,gf,2.930,mm,OK,--,5:30:18 PM,10/13/2024,
759,62.3,gf,2.940,mm,OK,--,5:30:18 PM,10/13/2024,
760,62.5,gf,2.960,mm,OK,--,5:30:18 PM,10/13/2024,
761,62.6,gf,2.970,mm,OK,--,5:30:18 PM,10/13/2024,
762,62.7,gf,2.980,mm,OK,--,5:30:18 PM,10/13/2024,
763,62.8,gf,2.990,mm,OK,--,5:30:18 PM,10/13/2024,
764,62.9,gf,2.995,mm,OK,--,5:30:18 PM,10/13/2024,
765,62.9,gf,3.000,mm,OK,--,5:30:18 PM,10/13/2024,
766,63.0,gf,3.005,mm,OK,--,5:30:18 PM,10/13/2024,
767,63.0,gf,3.010,mm,OK,--,5:30:19 PM,10/13/2024,
768,63.0,gf,3.010,mm,OK,--,5:30:19 PM,10/13/2024,
769,63.0,gf,3.010,mm,OK,--,5:30:19 PM,10/13/2024,
770,63.0,gf,3.015,mm,OK,--,5:30:19 PM,10/13/2024,
771,63.0,gf,3.015,mm,OK,--,5:30:19 PM,10/13/2024,
772,63.0,gf,3.015,mm,OK,--,5:30:19 PM,10/13/2024,
773,63.0,gf,3.020,mm,OK,--,5:30:19 PM,10/13/2024,
774,63.1,gf,3.020,mm,OK,--,5:30:19 PM,10/13/2024,
775,63.2,gf,3.025,mm,OK,--,5:30:19 PM,10/13/2024,
776,63.2,gf,3.035,mm,OK,--,5:30:19 PM,10/13/2024,
777,63.3,gf,3.040,mm,OK,--,5:30:20 PM,10/13/2024,
778,63.5,gf,3.045,mm,OK,--,5:30:20 PM,10/13/2024,
779,63.6,gf,3.055,mm,OK,--,5:30:20 PM,10/13/2024,
780,63.6,gf,3.060,mm,OK,--,5:30:20 PM,10/13/2024,
781,63.6,gf,3.065,mm,OK,--,5:30:20 PM,10/13/2024,
782,63.7,gf,3.070,mm,OK,--,5:30:20 PM,10/13/2024,
783,63.8,gf,3.080,mm,OK,--,5:30:20 PM,10/13/2024,
784,63.9,gf,3.085,mm,OK,--,5:30:20 PM,10/13/2024,
785,63.9,gf,3.085,mm,OK,--,5:30:20 PM,10/13/2024,
786,63.9,gf,3.090,mm,OK,--,5:30:20 PM,10/13/2024,
787,64.0,gf,3.095,mm,OK,--,5:30:21 PM,10/13/2024,
788,64.2,gf,3.100,mm,OK,--,5:30:21 PM,10/13/2024,
789,64.3,gf,3.105,mm,OK,--,5:30:21 PM,10/13/2024,
790,64.2,gf,3.110,mm,OK,--,5:30:21 PM,10/13/2024,
791,64.3,gf,3.110,mm,OK,--,5:30:21 PM,10/13/2024,
792,64.2,gf,3.110,mm,OK,--,5:30:21 PM,10/13/2024,
793,64.3,gf,3.110,mm,OK,--,5:30:21 PM,10/13/2024,
794,64.2,gf,3.115,mm,OK,--,5:30:21 PM,10/13/2024,
795,64.3,gf,3.115,mm,OK,--,5:30:21 PM,10/13/2024,
796,64.2,gf,3.115,mm,OK,--,5:30:21 PM,10/13/2024,
797,64.1,gf,3.115,mm,OK,--,5:30:22 PM,10/13/2024,
798,64.2,gf,3.115,mm,OK,--,5:30:22 PM,10/13/2024,
799,64.2,gf,3.115,mm,OK,--,5:30:22 PM,10/13/2024,
800,64.3,gf,3.115,mm,OK,--,5:30:22 PM,10/13/2024,
801,64.4,gf,3.115,mm,OK,--,5:30:22 PM,10/13/2024,
802,64.3,gf,3.115,mm,OK,--,5:30:22 PM,10/13/2024,
803,64.4,gf,3.115,mm,OK,--,5:30:22 PM,10/13/2024,
804,64.4,gf,3.120,mm,OK,--,5:30:22 PM,10/13/2024,
805,64.4,gf,3.120,mm,OK,--,5:30:22 PM,10/13/2024,
806,64.4,gf,3.125,mm,OK,--,5:30:22 PM,10/13/2024,
807,64.5,gf,3.125,mm,OK,--,5:30:23 PM,10/13/2024,
808,64.5,gf,3.125,mm,OK,--,5:30:23 PM,10/13/2024,
809,64.5,gf,3.125,mm,OK,--,5:30:23 PM,10/13/2024,
810,64.6,gf,3.130,mm,OK,--,5:30:23 PM,10/13/2024,
811,64.6,gf,3.130,mm,OK,--,5:30:23 PM,10/13/2024,
812,64.7,gf,3.135,mm,OK,--,5:30:23 PM,10/13/2024,
813,64.8,gf,3.140,mm,OK,--,5:30:23 PM,10/13/2024,
814,64.8,gf,3.140,mm,OK,--,5:30:23 PM,10/13/2024,
815,64.7,gf,3.145,mm,OK,--,5:30:23 PM,10/13/2024,
816,64.7,gf,3.145,mm,OK,--,5:30:23 PM,10/13/2024,
817,64.6,gf,3.145,mm,OK,--,5:30:24 PM,10/13/2024,
818,64.7,gf,3.145,mm,OK,--,5:30:24 PM,10/13/2024,
819,64.9,gf,3.145,mm,OK,--,5:30:24 PM,10/13/2024,
820,64.9,gf,3.150,mm,OK,--,5:30:24 PM,10/13/2024,
821,64.9,gf,3.150,mm,OK,--,5:30:24 PM,10/13/2024,
822,65.0,gf,3.155,mm,OK,--,5:30:24 PM,10/13/2024,
823,65.0,gf,3.160,mm,OK,--,5:30:24 PM,10/13/2024,
824,65.0,gf,3.165,mm,OK,--,5:30:24 PM,10/13/2024,
825,65.1,gf,3.175,mm,OK,--,5:30:24 PM,10/13/2024,
826,65.3,gf,3.185,mm,OK,--,5:30:24 PM,10/13/2024,
827,65.4,gf,3.195,mm,OK,--,5:30:25 PM,10/13/2024,
828,65.4,gf,3.200,mm,OK,--,5:30:25 PM,10/13/2024,
829,65.6,gf,3.205,mm,OK,--,5:30:25 PM,10/13/2024,
830,65.7,gf,3.215,mm,OK,--,5:30:25 PM,10/13/2024,
831,65.8,gf,3.225,mm,OK,--,5:30:25 PM,10/13/2024,
832,66.0,gf,3.230,mm,OK,--,5:30:25 PM,10/13/2024,
833,66.2,gf,3.235,mm,OK,--,5:30:25 PM,10/13/2024,
834,66.4,gf,3.245,mm,OK,--,5:30:25 PM,10/13/2024,
835,68.7,gf,3.250,mm,OK,--,5:30:25 PM,10/13/2024,
836,69.8,gf,3.255,mm,OK,--,5:30:25 PM,10/13/2024,
837,70.6,gf,3.260,mm,OK,--,5:30:26 PM,10/13/2024,
838,71.5,gf,3.265,mm,OK,--,5:30:26 PM,10/13/2024,
839,68.6,gf,3.270,mm,OK,--,5:30:26 PM,10/13/2024,
840,72.3,gf,3.275,mm,OK,--,5:30:26 PM,10/13/2024,
841,75.4,gf,3.280,mm,OK,--,5:30:26 PM,10/13/2024,
842,78.6,gf,3.285,mm,OK,--,5:30:26 PM,10/13/2024,
843,81.2,gf,3.285,mm,OK,--,5:30:26 PM,10/13/2024,
844,83.3,gf,3.290,mm,OK,--,5:30:26 PM,10/13/2024,
845,85.6,gf,3.290,mm,OK,--,5:30:26 PM,10/13/2024,
846,88.1,gf,3.295,mm,OK,--,5:30:26 PM,10/13/2024,
847,90.2,gf,3.295,mm,OK,--,5:30:27 PM,10/13/2024,
848,92.2,gf,3.300,mm,OK,--,5:30:27 PM,10/13/2024,
849,94.7,gf,3.300,mm,OK,--,5:30:27 PM,10/13/2024,
850,97.6,gf,3.305,mm,OK,--,5:30:27 PM,10/13/2024,
851,99.7,gf,3.305,mm,OK,--,5:30:27 PM,10/13/2024,
852,101.5,gf,3.310,mm,OK,--,5:30:27 PM,10/13/2024,
853,102.8,gf,3.310,mm,OK,--,5:30:27 PM,10/13/2024,
854,104.3,gf,3.310,mm,OK,--,5:30:27 PM,10/13/2024,
855,106.5,gf,3.315,mm,OK,--,5:30:27 PM,10/13/2024,
856,108.6,gf,3.315,mm,OK,--,5:30:27 PM,10/13/2024,
857,110.4,gf,3.320,mm,OK,--,5:30:28 PM,10/13/2024,
858,112.2,gf,3.320,mm,OK,--,5:30:28 PM,10/13/2024,
859,114.2,gf,3.320,mm,OK,--,5:30:28 PM,10/13/2024,
860,116.4,gf,3.325,mm,OK,--,5:30:28 PM,10/13/2024,
861,118.4,gf,3.325,mm,OK,--,5:30:28 PM,10/13/2024,
862,120.4,gf,3.330,mm,OK,--,5:30:28 PM,10/13/2024,
863,122.3,gf,3.330,mm,OK,--,5:30:28 PM,10/13/2024,
864,123.7,gf,3.330,mm,OK,--,5:30:28 PM,10/13/2024,
865,125.3,gf,3.335,mm,OK,--,5:30:28 PM,10/13/2024,
866,126.6,gf,3.335,mm,OK,--,5:30:28 PM,10/13/2024,
867,127.8,gf,3.335,mm,OK,--,5:30:29 PM,10/13/2024,
868,129.2,gf,3.340,mm,OK,--,5:30:29 PM,10/13/2024,
869,130.9,gf,3.340,mm,OK,--,5:30:29 PM,10/13/2024,
870,132.5,gf,3.340,mm,OK,--,5:30:29 PM,10/13/2024,
871,133.9,gf,3.345,mm,OK,--,5:30:29 PM,10/13/2024,
872,135.1,gf,3.345,mm,OK,--,5:30:29 PM,10/13/2024,
873,136.8,gf,3.345,mm,OK,--,5:30:29 PM,10/13/2024,
874,138.4,gf,3.345,mm,OK,--,5:30:29 PM,10/13/2024,
875,139.9,gf,3.350,mm,OK,--,5:30:29 PM,10/13/2024,
876,140.9,gf,3.350,mm,OK,--,5:30:29 PM,10/13/2024,
877,141.7,gf,3.350,mm,OK,--,5:30:30 PM,10/13/2024,
878,142.6,gf,3.350,mm,OK,--,5:30:30 PM,10/13/2024,
879,143.6,gf,3.350,mm,OK,--,5:30:30 PM,10/13/2024,
880,144.6,gf,3.355,mm,OK,--,5:30:30 PM,10/13/2024,
881,145.5,gf,3.355,mm,OK,--,5:30:30 PM,10/13/2024,
882,146.3,gf,3.355,mm,OK,--,5:30:30 PM,10/13/2024,
883,147.0,gf,3.355,mm,OK,--,5:30:30 PM,10/13/2024,
884,147.7,gf,3.355,mm,OK,--,5:30:30 PM,10/13/2024,
885,148.3,gf,3.355,mm,OK,--,5:30:30 PM,10/13/2024,
886,148.8,gf,3.360,mm,OK,--,5:30:30 PM,10/13/2024,
887,149.3,gf,3.360,mm,OK,--,5:30:31 PM,10/13/2024,
888,149.5,gf,3.360,mm,OK,--,5:30:31 PM,10/13/2024,
889,150.0,gf,3.360,mm,OK,--,5:30:31 PM,10/13/2024,
890,150.7,gf,3.360,mm,OK,--,5:30:31 PM,10/13/2024,
891,151.5,gf,3.360,mm,OK,--,5:30:31 PM,10/13/2024,
892,152.2,gf,3.360,mm,OK,--,5:30:31 PM,10/13/2024,
893,152.8,gf,3.360,mm,OK,--,5:30:31 PM,10/13/2024,
894,153.3,gf,3.365,mm,OK,--,5:30:31 PM,10/13/2024,
895,154.0,gf,3.365,mm,OK,--,5:30:31 PM,10/13/2024,
896,154.5,gf,3.365,mm,OK,--,5:30:31 PM,10/13/2024,
897,155.2,gf,3.365,mm,OK,--,5:30:32 PM,10/13/2024,
898,155.9,gf,3.365,mm,OK,--,5:30:32 PM,10/13/2024,
899,156.5,gf,3.365,mm,OK,--,5:30:32 PM,10/13/2024,
900,157.0,gf,3.365,mm,OK,--,5:30:32 PM,10/13/2024,
901,157.6,gf,3.365,mm,OK,--,5:30:32 PM,10/13/2024,
902,157.9,gf,3.365,mm,OK,--,5:30:32 PM,10/13/2024,
903,158.3,gf,3.370,mm,OK,--,5:30:32 PM,10/13/2024,
904,158.8,gf,3.370,mm,OK,--,5:30:32 PM,10/13/2024,
905,159.4,gf,3.370,mm,OK,--,5:30:32 PM,10/13/2024,
906,160.0,gf,3.370,mm,OK,--,5:30:32 PM,10/13/2024,
907,160.5,gf,3.370,mm,OK,--,5:30:33 PM,10/13/2024,
908,161.0,gf,3.370,mm,OK,--,5:30:33 PM,10/13/2024,
909,161.6,gf,3.370,mm,OK,--,5:30:33 PM,10/13/2024,
910,162.1,gf,3.370,mm,OK,--,5:30:33 PM,10/13/2024,
911,162.6,gf,3.370,mm,OK,--,5:30:33 PM,10/13/2024,
912,163.0,gf,3.375,mm,OK,--,5:30:33 PM,10/13/2024,
913,163.4,gf,3.375,mm,OK,--,5:30:33 PM,10/13/2024,
914,163.7,gf,3.375,mm,OK,--,5:30:33 PM,10/13/2024,
915,163.9,gf,3.375,mm,OK,--,5:30:33 PM,10/13/2024,
916,164.4,gf,3.375,mm,OK,--,5:30:33 PM,10/13/2024,
917,164.9,gf,3.375,mm,OK,--,5:30:34 PM,10/13/2024,
918,165.3,gf,3.375,mm,OK,--,5:30:34 PM,10/13/2024,
919,165.6,gf,3.375,mm,OK,--,5:30:34 PM,10/13/2024,
920,166.0,gf,3.375,mm,OK,--,5:30:34 PM,10/13/2024,
921,166.5,gf,3.375,mm,OK,--,5:30:34 PM,10/13/2024,
922,166.6,gf,3.375,mm,OK,--,5:30:34 PM,10/13/2024,
923,166.8,gf,3.375,mm,OK,--,5:30:34 PM,10/13/2024,
924,167.1,gf,3.375,mm,OK,--,5:30:34 PM,10/13/2024,
925,167.4,gf,3.375,mm,OK,--,5:30:34 PM,10/13/2024,
926,167.4,gf,3.375,mm,OK,--,5:30:34 PM,10/13/2024,
927,167.4,gf,3.375,mm,OK,--,5:30:35 PM,10/13/2024,
928,167.6,gf,3.380,mm,OK,--,5:30:35 PM,10/13/2024,
929,168.0,gf,3.380,mm,OK,--,5:30:35 PM,10/13/2024,
930,168.8,gf,3.380,mm,OK,--,5:30:35 PM,10/13/2024,
931,170.2,gf,3.380,mm,OK,--,5:30:35 PM,10/13/2024,
932,171.5,gf,3.380,mm,OK,--,5:30:35 PM,10/13/2024,
933,172.3,gf,3.385,mm,OK,--,5:30:35 PM,10/13/2024,
934,172.9,gf,3.385,mm,OK,--,5:30:35 PM,10/13/2024,
935,173.3,gf,3.385,mm,OK,--,5:30:35 PM,10/13/2024,
936,173.7,gf,3.385,mm,OK,--,5:30:35 PM,10/13/2024,
937,174.2,gf,3.385,mm,OK,--,5:30:36 PM,10/13/2024,
938,175.5,gf,3.385,mm,OK,--,5:30:36 PM,10/13/2024,
939,176.5,gf,3.385,mm,OK,--,5:30:36 PM,10/13/2024,
940,177.3,gf,3.390,mm,OK,--,5:30:36 PM,10/13/2024,
941,178.6,gf,3.390,mm,OK,--,5:30:36 PM,10/13/2024,
942,179.3,gf,3.390,mm,OK,--,5:30:36 PM,10/13/2024,
943,180.2,gf,3.390,mm,OK,--,5:30:36 PM,10/13/2024,
944,181.6,gf,3.390,mm,OK,--,5:30:36 PM,10/13/2024,
945,183.5,gf,3.395,mm,OK,--,5:30:36 PM,10/13/2024,
946,184.4,gf,3.395,mm,OK,--,5:30:36 PM,10/13/2024,
947,184.5,gf,3.395,mm,OK,--,5:30:37 PM,10/13/2024,
948,184.6,gf,3.395,mm,OK,--,5:30:37 PM,10/13/2024,
949,184.8,gf,3.395,mm,OK,--,5:30:37 PM,10/13/2024,
950,186.8,gf,3.400,mm,OK,--,5:30:37 PM,10/13/2024,
951,188.3,gf,3.400,mm,OK,--,5:30:37 PM,10/13/2024,
952,189.4,gf,3.400,mm,OK,--,5:30:37 PM,10/13/2024,
953,190.1,gf,3.400,mm,OK,--,5:30:37 PM,10/13/2024,
954,190.0,gf,3.400,mm,OK,--,5:30:37 PM,10/13/2024,
955,190.0,gf,3.400,mm,OK,--,5:30:37 PM,10/13/2024,
956,190.0,gf,3.400,mm,OK,--,5:30:37 PM,10/13/2024,
957,189.9,gf,3.400,mm,OK,--,5:30:38 PM,10/13/2024,
958,189.8,gf,3.400,mm,OK,--,5:30:38 PM,10/13/2024,
959,189.7,gf,3.400,mm,OK,--,5:30:38 PM,10/13/2024,
960,189.7,gf,3.400,mm,OK,--,5:30:38 PM,10/13/2024,
961,189.6,gf,3.400,mm,OK,--,5:30:38 PM,10/13/2024,
962,189.6,gf,3.400,mm,OK,--,5:30:38 PM,10/13/2024,
963,189.6,gf,3.400,mm,OK,--,5:30:38 PM,10/13/2024,
964,189.6,gf,3.400,mm,OK,--,5:30:38 PM,10/13/2024,
965,189.6,gf,3.400,mm,OK,--,5:30:38 PM,10/13/2024,
966,189.6,gf,3.400,mm,OK,--,5:30:38 PM,10/13/2024,
967,189.6,gf,3.400,mm,OK,--,5:30:39 PM,10/13/2024,
968,189.6,gf,3.400,mm,OK,--,5:30:39 PM,10/13/2024,
969,189.5,gf,3.400,mm,OK,--,5:30:39 PM,10/13/2024,
970,189.4,gf,3.400,mm,OK,--,5:30:39 PM,10/13/2024,
971,189.4,gf,3.400,mm,OK,--,5:30:39 PM,10/13/2024,
972,189.3,gf,3.400,mm,OK,--,5:30:39 PM,10/13/2024,
973,189.0,gf,3.400,mm,OK,--,5:30:39 PM,10/13/2024,
974,188.8,gf,3.400,mm,OK,--,5:30:39 PM,10/13/2024,
975,188.7,gf,3.400,mm,OK,--,5:30:39 PM,10/13/2024,
976,188.6,gf,3.400,mm,OK,--,5:30:39 PM,10/13/2024,
977,188.5,gf,3.400,mm,OK,--,5:30:40 PM,10/13/2024,
978,188.5,gf,3.400,mm,OK,--,5:30:40 PM,10/13/2024,
979,188.2,gf,3.400,mm,OK,--,5:30:40 PM,10/13/2024,
980,187.7,gf,3.400,mm,OK,--,5:30:40 PM,10/13/2024,
981,187.3,gf,3.400,mm,OK,--,5:30:40 PM,10/13/2024,
982,186.9,gf,3.400,mm,OK,--,5:30:40 PM,10/13/2024,
983,186.7,gf,3.400,mm,OK,--,5:30:40 PM,10/13/2024,
984,186.3,gf,3.400,mm,OK,--,5:30:40 PM,10/13/2024,
985,185.3,gf,3.400,mm,OK,--,5:30:40 PM,10/13/2024,
986,184.0,gf,3.400,mm,OK,--,5:30:40 PM,10/13/2024,
987,182.1,gf,3.395,mm,OK,--,5:30:41 PM,10/13/2024,
988,180.3,gf,3.395,mm,OK,--,5:30:41 PM,10/13/2024,
989,178.9,gf,3.395,mm,OK,--,5:30:41 PM,10/13/2024,
990,177.4,gf,3.390,mm,OK,--,5:30:41 PM,10/13/2024,
991,176.6,gf,3.390,mm,OK,--,5:30:41 PM,10/13/2024,
992,175.9,gf,3.390,mm,OK,--,5:30:41 PM,10/13/2024,
993,175.2,gf,3.390,mm,OK,--,5:30:41 PM,10/13/2024,
994,174.6,gf,3.390,mm,OK,--,5:30:41 PM,10/13/2024,
995,174.0,gf,3.390,mm,OK,--,5:30:41 PM,10/13/2024,
996,173.4,gf,3.385,mm,OK,--,5:30:41 PM,10/13/2024,
997,172.9,gf,3.385,mm,OK,--,5:30:42 PM,10/13/2024,
998,172.3,gf,3.385,mm,OK,--,5:30:42 PM,10/13/2024,
999,171.7,gf,3.385,mm,OK,--,5:30:42 PM,10/13/2024,
1000,171.3,gf,3.385,mm,OK,--,5:30:42 PM,10/13/2024,
1001,170.8,gf,3.385,mm,OK,--,5:30:42 PM,10/13/2024,
1002,170.4,gf,3.385,mm,OK,--,5:30:42 PM,10/13/2024,
1003,169.8,gf,3.385,mm,OK,--,5:30:42 PM,10/13/2024,
1004,169.2,gf,3.385,mm,OK,--,5:30:42 PM,10/13/2024,
1005,168.7,gf,3.385,mm,OK,--,5:30:42 PM,10/13/2024,
1006,168.3,gf,3.380,mm,OK,--,5:30:42 PM,10/13/2024,
1007,168.0,gf,3.380,mm,OK,--,5:30:43 PM,10/13/2024,
1008,167.7,gf,3.380,mm,OK,--,5:30:43 PM,10/13/2024,
1009,167.5,gf,3.380,mm,OK,--,5:30:43 PM,10/13/2024,
1010,167.2,gf,3.380,mm,OK,--,5:30:43 PM,10/13/2024,
1011,166.8,gf,3.380,mm,OK,--,5:30:43 PM,10/13/2024,
1012,166.4,gf,3.380,mm,OK,--,5:30:43 PM,10/13/2024,
1013,165.9,gf,3.380,mm,OK,--,5:30:43 PM,10/13/2024,
1014,165.6,gf,3.380,mm,OK,--,5:30:43 PM,10/13/2024,
1015,165.2,gf,3.380,mm,OK,--,5:30:43 PM,10/13/2024,
1016,164.8,gf,3.380,mm,OK,--,5:30:43 PM,10/13/2024,
1017,164.4,gf,3.380,mm,OK,--,5:30:44 PM,10/13/2024,
1018,164.1,gf,3.380,mm,OK,--,5:30:44 PM,10/13/2024,
1019,163.8,gf,3.375,mm,OK,--,5:30:44 PM,10/13/2024,
1020,163.4,gf,3.375,mm,OK,--,5:30:44 PM,10/13/2024,
1021,163.0,gf,3.375,mm,OK,--,5:30:44 PM,10/13/2024,
1022,162.7,gf,3.375,mm,OK,--,5:30:44 PM,10/13/2024,
1023,162.2,gf,3.375,mm,OK,--,5:30:44 PM,10/13/2024,
1024,161.8,gf,3.375,mm,OK,--,5:30:44 PM,10/13/2024,
1025,161.3,gf,3.375,mm,OK,--,5:30:44 PM,10/13/2024,
1026,160.8,gf,3.375,mm,OK,--,5:30:44 PM,10/13/2024,
1027,160.3,gf,3.375,mm,OK,--,5:30:45 PM,10/13/2024,
1028,159.7,gf,3.375,mm,OK,--,5:30:45 PM,10/13/2024,
1029,158.9,gf,3.370,mm,OK,--,5:30:45 PM,10/13/2024,
1030,158.1,gf,3.370,mm,OK,--,5:30:45 PM,10/13/2024,
1031,157.2,gf,3.370,mm,OK,--,5:30:45 PM,10/13/2024,
1032,156.6,gf,3.370,mm,OK,--,5:30:45 PM,10/13/2024,
1033,155.8,gf,3.370,mm,OK,--,5:30:45 PM,10/13/2024,
1034,155.0,gf,3.370,mm,OK,--,5:30:45 PM,10/13/2024,
1035,154.5,gf,3.370,mm,OK,--,5:30:45 PM,10/13/2024,
1036,153.8,gf,3.370,mm,OK,--,5:30:45 PM,10/13/2024,
1037,153.4,gf,3.365,mm,OK,--,5:30:46 PM,10/13/2024,
1038,153.0,gf,3.365,mm,OK,--,5:30:46 PM,10/13/2024,
1039,152.7,gf,3.365,mm,OK,--,5:30:46 PM,10/13/2024,
1040,152.3,gf,3.365,mm,OK,--,5:30:46 PM,10/13/2024,
1041,151.9,gf,3.365,mm,OK,--,5:30:46 PM,10/13/2024,
1042,151.5,gf,3.365,mm,OK,--,5:30:46 PM,10/13/2024,
1043,151.1,gf,3.365,mm,OK,--,5:30:46 PM,10/13/2024,
1044,150.9,gf,3.365,mm,OK,--,5:30:46 PM,10/13/2024,
1045,150.5,gf,3.365,mm,OK,--,5:30:46 PM,10/13/2024,
1046,150.1,gf,3.365,mm,OK,--,5:30:46 PM,10/13/2024,
1047,149.7,gf,3.365,mm,OK,--,5:30:47 PM,10/13/2024,
1048,149.3,gf,3.365,mm,OK,--,5:30:47 PM,10/13/2024,
1049,148.8,gf,3.365,mm,OK,--,5:30:47 PM,10/13/2024,
1050,148.2,gf,3.360,mm,OK,--,5:30:47 PM,10/13/2024,
1051,147.6,gf,3.360,mm,OK,--,5:30:47 PM,10/13/2024,
1052,147.2,gf,3.360,mm,OK,--,5:30:47 PM,10/13/2024,
1053,146.8,gf,3.360,mm,OK,--,5:30:47 PM,10/13/2024,
1054,146.5,gf,3.360,mm,OK,--,5:30:47 PM,10/13/2024,
1055,146.1,gf,3.360,mm,OK,--,5:30:47 PM,10/13/2024,
1056,145.7,gf,3.360,mm,OK,--,5:30:47 PM,10/13/2024,
1057,145.3,gf,3.360,mm,OK,--,5:30:48 PM,10/13/2024,
1058,144.9,gf,3.360,mm,OK,--,5:30:48 PM,10/13/2024,
1059,144.6,gf,3.360,mm,OK,--,5:30:48 PM,10/13/2024,
1060,144.2,gf,3.360,mm,OK,--,5:30:48 PM,10/13/2024,
1061,143.8,gf,3.355,mm,OK,--,5:30:48 PM,10/13/2024,
1062,143.4,gf,3.355,mm,OK,--,5:30:48 PM,10/13/2024,
1063,143.3,gf,3.355,mm,OK,--,5:30:48 PM,10/13/2024,
1064,143.1,gf,3.355,mm,OK,--,5:30:48 PM,10/13/2024,
1065,142.8,gf,3.355,mm,OK,--,5:30:48 PM,10/13/2024,
1066,142.3,gf,3.355,mm,OK,--,5:30:48 PM,10/13/2024,
1067,141.8,gf,3.355,mm,OK,--,5:30:49 PM,10/13/2024,
1068,141.5,gf,3.355,mm,OK,--,5:30:49 PM,10/13/2024,
1069,141.0,gf,3.355,mm,OK,--,5:30:49 PM,10/13/2024,
1070,140.5,gf,3.355,mm,OK,--,5:30:49 PM,10/13/2024,
1071,140.0,gf,3.355,mm,OK,--,5:30:49 PM,10/13/2024,
1072,139.4,gf,3.355,mm,OK,--,5:30:49 PM,10/13/2024,
1073,138.8,gf,3.355,mm,OK,--,5:30:49 PM,10/13/2024,
1074,138.4,gf,3.350,mm,OK,--,5:30:49 PM,10/13/2024,
1075,137.8,gf,3.350,mm,OK,--,5:30:49 PM,10/13/2024,
1076,137.4,gf,3.350,mm,OK,--,5:30:49 PM,10/13/2024,
1077,136.9,gf,3.350,mm,OK,--,5:30:50 PM,10/13/2024,
1078,136.6,gf,3.350,mm,OK,--,5:30:50 PM,10/13/2024,
1079,136.1,gf,3.350,mm,OK,--,5:30:50 PM,10/13/2024,
1080,135.7,gf,3.350,mm,OK,--,5:30:50 PM,10/13/2024,
1081,135.2,gf,3.350,mm,OK,--,5:30:50 PM,10/13/2024,
1082,134.7,gf,3.350,mm,OK,--,5:30:50 PM,10/13/2024,
1083,134.0,gf,3.350,mm,OK,--,5:30:50 PM,10/13/2024,
1084,133.4,gf,3.345,mm,OK,--,5:30:50 PM,10/13/2024,
1085,132.6,gf,3.345,mm,OK,--,5:30:50 PM,10/13/2024,
1086,131.6,gf,3.345,mm,OK,--,5:30:50 PM,10/13/2024,
1087,130.7,gf,3.345,mm,OK,--,5:30:51 PM,10/13/2024,
1088,129.6,gf,3.345,mm,OK,--,5:30:51 PM,10/13/2024,
1089,128.4,gf,3.340,mm,OK,--,5:30:51 PM,10/13/2024,
1090,127.0,gf,3.340,mm,OK,--,5:30:51 PM,10/13/2024,
1091,125.5,gf,3.340,mm,OK,--,5:30:51 PM,10/13/2024,
1092,123.9,gf,3.340,mm,OK,--,5:30:51 PM,10/13/2024,
1093,121.9,gf,3.335,mm,OK,--,5:30:51 PM,10/13/2024,
1094,119.7,gf,3.335,mm,OK,--,5:30:51 PM,10/13/2024,
1095,117.6,gf,3.330,mm,OK,--,5:30:51 PM,10/13/2024,
1096,115.7,gf,3.330,mm,OK,--,5:30:51 PM,10/13/2024,
1097,113.8,gf,3.330,mm,OK,--,5:30:52 PM,10/13/2024,
1098,111.4,gf,3.325,mm,OK,--,5:30:52 PM,10/13/2024,
1099,109.5,gf,3.325,mm,OK,--,5:30:52 PM,10/13/2024,
1100,108.0,gf,3.320,mm,OK,--,5:30:52 PM,10/13/2024,
1101,106.7,gf,3.320,mm,OK,--,5:30:52 PM,10/13/2024,
1102,105.7,gf,3.320,mm,OK,--,5:30:52 PM,10/13/2024,
1103,104.8,gf,3.320,mm,OK,--,5:30:52 PM,10/13/2024,
1104,103.8,gf,3.315,mm,OK,--,5:30:52 PM,10/13/2024,
1105,102.9,gf,3.315,mm,OK,--,5:30:52 PM,10/13/2024,
1106,102.4,gf,3.315,mm,OK,--,5:30:52 PM,10/13/2024,
1107,101.8,gf,3.315,mm,OK,--,5:30:53 PM,10/13/2024,
1108,101.2,gf,3.315,mm,OK,--,5:30:53 PM,10/13/2024,
1109,100.5,gf,3.315,mm,OK,--,5:30:53 PM,10/13/2024,
1110,99.7,gf,3.315,mm,OK,--,5:30:53 PM,10/13/2024,
1111,98.7,gf,3.310,mm,OK,--,5:30:53 PM,10/13/2024,
1112,97.2,gf,3.310,mm,OK,--,5:30:53 PM,10/13/2024,
1113,94.8,gf,3.310,mm,OK,--,5:30:53 PM,10/13/2024,
1114,92.5,gf,3.305,mm,OK,--,5:30:53 PM,10/13/2024,
1115,90.1,gf,3.305,mm,OK,--,5:30:53 PM,10/13/2024,
1116,88.0,gf,3.300,mm,OK,--,5:30:53 PM,10/13/2024,
1117,85.8,gf,3.300,mm,OK,--,5:30:54 PM,10/13/2024,
1118,82.5,gf,3.295,mm,OK,--,5:30:54 PM,10/13/2024,
1119,79.1,gf,3.290,mm,OK,--,5:30:54 PM,10/13/2024,
1120,76.0,gf,3.285,mm,OK,--,5:30:54 PM,10/13/2024,
1121,73.4,gf,3.285,mm,OK,--,5:30:54 PM,10/13/2024,
1122,71.1,gf,3.280,mm,OK,--,5:30:54 PM,10/13/2024,
1123,69.2,gf,3.280,mm,OK,--,5:30:54 PM,10/13/2024,
1124,67.3,gf,3.275,mm,OK,--,5:30:54 PM,10/13/2024,
1125,65.9,gf,3.275,mm,OK,--,5:30:54 PM,10/13/2024,
1126,65.4,gf,3.270,mm,OK,--,5:30:54 PM,10/13/2024,
1127,64.9,gf,3.270,mm,OK,--,5:30:55 PM,10/13/2024,
1128,64.0,gf,3.265,mm,OK,--,5:30:55 PM,10/13/2024,
1129,63.1,gf,3.260,mm,OK,--,5:30:55 PM,10/13/2024,
1130,62.5,gf,3.255,mm,OK,--,5:30:55 PM,10/13/2024,
1131,62.5,gf,3.250,mm,OK,--,5:30:55 PM,10/13/2024,
1132,62.4,gf,3.240,mm,OK,--,5:30:55 PM,10/13/2024,
1133,62.2,gf,3.235,mm,OK,--,5:30:55 PM,10/13/2024,
1134,62.1,gf,3.230,mm,OK,--,5:30:55 PM,10/13/2024,
1135,62.0,gf,3.230,mm,OK,--,5:30:55 PM,10/13/2024,
1136,62.0,gf,3.225,mm,OK,--,5:30:55 PM,10/13/2024,
1137,61.8,gf,3.215,mm,OK,--,5:30:56 PM,10/13/2024,
1138,61.9,gf,3.210,mm,OK,--,5:30:56 PM,10/13/2024,
1139,61.9,gf,3.200,mm,OK,--,5:30:56 PM,10/13/2024,
1140,61.9,gf,3.195,mm,OK,--,5:30:56 PM,10/13/2024,
1141,61.8,gf,3.190,mm,OK,--,5:30:56 PM,10/13/2024,
1142,61.7,gf,3.190,mm,OK,--,5:30:56 PM,10/13/2024,
1143,61.6,gf,3.185,mm,OK,--,5:30:56 PM,10/13/2024,
1144,61.6,gf,3.180,mm,OK,--,5:30:56 PM,10/13/2024,
1145,61.6,gf,3.175,mm,OK,--,5:30:56 PM,10/13/2024,
1146,61.6,gf,3.170,mm,OK,--,5:30:56 PM,10/13/2024,
1147,61.5,gf,3.165,mm,OK,--,5:30:57 PM,10/13/2024,
1148,61.5,gf,3.155,mm,OK,--,5:30:57 PM,10/13/2024,
1149,61.5,gf,3.145,mm,OK,--,5:30:57 PM,10/13/2024,
1150,61.4,gf,3.140,mm,OK,--,5:30:57 PM,10/13/2024,
1151,61.4,gf,3.135,mm,OK,--,5:30:57 PM,10/13/2024,
1152,61.3,gf,3.130,mm,OK,--,5:30:57 PM,10/13/2024,
1153,61.2,gf,3.120,mm,OK,--,5:30:57 PM,10/13/2024,
1154,61.2,gf,3.115,mm,OK,--,5:30:57 PM,10/13/2024,
1155,61.2,gf,3.110,mm,OK,--,5:30:57 PM,10/13/2024,
1156,61.2,gf,3.110,mm,OK,--,5:30:57 PM,10/13/2024,
1157,61.1,gf,3.100,mm,OK,--,5:30:58 PM,10/13/2024,
1158,61.0,gf,3.100,mm,OK,--,5:30:58 PM,10/13/2024,
1159,61.0,gf,3.095,mm,OK,--,5:30:58 PM,10/13/2024,
1160,61.0,gf,3.095,mm,OK,--,5:30:58 PM,10/13/2024,
1161,61.0,gf,3.090,mm,OK,--,5:30:58 PM,10/13/2024,
1162,60.9,gf,3.085,mm,OK,--,5:30:58 PM,10/13/2024,
1163,60.9,gf,3.085,mm,OK,--,5:30:58 PM,10/13/2024,
1164,60.8,gf,3.080,mm,OK,--,5:30:58 PM,10/13/2024,
1165,60.8,gf,3.080,mm,OK,--,5:30:58 PM,10/13/2024,
1166,60.8,gf,3.080,mm,OK,--,5:30:58 PM,10/13/2024,
1167,60.8,gf,3.080,mm,OK,--,5:30:59 PM,10/13/2024,
1168,60.8,gf,3.075,mm,OK,--,5:30:59 PM,10/13/2024,
1169,60.8,gf,3.075,mm,OK,--,5:30:59 PM,10/13/2024,
1170,60.7,gf,3.070,mm,OK,--,5:30:59 PM,10/13/2024,
1171,60.7,gf,3.070,mm,OK,--,5:30:59 PM,10/13/2024,
1172,60.7,gf,3.065,mm,OK,--,5:30:59 PM,10/13/2024,
1173,60.7,gf,3.065,mm,OK,--,5:30:59 PM,10/13/2024,
1174,60.7,gf,3.060,mm,OK,--,5:30:59 PM,10/13/2024,
1175,60.7,gf,3.060,mm,OK,--,5:30:59 PM,10/13/2024,
1176,60.7,gf,3.055,mm,OK,--,5:30:59 PM,10/13/2024,
1177,60.7,gf,3.055,mm,OK,--,5:31:00 PM,10/13/2024,
1178,60.7,gf,3.050,mm,OK,--,5:31:00 PM,10/13/2024,
1179,60.7,gf,3.050,mm,OK,--,5:31:00 PM,10/13/2024,
1180,60.7,gf,3.045,mm,OK,--,5:31:00 PM,10/13/2024,
1181,60.7,gf,3.045,mm,OK,--,5:31:00 PM,10/13/2024,
1182,60.6,gf,3.040,mm,OK,--,5:31:00 PM,10/13/2024,
1183,60.6,gf,3.035,mm,OK,--,5:31:00 PM,10/13/2024,
1184,60.6,gf,3.035,mm,OK,--,5:31:00 PM,10/13/2024,
1185,60.5,gf,3.030,mm,OK,--,5:31:00 PM,10/13/2024,
1186,60.5,gf,3.030,mm,OK,--,5:31:00 PM,10/13/2024,
1187,60.4,gf,3.025,mm,OK,--,5:31:01 PM,10/13/2024,
1188,60.4,gf,3.020,mm,OK,--,5:31:01 PM,10/13/2024,
1189,60.3,gf,3.005,mm,OK,--,5:31:01 PM,10/13/2024,
1190,60.3,gf,3.000,mm,OK,--,5:31:01 PM,10/13/2024,
1191,60.2,gf,2.995,mm,OK,--,5:31:01 PM,10/13/2024,
1192,60.2,gf,2.985,mm,OK,--,5:31:01 PM,10/13/2024,
1193,60.0,gf,2.970,mm,OK,--,5:31:01 PM,10/13/2024,
1194,60.0,gf,2.960,mm,OK,--,5:31:01 PM,10/13/2024,
1195,60.0,gf,2.945,mm,OK,--,5:31:01 PM,10/13/2024,
1196,59.8,gf,2.935,mm,OK,--,5:31:01 PM,10/13/2024,
1197,59.7,gf,2.920,mm,OK,--,5:31:02 PM,10/13/2024,
1198,59.5,gf,2.905,mm,OK,--,5:31:02 PM,10/13/2024,
1199,59.4,gf,2.885,mm,OK,--,5:31:02 PM,10/13/2024,
1200,59.2,gf,2.865,mm,OK,--,5:31:02 PM,10/13/2024,
1201,59.1,gf,2.855,mm,OK,--,5:31:02 PM,10/13/2024,
1202,59.1,gf,2.850,mm,OK,--,5:31:02 PM,10/13/2024,
1203,59.0,gf,2.845,mm,OK,--,5:31:02 PM,10/13/2024,
1204,59.0,gf,2.840,mm,OK,--,5:31:02 PM,10/13/2024,
1205,59.0,gf,2.835,mm,OK,--,5:31:02 PM,10/13/2024,
1206,59.0,gf,2.830,mm,OK,--,5:31:02 PM,10/13/2024,
1207,59.0,gf,2.830,mm,OK,--,5:31:03 PM,10/13/2024,
1208,58.9,gf,2.830,mm,OK,--,5:31:03 PM,10/13/2024,
1209,58.9,gf,2.830,mm,OK,--,5:31:03 PM,10/13/2024,
1210,58.9,gf,2.830,mm,OK,--,5:31:03 PM,10/13/2024,
1211,58.7,gf,2.825,mm,OK,--,5:31:03 PM,10/13/2024,
1212,58.7,gf,2.820,mm,OK,--,5:31:03 PM,10/13/2024,
1213,58.7,gf,2.815,mm,OK,--,5:31:03 PM,10/13/2024,
1214,58.7,gf,2.810,mm,OK,--,5:31:03 PM,10/13/2024,
1215,58.8,gf,2.805,mm,OK,--,5:31:03 PM,10/13/2024,
1216,58.7,gf,2.805,mm,OK,--,5:31:03 PM,10/13/2024,
1217,58.6,gf,2.800,mm,OK,--,5:31:04 PM,10/13/2024,
1218,58.4,gf,2.795,mm,OK,--,5:31:04 PM,10/13/2024,
1219,58.4,gf,2.790,mm,OK,--,5:31:04 PM,10/13/2024,
1220,58.4,gf,2.780,mm,OK,--,5:31:04 PM,10/13/2024,
1221,58.4,gf,2.775,mm,OK,--,5:31:04 PM,10/13/2024,
1222,58.4,gf,2.760,mm,OK,--,5:31:04 PM,10/13/2024,
1223,58.3,gf,2.735,mm,OK,--,5:31:04 PM,10/13/2024,
1224,58.2,gf,2.720,mm,OK,--,5:31:04 PM,10/13/2024,
1225,58.1,gf,2.715,mm,OK,--,5:31:04 PM,10/13/2024,
1226,57.9,gf,2.705,mm,OK,--,5:31:04 PM,10/13/2024,
1227,57.9,gf,2.695,mm,OK,--,5:31:05 PM,10/13/2024,
1228,57.9,gf,2.690,mm,OK,--,5:31:05 PM,10/13/2024,
1229,57.8,gf,2.685,mm,OK,--,5:31:05 PM,10/13/2024,
1230,57.7,gf,2.675,mm,OK,--,5:31:05 PM,10/13/2024,
1231,57.6,gf,2.670,mm,OK,--,5:31:05 PM,10/13/2024,
1232,57.5,gf,2.660,mm,OK,--,5:31:05 PM,10/13/2024,
1233,57.5,gf,2.655,mm,OK,--,5:31:05 PM,10/13/2024,
1234,57.6,gf,2.645,mm,OK,--,5:31:05 PM,10/13/2024,
1235,57.4,gf,2.640,mm,OK,--,5:31:05 PM,10/13/2024,
1236,57.3,gf,2.635,mm,OK,--,5:31:05 PM,10/13/2024,
1237,57.3,gf,2.635,mm,OK,--,5:31:06 PM,10/13/2024,
1238,57.2,gf,2.630,mm,OK,--,5:31:06 PM,10/13/2024,
1239,57.2,gf,2.625,mm,OK,--,5:31:06 PM,10/13/2024,
1240,57.2,gf,2.620,mm,OK,--,5:31:06 PM,10/13/2024,
1241,57.2,gf,2.615,mm,OK,--,5:31:06 PM,10/13/2024,
1242,57.2,gf,2.610,mm,OK,--,5:31:06 PM,10/13/2024,
1243,57.2,gf,2.610,mm,OK,--,5:31:06 PM,10/13/2024,
1244,57.2,gf,2.605,mm,OK,--,5:31:06 PM,10/13/2024,
1245,57.2,gf,2.600,mm,OK,--,5:31:06 PM,10/13/2024,
1246,57.2,gf,2.595,mm,OK,--,5:31:06 PM,10/13/2024,
1247,57.2,gf,2.590,mm,OK,--,5:31:07 PM,10/13/2024,
1248,57.1,gf,2.585,mm,OK,--,5:31:07 PM,10/13/2024,
1249,57.1,gf,2.580,mm,OK,--,5:31:07 PM,10/13/2024,
1250,57.0,gf,2.575,mm,OK,--,5:31:07 PM,10/13/2024,
1251,57.0,gf,2.575,mm,OK,--,5:31:07 PM,10/13/2024,
1252,57.0,gf,2.570,mm,OK,--,5:31:07 PM,10/13/2024,
1253,57.0,gf,2.570,mm,OK,--,5:31:07 PM,10/13/2024,
1254,56.9,gf,2.565,mm,OK,--,5:31:07 PM,10/13/2024,
1255,56.9,gf,2.565,mm,OK,--,5:31:07 PM,10/13/2024,
1256,56.9,gf,2.560,mm,OK,--,5:31:07 PM,10/13/2024,
1257,56.9,gf,2.560,mm,OK,--,5:31:08 PM,10/13/2024,
1258,56.9,gf,2.560,mm,OK,--,5:31:08 PM,10/13/2024,
1259,56.8,gf,2.555,mm,OK,--,5:31:08 PM,10/13/2024,
1260,56.8,gf,2.550,mm,OK,--,5:31:08 PM,10/13/2024,
1261,56.7,gf,2.545,mm,OK,--,5:31:08 PM,10/13/2024,
1262,56.7,gf,2.540,mm,OK,--,5:31:08 PM,10/13/2024,
1263,56.7,gf,2.535,mm,OK,--,5:31:08 PM,10/13/2024,
1264,56.5,gf,2.525,mm,OK,--,5:31:08 PM,10/13/2024,
1265,56.5,gf,2.520,mm,OK,--,5:31:08 PM,10/13/2024,
1266,56.5,gf,2.515,mm,OK,--,5:31:08 PM,10/13/2024,
1267,56.4,gf,2.510,mm,OK,--,5:31:09 PM,10/13/2024,
1268,56.4,gf,2.505,mm,OK,--,5:31:09 PM,10/13/2024,
1269,56.3,gf,2.500,mm,OK,--,5:31:09 PM,10/13/2024,
1270,56.3,gf,2.495,mm,OK,--,5:31:09 PM,10/13/2024,
1271,56.3,gf,2.490,mm,OK,--,5:31:09 PM,10/13/2024,
1272,56.2,gf,2.490,mm,OK,--,5:31:09 PM,10/13/2024,
1273,56.2,gf,2.485,mm,OK,--,5:31:09 PM,10/13/2024,
1274,56.2,gf,2.480,mm,OK,--,5:31:09 PM,10/13/2024,
1275,56.2,gf,2.480,mm,OK,--,5:31:09 PM,10/13/2024,
1276,56.2,gf,2.475,mm,OK,--,5:31:09 PM,10/13/2024,
1277,56.1,gf,2.475,mm,OK,--,5:31:10 PM,10/13/2024,
1278,56.1,gf,2.470,mm,OK,--,5:31:10 PM,10/13/2024,
1279,56.1,gf,2.470,mm,OK,--,5:31:10 PM,10/13/2024,
1280,56.1,gf,2.465,mm,OK,--,5:31:10 PM,10/13/2024,
1281,56.0,gf,2.465,mm,OK,--,5:31:10 PM,10/13/2024,
1282,55.9,gf,2.460,mm,OK,--,5:31:10 PM,10/13/2024,
1283,55.8,gf,2.455,mm,OK,--,5:31:10 PM,10/13/2024,
1284,55.9,gf,2.450,mm,OK,--,5:31:10 PM,10/13/2024,
1285,55.8,gf,2.445,mm,OK,--,5:31:10 PM,10/13/2024,
1286,55.9,gf,2.445,mm,OK,--,5:31:10 PM,10/13/2024,
1287,55.8,gf,2.440,mm,OK,--,5:31:11 PM,10/13/2024,
1288,55.8,gf,2.440,mm,OK,--,5:31:11 PM,10/13/2024,
1289,55.8,gf,2.435,mm,OK,--,5:31:11 PM,10/13/2024,
1290,55.8,gf,2.435,mm,OK,--,5:31:11 PM,10/13/2024,
1291,55.8,gf,2.430,mm,OK,--,5:31:11 PM,10/13/2024,
1292,55.7,gf,2.425,mm,OK,--,5:31:11 PM,10/13/2024,
1293,55.6,gf,2.420,mm,OK,--,5:31:11 PM,10/13/2024,
1294,55.5,gf,2.410,mm,OK,--,5:31:11 PM,10/13/2024,
1295,55.5,gf,2.405,mm,OK,--,5:31:11 PM,10/13/2024,
1296,55.5,gf,2.400,mm,OK,--,5:31:11 PM,10/13/2024,
1297,55.5,gf,2.395,mm,OK,--,5:31:12 PM,10/13/2024,
1298,55.3,gf,2.385,mm,OK,--,5:31:12 PM,10/13/2024,
1299,55.3,gf,2.380,mm,OK,--,5:31:12 PM,10/13/2024,
1300,55.2,gf,2.370,mm,OK,--,5:31:12 PM,10/13/2024,
1301,55.1,gf,2.360,mm,OK,--,5:31:12 PM,10/13/2024,
1302,55.1,gf,2.355,mm,OK,--,5:31:12 PM,10/13/2024,
1303,55.0,gf,2.345,mm,OK,--,5:31:12 PM,10/13/2024,
1304,54.9,gf,2.335,mm,OK,--,5:31:12 PM,10/13/2024,
1305,54.8,gf,2.330,mm,OK,--,5:31:12 PM,10/13/2024,
1306,54.8,gf,2.320,mm,OK,--,5:31:12 PM,10/13/2024,
1307,54.7,gf,2.315,mm,OK,--,5:31:13 PM,10/13/2024,
1308,54.6,gf,2.305,mm,OK,--,5:31:13 PM,10/13/2024,
1309,54.6,gf,2.300,mm,OK,--,5:31:13 PM,10/13/2024,
1310,54.6,gf,2.290,mm,OK,--,5:31:13 PM,10/13/2024,
1311,54.5,gf,2.285,mm,OK,--,5:31:13 PM,10/13/2024,
1312,54.4,gf,2.275,mm,OK,--,5:31:13 PM,10/13/2024,
1313,54.4,gf,2.270,mm,OK,--,5:31:13 PM,10/13/2024,
1314,54.2,gf,2.255,mm,OK,--,5:31:13 PM,10/13/2024,
1315,54.2,gf,2.240,mm,OK,--,5:31:13 PM,10/13/2024,
1316,54.1,gf,2.230,mm,OK,--,5:31:13 PM,10/13/2024,
1317,53.9,gf,2.220,mm,OK,--,5:31:14 PM,10/13/2024,
1318,53.9,gf,2.215,mm,OK,--,5:31:14 PM,10/13/2024,
1319,53.8,gf,2.210,mm,OK,--,5:31:14 PM,10/13/2024,
1320,53.8,gf,2.205,mm,OK,--,5:31:14 PM,10/13/2024,
1321,53.8,gf,2.205,mm,OK,--,5:31:14 PM,10/13/2024,
1322,53.8,gf,2.200,mm,OK,--,5:31:14 PM,10/13/2024,
1323,53.7,gf,2.195,mm,OK,--,5:31:14 PM,10/13/2024,
1324,53.7,gf,2.190,mm,OK,--,5:31:14 PM,10/13/2024,
1325,53.7,gf,2.190,mm,OK,--,5:31:14 PM,10/13/2024,
1326,53.7,gf,2.190,mm,OK,--,5:31:14 PM,10/13/2024,
1327,53.7,gf,2.185,mm,OK,--,5:31:15 PM,10/13/2024,
1328,53.7,gf,2.185,mm,OK,--,5:31:15 PM,10/13/2024,
1329,53.6,gf,2.180,mm,OK,--,5:31:15 PM,10/13/2024,
1330,53.6,gf,2.175,mm,OK,--,5:31:15 PM,10/13/2024,
1331,53.6,gf,2.170,mm,OK,--,5:31:15 PM,10/13/2024,
1332,53.5,gf,2.165,mm,OK,--,5:31:15 PM,10/13/2024,
1333,53.5,gf,2.165,mm,OK,--,5:31:15 PM,10/13/2024,
1334,53.5,gf,2.160,mm,OK,--,5:31:15 PM,10/13/2024,
1335,53.4,gf,2.150,mm,OK,--,5:31:15 PM,10/13/2024,
1336,53.3,gf,2.140,mm,OK,--,5:31:15 PM,10/13/2024,
1337,53.2,gf,2.130,mm,OK,--,5:31:16 PM,10/13/2024,
1338,53.1,gf,2.120,mm,OK,--,5:31:16 PM,10/13/2024,
1339,53.1,gf,2.115,mm,OK,--,5:31:16 PM,10/13/2024,
1340,53.1,gf,2.105,mm,OK,--,5:31:16 PM,10/13/2024,
1341,53.0,gf,2.100,mm,OK,--,5:31:16 PM,10/13/2024,
1342,52.9,gf,2.095,mm,OK,--,5:31:16 PM,10/13/2024,
1343,52.9,gf,2.090,mm,OK,--,5:31:16 PM,10/13/2024,
1344,52.9,gf,2.090,mm,OK,--,5:31:16 PM,10/13/2024,
1345,52.9,gf,2.090,mm,OK,--,5:31:16 PM,10/13/2024,
1346,52.9,gf,2.085,mm,OK,--,5:31:16 PM,10/13/2024,
1347,52.9,gf,2.085,mm,OK,--,5:31:17 PM,10/13/2024,
1348,52.8,gf,2.085,mm,OK,--,5:31:17 PM,10/13/2024,
1349,52.8,gf,2.080,mm,OK,--,5:31:17 PM,10/13/2024,
1350,52.8,gf,2.080,mm,OK,--,5:31:17 PM,10/13/2024,
1351,52.7,gf,2.075,mm,OK,--,5:31:17 PM,10/13/2024,
1352,52.6,gf,2.070,mm,OK,--,5:31:17 PM,10/13/2024,
1353,52.6,gf,2.065,mm,OK,--,5:31:17 PM,10/13/2024,
1354,52.6,gf,2.060,mm,OK,--,5:31:17 PM,10/13/2024,
1355,52.6,gf,2.055,mm,OK,--,5:31:17 PM,10/13/2024,
1356,52.5,gf,2.050,mm,OK,--,5:31:17 PM,10/13/2024,
1357,52.5,gf,2.050,mm,OK,--,5:31:18 PM,10/13/2024,
1358,52.4,gf,2.050,mm,OK,--,5:31:18 PM,10/13/2024,
1359,52.4,gf,2.045,mm,OK,--,5:31:18 PM,10/13/2024,
1360,52.4,gf,2.045,mm,OK,--,5:31:18 PM,10/13/2024,
1361,52.4,gf,2.040,mm,OK,--,5:31:18 PM,10/13/2024,
1362,52.3,gf,2.035,mm,OK,--,5:31:18 PM,10/13/2024,
1363,52.4,gf,2.035,mm,OK,--,5:31:18 PM,10/13/2024,
1364,52.3,gf,2.030,mm,OK,--,5:31:18 PM,10/13/2024,
1365,52.3,gf,2.025,mm,OK,--,5:31:18 PM,10/13/2024,
1366,52.3,gf,2.015,mm,OK,--,5:31:18 PM,10/13/2024,
1367,52.2,gf,2.010,mm,OK,--,5:31:19 PM,10/13/2024,
1368,52.2,gf,2.005,mm,OK,--,5:31:19 PM,10/13/2024,
1369,52.1,gf,1.995,mm,OK,--,5:31:19 PM,10/13/2024,
1370,52.1,gf,1.990,mm,OK,--,5:31:19 PM,10/13/2024,
1371,52.0,gf,1.990,mm,OK,--,5:31:19 PM,10/13/2024,
1372,52.0,gf,1.985,mm,OK,--,5:31:19 PM,10/13/2024,
1373,52.0,gf,1.980,mm,OK,--,5:31:19 PM,10/13/2024,
1374,51.9,gf,1.980,mm,OK,--,5:31:19 PM,10/13/2024,
1375,51.8,gf,1.975,mm,OK,--,5:31:19 PM,10/13/2024,
1376,51.8,gf,1.970,mm,OK,--,5:31:19 PM,10/13/2024,
1377,51.8,gf,1.970,mm,OK,--,5:31:20 PM,10/13/2024,
1378,51.8,gf,1.965,mm,OK,--,5:31:20 PM,10/13/2024,
1379,51.8,gf,1.965,mm,OK,--,5:31:20 PM,10/13/2024,
1380,51.8,gf,1.960,mm,OK,--,5:31:20 PM,10/13/2024,
1381,51.8,gf,1.955,mm,OK,--,5:31:20 PM,10/13/2024,
1382,51.7,gf,1.950,mm,OK,--,5:31:20 PM,10/13/2024,
1383,51.7,gf,1.945,mm,OK,--,5:31:20 PM,10/13/2024,
1384,51.7,gf,1.940,mm,OK,--,5:31:20 PM,10/13/2024,
1385,51.6,gf,1.935,mm,OK,--,5:31:20 PM,10/13/2024,
1386,51.6,gf,1.930,mm,OK,--,5:31:20 PM,10/13/2024,
1387,51.6,gf,1.925,mm,OK,--,5:31:21 PM,10/13/2024,
1388,51.5,gf,1.920,mm,OK,--,5:31:21 PM,10/13/2024,
1389,51.4,gf,1.915,mm,OK,--,5:31:21 PM,10/13/2024,
1390,51.3,gf,1.910,mm,OK,--,5:31:21 PM,10/13/2024,
1391,51.3,gf,1.905,mm,OK,--,5:31:21 PM,10/13/2024,
1392,51.3,gf,1.900,mm,OK,--,5:31:21 PM,10/13/2024,
1393,51.2,gf,1.895,mm,OK,--,5:31:21 PM,10/13/2024,
1394,51.1,gf,1.890,mm,OK,--,5:31:21 PM,10/13/2024,
1395,51.1,gf,1.880,mm,OK,--,5:31:21 PM,10/13/2024,
1396,51.1,gf,1.875,mm,OK,--,5:31:21 PM,10/13/2024,
1397,51.0,gf,1.870,mm,OK,--,5:31:22 PM,10/13/2024,
1398,51.0,gf,1.865,mm,OK,--,5:31:22 PM,10/13/2024,
1399,50.9,gf,1.860,mm,OK,--,5:31:22 PM,10/13/2024,
1400,50.9,gf,1.855,mm,OK,--,5:31:22 PM,10/13/2024,
1401,50.9,gf,1.850,mm,OK,--,5:31:22 PM,10/13/2024,
1402,50.9,gf,1.850,mm,OK,--,5:31:22 PM,10/13/2024,
1403,50.9,gf,1.845,mm,OK,--,5:31:22 PM,10/13/2024,
1404,50.8,gf,1.845,mm,OK,--,5:31:22 PM,10/13/2024,
1405,50.8,gf,1.840,mm,OK,--,5:31:22 PM,10/13/2024,
1406,50.8,gf,1.835,mm,OK,--,5:31:22 PM,10/13/2024,
1407,50.7,gf,1.830,mm,OK,--,5:31:23 PM,10/13/2024,
1408,50.7,gf,1.825,mm,OK,--,5:31:23 PM,10/13/2024,
1409,50.6,gf,1.820,mm,OK,--,5:31:23 PM,10/13/2024,
1410,50.5,gf,1.810,mm,OK,--,5:31:23 PM,10/13/2024,
1411,50.5,gf,1.800,mm,OK,--,5:31:23 PM,10/13/2024,
1412,50.4,gf,1.790,mm,OK,--,5:31:23 PM,10/13/2024,
1413,50.2,gf,1.785,mm,OK,--,5:31:23 PM,10/13/2024,
1414,49.7,gf,1.775,mm,OK,--,5:31:23 PM,10/13/2024,
1415,49.2,gf,1.765,mm,OK,--,5:31:23 PM,10/13/2024,
1416,48.8,gf,1.760,mm,OK,--,5:31:23 PM,10/13/2024,
1417,48.3,gf,1.750,mm,OK,--,5:31:24 PM,10/13/2024,
1418,48.1,gf,1.745,mm,OK,--,5:31:24 PM,10/13/2024,
1419,47.8,gf,1.740,mm,OK,--,5:31:24 PM,10/13/2024,
1420,47.6,gf,1.730,mm,OK,--,5:31:24 PM,10/13/2024,
1421,47.3,gf,1.725,mm,OK,--,5:31:24 PM,10/13/2024,
1422,46.9,gf,1.715,mm,OK,--,5:31:24 PM,10/13/2024,
1423,46.7,gf,1.710,mm,OK,--,5:31:24 PM,10/13/2024,
1424,46.5,gf,1.705,mm,OK,--,5:31:24 PM,10/13/2024,
1425,46.2,gf,1.695,mm,OK,--,5:31:24 PM,10/13/2024,
1426,46.1,gf,1.690,mm,OK,--,5:31:24 PM,10/13/2024,
1427,45.9,gf,1.685,mm,OK,--,5:31:25 PM,10/13/2024,
1428,45.8,gf,1.685,mm,OK,--,5:31:25 PM,10/13/2024,
1429,45.6,gf,1.680,mm,OK,--,5:31:25 PM,10/13/2024,
1430,45.4,gf,1.675,mm,OK,--,5:31:25 PM,10/13/2024,
1431,45.2,gf,1.665,mm,OK,--,5:31:25 PM,10/13/2024,
1432,45.0,gf,1.660,mm,OK,--,5:31:25 PM,10/13/2024,
1433,44.9,gf,1.655,mm,OK,--,5:31:25 PM,10/13/2024,
1434,44.7,gf,1.650,mm,OK,--,5:31:25 PM,10/13/2024,
1435,44.7,gf,1.645,mm,OK,--,5:31:25 PM,10/13/2024,
1436,44.5,gf,1.640,mm,OK,--,5:31:25 PM,10/13/2024,
1437,44.2,gf,1.635,mm,OK,--,5:31:26 PM,10/13/2024,
1438,44.0,gf,1.625,mm,OK,--,5:31:26 PM,10/13/2024,
1439,43.8,gf,1.620,mm,OK,--,5:31:26 PM,10/13/2024,
1440,43.6,gf,1.610,mm,OK,--,5:31:26 PM,10/13/2024,
1441,43.4,gf,1.600,mm,OK,--,5:31:26 PM,10/13/2024,
1442,43.1,gf,1.590,mm,OK,--,5:31:26 PM,10/13/2024,
1443,43.0,gf,1.580,mm,OK,--,5:31:26 PM,10/13/2024,
1444,42.8,gf,1.575,mm,OK,--,5:31:26 PM,10/13/2024,
1445,42.6,gf,1.570,mm,OK,--,5:31:26 PM,10/13/2024,
1446,42.6,gf,1.565,mm,OK,--,5:31:26 PM,10/13/2024,
1447,42.5,gf,1.555,mm,OK,--,5:31:27 PM,10/13/2024,
1448,42.4,gf,1.550,mm,OK,--,5:31:27 PM,10/13/2024,
1449,42.2,gf,1.545,mm,OK,--,5:31:27 PM,10/13/2024,
1450,41.9,gf,1.535,mm,OK,--,5:31:27 PM,10/13/2024,
1451,41.7,gf,1.530,mm,OK,--,5:31:27 PM,10/13/2024,
1452,41.7,gf,1.525,mm,OK,--,5:31:27 PM,10/13/2024,
1453,41.9,gf,1.515,mm,OK,--,5:31:27 PM,10/13/2024,
1454,41.7,gf,1.510,mm,OK,--,5:31:27 PM,10/13/2024,
1455,41.6,gf,1.505,mm,OK,--,5:31:27 PM,10/13/2024,
1456,41.7,gf,1.500,mm,OK,--,5:31:27 PM,10/13/2024,
1457,41.8,gf,1.490,mm,OK,--,5:31:28 PM,10/13/2024,
1458,41.9,gf,1.485,mm,OK,--,5:31:28 PM,10/13/2024,
1459,41.8,gf,1.480,mm,OK,--,5:31:28 PM,10/13/2024,
1460,41.8,gf,1.475,mm,OK,--,5:31:28 PM,10/13/2024,
1461,41.7,gf,1.470,mm,OK,--,5:31:28 PM,10/13/2024,
1462,41.8,gf,1.465,mm,OK,--,5:31:28 PM,10/13/2024,
1463,41.8,gf,1.460,mm,OK,--,5:31:28 PM,10/13/2024,
1464,41.8,gf,1.460,mm,OK,--,5:31:28 PM,10/13/2024,
1465,41.8,gf,1.455,mm,OK,--,5:31:28 PM,10/13/2024,
1466,41.8,gf,1.450,mm,OK,--,5:31:28 PM,10/13/2024,
1467,41.7,gf,1.450,mm,OK,--,5:31:29 PM,10/13/2024,
1468,41.6,gf,1.445,mm,OK,--,5:31:29 PM,10/13/2024,
1469,41.6,gf,1.440,mm,OK,--,5:31:29 PM,10/13/2024,
1470,41.5,gf,1.440,mm,OK,--,5:31:29 PM,10/13/2024,
1471,41.4,gf,1.435,mm,OK,--,5:31:29 PM,10/13/2024,
1472,41.4,gf,1.435,mm,OK,--,5:31:29 PM,10/13/2024,
1473,41.5,gf,1.430,mm,OK,--,5:31:29 PM,10/13/2024,
1474,41.6,gf,1.430,mm,OK,--,5:31:29 PM,10/13/2024,
1475,41.5,gf,1.425,mm,OK,--,5:31:29 PM,10/13/2024,
1476,41.4,gf,1.425,mm,OK,--,5:31:29 PM,10/13/2024,
1477,41.2,gf,1.425,mm,OK,--,5:31:30 PM,10/13/2024,
1478,41.3,gf,1.420,mm,OK,--,5:31:30 PM,10/13/2024,
1479,41.2,gf,1.420,mm,OK,--,5:31:30 PM,10/13/2024,
1480,41.2,gf,1.415,mm,OK,--,5:31:30 PM,10/13/2024,
1481,41.1,gf,1.410,mm,OK,--,5:31:30 PM,10/13/2024,
1482,41.2,gf,1.405,mm,OK,--,5:31:30 PM,10/13/2024,
1483,41.3,gf,1.400,mm,OK,--,5:31:30 PM,10/13/2024,
1484,41.3,gf,1.395,mm,OK,--,5:31:30 PM,10/13/2024,
1485,41.3,gf,1.390,mm,OK,--,5:31:30 PM,10/13/2024,
1486,41.1,gf,1.385,mm,OK,--,5:31:30 PM,10/13/2024,
1487,41.2,gf,1.375,mm,OK,--,5:31:31 PM,10/13/2024,
1488,41.3,gf,1.365,mm,OK,--,5:31:31 PM,10/13/2024,
1489,41.4,gf,1.355,mm,OK,--,5:31:31 PM,10/13/2024,
1490,41.3,gf,1.350,mm,OK,--,5:31:31 PM,10/13/2024,
1491,41.2,gf,1.340,mm,OK,--,5:31:31 PM,10/13/2024,
1492,41.1,gf,1.335,mm,OK,--,5:31:31 PM,10/13/2024,
1493,41.1,gf,1.330,mm,OK,--,5:31:31 PM,10/13/2024,
1494,41.1,gf,1.325,mm,OK,--,5:31:31 PM,10/13/2024,
1495,41.1,gf,1.320,mm,OK,--,5:31:31 PM,10/13/2024,
1496,41.1,gf,1.315,mm,OK,--,5:31:31 PM,10/13/2024,
1497,41.1,gf,1.310,mm,OK,--,5:31:32 PM,10/13/2024,
1498,40.9,gf,1.310,mm,OK,--,5:31:32 PM,10/13/2024,
1499,40.8,gf,1.305,mm,OK,--,5:31:32 PM,10/13/2024,
1500,40.7,gf,1.295,mm,OK,--,5:31:32 PM,10/13/2024,
1501,40.6,gf,1.290,mm,OK,--,5:31:32 PM,10/13/2024,
1502,40.6,gf,1.290,mm,OK,--,5:31:32 PM,10/13/2024,
1503,40.5,gf,1.285,mm,OK,--,5:31:32 PM,10/13/2024,
1504,40.5,gf,1.285,mm,OK,--,5:31:32 PM,10/13/2024,
1505,40.5,gf,1.280,mm,OK,--,5:31:32 PM,10/13/2024,
1506,40.4,gf,1.280,mm,OK,--,5:31:32 PM,10/13/2024,
1507,40.4,gf,1.275,mm,OK,--,5:31:33 PM,10/13/2024,
1508,40.3,gf,1.275,mm,OK,--,5:31:33 PM,10/13/2024,
1509,40.2,gf,1.270,mm,OK,--,5:31:33 PM,10/13/2024,
1510,40.3,gf,1.265,mm,OK,--,5:31:33 PM,10/13/2024,
1511,40.2,gf,1.255,mm,OK,--,5:31:33 PM,10/13/2024,
1512,40.2,gf,1.250,mm,OK,--,5:31:33 PM,10/13/2024,
1513,40.1,gf,1.250,mm,OK,--,5:31:33 PM,10/13/2024,
1514,39.9,gf,1.245,mm,OK,--,5:31:33 PM,10/13/2024,
1515,40.0,gf,1.240,mm,OK,--,5:31:33 PM,10/13/2024,
1516,39.8,gf,1.240,mm,OK,--,5:31:33 PM,10/13/2024,
1517,39.7,gf,1.235,mm,OK,--,5:31:34 PM,10/13/2024,
1518,39.7,gf,1.235,mm,OK,--,5:31:34 PM,10/13/2024,
1519,39.5,gf,1.230,mm,OK,--,5:31:34 PM,10/13/2024,
1520,39.7,gf,1.225,mm,OK,--,5:31:34 PM,10/13/2024,
1521,39.8,gf,1.225,mm,OK,--,5:31:34 PM,10/13/2024,
1522,39.7,gf,1.220,mm,OK,--,5:31:34 PM,10/13/2024,
1523,39.7,gf,1.210,mm,OK,--,5:31:34 PM,10/13/2024,
1524,39.7,gf,1.205,mm,OK,--,5:31:34 PM,10/13/2024,
1525,39.6,gf,1.195,mm,OK,--,5:31:34 PM,10/13/2024,
1526,39.3,gf,1.190,mm,OK,--,5:31:34 PM,10/13/2024,
1527,39.3,gf,1.180,mm,OK,--,5:31:35 PM,10/13/2024,
1528,39.2,gf,1.175,mm,OK,--,5:31:35 PM,10/13/2024,
1529,39.3,gf,1.165,mm,OK,--,5:31:35 PM,10/13/2024,
1530,39.1,gf,1.150,mm,OK,--,5:31:35 PM,10/13/2024,
1531,38.9,gf,1.140,mm,OK,--,5:31:35 PM,10/13/2024,
1532,39.0,gf,1.130,mm,OK,--,5:31:35 PM,10/13/2024,
1533,39.0,gf,1.120,mm,OK,--,5:31:35 PM,10/13/2024,
1534,38.9,gf,1.115,mm,OK,--,5:31:35 PM,10/13/2024,
1535,38.8,gf,1.110,mm,OK,--,5:31:35 PM,10/13/2024,
1536,38.7,gf,1.105,mm,OK,--,5:31:35 PM,10/13/2024,
1537,38.7,gf,1.100,mm,OK,--,5:31:36 PM,10/13/2024,
1538,38.6,gf,1.095,mm,OK,--,5:31:36 PM,10/13/2024,
1539,38.5,gf,1.090,mm,OK,--,5:31:36 PM,10/13/2024,
1540,38.3,gf,1.085,mm,OK,--,5:31:36 PM,10/13/2024,
1541,38.5,gf,1.085,mm,OK,--,5:31:36 PM,10/13/2024,
1542,38.4,gf,1.080,mm,OK,--,5:31:36 PM,10/13/2024,
1543,38.2,gf,1.080,mm,OK,--,5:31:36 PM,10/13/2024,
1544,38.2,gf,1.075,mm,OK,--,5:31:36 PM,10/13/2024,
1545,38.1,gf,1.070,mm,OK,--,5:31:36 PM,10/13/2024,
1546,38.2,gf,1.065,mm,OK,--,5:31:36 PM,10/13/2024,
1547,38.2,gf,1.065,mm,OK,--,5:31:37 PM,10/13/2024,
1548,38.0,gf,1.060,mm,OK,--,5:31:37 PM,10/13/2024,
1549,37.8,gf,1.060,mm,OK,--,5:31:37 PM,10/13/2024,
1550,37.9,gf,1.055,mm,OK,--,5:31:37 PM,10/13/2024,
1551,37.8,gf,1.055,mm,OK,--,5:31:37 PM,10/13/2024,
1552,37.9,gf,1.050,mm,OK,--,5:31:37 PM,10/13/2024,
1553,37.8,gf,1.045,mm,OK,--,5:31:37 PM,10/13/2024,
1554,38.0,gf,1.040,mm,OK,--,5:31:37 PM,10/13/2024,
1555,38.0,gf,1.040,mm,OK,--,5:31:37 PM,10/13/2024,
1556,37.9,gf,1.035,mm,OK,--,5:31:37 PM,10/13/2024,
1557,37.7,gf,1.030,mm,OK,--,5:31:38 PM,10/13/2024,
1558,37.8,gf,1.025,mm,OK,--,5:31:38 PM,10/13/2024,
1559,37.7,gf,1.025,mm,OK,--,5:31:38 PM,10/13/2024,
1560,37.8,gf,1.020,mm,OK,--,5:31:38 PM,10/13/2024,
1561,37.9,gf,1.015,mm,OK,--,5:31:38 PM,10/13/2024,
1562,37.8,gf,1.010,mm,OK,--,5:31:38 PM,10/13/2024,
1563,37.8,gf,1.005,mm,OK,--,5:31:38 PM,10/13/2024,
1564,37.6,gf,1.000,mm,OK,--,5:31:38 PM,10/13/2024,
1565,37.6,gf,0.995,mm,OK,--,5:31:38 PM,10/13/2024,
1566,37.6,gf,0.990,mm,OK,--,5:31:38 PM,10/13/2024,
1567,37.5,gf,0.985,mm,OK,--,5:31:39 PM,10/13/2024,
1568,37.5,gf,0.980,mm,OK,--,5:31:39 PM,10/13/2024,
1569,37.4,gf,0.975,mm,OK,--,5:31:39 PM,10/13/2024,
1570,37.4,gf,0.970,mm,OK,--,5:31:39 PM,10/13/2024,
1571,37.5,gf,0.960,mm,OK,--,5:31:39 PM,10/13/2024,
1572,37.5,gf,0.955,mm,OK,--,5:31:39 PM,10/13/2024,
1573,37.4,gf,0.945,mm,OK,--,5:31:39 PM,10/13/2024,
1574,37.3,gf,0.940,mm,OK,--,5:31:39 PM,10/13/2024,
1575,37.3,gf,0.930,mm,OK,--,5:31:39 PM,10/13/2024,
1576,37.4,gf,0.920,mm,OK,--,5:31:39 PM,10/13/2024,
1577,37.2,gf,0.910,mm,OK,--,5:31:40 PM,10/13/2024,
1578,37.0,gf,0.900,mm,OK,--,5:31:40 PM,10/13/2024,
1579,36.9,gf,0.885,mm,OK,--,5:31:40 PM,10/13/2024,
1580,36.9,gf,0.875,mm,OK,--,5:31:40 PM,10/13/2024,
1581,36.7,gf,0.860,mm,OK,--,5:31:40 PM,10/13/2024,
1582,36.6,gf,0.855,mm,OK,--,5:31:40 PM,10/13/2024,
1583,36.4,gf,0.845,mm,OK,--,5:31:40 PM,10/13/2024,
1584,36.2,gf,0.835,mm,OK,--,5:31:40 PM,10/13/2024,
1585,36.0,gf,0.825,mm,OK,--,5:31:40 PM,10/13/2024,
1586,36.1,gf,0.820,mm,OK,--,5:31:40 PM,10/13/2024,
1587,36.1,gf,0.810,mm,OK,--,5:31:41 PM,10/13/2024,
1588,36.1,gf,0.805,mm,OK,--,5:31:41 PM,10/13/2024,
1589,36.1,gf,0.800,mm,OK,--,5:31:41 PM,10/13/2024,
1590,35.9,gf,0.795,mm,OK,--,5:31:41 PM,10/13/2024,
1591,35.8,gf,0.790,mm,OK,--,5:31:41 PM,10/13/2024,
1592,35.6,gf,0.785,mm,OK,--,5:31:41 PM,10/13/2024,
1593,35.5,gf,0.785,mm,OK,--,5:31:41 PM,10/13/2024,
1594,35.5,gf,0.780,mm,OK,--,5:31:41 PM,10/13/2024,
1595,35.6,gf,0.780,mm,OK,--,5:31:41 PM,10/13/2024,
1596,35.5,gf,0.780,mm,OK,--,5:31:41 PM,10/13/2024,
1597,35.4,gf,0.775,mm,OK,--,5:31:42 PM,10/13/2024,
1598,35.3,gf,0.775,mm,OK,--,5:31:42 PM,10/13/2024,
1599,35.4,gf,0.775,mm,OK,--,5:31:42 PM,10/13/2024,
1600,35.5,gf,0.770,mm,OK,--,5:31:42 PM,10/13/2024,
1601,35.3,gf,0.770,mm,OK,--,5:31:42 PM,10/13/2024,
1602,35.2,gf,0.770,mm,OK,--,5:31:42 PM,10/13/2024,
1603,35.2,gf,0.765,mm,OK,--,5:31:42 PM,10/13/2024,
1604,35.2,gf,0.765,mm,OK,--,5:31:42 PM,10/13/2024,
1605,35.2,gf,0.760,mm,OK,--,5:31:42 PM,10/13/2024,
1606,35.2,gf,0.755,mm,OK,--,5:31:42 PM,10/13/2024,
1607,35.2,gf,0.755,mm,OK,--,5:31:43 PM,10/13/2024,
1608,35.1,gf,0.750,mm,OK,--,5:31:43 PM,10/13/2024,
1609,35.0,gf,0.745,mm,OK,--,5:31:43 PM,10/13/2024,
1610,35.0,gf,0.745,mm,OK,--,5:31:43 PM,10/13/2024,
1611,35.1,gf,0.740,mm,OK,--,5:31:43 PM,10/13/2024,
1612,35.1,gf,0.735,mm,OK,--,5:31:43 PM,10/13/2024,
1613,35.4,gf,0.730,mm,OK,--,5:31:43 PM,10/13/2024,
1614,35.4,gf,0.725,mm,OK,--,5:31:43 PM,10/13/2024,
1615,35.4,gf,0.720,mm,OK,--,5:31:43 PM,10/13/2024,
1616,35.4,gf,0.720,mm,OK,--,5:31:43 PM,10/13/2024,
1617,35.3,gf,0.715,mm,OK,--,5:31:44 PM,10/13/2024,
1618,35.1,gf,0.710,mm,OK,--,5:31:44 PM,10/13/2024,
1619,35.1,gf,0.710,mm,OK,--,5:31:44 PM,10/13/2024,
1620,35.0,gf,0.705,mm,OK,--,5:31:44 PM,10/13/2024,
1621,35.0,gf,0.700,mm,OK,--,5:31:44 PM,10/13/2024,
1622,34.8,gf,0.695,mm,OK,--,5:31:44 PM,10/13/2024,
1623,34.8,gf,0.690,mm,OK,--,5:31:44 PM,10/13/2024,
1624,34.8,gf,0.685,mm,OK,--,5:31:44 PM,10/13/2024,
1625,34.8,gf,0.680,mm,OK,--,5:31:44 PM,10/13/2024,
1626,34.8,gf,0.675,mm,OK,--,5:31:44 PM,10/13/2024,
1627,34.8,gf,0.670,mm,OK,--,5:31:45 PM,10/13/2024,
1628,35.0,gf,0.660,mm,OK,--,5:31:45 PM,10/13/2024,
1629,34.9,gf,0.650,mm,OK,--,5:31:45 PM,10/13/2024,
1630,34.9,gf,0.645,mm,OK,--,5:31:45 PM,10/13/2024,
1631,34.8,gf,0.635,mm,OK,--,5:31:45 PM,10/13/2024,
1632,34.7,gf,0.625,mm,OK,--,5:31:45 PM,10/13/2024,
1633,34.6,gf,0.620,mm,OK,--,5:31:45 PM,10/13/2024,
1634,34.4,gf,0.615,mm,OK,--,5:31:45 PM,10/13/2024,
1635,34.4,gf,0.610,mm,OK,--,5:31:45 PM,10/13/2024,
1636,34.4,gf,0.605,mm,OK,--,5:31:45 PM,10/13/2024,
1637,34.3,gf,0.600,mm,OK,--,5:31:46 PM,10/13/2024,
1638,34.2,gf,0.595,mm,OK,--,5:31:46 PM,10/13/2024,
1639,34.1,gf,0.590,mm,OK,--,5:31:46 PM,10/13/2024,
1640,34.1,gf,0.585,mm,OK,--,5:31:46 PM,10/13/2024,
1641,34.0,gf,0.580,mm,OK,--,5:31:46 PM,10/13/2024,
1642,33.8,gf,0.575,mm,OK,--,5:31:46 PM,10/13/2024,
1643,33.8,gf,0.565,mm,OK,--,5:31:46 PM,10/13/2024,
1644,33.7,gf,0.560,mm,OK,--,5:31:46 PM,10/13/2024,
1645,33.6,gf,0.555,mm,OK,--,5:31:46 PM,10/13/2024,
1646,33.6,gf,0.550,mm,OK,--,5:31:46 PM,10/13/2024,
1647,33.7,gf,0.545,mm,OK,--,5:31:47 PM,10/13/2024,
1648,33.8,gf,0.540,mm,OK,--,5:31:47 PM,10/13/2024,
1649,33.6,gf,0.540,mm,OK,--,5:31:47 PM,10/13/2024,
1650,33.8,gf,0.535,mm,OK,--,5:31:47 PM,10/13/2024,
1651,33.7,gf,0.535,mm,OK,--,5:31:47 PM,10/13/2024,
1652,33.7,gf,0.530,mm,OK,--,5:31:47 PM,10/13/2024,
1653,33.6,gf,0.530,mm,OK,--,5:31:47 PM,10/13/2024,
1654,33.5,gf,0.525,mm,OK,--,5:31:47 PM,10/13/2024,
1655,33.3,gf,0.520,mm,OK,--,5:31:47 PM,10/13/2024,
1656,33.3,gf,0.515,mm,OK,--,5:31:47 PM,10/13/2024,
1657,33.1,gf,0.510,mm,OK,--,5:31:48 PM,10/13/2024,
1658,33.1,gf,0.510,mm,OK,--,5:31:48 PM,10/13/2024,
1659,32.8,gf,0.500,mm,OK,--,5:31:48 PM,10/13/2024,
1660,32.8,gf,0.495,mm,OK,--,5:31:48 PM,10/13/2024,
1661,32.8,gf,0.490,mm,OK,--,5:31:48 PM,10/13/2024,
1662,32.9,gf,0.485,mm,OK,--,5:31:48 PM,10/13/2024,
1663,33.0,gf,0.480,mm,OK,--,5:31:48 PM,10/13/2024,
1664,33.0,gf,0.475,mm,OK,--,5:31:48 PM,10/13/2024,
1665,32.9,gf,0.470,mm,OK,--,5:31:48 PM,10/13/2024,
1666,32.8,gf,0.465,mm,OK,--,5:31:48 PM,10/13/2024,
1667,32.7,gf,0.465,mm,OK,--,5:31:49 PM,10/13/2024,
1668,32.8,gf,0.460,mm,OK,--,5:31:49 PM,10/13/2024,
1669,32.8,gf,0.450,mm,OK,--,5:31:49 PM,10/13/2024,
1670,32.9,gf,0.445,mm,OK,--,5:31:49 PM,10/13/2024,
1671,32.8,gf,0.440,mm,OK,--,5:31:49 PM,10/13/2024,
1672,32.7,gf,0.430,mm,OK,--,5:31:49 PM,10/13/2024,
1673,32.6,gf,0.425,mm,OK,--,5:31:49 PM,10/13/2024,
1674,32.6,gf,0.420,mm,OK,--,5:31:49 PM,10/13/2024,
1675,32.6,gf,0.415,mm,OK,--,5:31:49 PM,10/13/2024,
1676,32.6,gf,0.410,mm,OK,--,5:31:49 PM,10/13/2024,
1677,32.7,gf,0.410,mm,OK,--,5:31:50 PM,10/13/2024,
1678,32.6,gf,0.405,mm,OK,--,5:31:50 PM,10/13/2024,
1679,32.6,gf,0.400,mm,OK,--,5:31:50 PM,10/13/2024,
1680,32.5,gf,0.400,mm,OK,--,5:31:50 PM,10/13/2024,
1681,32.5,gf,0.395,mm,OK,--,5:31:50 PM,10/13/2024,
1682,32.4,gf,0.395,mm,OK,--,5:31:50 PM,10/13/2024,
1683,32.4,gf,0.390,mm,OK,--,5:31:50 PM,10/13/2024,
1684,32.2,gf,0.390,mm,OK,--,5:31:50 PM,10/13/2024,
1685,32.2,gf,0.385,mm,OK,--,5:31:50 PM,10/13/2024,
1686,32.0,gf,0.380,mm,OK,--,5:31:50 PM,10/13/2024,
1687,32.0,gf,0.375,mm,OK,--,5:31:51 PM,10/13/2024,
1688,32.0,gf,0.370,mm,OK,--,5:31:51 PM,10/13/2024,
1689,32.1,gf,0.370,mm,OK,--,5:31:51 PM,10/13/2024,
1690,32.0,gf,0.365,mm,OK,--,5:31:51 PM,10/13/2024,
1691,31.9,gf,0.360,mm,OK,--,5:31:51 PM,10/13/2024,
1692,31.9,gf,0.360,mm,OK,--,5:31:51 PM,10/13/2024,
1693,31.9,gf,0.355,mm,OK,--,5:31:51 PM,10/13/2024,
1694,31.9,gf,0.355,mm,OK,--,5:31:51 PM,10/13/2024,
1695,31.7,gf,0.350,mm,OK,--,5:31:51 PM,10/13/2024,
1696,31.7,gf,0.350,mm,OK,--,5:31:51 PM,10/13/2024,
1697,31.8,gf,0.345,mm,OK,--,5:31:52 PM,10/13/2024,
1698,31.8,gf,0.340,mm,OK,--,5:31:52 PM,10/13/2024,
1699,31.9,gf,0.340,mm,OK,--,5:31:52 PM,10/13/2024,
1700,31.8,gf,0.340,mm,OK,--,5:31:52 PM,10/13/2024,
1701,31.8,gf,0.335,mm,OK,--,5:31:52 PM,10/13/2024,
1702,32.0,gf,0.335,mm,OK,--,5:31:52 PM,10/13/2024,
1703,32.0,gf,0.330,mm,OK,--,5:31:52 PM,10/13/2024,
1704,32.0,gf,0.330,mm,OK,--,5:31:52 PM,10/13/2024,
1705,32.0,gf,0.330,mm,OK,--,5:31:52 PM,10/13/2024,
1706,31.9,gf,0.330,mm,OK,--,5:31:52 PM,10/13/2024,
1707,32.0,gf,0.325,mm,OK,--,5:31:53 PM,10/13/2024,
1708,31.8,gf,0.325,mm,OK,--,5:31:53 PM,10/13/2024,
1709,31.7,gf,0.325,mm,OK,--,5:31:53 PM,10/13/2024,
1710,31.7,gf,0.320,mm,OK,--,5:31:53 PM,10/13/2024,
1711,31.6,gf,0.320,mm,OK,--,5:31:53 PM,10/13/2024,
1712,31.6,gf,0.315,mm,OK,--,5:31:53 PM,10/13/2024,
1713,31.4,gf,0.315,mm,OK,--,5:31:53 PM,10/13/2024,
1714,31.5,gf,0.310,mm,OK,--,5:31:53 PM,10/13/2024,
1715,31.6,gf,0.305,mm,OK,--,5:31:53 PM,10/13/2024,
1716,31.7,gf,0.305,mm,OK,--,5:31:53 PM,10/13/2024,
1717,31.7,gf,0.300,mm,OK,--,5:31:54 PM,10/13/2024,
1718,31.6,gf,0.300,mm,OK,--,5:31:54 PM,10/13/2024,
1719,31.7,gf,0.295,mm,OK,--,5:31:54 PM,10/13/2024,
1720,31.6,gf,0.295,mm,OK,--,5:31:54 PM,10/13/2024,
1721,31.6,gf,0.290,mm,OK,--,5:31:54 PM,10/13/2024,
1722,31.6,gf,0.290,mm,OK,--,5:31:54 PM,10/13/2024,
1723,31.3,gf,0.290,mm,OK,--,5:31:54 PM,10/13/2024,
1724,31.5,gf,0.285,mm,OK,--,5:31:54 PM,10/13/2024,
1725,31.5,gf,0.280,mm,OK,--,5:31:54 PM,10/13/2024,
1726,31.5,gf,0.280,mm,OK,--,5:31:54 PM,10/13/2024,
1727,31.5,gf,0.280,mm,OK,--,5:31:55 PM,10/13/2024,
1728,31.5,gf,0.275,mm,OK,--,5:31:55 PM,10/13/2024,
1729,31.5,gf,0.275,mm,OK,--,5:31:55 PM,10/13/2024,
1730,31.4,gf,0.275,mm,OK,--,5:31:55 PM,10/13/2024,
1731,31.4,gf,0.270,mm,OK,--,5:31:55 PM,10/13/2024,
1732,31.4,gf,0.270,mm,OK,--,5:31:55 PM,10/13/2024,
1733,31.2,gf,0.270,mm,OK,--,5:31:55 PM,10/13/2024,
1734,31.2,gf,0.265,mm,OK,--,5:31:55 PM,10/13/2024,
1735,31.2,gf,0.265,mm,OK,--,5:31:55 PM,10/13/2024,
1736,31.3,gf,0.260,mm,OK,--,5:31:55 PM,10/13/2024,
1737,31.3,gf,0.255,mm,OK,--,5:31:56 PM,10/13/2024,
1738,31.3,gf,0.255,mm,OK,--,5:31:56 PM,10/13/2024,
1739,31.2,gf,0.250,mm,OK,--,5:31:56 PM,10/13/2024,
1740,31.2,gf,0.250,mm,OK,--,5:31:56 PM,10/13/2024,
1741,31.0,gf,0.250,mm,OK,--,5:31:56 PM,10/13/2024,
1742,31.0,gf,0.245,mm,OK,--,5:31:56 PM,10/13/2024,
1743,31.1,gf,0.245,mm,OK,--,5:31:56 PM,10/13/2024,
1744,31.1,gf,0.240,mm,OK,--,5:31:56 PM,10/13/2024,
1745,31.1,gf,0.240,mm,OK,--,5:31:56 PM,10/13/2024,
1746,31.0,gf,0.240,mm,OK,--,5:31:56 PM,10/13/2024,
1747,31.0,gf,0.235,mm,OK,--,5:31:57 PM,10/13/2024,
1748,31.0,gf,0.235,mm,OK,--,5:31:57 PM,10/13/2024,
1749,30.8,gf,0.235,mm,OK,--,5:31:57 PM,10/13/2024,
1750,30.7,gf,0.230,mm,OK,--,5:31:57 PM,10/13/2024,
1751,30.9,gf,0.225,mm,OK,--,5:31:57 PM,10/13/2024,
1752,31.0,gf,0.225,mm,OK,--,5:31:57 PM,10/13/2024,
1753,30.9,gf,0.225,mm,OK,--,5:31:57 PM,10/13/2024,
1754,30.9,gf,0.220,mm,OK,--,5:31:57 PM,10/13/2024,
1755,31.0,gf,0.220,mm,OK,--,5:31:57 PM,10/13/2024,
1756,31.1,gf,0.215,mm,OK,--,5:31:57 PM,10/13/2024,
1757,31.1,gf,0.215,mm,OK,--,5:31:58 PM,10/13/2024,
1758,31.1,gf,0.215,mm,OK,--,5:31:58 PM,10/13/2024,
1759,31.0,gf,0.210,mm,OK,--,5:31:58 PM,10/13/2024,
1760,30.9,gf,0.210,mm,OK,--,5:31:58 PM,10/13/2024,
1761,30.9,gf,0.210,mm,OK,--,5:31:58 PM,10/13/2024,
1762,30.8,gf,0.205,mm,OK,--,5:31:58 PM,10/13/2024,
1763,30.8,gf,0.205,mm,OK,--,5:31:58 PM,10/13/2024,
1764,30.8,gf,0.205,mm,OK,--,5:31:58 PM,10/13/2024,
1765,30.8,gf,0.200,mm,OK,--,5:31:58 PM,10/13/2024,
1766,30.8,gf,0.200,mm,OK,--,5:31:58 PM,10/13/2024,
1767,30.7,gf,0.200,mm,OK,--,5:31:59 PM,10/13/2024,
1768,30.6,gf,0.200,mm,OK,--,5:31:59 PM,10/13/2024,
1769,30.5,gf,0.200,mm,OK,--,5:31:59 PM,10/13/2024,
1770,30.5,gf,0.195,mm,OK,--,5:31:59 PM,10/13/2024,
1771,30.3,gf,0.195,mm,OK,--,5:31:59 PM,10/13/2024,
1772,30.3,gf,0.195,mm,OK,--,5:31:59 PM,10/13/2024,
1773,30.3,gf,0.195,mm,OK,--,5:31:59 PM,10/13/2024,
1774,30.1,gf,0.190,mm,OK,--,5:31:59 PM,10/13/2024,
1775,30.1,gf,0.190,mm,OK,--,5:31:59 PM,10/13/2024,
1776,30.1,gf,0.190,mm,OK,--,5:31:59 PM,10/13/2024,
1777,30.1,gf,0.190,mm,OK,--,5:32:00 PM,10/13/2024,
1778,30.0,gf,0.190,mm,OK,--,5:32:00 PM,10/13/2024,
1779,30.0,gf,0.185,mm,OK,--,5:32:00 PM,10/13/2024,
1780,30.0,gf,0.185,mm,OK,--,5:32:00 PM,10/13/2024,
1781,29.8,gf,0.185,mm,OK,--,5:32:00 PM,10/13/2024,
1782,29.8,gf,0.185,mm,OK,--,5:32:00 PM,10/13/2024,
1783,29.8,gf,0.180,mm,OK,--,5:32:00 PM,10/13/2024,
1784,30.0,gf,0.180,mm,OK,--,5:32:00 PM,10/13/2024,
1785,29.8,gf,0.175,mm,OK,--,5:32:00 PM,10/13/2024,
1786,28.5,gf,0.175,mm,OK,--,5:32:00 PM,10/13/2024,
1787,27.0,gf,0.170,mm,OK,--,5:32:01 PM,10/13/2024,
1788,25.9,gf,0.170,mm,OK,--,5:32:01 PM,10/13/2024,
1789,24.9,gf,0.170,mm,OK,--,5:32:01 PM,10/13/2024,
1790,24.0,gf,0.165,mm,OK,--,5:32:01 PM,10/13/2024,
1791,22.8,gf,0.165,mm,OK,--,5:32:01 PM,10/13/2024,
1792,25.4,gf,0.160,mm,OK,--,5:32:01 PM,10/13/2024,
1793,23.5,gf,0.160,mm,OK,--,5:32:01 PM,10/13/2024,
1794,22.5,gf,0.155,mm,OK,--,5:32:01 PM,10/13/2024,
1795,21.6,gf,0.155,mm,OK,--,5:32:01 PM,10/13/2024,
1796,20.6,gf,0.155,mm,OK,--,5:32:01 PM,10/13/2024,
1797,20.1,gf,0.150,mm,OK,--,5:32:02 PM,10/13/2024,
1798,19.9,gf,0.150,mm,OK,--,5:32:02 PM,10/13/2024,
1799,19.4,gf,0.150,mm,OK,--,5:32:02 PM,10/13/2024,
1800,18.0,gf,0.145,mm,OK,--,5:32:02 PM,10/13/2024,
1801,17.1,gf,0.145,mm,OK,--,5:32:02 PM,10/13/2024,
1802,16.1,gf,0.140,mm,OK,--,5:32:02 PM,10/13/2024,
1803,15.1,gf,0.140,mm,OK,--,5:32:02 PM,10/13/2024,
1804,13.4,gf,0.135,mm,OK,--,5:32:02 PM,10/13/2024,
1805,11.0,gf,0.135,mm,OK,--,5:32:02 PM,10/13/2024,
1806,9.2,gf,0.130,mm,OK,--,5:32:02 PM,10/13/2024,
1807,7.4,gf,0.130,mm,OK,--,5:32:03 PM,10/13/2024,
1808,5.6,gf,0.125,mm,OK,--,5:32:03 PM,10/13/2024,
1809,3.5,gf,0.125,mm,OK,--,5:32:03 PM,10/13/2024,
1810,0.2,gf,0.120,mm,OK,--,5:32:03 PM,10/13/2024,
1811,0.1,gf,0.115,mm,OK,--,5:32:03 PM,10/13/2024,
1812,0.1,gf,0.105,mm,OK,--,5:32:03 PM,10/13/2024,
1813,0.0,gf,0.100,mm,OK,--,5:32:03 PM,10/13/2024,
1814,0.0,gf,0.090,mm,OK,--,5:32:03 PM,10/13/2024,
1815,0.1,gf,0.075,mm,OK,--,5:32:03 PM,10/13/2024,
1816,-0.1,gf,0.070,mm,OK,--,5:32:03 PM,10/13/2024,
1817,0.0,gf,0.060,mm,OK,--,5:32:04 PM,10/13/2024,
1818,0.0,gf,0.055,mm,OK,--,5:32:04 PM,10/13/2024,
1819,0.0,gf,0.050,mm,OK,--,5:32:04 PM,10/13/2024,
1820,0.1,gf,0.045,mm,OK,--,5:32:04 PM,10/13/2024,
1821,0.0,gf,0.040,mm,OK,--,5:32:04 PM,10/13/2024,
1822,0.1,gf,0.030,mm,OK,--,5:32:04 PM,10/13/2024,
1823,0.0,gf,0.020,mm,OK,--,5:32:04 PM,10/13/2024,
1824,0.0,gf,0.015,mm,OK,--,5:32:04 PM,10/13/2024,
1825,0.0,gf,0.015,mm,OK,--,5:32:04 PM,10/13/2024,
1826,0.0,gf,0.010,mm,OK,--,5:32:04 PM,10/13/2024,
1827,0.0,gf,0.010,mm,OK,--,5:32:05 PM,10/13/2024,
1828,0.0,gf,0.005,mm,OK,--,5:32:05 PM,10/13/2024,
1829,0.1,gf,-0.005,mm,OK,--,5:32:05 PM,10/13/2024,
1830,0.1,gf,-0.015,mm,OK,--,5:32:05 PM,10/13/2024,
1831,0.0,gf,-0.020,mm,OK,--,5:32:05 PM,10/13/2024,
1832,0.0,gf,-0.025,mm,OK,--,5:32:05 PM,10/13/2024,
1833,0.0,gf,-0.030,mm,OK,--,5:32:05 PM,10/13/2024,
1834,0.0,gf,-0.030,mm,OK,--,5:32:05 PM,10/13/2024,
1835,0.0,gf,-0.030,mm,OK,--,5:32:05 PM,10/13/2024,
1836,0.0,gf,-0.030,mm,OK,--,5:32:05 PM,10/13/2024,
1837,0.0,gf,-0.030,mm,OK,--,5:32:06 PM,10/13/2024,
1838,0.0,gf,-0.030,mm,OK,--,5:32:06 PM,10/13/2024,
1839,0.1,gf,-0.030,mm,OK,--,5:32:06 PM,10/13/2024,
1840,-0.2,gf,-0.030,mm,OK,--,5:32:06 PM,10/13/2024,
1841,0.0,gf,-0.030,mm,OK,--,5:32:06 PM,10/13/2024,
1842,0.0,gf,-0.030,mm,OK,--,5:32:06 PM,10/13/2024,
1843,-0.1,gf,-0.030,mm,OK,--,5:32:06 PM,10/13/2024,
1844,0.0,gf,-0.030,mm,OK,--,5:32:06 PM,10/13/2024,
1845,0.0,gf,-0.030,mm,OK,--,5:32:06 PM,10/13/2024,
1846,0.0,gf,-0.030,mm,OK,--,5:32:06 PM,10/13/2024,
1847,0.0,gf,-0.030,mm,OK,--,5:32:07 PM,10/13/2024,
1848,0.0,gf,-0.030,mm,OK,--,5:32:07 PM,10/13/2024,
1849,0.0,gf,-0.030,mm,OK,--,5:32:07 PM,10/13/2024,
1850,0.0,gf,-0.030,mm,OK,--,5:32:07 PM,10/13/2024,
1851,0.0,gf,-0.030,mm,OK,--,5:32:07 PM,10/13/2024,
1852,0.0,gf,-0.030,mm,OK,--,5:32:07 PM,10/13/2024,
1853,0.0,gf,-0.030,mm,OK,--,5:32:07 PM,10/13/2024,
