Maximum,194.3,@,No.1045,,,,,,
Minimum,-0.8,@,No.1897,,,,,,
Average,54.28,,,,,,,,
Data Quantity,1915,,,,,,,,
Number of NG,0,,,,,,,,
No.,Force,Unit,Displacement,Unit,Judge,Position,Time,Date,
1,0.0,gf,0.000,mm,OK,--,6:28:03 PM,11/30/2024,
2,0.0,gf,0.000,mm,OK,--,6:28:03 PM,11/30/2024,
3,0.0,gf,0.000,mm,OK,--,6:28:03 PM,11/30/2024,
4,0.0,gf,0.000,mm,OK,--,6:28:03 PM,11/30/2024,
5,0.0,gf,0.000,mm,OK,--,6:28:03 PM,11/30/2024,
6,0.0,gf,0.000,mm,OK,--,6:28:03 PM,11/30/2024,
7,0.0,gf,0.000,mm,OK,--,6:28:03 PM,11/30/2024,
8,0.0,gf,0.000,mm,OK,--,6:28:03 PM,11/30/2024,
9,0.0,gf,0.000,mm,OK,--,6:28:04 PM,11/30/2024,
10,0.0,gf,0.000,mm,OK,--,6:28:04 PM,11/30/2024,
11,0.0,gf,0.000,mm,OK,--,6:28:04 PM,11/30/2024,
12,0.0,gf,0.000,mm,OK,--,6:28:04 PM,11/30/2024,
13,0.0,gf,0.000,mm,OK,--,6:28:04 PM,11/30/2024,
14,0.0,gf,0.000,mm,OK,--,6:28:04 PM,11/30/2024,
15,0.0,gf,0.000,mm,OK,--,6:28:04 PM,11/30/2024,
16,0.0,gf,0.000,mm,OK,--,6:28:04 PM,11/30/2024,
17,-0.1,gf,0.000,mm,OK,--,6:28:04 PM,11/30/2024,
18,0.0,gf,0.000,mm,OK,--,6:28:04 PM,11/30/2024,
19,0.0,gf,0.005,mm,OK,--,6:28:05 PM,11/30/2024,
20,0.0,gf,0.005,mm,OK,--,6:28:05 PM,11/30/2024,
21,0.0,gf,0.005,mm,OK,--,6:28:05 PM,11/30/2024,
22,0.0,gf,0.005,mm,OK,--,6:28:05 PM,11/30/2024,
23,0.0,gf,0.005,mm,OK,--,6:28:05 PM,11/30/2024,
24,0.0,gf,0.005,mm,OK,--,6:28:05 PM,11/30/2024,
25,0.0,gf,0.010,mm,OK,--,6:28:05 PM,11/30/2024,
26,0.0,gf,0.010,mm,OK,--,6:28:05 PM,11/30/2024,
27,0.0,gf,0.010,mm,OK,--,6:28:05 PM,11/30/2024,
28,0.0,gf,0.015,mm,OK,--,6:28:05 PM,11/30/2024,
29,0.0,gf,0.015,mm,OK,--,6:28:06 PM,11/30/2024,
30,0.0,gf,0.020,mm,OK,--,6:28:06 PM,11/30/2024,
31,0.0,gf,0.020,mm,OK,--,6:28:06 PM,11/30/2024,
32,0.0,gf,0.020,mm,OK,--,6:28:06 PM,11/30/2024,
33,0.0,gf,0.025,mm,OK,--,6:28:06 PM,11/30/2024,
34,0.0,gf,0.025,mm,OK,--,6:28:06 PM,11/30/2024,
35,0.0,gf,0.030,mm,OK,--,6:28:06 PM,11/30/2024,
36,0.0,gf,0.035,mm,OK,--,6:28:06 PM,11/30/2024,
37,0.0,gf,0.035,mm,OK,--,6:28:06 PM,11/30/2024,
38,0.0,gf,0.035,mm,OK,--,6:28:06 PM,11/30/2024,
39,0.0,gf,0.040,mm,OK,--,6:28:07 PM,11/30/2024,
40,0.0,gf,0.040,mm,OK,--,6:28:07 PM,11/30/2024,
41,0.0,gf,0.040,mm,OK,--,6:28:07 PM,11/30/2024,
42,0.0,gf,0.040,mm,OK,--,6:28:07 PM,11/30/2024,
43,0.0,gf,0.045,mm,OK,--,6:28:07 PM,11/30/2024,
44,0.0,gf,0.045,mm,OK,--,6:28:07 PM,11/30/2024,
45,0.0,gf,0.050,mm,OK,--,6:28:07 PM,11/30/2024,
46,0.0,gf,0.050,mm,OK,--,6:28:07 PM,11/30/2024,
47,0.0,gf,0.055,mm,OK,--,6:28:07 PM,11/30/2024,
48,0.0,gf,0.060,mm,OK,--,6:28:07 PM,11/30/2024,
49,0.0,gf,0.060,mm,OK,--,6:28:08 PM,11/30/2024,
50,0.0,gf,0.065,mm,OK,--,6:28:08 PM,11/30/2024,
51,1.4,gf,0.070,mm,OK,--,6:28:08 PM,11/30/2024,
52,5.1,gf,0.075,mm,OK,--,6:28:08 PM,11/30/2024,
53,10.9,gf,0.080,mm,OK,--,6:28:08 PM,11/30/2024,
54,15.4,gf,0.085,mm,OK,--,6:28:08 PM,11/30/2024,
55,19.0,gf,0.090,mm,OK,--,6:28:08 PM,11/30/2024,
56,21.6,gf,0.090,mm,OK,--,6:28:08 PM,11/30/2024,
57,24.3,gf,0.095,mm,OK,--,6:28:08 PM,11/30/2024,
58,27.2,gf,0.095,mm,OK,--,6:28:08 PM,11/30/2024,
59,30.6,gf,0.100,mm,OK,--,6:28:09 PM,11/30/2024,
60,33.2,gf,0.105,mm,OK,--,6:28:09 PM,11/30/2024,
61,36.2,gf,0.105,mm,OK,--,6:28:09 PM,11/30/2024,
62,39.0,gf,0.110,mm,OK,--,6:28:09 PM,11/30/2024,
63,40.2,gf,0.110,mm,OK,--,6:28:09 PM,11/30/2024,
64,41.2,gf,0.115,mm,OK,--,6:28:09 PM,11/30/2024,
65,40.7,gf,0.115,mm,OK,--,6:28:09 PM,11/30/2024,
66,41.3,gf,0.115,mm,OK,--,6:28:09 PM,11/30/2024,
67,41.4,gf,0.120,mm,OK,--,6:28:09 PM,11/30/2024,
68,41.8,gf,0.120,mm,OK,--,6:28:09 PM,11/30/2024,
69,41.9,gf,0.120,mm,OK,--,6:28:10 PM,11/30/2024,
70,41.9,gf,0.120,mm,OK,--,6:28:10 PM,11/30/2024,
71,42.0,gf,0.125,mm,OK,--,6:28:10 PM,11/30/2024,
72,41.9,gf,0.125,mm,OK,--,6:28:10 PM,11/30/2024,
73,41.8,gf,0.125,mm,OK,--,6:28:10 PM,11/30/2024,
74,41.8,gf,0.130,mm,OK,--,6:28:10 PM,11/30/2024,
75,41.7,gf,0.130,mm,OK,--,6:28:10 PM,11/30/2024,
76,41.7,gf,0.130,mm,OK,--,6:28:10 PM,11/30/2024,
77,41.6,gf,0.130,mm,OK,--,6:28:10 PM,11/30/2024,
78,41.7,gf,0.135,mm,OK,--,6:28:10 PM,11/30/2024,
79,41.7,gf,0.135,mm,OK,--,6:28:11 PM,11/30/2024,
80,41.8,gf,0.135,mm,OK,--,6:28:11 PM,11/30/2024,
81,41.8,gf,0.140,mm,OK,--,6:28:11 PM,11/30/2024,
82,41.8,gf,0.140,mm,OK,--,6:28:11 PM,11/30/2024,
83,41.8,gf,0.140,mm,OK,--,6:28:11 PM,11/30/2024,
84,41.8,gf,0.145,mm,OK,--,6:28:11 PM,11/30/2024,
85,41.8,gf,0.145,mm,OK,--,6:28:11 PM,11/30/2024,
86,41.8,gf,0.150,mm,OK,--,6:28:11 PM,11/30/2024,
87,41.9,gf,0.150,mm,OK,--,6:28:11 PM,11/30/2024,
88,42.0,gf,0.155,mm,OK,--,6:28:11 PM,11/30/2024,
89,42.2,gf,0.160,mm,OK,--,6:28:12 PM,11/30/2024,
90,42.2,gf,0.165,mm,OK,--,6:28:12 PM,11/30/2024,
91,42.3,gf,0.165,mm,OK,--,6:28:12 PM,11/30/2024,
92,42.3,gf,0.170,mm,OK,--,6:28:12 PM,11/30/2024,
93,42.2,gf,0.175,mm,OK,--,6:28:12 PM,11/30/2024,
94,42.1,gf,0.180,mm,OK,--,6:28:12 PM,11/30/2024,
95,42.0,gf,0.190,mm,OK,--,6:28:12 PM,11/30/2024,
96,41.9,gf,0.195,mm,OK,--,6:28:12 PM,11/30/2024,
97,41.9,gf,0.200,mm,OK,--,6:28:12 PM,11/30/2024,
98,42.0,gf,0.205,mm,OK,--,6:28:12 PM,11/30/2024,
99,41.9,gf,0.210,mm,OK,--,6:28:13 PM,11/30/2024,
100,42.1,gf,0.215,mm,OK,--,6:28:13 PM,11/30/2024,
101,42.1,gf,0.220,mm,OK,--,6:28:13 PM,11/30/2024,
102,42.2,gf,0.225,mm,OK,--,6:28:13 PM,11/30/2024,
103,42.2,gf,0.230,mm,OK,--,6:28:13 PM,11/30/2024,
104,42.2,gf,0.235,mm,OK,--,6:28:13 PM,11/30/2024,
105,42.3,gf,0.240,mm,OK,--,6:28:13 PM,11/30/2024,
106,42.4,gf,0.245,mm,OK,--,6:28:13 PM,11/30/2024,
107,42.2,gf,0.250,mm,OK,--,6:28:13 PM,11/30/2024,
108,42.4,gf,0.255,mm,OK,--,6:28:13 PM,11/30/2024,
109,42.4,gf,0.255,mm,OK,--,6:28:14 PM,11/30/2024,
110,42.5,gf,0.260,mm,OK,--,6:28:14 PM,11/30/2024,
111,42.4,gf,0.260,mm,OK,--,6:28:14 PM,11/30/2024,
112,42.4,gf,0.265,mm,OK,--,6:28:14 PM,11/30/2024,
113,42.6,gf,0.265,mm,OK,--,6:28:14 PM,11/30/2024,
114,42.5,gf,0.270,mm,OK,--,6:28:14 PM,11/30/2024,
115,42.5,gf,0.275,mm,OK,--,6:28:14 PM,11/30/2024,
116,42.6,gf,0.280,mm,OK,--,6:28:14 PM,11/30/2024,
117,42.6,gf,0.280,mm,OK,--,6:28:14 PM,11/30/2024,
118,42.6,gf,0.285,mm,OK,--,6:28:14 PM,11/30/2024,
119,42.7,gf,0.290,mm,OK,--,6:28:15 PM,11/30/2024,
120,42.7,gf,0.295,mm,OK,--,6:28:15 PM,11/30/2024,
121,42.9,gf,0.300,mm,OK,--,6:28:15 PM,11/30/2024,
122,42.9,gf,0.305,mm,OK,--,6:28:15 PM,11/30/2024,
123,42.8,gf,0.310,mm,OK,--,6:28:15 PM,11/30/2024,
124,42.7,gf,0.315,mm,OK,--,6:28:15 PM,11/30/2024,
125,42.9,gf,0.320,mm,OK,--,6:28:15 PM,11/30/2024,
126,42.8,gf,0.320,mm,OK,--,6:28:15 PM,11/30/2024,
127,42.8,gf,0.325,mm,OK,--,6:28:15 PM,11/30/2024,
128,42.9,gf,0.325,mm,OK,--,6:28:15 PM,11/30/2024,
129,42.8,gf,0.330,mm,OK,--,6:28:16 PM,11/30/2024,
130,42.9,gf,0.330,mm,OK,--,6:28:16 PM,11/30/2024,
131,42.9,gf,0.330,mm,OK,--,6:28:16 PM,11/30/2024,
132,42.9,gf,0.335,mm,OK,--,6:28:16 PM,11/30/2024,
133,42.9,gf,0.340,mm,OK,--,6:28:16 PM,11/30/2024,
134,42.9,gf,0.340,mm,OK,--,6:28:16 PM,11/30/2024,
135,42.9,gf,0.345,mm,OK,--,6:28:16 PM,11/30/2024,
136,43.0,gf,0.345,mm,OK,--,6:28:16 PM,11/30/2024,
137,43.0,gf,0.350,mm,OK,--,6:28:16 PM,11/30/2024,
138,42.9,gf,0.355,mm,OK,--,6:28:16 PM,11/30/2024,
139,43.0,gf,0.360,mm,OK,--,6:28:17 PM,11/30/2024,
140,43.0,gf,0.360,mm,OK,--,6:28:17 PM,11/30/2024,
141,43.0,gf,0.365,mm,OK,--,6:28:17 PM,11/30/2024,
142,43.0,gf,0.370,mm,OK,--,6:28:17 PM,11/30/2024,
143,42.9,gf,0.375,mm,OK,--,6:28:17 PM,11/30/2024,
144,43.0,gf,0.380,mm,OK,--,6:28:17 PM,11/30/2024,
145,43.0,gf,0.385,mm,OK,--,6:28:17 PM,11/30/2024,
146,43.0,gf,0.395,mm,OK,--,6:28:17 PM,11/30/2024,
147,43.0,gf,0.400,mm,OK,--,6:28:17 PM,11/30/2024,
148,43.1,gf,0.405,mm,OK,--,6:28:17 PM,11/30/2024,
149,43.1,gf,0.410,mm,OK,--,6:28:18 PM,11/30/2024,
150,43.1,gf,0.420,mm,OK,--,6:28:18 PM,11/30/2024,
151,43.2,gf,0.425,mm,OK,--,6:28:18 PM,11/30/2024,
152,43.2,gf,0.430,mm,OK,--,6:28:18 PM,11/30/2024,
153,43.1,gf,0.440,mm,OK,--,6:28:18 PM,11/30/2024,
154,43.2,gf,0.445,mm,OK,--,6:28:18 PM,11/30/2024,
155,43.3,gf,0.445,mm,OK,--,6:28:18 PM,11/30/2024,
156,43.3,gf,0.450,mm,OK,--,6:28:18 PM,11/30/2024,
157,43.3,gf,0.455,mm,OK,--,6:28:18 PM,11/30/2024,
158,43.4,gf,0.460,mm,OK,--,6:28:18 PM,11/30/2024,
159,43.4,gf,0.465,mm,OK,--,6:28:19 PM,11/30/2024,
160,43.3,gf,0.470,mm,OK,--,6:28:19 PM,11/30/2024,
161,43.4,gf,0.475,mm,OK,--,6:28:19 PM,11/30/2024,
162,43.4,gf,0.480,mm,OK,--,6:28:19 PM,11/30/2024,
163,43.4,gf,0.485,mm,OK,--,6:28:19 PM,11/30/2024,
164,43.4,gf,0.490,mm,OK,--,6:28:19 PM,11/30/2024,
165,43.5,gf,0.495,mm,OK,--,6:28:19 PM,11/30/2024,
166,43.5,gf,0.500,mm,OK,--,6:28:19 PM,11/30/2024,
167,43.5,gf,0.500,mm,OK,--,6:28:19 PM,11/30/2024,
168,43.4,gf,0.505,mm,OK,--,6:28:19 PM,11/30/2024,
169,43.5,gf,0.505,mm,OK,--,6:28:20 PM,11/30/2024,
170,43.5,gf,0.510,mm,OK,--,6:28:20 PM,11/30/2024,
171,43.5,gf,0.515,mm,OK,--,6:28:20 PM,11/30/2024,
172,43.5,gf,0.515,mm,OK,--,6:28:20 PM,11/30/2024,
173,43.5,gf,0.515,mm,OK,--,6:28:20 PM,11/30/2024,
174,43.6,gf,0.520,mm,OK,--,6:28:20 PM,11/30/2024,
175,43.6,gf,0.520,mm,OK,--,6:28:20 PM,11/30/2024,
176,43.7,gf,0.525,mm,OK,--,6:28:20 PM,11/30/2024,
177,43.6,gf,0.530,mm,OK,--,6:28:20 PM,11/30/2024,
178,43.7,gf,0.535,mm,OK,--,6:28:20 PM,11/30/2024,
179,43.7,gf,0.540,mm,OK,--,6:28:21 PM,11/30/2024,
180,43.7,gf,0.545,mm,OK,--,6:28:21 PM,11/30/2024,
181,43.7,gf,0.550,mm,OK,--,6:28:21 PM,11/30/2024,
182,43.7,gf,0.550,mm,OK,--,6:28:21 PM,11/30/2024,
183,43.8,gf,0.555,mm,OK,--,6:28:21 PM,11/30/2024,
184,43.8,gf,0.560,mm,OK,--,6:28:21 PM,11/30/2024,
185,43.8,gf,0.565,mm,OK,--,6:28:21 PM,11/30/2024,
186,43.8,gf,0.570,mm,OK,--,6:28:21 PM,11/30/2024,
187,43.8,gf,0.570,mm,OK,--,6:28:21 PM,11/30/2024,
188,43.9,gf,0.575,mm,OK,--,6:28:21 PM,11/30/2024,
189,43.9,gf,0.580,mm,OK,--,6:28:22 PM,11/30/2024,
190,43.9,gf,0.580,mm,OK,--,6:28:22 PM,11/30/2024,
191,43.9,gf,0.585,mm,OK,--,6:28:22 PM,11/30/2024,
192,43.9,gf,0.590,mm,OK,--,6:28:22 PM,11/30/2024,
193,43.9,gf,0.595,mm,OK,--,6:28:22 PM,11/30/2024,
194,43.9,gf,0.600,mm,OK,--,6:28:22 PM,11/30/2024,
195,43.9,gf,0.600,mm,OK,--,6:28:22 PM,11/30/2024,
196,43.9,gf,0.605,mm,OK,--,6:28:22 PM,11/30/2024,
197,44.0,gf,0.605,mm,OK,--,6:28:22 PM,11/30/2024,
198,44.0,gf,0.610,mm,OK,--,6:28:22 PM,11/30/2024,
199,44.0,gf,0.615,mm,OK,--,6:28:23 PM,11/30/2024,
200,44.0,gf,0.620,mm,OK,--,6:28:23 PM,11/30/2024,
201,44.1,gf,0.625,mm,OK,--,6:28:23 PM,11/30/2024,
202,44.1,gf,0.630,mm,OK,--,6:28:23 PM,11/30/2024,
203,44.2,gf,0.635,mm,OK,--,6:28:23 PM,11/30/2024,
204,44.1,gf,0.640,mm,OK,--,6:28:23 PM,11/30/2024,
205,44.2,gf,0.645,mm,OK,--,6:28:23 PM,11/30/2024,
206,44.2,gf,0.650,mm,OK,--,6:28:23 PM,11/30/2024,
207,44.2,gf,0.655,mm,OK,--,6:28:23 PM,11/30/2024,
208,44.2,gf,0.660,mm,OK,--,6:28:23 PM,11/30/2024,
209,44.2,gf,0.665,mm,OK,--,6:28:24 PM,11/30/2024,
210,44.2,gf,0.670,mm,OK,--,6:28:24 PM,11/30/2024,
211,44.3,gf,0.675,mm,OK,--,6:28:24 PM,11/30/2024,
212,44.3,gf,0.675,mm,OK,--,6:28:24 PM,11/30/2024,
213,44.3,gf,0.680,mm,OK,--,6:28:24 PM,11/30/2024,
214,44.4,gf,0.685,mm,OK,--,6:28:24 PM,11/30/2024,
215,44.4,gf,0.690,mm,OK,--,6:28:24 PM,11/30/2024,
216,44.4,gf,0.695,mm,OK,--,6:28:24 PM,11/30/2024,
217,44.5,gf,0.695,mm,OK,--,6:28:24 PM,11/30/2024,
218,44.5,gf,0.700,mm,OK,--,6:28:24 PM,11/30/2024,
219,44.5,gf,0.705,mm,OK,--,6:28:25 PM,11/30/2024,
220,44.5,gf,0.705,mm,OK,--,6:28:25 PM,11/30/2024,
221,44.5,gf,0.710,mm,OK,--,6:28:25 PM,11/30/2024,
222,44.5,gf,0.710,mm,OK,--,6:28:25 PM,11/30/2024,
223,44.6,gf,0.715,mm,OK,--,6:28:25 PM,11/30/2024,
224,44.6,gf,0.715,mm,OK,--,6:28:25 PM,11/30/2024,
225,44.6,gf,0.720,mm,OK,--,6:28:25 PM,11/30/2024,
226,44.6,gf,0.720,mm,OK,--,6:28:25 PM,11/30/2024,
227,44.6,gf,0.725,mm,OK,--,6:28:25 PM,11/30/2024,
228,44.7,gf,0.730,mm,OK,--,6:28:25 PM,11/30/2024,
229,44.7,gf,0.730,mm,OK,--,6:28:26 PM,11/30/2024,
230,44.6,gf,0.735,mm,OK,--,6:28:26 PM,11/30/2024,
231,44.6,gf,0.740,mm,OK,--,6:28:26 PM,11/30/2024,
232,44.6,gf,0.740,mm,OK,--,6:28:26 PM,11/30/2024,
233,44.6,gf,0.745,mm,OK,--,6:28:26 PM,11/30/2024,
234,44.6,gf,0.745,mm,OK,--,6:28:26 PM,11/30/2024,
235,44.7,gf,0.750,mm,OK,--,6:28:26 PM,11/30/2024,
236,44.6,gf,0.750,mm,OK,--,6:28:26 PM,11/30/2024,
237,44.7,gf,0.755,mm,OK,--,6:28:26 PM,11/30/2024,
238,44.7,gf,0.755,mm,OK,--,6:28:26 PM,11/30/2024,
239,44.7,gf,0.760,mm,OK,--,6:28:27 PM,11/30/2024,
240,44.8,gf,0.760,mm,OK,--,6:28:27 PM,11/30/2024,
241,44.8,gf,0.765,mm,OK,--,6:28:27 PM,11/30/2024,
242,44.8,gf,0.765,mm,OK,--,6:28:27 PM,11/30/2024,
243,44.8,gf,0.770,mm,OK,--,6:28:27 PM,11/30/2024,
244,44.7,gf,0.775,mm,OK,--,6:28:27 PM,11/30/2024,
245,44.8,gf,0.775,mm,OK,--,6:28:27 PM,11/30/2024,
246,44.8,gf,0.780,mm,OK,--,6:28:27 PM,11/30/2024,
247,44.8,gf,0.780,mm,OK,--,6:28:27 PM,11/30/2024,
248,44.8,gf,0.785,mm,OK,--,6:28:27 PM,11/30/2024,
249,44.7,gf,0.785,mm,OK,--,6:28:28 PM,11/30/2024,
250,44.7,gf,0.785,mm,OK,--,6:28:28 PM,11/30/2024,
251,44.8,gf,0.790,mm,OK,--,6:28:28 PM,11/30/2024,
252,44.8,gf,0.790,mm,OK,--,6:28:28 PM,11/30/2024,
253,44.9,gf,0.790,mm,OK,--,6:28:28 PM,11/30/2024,
254,44.9,gf,0.790,mm,OK,--,6:28:28 PM,11/30/2024,
255,44.8,gf,0.795,mm,OK,--,6:28:28 PM,11/30/2024,
256,44.8,gf,0.795,mm,OK,--,6:28:28 PM,11/30/2024,
257,44.8,gf,0.795,mm,OK,--,6:28:28 PM,11/30/2024,
258,44.9,gf,0.800,mm,OK,--,6:28:28 PM,11/30/2024,
259,44.9,gf,0.800,mm,OK,--,6:28:29 PM,11/30/2024,
260,44.9,gf,0.805,mm,OK,--,6:28:29 PM,11/30/2024,
261,44.9,gf,0.805,mm,OK,--,6:28:29 PM,11/30/2024,
262,44.9,gf,0.805,mm,OK,--,6:28:29 PM,11/30/2024,
263,44.9,gf,0.810,mm,OK,--,6:28:29 PM,11/30/2024,
264,45.0,gf,0.810,mm,OK,--,6:28:29 PM,11/30/2024,
265,45.0,gf,0.815,mm,OK,--,6:28:29 PM,11/30/2024,
266,45.0,gf,0.815,mm,OK,--,6:28:29 PM,11/30/2024,
267,44.9,gf,0.820,mm,OK,--,6:28:29 PM,11/30/2024,
268,45.0,gf,0.825,mm,OK,--,6:28:29 PM,11/30/2024,
269,45.0,gf,0.825,mm,OK,--,6:28:30 PM,11/30/2024,
270,45.0,gf,0.830,mm,OK,--,6:28:30 PM,11/30/2024,
271,45.0,gf,0.835,mm,OK,--,6:28:30 PM,11/30/2024,
272,45.0,gf,0.840,mm,OK,--,6:28:30 PM,11/30/2024,
273,45.0,gf,0.840,mm,OK,--,6:28:30 PM,11/30/2024,
274,45.0,gf,0.845,mm,OK,--,6:28:30 PM,11/30/2024,
275,45.0,gf,0.845,mm,OK,--,6:28:30 PM,11/30/2024,
276,45.1,gf,0.850,mm,OK,--,6:28:30 PM,11/30/2024,
277,45.1,gf,0.855,mm,OK,--,6:28:30 PM,11/30/2024,
278,45.1,gf,0.860,mm,OK,--,6:28:30 PM,11/30/2024,
279,45.1,gf,0.860,mm,OK,--,6:28:31 PM,11/30/2024,
280,45.1,gf,0.865,mm,OK,--,6:28:31 PM,11/30/2024,
281,45.1,gf,0.865,mm,OK,--,6:28:31 PM,11/30/2024,
282,45.1,gf,0.870,mm,OK,--,6:28:31 PM,11/30/2024,
283,45.1,gf,0.870,mm,OK,--,6:28:31 PM,11/30/2024,
284,45.1,gf,0.875,mm,OK,--,6:28:31 PM,11/30/2024,
285,45.2,gf,0.875,mm,OK,--,6:28:31 PM,11/30/2024,
286,45.2,gf,0.880,mm,OK,--,6:28:31 PM,11/30/2024,
287,45.2,gf,0.880,mm,OK,--,6:28:31 PM,11/30/2024,
288,45.2,gf,0.885,mm,OK,--,6:28:31 PM,11/30/2024,
289,45.2,gf,0.890,mm,OK,--,6:28:32 PM,11/30/2024,
290,45.2,gf,0.890,mm,OK,--,6:28:32 PM,11/30/2024,
291,45.2,gf,0.895,mm,OK,--,6:28:32 PM,11/30/2024,
292,45.2,gf,0.895,mm,OK,--,6:28:32 PM,11/30/2024,
293,45.2,gf,0.900,mm,OK,--,6:28:32 PM,11/30/2024,
294,45.2,gf,0.900,mm,OK,--,6:28:32 PM,11/30/2024,
295,45.2,gf,0.900,mm,OK,--,6:28:32 PM,11/30/2024,
296,45.3,gf,0.905,mm,OK,--,6:28:32 PM,11/30/2024,
297,45.3,gf,0.905,mm,OK,--,6:28:32 PM,11/30/2024,
298,45.3,gf,0.910,mm,OK,--,6:28:32 PM,11/30/2024,
299,45.3,gf,0.910,mm,OK,--,6:28:33 PM,11/30/2024,
300,45.3,gf,0.910,mm,OK,--,6:28:33 PM,11/30/2024,
301,45.3,gf,0.915,mm,OK,--,6:28:33 PM,11/30/2024,
302,45.3,gf,0.915,mm,OK,--,6:28:33 PM,11/30/2024,
303,45.3,gf,0.920,mm,OK,--,6:28:33 PM,11/30/2024,
304,45.3,gf,0.920,mm,OK,--,6:28:33 PM,11/30/2024,
305,45.4,gf,0.920,mm,OK,--,6:28:33 PM,11/30/2024,
306,45.4,gf,0.925,mm,OK,--,6:28:33 PM,11/30/2024,
307,45.4,gf,0.925,mm,OK,--,6:28:33 PM,11/30/2024,
308,45.4,gf,0.930,mm,OK,--,6:28:33 PM,11/30/2024,
309,45.4,gf,0.930,mm,OK,--,6:28:34 PM,11/30/2024,
310,45.6,gf,0.935,mm,OK,--,6:28:34 PM,11/30/2024,
311,45.5,gf,0.940,mm,OK,--,6:28:34 PM,11/30/2024,
312,45.5,gf,0.945,mm,OK,--,6:28:34 PM,11/30/2024,
313,45.5,gf,0.945,mm,OK,--,6:28:34 PM,11/30/2024,
314,45.5,gf,0.950,mm,OK,--,6:28:34 PM,11/30/2024,
315,45.5,gf,0.955,mm,OK,--,6:28:34 PM,11/30/2024,
316,45.5,gf,0.960,mm,OK,--,6:28:34 PM,11/30/2024,
317,45.5,gf,0.960,mm,OK,--,6:28:34 PM,11/30/2024,
318,45.5,gf,0.960,mm,OK,--,6:28:34 PM,11/30/2024,
319,45.5,gf,0.965,mm,OK,--,6:28:35 PM,11/30/2024,
320,45.6,gf,0.965,mm,OK,--,6:28:35 PM,11/30/2024,
321,45.6,gf,0.970,mm,OK,--,6:28:35 PM,11/30/2024,
322,45.6,gf,0.970,mm,OK,--,6:28:35 PM,11/30/2024,
323,45.7,gf,0.975,mm,OK,--,6:28:35 PM,11/30/2024,
324,45.7,gf,0.980,mm,OK,--,6:28:35 PM,11/30/2024,
325,45.6,gf,0.985,mm,OK,--,6:28:35 PM,11/30/2024,
326,45.7,gf,0.985,mm,OK,--,6:28:35 PM,11/30/2024,
327,45.7,gf,0.990,mm,OK,--,6:28:35 PM,11/30/2024,
328,45.8,gf,0.990,mm,OK,--,6:28:35 PM,11/30/2024,
329,45.8,gf,0.995,mm,OK,--,6:28:36 PM,11/30/2024,
330,45.8,gf,1.000,mm,OK,--,6:28:36 PM,11/30/2024,
331,45.8,gf,1.005,mm,OK,--,6:28:36 PM,11/30/2024,
332,45.8,gf,1.010,mm,OK,--,6:28:36 PM,11/30/2024,
333,45.8,gf,1.015,mm,OK,--,6:28:36 PM,11/30/2024,
334,45.8,gf,1.020,mm,OK,--,6:28:36 PM,11/30/2024,
335,45.9,gf,1.025,mm,OK,--,6:28:36 PM,11/30/2024,
336,45.9,gf,1.030,mm,OK,--,6:28:36 PM,11/30/2024,
337,45.8,gf,1.035,mm,OK,--,6:28:36 PM,11/30/2024,
338,45.9,gf,1.040,mm,OK,--,6:28:36 PM,11/30/2024,
339,45.9,gf,1.040,mm,OK,--,6:28:37 PM,11/30/2024,
340,46.0,gf,1.045,mm,OK,--,6:28:37 PM,11/30/2024,
341,45.9,gf,1.045,mm,OK,--,6:28:37 PM,11/30/2024,
342,46.0,gf,1.050,mm,OK,--,6:28:37 PM,11/30/2024,
343,46.0,gf,1.050,mm,OK,--,6:28:37 PM,11/30/2024,
344,46.0,gf,1.055,mm,OK,--,6:28:37 PM,11/30/2024,
345,46.1,gf,1.055,mm,OK,--,6:28:37 PM,11/30/2024,
346,46.2,gf,1.060,mm,OK,--,6:28:37 PM,11/30/2024,
347,46.2,gf,1.065,mm,OK,--,6:28:37 PM,11/30/2024,
348,46.2,gf,1.070,mm,OK,--,6:28:37 PM,11/30/2024,
349,46.2,gf,1.075,mm,OK,--,6:28:38 PM,11/30/2024,
350,46.2,gf,1.080,mm,OK,--,6:28:38 PM,11/30/2024,
351,46.1,gf,1.080,mm,OK,--,6:28:38 PM,11/30/2024,
352,46.3,gf,1.085,mm,OK,--,6:28:38 PM,11/30/2024,
353,46.3,gf,1.090,mm,OK,--,6:28:38 PM,11/30/2024,
354,46.2,gf,1.095,mm,OK,--,6:28:38 PM,11/30/2024,
355,46.2,gf,1.095,mm,OK,--,6:28:38 PM,11/30/2024,
356,46.3,gf,1.095,mm,OK,--,6:28:38 PM,11/30/2024,
357,46.4,gf,1.100,mm,OK,--,6:28:38 PM,11/30/2024,
358,46.4,gf,1.105,mm,OK,--,6:28:38 PM,11/30/2024,
359,46.4,gf,1.115,mm,OK,--,6:28:39 PM,11/30/2024,
360,46.4,gf,1.120,mm,OK,--,6:28:39 PM,11/30/2024,
361,46.3,gf,1.130,mm,OK,--,6:28:39 PM,11/30/2024,
362,46.4,gf,1.135,mm,OK,--,6:28:39 PM,11/30/2024,
363,46.4,gf,1.140,mm,OK,--,6:28:39 PM,11/30/2024,
364,46.5,gf,1.150,mm,OK,--,6:28:39 PM,11/30/2024,
365,46.5,gf,1.155,mm,OK,--,6:28:39 PM,11/30/2024,
366,46.5,gf,1.165,mm,OK,--,6:28:39 PM,11/30/2024,
367,46.5,gf,1.170,mm,OK,--,6:28:39 PM,11/30/2024,
368,46.6,gf,1.175,mm,OK,--,6:28:39 PM,11/30/2024,
369,46.6,gf,1.185,mm,OK,--,6:28:40 PM,11/30/2024,
370,46.6,gf,1.190,mm,OK,--,6:28:40 PM,11/30/2024,
371,46.6,gf,1.195,mm,OK,--,6:28:40 PM,11/30/2024,
372,46.6,gf,1.200,mm,OK,--,6:28:40 PM,11/30/2024,
373,46.7,gf,1.210,mm,OK,--,6:28:40 PM,11/30/2024,
374,46.7,gf,1.215,mm,OK,--,6:28:40 PM,11/30/2024,
375,46.7,gf,1.220,mm,OK,--,6:28:40 PM,11/30/2024,
376,46.7,gf,1.230,mm,OK,--,6:28:40 PM,11/30/2024,
377,46.7,gf,1.235,mm,OK,--,6:28:40 PM,11/30/2024,
378,46.7,gf,1.240,mm,OK,--,6:28:40 PM,11/30/2024,
379,46.8,gf,1.245,mm,OK,--,6:28:41 PM,11/30/2024,
380,46.9,gf,1.250,mm,OK,--,6:28:41 PM,11/30/2024,
381,46.9,gf,1.255,mm,OK,--,6:28:41 PM,11/30/2024,
382,46.8,gf,1.260,mm,OK,--,6:28:41 PM,11/30/2024,
383,46.8,gf,1.265,mm,OK,--,6:28:41 PM,11/30/2024,
384,46.8,gf,1.265,mm,OK,--,6:28:41 PM,11/30/2024,
385,46.8,gf,1.270,mm,OK,--,6:28:41 PM,11/30/2024,
386,46.8,gf,1.275,mm,OK,--,6:28:41 PM,11/30/2024,
387,46.9,gf,1.280,mm,OK,--,6:28:41 PM,11/30/2024,
388,46.9,gf,1.280,mm,OK,--,6:28:41 PM,11/30/2024,
389,46.9,gf,1.285,mm,OK,--,6:28:42 PM,11/30/2024,
390,46.9,gf,1.290,mm,OK,--,6:28:42 PM,11/30/2024,
391,46.9,gf,1.290,mm,OK,--,6:28:42 PM,11/30/2024,
392,46.9,gf,1.295,mm,OK,--,6:28:42 PM,11/30/2024,
393,46.9,gf,1.300,mm,OK,--,6:28:42 PM,11/30/2024,
394,46.9,gf,1.300,mm,OK,--,6:28:42 PM,11/30/2024,
395,46.9,gf,1.300,mm,OK,--,6:28:42 PM,11/30/2024,
396,47.0,gf,1.305,mm,OK,--,6:28:42 PM,11/30/2024,
397,47.0,gf,1.305,mm,OK,--,6:28:42 PM,11/30/2024,
398,47.0,gf,1.310,mm,OK,--,6:28:42 PM,11/30/2024,
399,47.0,gf,1.315,mm,OK,--,6:28:43 PM,11/30/2024,
400,47.0,gf,1.315,mm,OK,--,6:28:43 PM,11/30/2024,
401,47.0,gf,1.320,mm,OK,--,6:28:43 PM,11/30/2024,
402,47.1,gf,1.320,mm,OK,--,6:28:43 PM,11/30/2024,
403,47.1,gf,1.325,mm,OK,--,6:28:43 PM,11/30/2024,
404,47.1,gf,1.325,mm,OK,--,6:28:43 PM,11/30/2024,
405,47.1,gf,1.330,mm,OK,--,6:28:43 PM,11/30/2024,
406,47.1,gf,1.330,mm,OK,--,6:28:43 PM,11/30/2024,
407,47.1,gf,1.335,mm,OK,--,6:28:43 PM,11/30/2024,
408,47.1,gf,1.335,mm,OK,--,6:28:43 PM,11/30/2024,
409,47.1,gf,1.335,mm,OK,--,6:28:44 PM,11/30/2024,
410,47.2,gf,1.340,mm,OK,--,6:28:44 PM,11/30/2024,
411,47.2,gf,1.340,mm,OK,--,6:28:44 PM,11/30/2024,
412,47.2,gf,1.345,mm,OK,--,6:28:44 PM,11/30/2024,
413,47.2,gf,1.345,mm,OK,--,6:28:44 PM,11/30/2024,
414,47.2,gf,1.350,mm,OK,--,6:28:44 PM,11/30/2024,
415,47.2,gf,1.350,mm,OK,--,6:28:44 PM,11/30/2024,
416,47.2,gf,1.355,mm,OK,--,6:28:44 PM,11/30/2024,
417,47.2,gf,1.355,mm,OK,--,6:28:44 PM,11/30/2024,
418,47.2,gf,1.360,mm,OK,--,6:28:44 PM,11/30/2024,
419,47.2,gf,1.360,mm,OK,--,6:28:45 PM,11/30/2024,
420,47.3,gf,1.365,mm,OK,--,6:28:45 PM,11/30/2024,
421,47.3,gf,1.370,mm,OK,--,6:28:45 PM,11/30/2024,
422,47.3,gf,1.370,mm,OK,--,6:28:45 PM,11/30/2024,
423,47.3,gf,1.375,mm,OK,--,6:28:45 PM,11/30/2024,
424,47.3,gf,1.375,mm,OK,--,6:28:45 PM,11/30/2024,
425,47.3,gf,1.380,mm,OK,--,6:28:45 PM,11/30/2024,
426,47.3,gf,1.385,mm,OK,--,6:28:45 PM,11/30/2024,
427,47.3,gf,1.390,mm,OK,--,6:28:45 PM,11/30/2024,
428,47.3,gf,1.395,mm,OK,--,6:28:45 PM,11/30/2024,
429,47.3,gf,1.395,mm,OK,--,6:28:46 PM,11/30/2024,
430,47.3,gf,1.400,mm,OK,--,6:28:46 PM,11/30/2024,
431,47.4,gf,1.405,mm,OK,--,6:28:46 PM,11/30/2024,
432,47.4,gf,1.405,mm,OK,--,6:28:46 PM,11/30/2024,
433,47.4,gf,1.410,mm,OK,--,6:28:46 PM,11/30/2024,
434,47.4,gf,1.415,mm,OK,--,6:28:46 PM,11/30/2024,
435,47.5,gf,1.420,mm,OK,--,6:28:46 PM,11/30/2024,
436,47.5,gf,1.425,mm,OK,--,6:28:46 PM,11/30/2024,
437,47.5,gf,1.430,mm,OK,--,6:28:46 PM,11/30/2024,
438,47.5,gf,1.435,mm,OK,--,6:28:46 PM,11/30/2024,
439,47.5,gf,1.440,mm,OK,--,6:28:47 PM,11/30/2024,
440,47.6,gf,1.445,mm,OK,--,6:28:47 PM,11/30/2024,
441,47.6,gf,1.450,mm,OK,--,6:28:47 PM,11/30/2024,
442,47.6,gf,1.455,mm,OK,--,6:28:47 PM,11/30/2024,
443,47.6,gf,1.460,mm,OK,--,6:28:47 PM,11/30/2024,
444,47.6,gf,1.465,mm,OK,--,6:28:47 PM,11/30/2024,
445,47.6,gf,1.470,mm,OK,--,6:28:47 PM,11/30/2024,
446,47.7,gf,1.475,mm,OK,--,6:28:47 PM,11/30/2024,
447,47.8,gf,1.485,mm,OK,--,6:28:47 PM,11/30/2024,
448,47.7,gf,1.490,mm,OK,--,6:28:47 PM,11/30/2024,
449,47.8,gf,1.495,mm,OK,--,6:28:48 PM,11/30/2024,
450,47.8,gf,1.500,mm,OK,--,6:28:48 PM,11/30/2024,
451,47.8,gf,1.505,mm,OK,--,6:28:48 PM,11/30/2024,
452,47.8,gf,1.510,mm,OK,--,6:28:48 PM,11/30/2024,
453,47.9,gf,1.510,mm,OK,--,6:28:48 PM,11/30/2024,
454,48.0,gf,1.515,mm,OK,--,6:28:48 PM,11/30/2024,
455,48.0,gf,1.525,mm,OK,--,6:28:48 PM,11/30/2024,
456,48.0,gf,1.530,mm,OK,--,6:28:48 PM,11/30/2024,
457,48.0,gf,1.535,mm,OK,--,6:28:48 PM,11/30/2024,
458,48.0,gf,1.540,mm,OK,--,6:28:48 PM,11/30/2024,
459,48.0,gf,1.545,mm,OK,--,6:28:49 PM,11/30/2024,
460,48.0,gf,1.545,mm,OK,--,6:28:49 PM,11/30/2024,
461,48.1,gf,1.550,mm,OK,--,6:28:49 PM,11/30/2024,
462,48.1,gf,1.555,mm,OK,--,6:28:49 PM,11/30/2024,
463,48.1,gf,1.560,mm,OK,--,6:28:49 PM,11/30/2024,
464,48.1,gf,1.565,mm,OK,--,6:28:49 PM,11/30/2024,
465,48.2,gf,1.570,mm,OK,--,6:28:49 PM,11/30/2024,
466,48.2,gf,1.575,mm,OK,--,6:28:49 PM,11/30/2024,
467,48.2,gf,1.575,mm,OK,--,6:28:49 PM,11/30/2024,
468,48.2,gf,1.580,mm,OK,--,6:28:49 PM,11/30/2024,
469,48.2,gf,1.580,mm,OK,--,6:28:50 PM,11/30/2024,
470,48.3,gf,1.585,mm,OK,--,6:28:50 PM,11/30/2024,
471,48.3,gf,1.590,mm,OK,--,6:28:50 PM,11/30/2024,
472,48.3,gf,1.590,mm,OK,--,6:28:50 PM,11/30/2024,
473,48.3,gf,1.595,mm,OK,--,6:28:50 PM,11/30/2024,
474,48.3,gf,1.595,mm,OK,--,6:28:50 PM,11/30/2024,
475,48.3,gf,1.600,mm,OK,--,6:28:50 PM,11/30/2024,
476,48.3,gf,1.605,mm,OK,--,6:28:50 PM,11/30/2024,
477,48.4,gf,1.605,mm,OK,--,6:28:50 PM,11/30/2024,
478,48.4,gf,1.610,mm,OK,--,6:28:50 PM,11/30/2024,
479,48.4,gf,1.610,mm,OK,--,6:28:51 PM,11/30/2024,
480,48.4,gf,1.615,mm,OK,--,6:28:51 PM,11/30/2024,
481,48.4,gf,1.615,mm,OK,--,6:28:51 PM,11/30/2024,
482,48.4,gf,1.615,mm,OK,--,6:28:51 PM,11/30/2024,
483,48.4,gf,1.620,mm,OK,--,6:28:51 PM,11/30/2024,
484,48.4,gf,1.620,mm,OK,--,6:28:51 PM,11/30/2024,
485,48.5,gf,1.625,mm,OK,--,6:28:51 PM,11/30/2024,
486,48.5,gf,1.630,mm,OK,--,6:28:51 PM,11/30/2024,
487,48.5,gf,1.630,mm,OK,--,6:28:51 PM,11/30/2024,
488,48.5,gf,1.635,mm,OK,--,6:28:51 PM,11/30/2024,
489,48.5,gf,1.640,mm,OK,--,6:28:52 PM,11/30/2024,
490,48.5,gf,1.640,mm,OK,--,6:28:52 PM,11/30/2024,
491,48.5,gf,1.645,mm,OK,--,6:28:52 PM,11/30/2024,
492,48.5,gf,1.645,mm,OK,--,6:28:52 PM,11/30/2024,
493,48.6,gf,1.650,mm,OK,--,6:28:52 PM,11/30/2024,
494,48.6,gf,1.655,mm,OK,--,6:28:52 PM,11/30/2024,
495,48.6,gf,1.655,mm,OK,--,6:28:52 PM,11/30/2024,
496,48.6,gf,1.660,mm,OK,--,6:28:52 PM,11/30/2024,
497,48.6,gf,1.665,mm,OK,--,6:28:52 PM,11/30/2024,
498,48.6,gf,1.670,mm,OK,--,6:28:52 PM,11/30/2024,
499,48.7,gf,1.675,mm,OK,--,6:28:53 PM,11/30/2024,
500,48.7,gf,1.680,mm,OK,--,6:28:53 PM,11/30/2024,
501,48.7,gf,1.680,mm,OK,--,6:28:53 PM,11/30/2024,
502,48.7,gf,1.685,mm,OK,--,6:28:53 PM,11/30/2024,
503,48.7,gf,1.685,mm,OK,--,6:28:53 PM,11/30/2024,
504,48.7,gf,1.690,mm,OK,--,6:28:53 PM,11/30/2024,
505,48.7,gf,1.695,mm,OK,--,6:28:53 PM,11/30/2024,
506,48.7,gf,1.695,mm,OK,--,6:28:53 PM,11/30/2024,
507,48.7,gf,1.700,mm,OK,--,6:28:53 PM,11/30/2024,
508,48.8,gf,1.705,mm,OK,--,6:28:53 PM,11/30/2024,
509,48.8,gf,1.705,mm,OK,--,6:28:54 PM,11/30/2024,
510,48.8,gf,1.710,mm,OK,--,6:28:54 PM,11/30/2024,
511,48.8,gf,1.710,mm,OK,--,6:28:54 PM,11/30/2024,
512,48.9,gf,1.715,mm,OK,--,6:28:54 PM,11/30/2024,
513,48.9,gf,1.715,mm,OK,--,6:28:54 PM,11/30/2024,
514,48.9,gf,1.720,mm,OK,--,6:28:54 PM,11/30/2024,
515,48.9,gf,1.725,mm,OK,--,6:28:54 PM,11/30/2024,
516,49.0,gf,1.725,mm,OK,--,6:28:54 PM,11/30/2024,
517,49.0,gf,1.730,mm,OK,--,6:28:54 PM,11/30/2024,
518,49.0,gf,1.735,mm,OK,--,6:28:54 PM,11/30/2024,
519,49.0,gf,1.740,mm,OK,--,6:28:55 PM,11/30/2024,
520,49.0,gf,1.745,mm,OK,--,6:28:55 PM,11/30/2024,
521,49.1,gf,1.745,mm,OK,--,6:28:55 PM,11/30/2024,
522,49.1,gf,1.750,mm,OK,--,6:28:55 PM,11/30/2024,
523,49.1,gf,1.755,mm,OK,--,6:28:55 PM,11/30/2024,
524,49.1,gf,1.755,mm,OK,--,6:28:55 PM,11/30/2024,
525,49.1,gf,1.760,mm,OK,--,6:28:55 PM,11/30/2024,
526,49.1,gf,1.765,mm,OK,--,6:28:55 PM,11/30/2024,
527,49.1,gf,1.765,mm,OK,--,6:28:55 PM,11/30/2024,
528,49.1,gf,1.765,mm,OK,--,6:28:55 PM,11/30/2024,
529,49.2,gf,1.770,mm,OK,--,6:28:56 PM,11/30/2024,
530,49.2,gf,1.770,mm,OK,--,6:28:56 PM,11/30/2024,
531,49.2,gf,1.775,mm,OK,--,6:28:56 PM,11/30/2024,
532,49.2,gf,1.775,mm,OK,--,6:28:56 PM,11/30/2024,
533,49.2,gf,1.780,mm,OK,--,6:28:56 PM,11/30/2024,
534,49.2,gf,1.780,mm,OK,--,6:28:56 PM,11/30/2024,
535,49.2,gf,1.780,mm,OK,--,6:28:56 PM,11/30/2024,
536,49.2,gf,1.785,mm,OK,--,6:28:56 PM,11/30/2024,
537,49.2,gf,1.785,mm,OK,--,6:28:56 PM,11/30/2024,
538,49.2,gf,1.785,mm,OK,--,6:28:56 PM,11/30/2024,
539,49.2,gf,1.790,mm,OK,--,6:28:57 PM,11/30/2024,
540,49.3,gf,1.790,mm,OK,--,6:28:57 PM,11/30/2024,
541,49.3,gf,1.795,mm,OK,--,6:28:57 PM,11/30/2024,
542,49.3,gf,1.800,mm,OK,--,6:28:57 PM,11/30/2024,
543,49.3,gf,1.805,mm,OK,--,6:28:57 PM,11/30/2024,
544,49.3,gf,1.810,mm,OK,--,6:28:57 PM,11/30/2024,
545,49.3,gf,1.815,mm,OK,--,6:28:57 PM,11/30/2024,
546,49.3,gf,1.820,mm,OK,--,6:28:57 PM,11/30/2024,
547,49.3,gf,1.825,mm,OK,--,6:28:57 PM,11/30/2024,
548,49.3,gf,1.825,mm,OK,--,6:28:57 PM,11/30/2024,
549,49.4,gf,1.830,mm,OK,--,6:28:58 PM,11/30/2024,
550,49.4,gf,1.835,mm,OK,--,6:28:58 PM,11/30/2024,
551,49.4,gf,1.835,mm,OK,--,6:28:58 PM,11/30/2024,
552,49.4,gf,1.840,mm,OK,--,6:28:58 PM,11/30/2024,
553,49.5,gf,1.845,mm,OK,--,6:28:58 PM,11/30/2024,
554,49.5,gf,1.845,mm,OK,--,6:28:58 PM,11/30/2024,
555,49.5,gf,1.850,mm,OK,--,6:28:58 PM,11/30/2024,
556,49.5,gf,1.850,mm,OK,--,6:28:58 PM,11/30/2024,
557,49.5,gf,1.855,mm,OK,--,6:28:58 PM,11/30/2024,
558,49.5,gf,1.855,mm,OK,--,6:28:58 PM,11/30/2024,
559,49.6,gf,1.860,mm,OK,--,6:28:59 PM,11/30/2024,
560,49.6,gf,1.865,mm,OK,--,6:28:59 PM,11/30/2024,
561,49.6,gf,1.870,mm,OK,--,6:28:59 PM,11/30/2024,
562,49.7,gf,1.870,mm,OK,--,6:28:59 PM,11/30/2024,
563,49.7,gf,1.875,mm,OK,--,6:28:59 PM,11/30/2024,
564,49.7,gf,1.880,mm,OK,--,6:28:59 PM,11/30/2024,
565,49.8,gf,1.885,mm,OK,--,6:28:59 PM,11/30/2024,
566,49.7,gf,1.890,mm,OK,--,6:28:59 PM,11/30/2024,
567,49.9,gf,1.895,mm,OK,--,6:28:59 PM,11/30/2024,
568,49.9,gf,1.900,mm,OK,--,6:28:59 PM,11/30/2024,
569,49.9,gf,1.910,mm,OK,--,6:29:00 PM,11/30/2024,
570,49.9,gf,1.915,mm,OK,--,6:29:00 PM,11/30/2024,
571,49.9,gf,1.920,mm,OK,--,6:29:00 PM,11/30/2024,
572,50.0,gf,1.925,mm,OK,--,6:29:00 PM,11/30/2024,
573,50.0,gf,1.930,mm,OK,--,6:29:00 PM,11/30/2024,
574,50.0,gf,1.940,mm,OK,--,6:29:00 PM,11/30/2024,
575,50.0,gf,1.945,mm,OK,--,6:29:00 PM,11/30/2024,
576,50.0,gf,1.950,mm,OK,--,6:29:00 PM,11/30/2024,
577,50.1,gf,1.955,mm,OK,--,6:29:00 PM,11/30/2024,
578,50.1,gf,1.960,mm,OK,--,6:29:00 PM,11/30/2024,
579,50.1,gf,1.965,mm,OK,--,6:29:01 PM,11/30/2024,
580,50.1,gf,1.970,mm,OK,--,6:29:01 PM,11/30/2024,
581,50.1,gf,1.975,mm,OK,--,6:29:01 PM,11/30/2024,
582,50.1,gf,1.980,mm,OK,--,6:29:01 PM,11/30/2024,
583,50.2,gf,1.985,mm,OK,--,6:29:01 PM,11/30/2024,
584,50.2,gf,1.990,mm,OK,--,6:29:01 PM,11/30/2024,
585,50.2,gf,1.995,mm,OK,--,6:29:01 PM,11/30/2024,
586,50.2,gf,2.000,mm,OK,--,6:29:01 PM,11/30/2024,
587,50.3,gf,2.005,mm,OK,--,6:29:01 PM,11/30/2024,
588,50.3,gf,2.005,mm,OK,--,6:29:01 PM,11/30/2024,
589,50.3,gf,2.010,mm,OK,--,6:29:02 PM,11/30/2024,
590,50.3,gf,2.015,mm,OK,--,6:29:02 PM,11/30/2024,
591,50.3,gf,2.015,mm,OK,--,6:29:02 PM,11/30/2024,
592,50.3,gf,2.020,mm,OK,--,6:29:02 PM,11/30/2024,
593,50.4,gf,2.025,mm,OK,--,6:29:02 PM,11/30/2024,
594,50.4,gf,2.025,mm,OK,--,6:29:02 PM,11/30/2024,
595,50.4,gf,2.030,mm,OK,--,6:29:02 PM,11/30/2024,
596,50.4,gf,2.030,mm,OK,--,6:29:02 PM,11/30/2024,
597,50.4,gf,2.035,mm,OK,--,6:29:02 PM,11/30/2024,
598,50.4,gf,2.040,mm,OK,--,6:29:02 PM,11/30/2024,
599,50.4,gf,2.040,mm,OK,--,6:29:03 PM,11/30/2024,
600,50.5,gf,2.045,mm,OK,--,6:29:03 PM,11/30/2024,
601,50.5,gf,2.045,mm,OK,--,6:29:03 PM,11/30/2024,
602,50.5,gf,2.050,mm,OK,--,6:29:03 PM,11/30/2024,
603,50.5,gf,2.050,mm,OK,--,6:29:03 PM,11/30/2024,
604,50.6,gf,2.055,mm,OK,--,6:29:03 PM,11/30/2024,
605,50.6,gf,2.055,mm,OK,--,6:29:03 PM,11/30/2024,
606,50.6,gf,2.060,mm,OK,--,6:29:03 PM,11/30/2024,
607,50.6,gf,2.060,mm,OK,--,6:29:03 PM,11/30/2024,
608,50.6,gf,2.060,mm,OK,--,6:29:03 PM,11/30/2024,
609,50.6,gf,2.065,mm,OK,--,6:29:04 PM,11/30/2024,
610,50.6,gf,2.065,mm,OK,--,6:29:04 PM,11/30/2024,
611,50.6,gf,2.070,mm,OK,--,6:29:04 PM,11/30/2024,
612,50.6,gf,2.070,mm,OK,--,6:29:04 PM,11/30/2024,
613,50.6,gf,2.075,mm,OK,--,6:29:04 PM,11/30/2024,
614,50.6,gf,2.075,mm,OK,--,6:29:04 PM,11/30/2024,
615,50.7,gf,2.080,mm,OK,--,6:29:04 PM,11/30/2024,
616,50.8,gf,2.085,mm,OK,--,6:29:04 PM,11/30/2024,
617,50.7,gf,2.085,mm,OK,--,6:29:04 PM,11/30/2024,
618,50.7,gf,2.090,mm,OK,--,6:29:04 PM,11/30/2024,
619,50.7,gf,2.095,mm,OK,--,6:29:05 PM,11/30/2024,
620,50.8,gf,2.095,mm,OK,--,6:29:05 PM,11/30/2024,
621,50.7,gf,2.100,mm,OK,--,6:29:05 PM,11/30/2024,
622,50.8,gf,2.100,mm,OK,--,6:29:05 PM,11/30/2024,
623,50.8,gf,2.105,mm,OK,--,6:29:05 PM,11/30/2024,
624,50.8,gf,2.110,mm,OK,--,6:29:05 PM,11/30/2024,
625,50.8,gf,2.110,mm,OK,--,6:29:05 PM,11/30/2024,
626,50.8,gf,2.115,mm,OK,--,6:29:05 PM,11/30/2024,
627,50.9,gf,2.120,mm,OK,--,6:29:05 PM,11/30/2024,
628,50.9,gf,2.125,mm,OK,--,6:29:05 PM,11/30/2024,
629,50.9,gf,2.125,mm,OK,--,6:29:06 PM,11/30/2024,
630,50.9,gf,2.130,mm,OK,--,6:29:06 PM,11/30/2024,
631,50.9,gf,2.130,mm,OK,--,6:29:06 PM,11/30/2024,
632,50.9,gf,2.135,mm,OK,--,6:29:06 PM,11/30/2024,
633,50.9,gf,2.135,mm,OK,--,6:29:06 PM,11/30/2024,
634,50.9,gf,2.135,mm,OK,--,6:29:06 PM,11/30/2024,
635,50.9,gf,2.140,mm,OK,--,6:29:06 PM,11/30/2024,
636,51.0,gf,2.140,mm,OK,--,6:29:06 PM,11/30/2024,
637,51.0,gf,2.145,mm,OK,--,6:29:06 PM,11/30/2024,
638,51.0,gf,2.150,mm,OK,--,6:29:06 PM,11/30/2024,
639,51.0,gf,2.150,mm,OK,--,6:29:07 PM,11/30/2024,
640,51.0,gf,2.155,mm,OK,--,6:29:07 PM,11/30/2024,
641,51.0,gf,2.155,mm,OK,--,6:29:07 PM,11/30/2024,
642,51.1,gf,2.160,mm,OK,--,6:29:07 PM,11/30/2024,
643,51.1,gf,2.165,mm,OK,--,6:29:07 PM,11/30/2024,
644,51.1,gf,2.165,mm,OK,--,6:29:07 PM,11/30/2024,
645,51.1,gf,2.170,mm,OK,--,6:29:07 PM,11/30/2024,
646,51.1,gf,2.175,mm,OK,--,6:29:07 PM,11/30/2024,
647,51.2,gf,2.180,mm,OK,--,6:29:07 PM,11/30/2024,
648,51.2,gf,2.180,mm,OK,--,6:29:07 PM,11/30/2024,
649,51.2,gf,2.185,mm,OK,--,6:29:08 PM,11/30/2024,
650,51.2,gf,2.185,mm,OK,--,6:29:08 PM,11/30/2024,
651,51.2,gf,2.190,mm,OK,--,6:29:08 PM,11/30/2024,
652,51.2,gf,2.195,mm,OK,--,6:29:08 PM,11/30/2024,
653,51.2,gf,2.195,mm,OK,--,6:29:08 PM,11/30/2024,
654,51.2,gf,2.200,mm,OK,--,6:29:08 PM,11/30/2024,
655,51.2,gf,2.200,mm,OK,--,6:29:08 PM,11/30/2024,
656,51.2,gf,2.205,mm,OK,--,6:29:08 PM,11/30/2024,
657,51.3,gf,2.205,mm,OK,--,6:29:08 PM,11/30/2024,
658,51.3,gf,2.210,mm,OK,--,6:29:08 PM,11/30/2024,
659,51.3,gf,2.215,mm,OK,--,6:29:09 PM,11/30/2024,
660,51.4,gf,2.215,mm,OK,--,6:29:09 PM,11/30/2024,
661,51.4,gf,2.220,mm,OK,--,6:29:09 PM,11/30/2024,
662,51.4,gf,2.225,mm,OK,--,6:29:09 PM,11/30/2024,
663,51.4,gf,2.230,mm,OK,--,6:29:09 PM,11/30/2024,
664,51.5,gf,2.235,mm,OK,--,6:29:09 PM,11/30/2024,
665,51.5,gf,2.240,mm,OK,--,6:29:09 PM,11/30/2024,
666,51.6,gf,2.245,mm,OK,--,6:29:09 PM,11/30/2024,
667,51.6,gf,2.250,mm,OK,--,6:29:09 PM,11/30/2024,
668,51.7,gf,2.255,mm,OK,--,6:29:09 PM,11/30/2024,
669,51.8,gf,2.260,mm,OK,--,6:29:10 PM,11/30/2024,
670,51.8,gf,2.265,mm,OK,--,6:29:10 PM,11/30/2024,
671,51.8,gf,2.270,mm,OK,--,6:29:10 PM,11/30/2024,
672,51.8,gf,2.275,mm,OK,--,6:29:10 PM,11/30/2024,
673,51.8,gf,2.275,mm,OK,--,6:29:10 PM,11/30/2024,
674,51.8,gf,2.280,mm,OK,--,6:29:10 PM,11/30/2024,
675,51.9,gf,2.285,mm,OK,--,6:29:10 PM,11/30/2024,
676,51.9,gf,2.290,mm,OK,--,6:29:10 PM,11/30/2024,
677,51.9,gf,2.295,mm,OK,--,6:29:10 PM,11/30/2024,
678,52.0,gf,2.300,mm,OK,--,6:29:10 PM,11/30/2024,
679,52.0,gf,2.305,mm,OK,--,6:29:11 PM,11/30/2024,
680,52.0,gf,2.315,mm,OK,--,6:29:11 PM,11/30/2024,
681,52.0,gf,2.320,mm,OK,--,6:29:11 PM,11/30/2024,
682,52.1,gf,2.325,mm,OK,--,6:29:11 PM,11/30/2024,
683,52.1,gf,2.330,mm,OK,--,6:29:11 PM,11/30/2024,
684,52.1,gf,2.335,mm,OK,--,6:29:11 PM,11/30/2024,
685,52.1,gf,2.340,mm,OK,--,6:29:11 PM,11/30/2024,
686,52.2,gf,2.340,mm,OK,--,6:29:11 PM,11/30/2024,
687,52.2,gf,2.350,mm,OK,--,6:29:11 PM,11/30/2024,
688,52.2,gf,2.355,mm,OK,--,6:29:11 PM,11/30/2024,
689,52.2,gf,2.360,mm,OK,--,6:29:12 PM,11/30/2024,
690,52.3,gf,2.360,mm,OK,--,6:29:12 PM,11/30/2024,
691,52.3,gf,2.365,mm,OK,--,6:29:12 PM,11/30/2024,
692,52.4,gf,2.370,mm,OK,--,6:29:12 PM,11/30/2024,
693,52.3,gf,2.375,mm,OK,--,6:29:12 PM,11/30/2024,
694,52.3,gf,2.380,mm,OK,--,6:29:12 PM,11/30/2024,
695,52.4,gf,2.385,mm,OK,--,6:29:12 PM,11/30/2024,
696,52.4,gf,2.390,mm,OK,--,6:29:12 PM,11/30/2024,
697,52.4,gf,2.400,mm,OK,--,6:29:12 PM,11/30/2024,
698,52.4,gf,2.405,mm,OK,--,6:29:12 PM,11/30/2024,
699,52.5,gf,2.410,mm,OK,--,6:29:13 PM,11/30/2024,
700,52.5,gf,2.415,mm,OK,--,6:29:13 PM,11/30/2024,
701,52.5,gf,2.420,mm,OK,--,6:29:13 PM,11/30/2024,
702,52.6,gf,2.425,mm,OK,--,6:29:13 PM,11/30/2024,
703,52.6,gf,2.430,mm,OK,--,6:29:13 PM,11/30/2024,
704,52.6,gf,2.440,mm,OK,--,6:29:13 PM,11/30/2024,
705,52.6,gf,2.445,mm,OK,--,6:29:13 PM,11/30/2024,
706,52.7,gf,2.445,mm,OK,--,6:29:13 PM,11/30/2024,
707,52.7,gf,2.450,mm,OK,--,6:29:13 PM,11/30/2024,
708,52.7,gf,2.455,mm,OK,--,6:29:13 PM,11/30/2024,
709,52.7,gf,2.460,mm,OK,--,6:29:14 PM,11/30/2024,
710,52.8,gf,2.465,mm,OK,--,6:29:14 PM,11/30/2024,
711,52.9,gf,2.470,mm,OK,--,6:29:14 PM,11/30/2024,
712,53.0,gf,2.475,mm,OK,--,6:29:14 PM,11/30/2024,
713,53.1,gf,2.480,mm,OK,--,6:29:14 PM,11/30/2024,
714,53.2,gf,2.485,mm,OK,--,6:29:14 PM,11/30/2024,
715,53.3,gf,2.490,mm,OK,--,6:29:14 PM,11/30/2024,
716,53.4,gf,2.500,mm,OK,--,6:29:14 PM,11/30/2024,
717,53.5,gf,2.505,mm,OK,--,6:29:14 PM,11/30/2024,
718,53.6,gf,2.510,mm,OK,--,6:29:14 PM,11/30/2024,
719,53.7,gf,2.515,mm,OK,--,6:29:15 PM,11/30/2024,
720,53.8,gf,2.520,mm,OK,--,6:29:15 PM,11/30/2024,
721,53.8,gf,2.525,mm,OK,--,6:29:15 PM,11/30/2024,
722,53.9,gf,2.525,mm,OK,--,6:29:15 PM,11/30/2024,
723,53.9,gf,2.530,mm,OK,--,6:29:15 PM,11/30/2024,
724,53.9,gf,2.535,mm,OK,--,6:29:15 PM,11/30/2024,
725,54.0,gf,2.535,mm,OK,--,6:29:15 PM,11/30/2024,
726,54.0,gf,2.540,mm,OK,--,6:29:15 PM,11/30/2024,
727,54.0,gf,2.545,mm,OK,--,6:29:15 PM,11/30/2024,
728,54.0,gf,2.550,mm,OK,--,6:29:15 PM,11/30/2024,
729,54.0,gf,2.555,mm,OK,--,6:29:16 PM,11/30/2024,
730,54.1,gf,2.560,mm,OK,--,6:29:16 PM,11/30/2024,
731,54.1,gf,2.560,mm,OK,--,6:29:16 PM,11/30/2024,
732,54.1,gf,2.565,mm,OK,--,6:29:16 PM,11/30/2024,
733,54.1,gf,2.570,mm,OK,--,6:29:16 PM,11/30/2024,
734,54.1,gf,2.575,mm,OK,--,6:29:16 PM,11/30/2024,
735,54.1,gf,2.580,mm,OK,--,6:29:16 PM,11/30/2024,
736,54.1,gf,2.580,mm,OK,--,6:29:16 PM,11/30/2024,
737,54.1,gf,2.585,mm,OK,--,6:29:16 PM,11/30/2024,
738,54.2,gf,2.590,mm,OK,--,6:29:16 PM,11/30/2024,
739,54.2,gf,2.595,mm,OK,--,6:29:17 PM,11/30/2024,
740,54.2,gf,2.605,mm,OK,--,6:29:17 PM,11/30/2024,
741,54.2,gf,2.610,mm,OK,--,6:29:17 PM,11/30/2024,
742,54.2,gf,2.615,mm,OK,--,6:29:17 PM,11/30/2024,
743,54.3,gf,2.625,mm,OK,--,6:29:17 PM,11/30/2024,
744,54.3,gf,2.630,mm,OK,--,6:29:17 PM,11/30/2024,
745,54.3,gf,2.640,mm,OK,--,6:29:17 PM,11/30/2024,
746,54.4,gf,2.645,mm,OK,--,6:29:17 PM,11/30/2024,
747,54.4,gf,2.650,mm,OK,--,6:29:17 PM,11/30/2024,
748,54.4,gf,2.660,mm,OK,--,6:29:17 PM,11/30/2024,
749,54.5,gf,2.670,mm,OK,--,6:29:18 PM,11/30/2024,
750,54.4,gf,2.680,mm,OK,--,6:29:18 PM,11/30/2024,
751,54.6,gf,2.690,mm,OK,--,6:29:18 PM,11/30/2024,
752,54.6,gf,2.700,mm,OK,--,6:29:18 PM,11/30/2024,
753,54.6,gf,2.710,mm,OK,--,6:29:18 PM,11/30/2024,
754,54.6,gf,2.715,mm,OK,--,6:29:18 PM,11/30/2024,
755,54.7,gf,2.720,mm,OK,--,6:29:18 PM,11/30/2024,
756,54.7,gf,2.725,mm,OK,--,6:29:18 PM,11/30/2024,
757,54.7,gf,2.730,mm,OK,--,6:29:18 PM,11/30/2024,
758,54.8,gf,2.735,mm,OK,--,6:29:18 PM,11/30/2024,
759,54.7,gf,2.735,mm,OK,--,6:29:19 PM,11/30/2024,
760,54.8,gf,2.740,mm,OK,--,6:29:19 PM,11/30/2024,
761,54.8,gf,2.740,mm,OK,--,6:29:19 PM,11/30/2024,
762,54.9,gf,2.745,mm,OK,--,6:29:19 PM,11/30/2024,
763,54.8,gf,2.750,mm,OK,--,6:29:19 PM,11/30/2024,
764,54.8,gf,2.755,mm,OK,--,6:29:19 PM,11/30/2024,
765,54.9,gf,2.760,mm,OK,--,6:29:19 PM,11/30/2024,
766,54.9,gf,2.765,mm,OK,--,6:29:19 PM,11/30/2024,
767,54.9,gf,2.770,mm,OK,--,6:29:19 PM,11/30/2024,
768,54.9,gf,2.775,mm,OK,--,6:29:19 PM,11/30/2024,
769,55.0,gf,2.780,mm,OK,--,6:29:20 PM,11/30/2024,
770,55.0,gf,2.780,mm,OK,--,6:29:20 PM,11/30/2024,
771,55.0,gf,2.785,mm,OK,--,6:29:20 PM,11/30/2024,
772,55.0,gf,2.790,mm,OK,--,6:29:20 PM,11/30/2024,
773,55.0,gf,2.790,mm,OK,--,6:29:20 PM,11/30/2024,
774,55.0,gf,2.795,mm,OK,--,6:29:20 PM,11/30/2024,
775,55.0,gf,2.800,mm,OK,--,6:29:20 PM,11/30/2024,
776,55.0,gf,2.800,mm,OK,--,6:29:20 PM,11/30/2024,
777,55.0,gf,2.800,mm,OK,--,6:29:20 PM,11/30/2024,
778,55.0,gf,2.805,mm,OK,--,6:29:20 PM,11/30/2024,
779,55.0,gf,2.805,mm,OK,--,6:29:21 PM,11/30/2024,
780,55.0,gf,2.805,mm,OK,--,6:29:21 PM,11/30/2024,
781,55.0,gf,2.810,mm,OK,--,6:29:21 PM,11/30/2024,
782,55.0,gf,2.810,mm,OK,--,6:29:21 PM,11/30/2024,
783,55.1,gf,2.810,mm,OK,--,6:29:21 PM,11/30/2024,
784,55.1,gf,2.815,mm,OK,--,6:29:21 PM,11/30/2024,
785,55.1,gf,2.815,mm,OK,--,6:29:21 PM,11/30/2024,
786,55.1,gf,2.815,mm,OK,--,6:29:21 PM,11/30/2024,
787,55.1,gf,2.820,mm,OK,--,6:29:21 PM,11/30/2024,
788,55.1,gf,2.820,mm,OK,--,6:29:21 PM,11/30/2024,
789,55.1,gf,2.825,mm,OK,--,6:29:22 PM,11/30/2024,
790,55.1,gf,2.825,mm,OK,--,6:29:22 PM,11/30/2024,
791,55.1,gf,2.825,mm,OK,--,6:29:22 PM,11/30/2024,
792,55.1,gf,2.830,mm,OK,--,6:29:22 PM,11/30/2024,
793,55.1,gf,2.830,mm,OK,--,6:29:22 PM,11/30/2024,
794,55.1,gf,2.830,mm,OK,--,6:29:22 PM,11/30/2024,
795,55.1,gf,2.830,mm,OK,--,6:29:22 PM,11/30/2024,
796,55.1,gf,2.835,mm,OK,--,6:29:22 PM,11/30/2024,
797,55.1,gf,2.835,mm,OK,--,6:29:22 PM,11/30/2024,
798,55.1,gf,2.835,mm,OK,--,6:29:22 PM,11/30/2024,
799,55.2,gf,2.840,mm,OK,--,6:29:23 PM,11/30/2024,
800,55.3,gf,2.840,mm,OK,--,6:29:23 PM,11/30/2024,
801,55.3,gf,2.845,mm,OK,--,6:29:23 PM,11/30/2024,
802,55.3,gf,2.850,mm,OK,--,6:29:23 PM,11/30/2024,
803,55.3,gf,2.855,mm,OK,--,6:29:23 PM,11/30/2024,
804,55.3,gf,2.860,mm,OK,--,6:29:23 PM,11/30/2024,
805,55.3,gf,2.865,mm,OK,--,6:29:23 PM,11/30/2024,
806,55.3,gf,2.870,mm,OK,--,6:29:23 PM,11/30/2024,
807,55.3,gf,2.875,mm,OK,--,6:29:23 PM,11/30/2024,
808,55.3,gf,2.885,mm,OK,--,6:29:23 PM,11/30/2024,
809,55.3,gf,2.890,mm,OK,--,6:29:24 PM,11/30/2024,
810,55.4,gf,2.895,mm,OK,--,6:29:24 PM,11/30/2024,
811,55.5,gf,2.905,mm,OK,--,6:29:24 PM,11/30/2024,
812,55.4,gf,2.915,mm,OK,--,6:29:24 PM,11/30/2024,
813,55.5,gf,2.925,mm,OK,--,6:29:24 PM,11/30/2024,
814,55.6,gf,2.935,mm,OK,--,6:29:24 PM,11/30/2024,
815,55.6,gf,2.950,mm,OK,--,6:29:24 PM,11/30/2024,
816,55.7,gf,2.960,mm,OK,--,6:29:24 PM,11/30/2024,
817,55.8,gf,2.975,mm,OK,--,6:29:24 PM,11/30/2024,
818,55.8,gf,2.990,mm,OK,--,6:29:24 PM,11/30/2024,
819,55.9,gf,3.005,mm,OK,--,6:29:25 PM,11/30/2024,
820,56.0,gf,3.015,mm,OK,--,6:29:25 PM,11/30/2024,
821,56.0,gf,3.020,mm,OK,--,6:29:25 PM,11/30/2024,
822,56.1,gf,3.030,mm,OK,--,6:29:25 PM,11/30/2024,
823,56.1,gf,3.040,mm,OK,--,6:29:25 PM,11/30/2024,
824,56.1,gf,3.045,mm,OK,--,6:29:25 PM,11/30/2024,
825,56.2,gf,3.050,mm,OK,--,6:29:25 PM,11/30/2024,
826,56.2,gf,3.060,mm,OK,--,6:29:25 PM,11/30/2024,
827,56.3,gf,3.065,mm,OK,--,6:29:25 PM,11/30/2024,
828,56.3,gf,3.075,mm,OK,--,6:29:25 PM,11/30/2024,
829,56.3,gf,3.080,mm,OK,--,6:29:26 PM,11/30/2024,
830,56.3,gf,3.085,mm,OK,--,6:29:26 PM,11/30/2024,
831,56.4,gf,3.090,mm,OK,--,6:29:26 PM,11/30/2024,
832,56.4,gf,3.090,mm,OK,--,6:29:26 PM,11/30/2024,
833,56.4,gf,3.095,mm,OK,--,6:29:26 PM,11/30/2024,
834,56.4,gf,3.100,mm,OK,--,6:29:26 PM,11/30/2024,
835,56.4,gf,3.100,mm,OK,--,6:29:26 PM,11/30/2024,
836,56.4,gf,3.105,mm,OK,--,6:29:26 PM,11/30/2024,
837,56.5,gf,3.105,mm,OK,--,6:29:26 PM,11/30/2024,
838,56.5,gf,3.110,mm,OK,--,6:29:26 PM,11/30/2024,
839,56.5,gf,3.115,mm,OK,--,6:29:27 PM,11/30/2024,
840,56.5,gf,3.115,mm,OK,--,6:29:27 PM,11/30/2024,
841,56.5,gf,3.120,mm,OK,--,6:29:27 PM,11/30/2024,
842,56.5,gf,3.125,mm,OK,--,6:29:27 PM,11/30/2024,
843,56.5,gf,3.130,mm,OK,--,6:29:27 PM,11/30/2024,
844,56.6,gf,3.130,mm,OK,--,6:29:27 PM,11/30/2024,
845,56.6,gf,3.135,mm,OK,--,6:29:27 PM,11/30/2024,
846,56.6,gf,3.140,mm,OK,--,6:29:27 PM,11/30/2024,
847,56.6,gf,3.145,mm,OK,--,6:29:27 PM,11/30/2024,
848,56.7,gf,3.145,mm,OK,--,6:29:27 PM,11/30/2024,
849,56.7,gf,3.150,mm,OK,--,6:29:28 PM,11/30/2024,
850,56.7,gf,3.155,mm,OK,--,6:29:28 PM,11/30/2024,
851,56.7,gf,3.155,mm,OK,--,6:29:28 PM,11/30/2024,
852,56.7,gf,3.160,mm,OK,--,6:29:28 PM,11/30/2024,
853,56.7,gf,3.165,mm,OK,--,6:29:28 PM,11/30/2024,
854,56.7,gf,3.175,mm,OK,--,6:29:28 PM,11/30/2024,
855,56.7,gf,3.180,mm,OK,--,6:29:28 PM,11/30/2024,
856,56.7,gf,3.185,mm,OK,--,6:29:28 PM,11/30/2024,
857,56.7,gf,3.190,mm,OK,--,6:29:28 PM,11/30/2024,
858,56.8,gf,3.195,mm,OK,--,6:29:28 PM,11/30/2024,
859,56.8,gf,3.200,mm,OK,--,6:29:29 PM,11/30/2024,
860,56.8,gf,3.205,mm,OK,--,6:29:29 PM,11/30/2024,
861,56.8,gf,3.210,mm,OK,--,6:29:29 PM,11/30/2024,
862,56.8,gf,3.215,mm,OK,--,6:29:29 PM,11/30/2024,
863,56.9,gf,3.220,mm,OK,--,6:29:29 PM,11/30/2024,
864,56.9,gf,3.220,mm,OK,--,6:29:29 PM,11/30/2024,
865,56.9,gf,3.225,mm,OK,--,6:29:29 PM,11/30/2024,
866,56.9,gf,3.225,mm,OK,--,6:29:29 PM,11/30/2024,
867,56.9,gf,3.230,mm,OK,--,6:29:29 PM,11/30/2024,
868,57.0,gf,3.235,mm,OK,--,6:29:29 PM,11/30/2024,
869,57.0,gf,3.235,mm,OK,--,6:29:30 PM,11/30/2024,
870,57.0,gf,3.240,mm,OK,--,6:29:30 PM,11/30/2024,
871,57.0,gf,3.245,mm,OK,--,6:29:30 PM,11/30/2024,
872,57.0,gf,3.245,mm,OK,--,6:29:30 PM,11/30/2024,
873,57.0,gf,3.250,mm,OK,--,6:29:30 PM,11/30/2024,
874,57.0,gf,3.255,mm,OK,--,6:29:30 PM,11/30/2024,
875,57.1,gf,3.265,mm,OK,--,6:29:30 PM,11/30/2024,
876,57.1,gf,3.270,mm,OK,--,6:29:30 PM,11/30/2024,
877,57.1,gf,3.275,mm,OK,--,6:29:30 PM,11/30/2024,
878,57.1,gf,3.280,mm,OK,--,6:29:30 PM,11/30/2024,
879,57.3,gf,3.285,mm,OK,--,6:29:31 PM,11/30/2024,
880,57.3,gf,3.290,mm,OK,--,6:29:31 PM,11/30/2024,
881,57.3,gf,3.300,mm,OK,--,6:29:31 PM,11/30/2024,
882,57.3,gf,3.305,mm,OK,--,6:29:31 PM,11/30/2024,
883,57.3,gf,3.310,mm,OK,--,6:29:31 PM,11/30/2024,
884,57.3,gf,3.315,mm,OK,--,6:29:31 PM,11/30/2024,
885,57.3,gf,3.320,mm,OK,--,6:29:31 PM,11/30/2024,
886,57.4,gf,3.325,mm,OK,--,6:29:31 PM,11/30/2024,
887,57.4,gf,3.330,mm,OK,--,6:29:31 PM,11/30/2024,
888,57.5,gf,3.335,mm,OK,--,6:29:31 PM,11/30/2024,
889,57.5,gf,3.340,mm,OK,--,6:29:32 PM,11/30/2024,
890,57.5,gf,3.345,mm,OK,--,6:29:32 PM,11/30/2024,
891,57.5,gf,3.350,mm,OK,--,6:29:32 PM,11/30/2024,
892,57.5,gf,3.355,mm,OK,--,6:29:32 PM,11/30/2024,
893,57.6,gf,3.360,mm,OK,--,6:29:32 PM,11/30/2024,
894,57.6,gf,3.365,mm,OK,--,6:29:32 PM,11/30/2024,
895,57.6,gf,3.365,mm,OK,--,6:29:32 PM,11/30/2024,
896,57.6,gf,3.370,mm,OK,--,6:29:32 PM,11/30/2024,
897,57.7,gf,3.375,mm,OK,--,6:29:32 PM,11/30/2024,
898,57.7,gf,3.380,mm,OK,--,6:29:32 PM,11/30/2024,
899,57.7,gf,3.385,mm,OK,--,6:29:33 PM,11/30/2024,
900,57.7,gf,3.390,mm,OK,--,6:29:33 PM,11/30/2024,
901,57.8,gf,3.395,mm,OK,--,6:29:33 PM,11/30/2024,
902,57.8,gf,3.400,mm,OK,--,6:29:33 PM,11/30/2024,
903,57.8,gf,3.405,mm,OK,--,6:29:33 PM,11/30/2024,
904,57.9,gf,3.405,mm,OK,--,6:29:33 PM,11/30/2024,
905,57.9,gf,3.410,mm,OK,--,6:29:33 PM,11/30/2024,
906,58.0,gf,3.410,mm,OK,--,6:29:33 PM,11/30/2024,
907,58.0,gf,3.415,mm,OK,--,6:29:33 PM,11/30/2024,
908,58.0,gf,3.415,mm,OK,--,6:29:33 PM,11/30/2024,
909,58.0,gf,3.420,mm,OK,--,6:29:34 PM,11/30/2024,
910,58.0,gf,3.420,mm,OK,--,6:29:34 PM,11/30/2024,
911,58.0,gf,3.425,mm,OK,--,6:29:34 PM,11/30/2024,
912,58.0,gf,3.430,mm,OK,--,6:29:34 PM,11/30/2024,
913,58.0,gf,3.430,mm,OK,--,6:29:34 PM,11/30/2024,
914,58.0,gf,3.435,mm,OK,--,6:29:34 PM,11/30/2024,
915,58.0,gf,3.440,mm,OK,--,6:29:34 PM,11/30/2024,
916,58.0,gf,3.440,mm,OK,--,6:29:34 PM,11/30/2024,
917,58.1,gf,3.445,mm,OK,--,6:29:34 PM,11/30/2024,
918,58.1,gf,3.450,mm,OK,--,6:29:34 PM,11/30/2024,
919,58.1,gf,3.450,mm,OK,--,6:29:35 PM,11/30/2024,
920,58.1,gf,3.455,mm,OK,--,6:29:35 PM,11/30/2024,
921,58.1,gf,3.455,mm,OK,--,6:29:35 PM,11/30/2024,
922,58.1,gf,3.460,mm,OK,--,6:29:35 PM,11/30/2024,
923,58.1,gf,3.460,mm,OK,--,6:29:35 PM,11/30/2024,
924,58.2,gf,3.465,mm,OK,--,6:29:35 PM,11/30/2024,
925,58.2,gf,3.465,mm,OK,--,6:29:35 PM,11/30/2024,
926,58.2,gf,3.470,mm,OK,--,6:29:35 PM,11/30/2024,
927,58.2,gf,3.475,mm,OK,--,6:29:35 PM,11/30/2024,
928,58.2,gf,3.475,mm,OK,--,6:29:35 PM,11/30/2024,
929,58.2,gf,3.480,mm,OK,--,6:29:36 PM,11/30/2024,
930,58.2,gf,3.485,mm,OK,--,6:29:36 PM,11/30/2024,
931,58.2,gf,3.490,mm,OK,--,6:29:36 PM,11/30/2024,
932,58.3,gf,3.490,mm,OK,--,6:29:36 PM,11/30/2024,
933,58.3,gf,3.495,mm,OK,--,6:29:36 PM,11/30/2024,
934,58.3,gf,3.500,mm,OK,--,6:29:36 PM,11/30/2024,
935,58.4,gf,3.500,mm,OK,--,6:29:36 PM,11/30/2024,
936,58.4,gf,3.505,mm,OK,--,6:29:36 PM,11/30/2024,
937,58.4,gf,3.510,mm,OK,--,6:29:36 PM,11/30/2024,
938,58.4,gf,3.515,mm,OK,--,6:29:36 PM,11/30/2024,
939,58.4,gf,3.520,mm,OK,--,6:29:37 PM,11/30/2024,
940,58.5,gf,3.525,mm,OK,--,6:29:37 PM,11/30/2024,
941,58.5,gf,3.530,mm,OK,--,6:29:37 PM,11/30/2024,
942,58.6,gf,3.530,mm,OK,--,6:29:37 PM,11/30/2024,
943,58.6,gf,3.535,mm,OK,--,6:29:37 PM,11/30/2024,
944,58.6,gf,3.540,mm,OK,--,6:29:37 PM,11/30/2024,
945,58.6,gf,3.545,mm,OK,--,6:29:37 PM,11/30/2024,
946,58.6,gf,3.550,mm,OK,--,6:29:37 PM,11/30/2024,
947,58.6,gf,3.555,mm,OK,--,6:29:37 PM,11/30/2024,
948,58.7,gf,3.560,mm,OK,--,6:29:37 PM,11/30/2024,
949,58.8,gf,3.565,mm,OK,--,6:29:38 PM,11/30/2024,
950,58.7,gf,3.570,mm,OK,--,6:29:38 PM,11/30/2024,
951,58.7,gf,3.575,mm,OK,--,6:29:38 PM,11/30/2024,
952,58.7,gf,3.580,mm,OK,--,6:29:38 PM,11/30/2024,
953,58.8,gf,3.580,mm,OK,--,6:29:38 PM,11/30/2024,
954,58.9,gf,3.585,mm,OK,--,6:29:38 PM,11/30/2024,
955,58.9,gf,3.590,mm,OK,--,6:29:38 PM,11/30/2024,
956,58.8,gf,3.595,mm,OK,--,6:29:38 PM,11/30/2024,
957,58.8,gf,3.600,mm,OK,--,6:29:38 PM,11/30/2024,
958,58.8,gf,3.600,mm,OK,--,6:29:38 PM,11/30/2024,
959,58.8,gf,3.605,mm,OK,--,6:29:39 PM,11/30/2024,
960,58.9,gf,3.610,mm,OK,--,6:29:39 PM,11/30/2024,
961,58.9,gf,3.615,mm,OK,--,6:29:39 PM,11/30/2024,
962,59.0,gf,3.620,mm,OK,--,6:29:39 PM,11/30/2024,
963,58.9,gf,3.620,mm,OK,--,6:29:39 PM,11/30/2024,
964,59.0,gf,3.625,mm,OK,--,6:29:39 PM,11/30/2024,
965,59.0,gf,3.630,mm,OK,--,6:29:39 PM,11/30/2024,
966,59.0,gf,3.635,mm,OK,--,6:29:39 PM,11/30/2024,
967,59.0,gf,3.635,mm,OK,--,6:29:39 PM,11/30/2024,
968,59.0,gf,3.640,mm,OK,--,6:29:39 PM,11/30/2024,
969,59.0,gf,3.645,mm,OK,--,6:29:40 PM,11/30/2024,
970,59.0,gf,3.650,mm,OK,--,6:29:40 PM,11/30/2024,
971,59.0,gf,3.650,mm,OK,--,6:29:40 PM,11/30/2024,
972,59.0,gf,3.655,mm,OK,--,6:29:40 PM,11/30/2024,
973,59.0,gf,3.660,mm,OK,--,6:29:40 PM,11/30/2024,
974,59.1,gf,3.665,mm,OK,--,6:29:40 PM,11/30/2024,
975,59.1,gf,3.670,mm,OK,--,6:29:40 PM,11/30/2024,
976,59.1,gf,3.675,mm,OK,--,6:29:40 PM,11/30/2024,
977,59.1,gf,3.680,mm,OK,--,6:29:40 PM,11/30/2024,
978,59.1,gf,3.685,mm,OK,--,6:29:40 PM,11/30/2024,
979,59.2,gf,3.690,mm,OK,--,6:29:41 PM,11/30/2024,
980,59.2,gf,3.690,mm,OK,--,6:29:41 PM,11/30/2024,
981,59.2,gf,3.695,mm,OK,--,6:29:41 PM,11/30/2024,
982,59.2,gf,3.700,mm,OK,--,6:29:41 PM,11/30/2024,
983,59.5,gf,3.705,mm,OK,--,6:29:41 PM,11/30/2024,
984,61.4,gf,3.705,mm,OK,--,6:29:41 PM,11/30/2024,
985,63.9,gf,3.710,mm,OK,--,6:29:41 PM,11/30/2024,
986,66.6,gf,3.710,mm,OK,--,6:29:41 PM,11/30/2024,
987,68.8,gf,3.715,mm,OK,--,6:29:41 PM,11/30/2024,
988,71.3,gf,3.715,mm,OK,--,6:29:41 PM,11/30/2024,
989,73.7,gf,3.720,mm,OK,--,6:29:42 PM,11/30/2024,
990,75.3,gf,3.720,mm,OK,--,6:29:42 PM,11/30/2024,
991,76.7,gf,3.725,mm,OK,--,6:29:42 PM,11/30/2024,
992,78.3,gf,3.725,mm,OK,--,6:29:42 PM,11/30/2024,
993,80.1,gf,3.725,mm,OK,--,6:29:42 PM,11/30/2024,
994,81.9,gf,3.730,mm,OK,--,6:29:42 PM,11/30/2024,
995,83.7,gf,3.730,mm,OK,--,6:29:42 PM,11/30/2024,
996,85.5,gf,3.730,mm,OK,--,6:29:42 PM,11/30/2024,
997,87.3,gf,3.735,mm,OK,--,6:29:42 PM,11/30/2024,
998,89.1,gf,3.735,mm,OK,--,6:29:42 PM,11/30/2024,
999,91.0,gf,3.735,mm,OK,--,6:29:43 PM,11/30/2024,
1000,93.2,gf,3.740,mm,OK,--,6:29:43 PM,11/30/2024,
1001,95.3,gf,3.740,mm,OK,--,6:29:43 PM,11/30/2024,
1002,97.2,gf,3.740,mm,OK,--,6:29:43 PM,11/30/2024,
1003,99.1,gf,3.745,mm,OK,--,6:29:43 PM,11/30/2024,
1004,101.1,gf,3.745,mm,OK,--,6:29:43 PM,11/30/2024,
1005,102.8,gf,3.750,mm,OK,--,6:29:43 PM,11/30/2024,
1006,104.8,gf,3.750,mm,OK,--,6:29:43 PM,11/30/2024,
1007,106.7,gf,3.750,mm,OK,--,6:29:43 PM,11/30/2024,
1008,108.6,gf,3.755,mm,OK,--,6:29:43 PM,11/30/2024,
1009,110.7,gf,3.755,mm,OK,--,6:29:44 PM,11/30/2024,
1010,112.6,gf,3.760,mm,OK,--,6:29:44 PM,11/30/2024,
1011,114.3,gf,3.760,mm,OK,--,6:29:44 PM,11/30/2024,
1012,117.0,gf,3.760,mm,OK,--,6:29:44 PM,11/30/2024,
1013,119.6,gf,3.765,mm,OK,--,6:29:44 PM,11/30/2024,
1014,123.4,gf,3.770,mm,OK,--,6:29:44 PM,11/30/2024,
1015,127.1,gf,3.770,mm,OK,--,6:29:44 PM,11/30/2024,
1016,130.0,gf,3.775,mm,OK,--,6:29:44 PM,11/30/2024,
1017,133.2,gf,3.780,mm,OK,--,6:29:44 PM,11/30/2024,
1018,137.3,gf,3.780,mm,OK,--,6:29:44 PM,11/30/2024,
1019,141.0,gf,3.785,mm,OK,--,6:29:45 PM,11/30/2024,
1020,144.2,gf,3.790,mm,OK,--,6:29:45 PM,11/30/2024,
1021,147.4,gf,3.790,mm,OK,--,6:29:45 PM,11/30/2024,
1022,150.4,gf,3.795,mm,OK,--,6:29:45 PM,11/30/2024,
1023,153.0,gf,3.800,mm,OK,--,6:29:45 PM,11/30/2024,
1024,155.6,gf,3.800,mm,OK,--,6:29:45 PM,11/30/2024,
1025,158.9,gf,3.805,mm,OK,--,6:29:45 PM,11/30/2024,
1026,161.7,gf,3.805,mm,OK,--,6:29:45 PM,11/30/2024,
1027,164.0,gf,3.810,mm,OK,--,6:29:45 PM,11/30/2024,
1028,166.1,gf,3.810,mm,OK,--,6:29:45 PM,11/30/2024,
1029,168.1,gf,3.815,mm,OK,--,6:29:46 PM,11/30/2024,
1030,170.1,gf,3.815,mm,OK,--,6:29:46 PM,11/30/2024,
1031,171.9,gf,3.815,mm,OK,--,6:29:46 PM,11/30/2024,
1032,173.9,gf,3.820,mm,OK,--,6:29:46 PM,11/30/2024,
1033,175.4,gf,3.820,mm,OK,--,6:29:46 PM,11/30/2024,
1034,177.1,gf,3.820,mm,OK,--,6:29:46 PM,11/30/2024,
1035,179.8,gf,3.825,mm,OK,--,6:29:46 PM,11/30/2024,
1036,182.6,gf,3.825,mm,OK,--,6:29:46 PM,11/30/2024,
1037,184.9,gf,3.830,mm,OK,--,6:29:46 PM,11/30/2024,
1038,187.0,gf,3.830,mm,OK,--,6:29:46 PM,11/30/2024,
1039,188.8,gf,3.830,mm,OK,--,6:29:47 PM,11/30/2024,
1040,190.0,gf,3.835,mm,OK,--,6:29:47 PM,11/30/2024,
1041,190.8,gf,3.835,mm,OK,--,6:29:47 PM,11/30/2024,
1042,192.0,gf,3.835,mm,OK,--,6:29:47 PM,11/30/2024,
1043,193.2,gf,3.835,mm,OK,--,6:29:47 PM,11/30/2024,
1044,194.0,gf,3.835,mm,OK,--,6:29:47 PM,11/30/2024,
1045,194.3,gf,3.840,mm,OK,--,6:29:47 PM,11/30/2024,
1046,194.2,gf,3.840,mm,OK,--,6:29:47 PM,11/30/2024,
1047,194.2,gf,3.840,mm,OK,--,6:29:47 PM,11/30/2024,
1048,194.1,gf,3.840,mm,OK,--,6:29:47 PM,11/30/2024,
1049,194.0,gf,3.840,mm,OK,--,6:29:48 PM,11/30/2024,
1050,194.0,gf,3.840,mm,OK,--,6:29:48 PM,11/30/2024,
1051,193.9,gf,3.840,mm,OK,--,6:29:48 PM,11/30/2024,
1052,193.9,gf,3.840,mm,OK,--,6:29:48 PM,11/30/2024,
1053,193.9,gf,3.840,mm,OK,--,6:29:48 PM,11/30/2024,
1054,193.9,gf,3.840,mm,OK,--,6:29:48 PM,11/30/2024,
1055,193.9,gf,3.840,mm,OK,--,6:29:48 PM,11/30/2024,
1056,193.8,gf,3.840,mm,OK,--,6:29:48 PM,11/30/2024,
1057,193.8,gf,3.840,mm,OK,--,6:29:48 PM,11/30/2024,
1058,193.7,gf,3.840,mm,OK,--,6:29:48 PM,11/30/2024,
1059,193.6,gf,3.840,mm,OK,--,6:29:49 PM,11/30/2024,
1060,193.6,gf,3.840,mm,OK,--,6:29:49 PM,11/30/2024,
1061,193.6,gf,3.840,mm,OK,--,6:29:49 PM,11/30/2024,
1062,193.6,gf,3.840,mm,OK,--,6:29:49 PM,11/30/2024,
1063,193.5,gf,3.840,mm,OK,--,6:29:49 PM,11/30/2024,
1064,193.4,gf,3.840,mm,OK,--,6:29:49 PM,11/30/2024,
1065,193.2,gf,3.840,mm,OK,--,6:29:49 PM,11/30/2024,
1066,193.1,gf,3.840,mm,OK,--,6:29:49 PM,11/30/2024,
1067,193.0,gf,3.840,mm,OK,--,6:29:49 PM,11/30/2024,
1068,193.0,gf,3.840,mm,OK,--,6:29:49 PM,11/30/2024,
1069,192.8,gf,3.840,mm,OK,--,6:29:50 PM,11/30/2024,
1070,192.7,gf,3.840,mm,OK,--,6:29:50 PM,11/30/2024,
1071,192.5,gf,3.840,mm,OK,--,6:29:50 PM,11/30/2024,
1072,192.1,gf,3.840,mm,OK,--,6:29:50 PM,11/30/2024,
1073,191.2,gf,3.835,mm,OK,--,6:29:50 PM,11/30/2024,
1074,189.9,gf,3.835,mm,OK,--,6:29:50 PM,11/30/2024,
1075,188.7,gf,3.835,mm,OK,--,6:29:50 PM,11/30/2024,
1076,187.2,gf,3.835,mm,OK,--,6:29:50 PM,11/30/2024,
1077,186.0,gf,3.830,mm,OK,--,6:29:50 PM,11/30/2024,
1078,184.7,gf,3.830,mm,OK,--,6:29:50 PM,11/30/2024,
1079,183.5,gf,3.830,mm,OK,--,6:29:51 PM,11/30/2024,
1080,182.2,gf,3.830,mm,OK,--,6:29:51 PM,11/30/2024,
1081,181.3,gf,3.830,mm,OK,--,6:29:51 PM,11/30/2024,
1082,180.2,gf,3.825,mm,OK,--,6:29:51 PM,11/30/2024,
1083,179.0,gf,3.825,mm,OK,--,6:29:51 PM,11/30/2024,
1084,178.1,gf,3.825,mm,OK,--,6:29:51 PM,11/30/2024,
1085,177.0,gf,3.825,mm,OK,--,6:29:51 PM,11/30/2024,
1086,176.3,gf,3.825,mm,OK,--,6:29:51 PM,11/30/2024,
1087,176.1,gf,3.825,mm,OK,--,6:29:51 PM,11/30/2024,
1088,175.6,gf,3.825,mm,OK,--,6:29:51 PM,11/30/2024,
1089,175.0,gf,3.820,mm,OK,--,6:29:52 PM,11/30/2024,
1090,174.0,gf,3.820,mm,OK,--,6:29:52 PM,11/30/2024,
1091,173.0,gf,3.820,mm,OK,--,6:29:52 PM,11/30/2024,
1092,172.6,gf,3.820,mm,OK,--,6:29:52 PM,11/30/2024,
1093,172.2,gf,3.820,mm,OK,--,6:29:52 PM,11/30/2024,
1094,171.6,gf,3.820,mm,OK,--,6:29:52 PM,11/30/2024,
1095,171.2,gf,3.820,mm,OK,--,6:29:52 PM,11/30/2024,
1096,170.7,gf,3.820,mm,OK,--,6:29:52 PM,11/30/2024,
1097,170.3,gf,3.820,mm,OK,--,6:29:52 PM,11/30/2024,
1098,169.9,gf,3.820,mm,OK,--,6:29:52 PM,11/30/2024,
1099,169.6,gf,3.820,mm,OK,--,6:29:53 PM,11/30/2024,
1100,169.2,gf,3.815,mm,OK,--,6:29:53 PM,11/30/2024,
1101,168.8,gf,3.815,mm,OK,--,6:29:53 PM,11/30/2024,
1102,168.4,gf,3.815,mm,OK,--,6:29:53 PM,11/30/2024,
1103,167.9,gf,3.815,mm,OK,--,6:29:53 PM,11/30/2024,
1104,167.5,gf,3.815,mm,OK,--,6:29:53 PM,11/30/2024,
1105,166.7,gf,3.815,mm,OK,--,6:29:53 PM,11/30/2024,
1106,166.1,gf,3.815,mm,OK,--,6:29:53 PM,11/30/2024,
1107,165.3,gf,3.815,mm,OK,--,6:29:53 PM,11/30/2024,
1108,164.7,gf,3.815,mm,OK,--,6:29:53 PM,11/30/2024,
1109,164.3,gf,3.815,mm,OK,--,6:29:54 PM,11/30/2024,
1110,163.7,gf,3.810,mm,OK,--,6:29:54 PM,11/30/2024,
1111,162.8,gf,3.810,mm,OK,--,6:29:54 PM,11/30/2024,
1112,162.0,gf,3.810,mm,OK,--,6:29:54 PM,11/30/2024,
1113,161.0,gf,3.810,mm,OK,--,6:29:54 PM,11/30/2024,
1114,159.9,gf,3.810,mm,OK,--,6:29:54 PM,11/30/2024,
1115,158.4,gf,3.805,mm,OK,--,6:29:54 PM,11/30/2024,
1116,156.5,gf,3.805,mm,OK,--,6:29:54 PM,11/30/2024,
1117,154.0,gf,3.805,mm,OK,--,6:29:54 PM,11/30/2024,
1118,151.7,gf,3.800,mm,OK,--,6:29:54 PM,11/30/2024,
1119,149.4,gf,3.800,mm,OK,--,6:29:55 PM,11/30/2024,
1120,146.9,gf,3.795,mm,OK,--,6:29:55 PM,11/30/2024,
1121,143.9,gf,3.795,mm,OK,--,6:29:55 PM,11/30/2024,
1122,140.7,gf,3.790,mm,OK,--,6:29:55 PM,11/30/2024,
1123,137.0,gf,3.785,mm,OK,--,6:29:55 PM,11/30/2024,
1124,132.4,gf,3.780,mm,OK,--,6:29:55 PM,11/30/2024,
1125,128.2,gf,3.780,mm,OK,--,6:29:55 PM,11/30/2024,
1126,124.1,gf,3.775,mm,OK,--,6:29:55 PM,11/30/2024,
1127,119.6,gf,3.770,mm,OK,--,6:29:55 PM,11/30/2024,
1128,115.1,gf,3.765,mm,OK,--,6:29:55 PM,11/30/2024,
1129,110.9,gf,3.760,mm,OK,--,6:29:56 PM,11/30/2024,
1130,106.3,gf,3.755,mm,OK,--,6:29:56 PM,11/30/2024,
1131,101.7,gf,3.750,mm,OK,--,6:29:56 PM,11/30/2024,
1132,96.4,gf,3.745,mm,OK,--,6:29:56 PM,11/30/2024,
1133,92.8,gf,3.745,mm,OK,--,6:29:56 PM,11/30/2024,
1134,90.5,gf,3.740,mm,OK,--,6:29:56 PM,11/30/2024,
1135,88.3,gf,3.740,mm,OK,--,6:29:56 PM,11/30/2024,
1136,86.2,gf,3.735,mm,OK,--,6:29:56 PM,11/30/2024,
1137,84.5,gf,3.735,mm,OK,--,6:29:56 PM,11/30/2024,
1138,83.0,gf,3.735,mm,OK,--,6:29:56 PM,11/30/2024,
1139,81.6,gf,3.735,mm,OK,--,6:29:57 PM,11/30/2024,
1140,80.3,gf,3.730,mm,OK,--,6:29:57 PM,11/30/2024,
1141,79.0,gf,3.730,mm,OK,--,6:29:57 PM,11/30/2024,
1142,77.6,gf,3.730,mm,OK,--,6:29:57 PM,11/30/2024,
1143,76.3,gf,3.730,mm,OK,--,6:29:57 PM,11/30/2024,
1144,74.6,gf,3.725,mm,OK,--,6:29:57 PM,11/30/2024,
1145,73.1,gf,3.725,mm,OK,--,6:29:57 PM,11/30/2024,
1146,71.5,gf,3.725,mm,OK,--,6:29:57 PM,11/30/2024,
1147,70.2,gf,3.720,mm,OK,--,6:29:57 PM,11/30/2024,
1148,68.5,gf,3.720,mm,OK,--,6:29:57 PM,11/30/2024,
1149,66.9,gf,3.720,mm,OK,--,6:29:58 PM,11/30/2024,
1150,64.6,gf,3.715,mm,OK,--,6:29:58 PM,11/30/2024,
1151,62.4,gf,3.715,mm,OK,--,6:29:58 PM,11/30/2024,
1152,60.8,gf,3.710,mm,OK,--,6:29:58 PM,11/30/2024,
1153,58.3,gf,3.710,mm,OK,--,6:29:58 PM,11/30/2024,
1154,57.7,gf,3.705,mm,OK,--,6:29:58 PM,11/30/2024,
1155,57.7,gf,3.705,mm,OK,--,6:29:58 PM,11/30/2024,
1156,57.7,gf,3.700,mm,OK,--,6:29:58 PM,11/30/2024,
1157,57.7,gf,3.700,mm,OK,--,6:29:58 PM,11/30/2024,
1158,57.7,gf,3.695,mm,OK,--,6:29:58 PM,11/30/2024,
1159,57.7,gf,3.695,mm,OK,--,6:29:59 PM,11/30/2024,
1160,57.7,gf,3.690,mm,OK,--,6:29:59 PM,11/30/2024,
1161,57.7,gf,3.690,mm,OK,--,6:29:59 PM,11/30/2024,
1162,57.6,gf,3.685,mm,OK,--,6:29:59 PM,11/30/2024,
1163,57.5,gf,3.680,mm,OK,--,6:29:59 PM,11/30/2024,
1164,57.6,gf,3.675,mm,OK,--,6:29:59 PM,11/30/2024,
1165,57.5,gf,3.670,mm,OK,--,6:29:59 PM,11/30/2024,
1166,57.5,gf,3.665,mm,OK,--,6:29:59 PM,11/30/2024,
1167,57.5,gf,3.660,mm,OK,--,6:29:59 PM,11/30/2024,
1168,57.4,gf,3.655,mm,OK,--,6:29:59 PM,11/30/2024,
1169,57.3,gf,3.650,mm,OK,--,6:30:00 PM,11/30/2024,
1170,57.3,gf,3.645,mm,OK,--,6:30:00 PM,11/30/2024,
1171,57.3,gf,3.640,mm,OK,--,6:30:00 PM,11/30/2024,
1172,57.3,gf,3.635,mm,OK,--,6:30:00 PM,11/30/2024,
1173,57.2,gf,3.630,mm,OK,--,6:30:00 PM,11/30/2024,
1174,57.2,gf,3.625,mm,OK,--,6:30:00 PM,11/30/2024,
1175,57.3,gf,3.620,mm,OK,--,6:30:00 PM,11/30/2024,
1176,57.2,gf,3.615,mm,OK,--,6:30:00 PM,11/30/2024,
1177,57.2,gf,3.610,mm,OK,--,6:30:00 PM,11/30/2024,
1178,57.2,gf,3.605,mm,OK,--,6:30:00 PM,11/30/2024,
1179,57.2,gf,3.600,mm,OK,--,6:30:01 PM,11/30/2024,
1180,57.2,gf,3.595,mm,OK,--,6:30:01 PM,11/30/2024,
1181,57.1,gf,3.590,mm,OK,--,6:30:01 PM,11/30/2024,
1182,57.1,gf,3.585,mm,OK,--,6:30:01 PM,11/30/2024,
1183,57.1,gf,3.580,mm,OK,--,6:30:01 PM,11/30/2024,
1184,57.1,gf,3.575,mm,OK,--,6:30:01 PM,11/30/2024,
1185,57.1,gf,3.570,mm,OK,--,6:30:01 PM,11/30/2024,
1186,57.1,gf,3.565,mm,OK,--,6:30:01 PM,11/30/2024,
1187,57.0,gf,3.560,mm,OK,--,6:30:01 PM,11/30/2024,
1188,57.0,gf,3.555,mm,OK,--,6:30:01 PM,11/30/2024,
1189,57.0,gf,3.555,mm,OK,--,6:30:02 PM,11/30/2024,
1190,56.9,gf,3.550,mm,OK,--,6:30:02 PM,11/30/2024,
1191,56.9,gf,3.545,mm,OK,--,6:30:02 PM,11/30/2024,
1192,56.9,gf,3.535,mm,OK,--,6:30:02 PM,11/30/2024,
1193,56.9,gf,3.530,mm,OK,--,6:30:02 PM,11/30/2024,
1194,56.9,gf,3.525,mm,OK,--,6:30:02 PM,11/30/2024,
1195,56.9,gf,3.520,mm,OK,--,6:30:02 PM,11/30/2024,
1196,56.9,gf,3.515,mm,OK,--,6:30:02 PM,11/30/2024,
1197,56.9,gf,3.510,mm,OK,--,6:30:02 PM,11/30/2024,
1198,56.8,gf,3.505,mm,OK,--,6:30:02 PM,11/30/2024,
1199,56.8,gf,3.500,mm,OK,--,6:30:03 PM,11/30/2024,
1200,56.8,gf,3.495,mm,OK,--,6:30:03 PM,11/30/2024,
1201,56.7,gf,3.485,mm,OK,--,6:30:03 PM,11/30/2024,
1202,56.7,gf,3.480,mm,OK,--,6:30:03 PM,11/30/2024,
1203,56.7,gf,3.475,mm,OK,--,6:30:03 PM,11/30/2024,
1204,56.7,gf,3.475,mm,OK,--,6:30:03 PM,11/30/2024,
1205,56.6,gf,3.470,mm,OK,--,6:30:03 PM,11/30/2024,
1206,56.6,gf,3.465,mm,OK,--,6:30:03 PM,11/30/2024,
1207,56.6,gf,3.465,mm,OK,--,6:30:03 PM,11/30/2024,
1208,56.6,gf,3.460,mm,OK,--,6:30:03 PM,11/30/2024,
1209,56.6,gf,3.455,mm,OK,--,6:30:04 PM,11/30/2024,
1210,56.6,gf,3.450,mm,OK,--,6:30:04 PM,11/30/2024,
1211,56.6,gf,3.445,mm,OK,--,6:30:04 PM,11/30/2024,
1212,56.5,gf,3.445,mm,OK,--,6:30:04 PM,11/30/2024,
1213,56.5,gf,3.440,mm,OK,--,6:30:04 PM,11/30/2024,
1214,56.5,gf,3.435,mm,OK,--,6:30:04 PM,11/30/2024,
1215,56.5,gf,3.435,mm,OK,--,6:30:04 PM,11/30/2024,
1216,56.5,gf,3.430,mm,OK,--,6:30:04 PM,11/30/2024,
1217,56.5,gf,3.430,mm,OK,--,6:30:04 PM,11/30/2024,
1218,56.4,gf,3.425,mm,OK,--,6:30:04 PM,11/30/2024,
1219,56.4,gf,3.420,mm,OK,--,6:30:05 PM,11/30/2024,
1220,56.4,gf,3.420,mm,OK,--,6:30:05 PM,11/30/2024,
1221,56.4,gf,3.415,mm,OK,--,6:30:05 PM,11/30/2024,
1222,56.4,gf,3.410,mm,OK,--,6:30:05 PM,11/30/2024,
1223,56.4,gf,3.410,mm,OK,--,6:30:05 PM,11/30/2024,
1224,56.4,gf,3.405,mm,OK,--,6:30:05 PM,11/30/2024,
1225,56.3,gf,3.400,mm,OK,--,6:30:05 PM,11/30/2024,
1226,56.3,gf,3.395,mm,OK,--,6:30:05 PM,11/30/2024,
1227,56.3,gf,3.390,mm,OK,--,6:30:05 PM,11/30/2024,
1228,56.3,gf,3.385,mm,OK,--,6:30:05 PM,11/30/2024,
1229,56.3,gf,3.380,mm,OK,--,6:30:06 PM,11/30/2024,
1230,56.3,gf,3.370,mm,OK,--,6:30:06 PM,11/30/2024,
1231,56.3,gf,3.365,mm,OK,--,6:30:06 PM,11/30/2024,
1232,56.2,gf,3.360,mm,OK,--,6:30:06 PM,11/30/2024,
1233,56.2,gf,3.355,mm,OK,--,6:30:06 PM,11/30/2024,
1234,56.1,gf,3.345,mm,OK,--,6:30:06 PM,11/30/2024,
1235,56.1,gf,3.340,mm,OK,--,6:30:06 PM,11/30/2024,
1236,56.1,gf,3.335,mm,OK,--,6:30:06 PM,11/30/2024,
1237,56.1,gf,3.330,mm,OK,--,6:30:06 PM,11/30/2024,
1238,56.1,gf,3.320,mm,OK,--,6:30:06 PM,11/30/2024,
1239,56.0,gf,3.310,mm,OK,--,6:30:07 PM,11/30/2024,
1240,56.0,gf,3.305,mm,OK,--,6:30:07 PM,11/30/2024,
1241,55.9,gf,3.295,mm,OK,--,6:30:07 PM,11/30/2024,
1242,55.9,gf,3.290,mm,OK,--,6:30:07 PM,11/30/2024,
1243,55.9,gf,3.280,mm,OK,--,6:30:07 PM,11/30/2024,
1244,55.8,gf,3.275,mm,OK,--,6:30:07 PM,11/30/2024,
1245,55.8,gf,3.265,mm,OK,--,6:30:07 PM,11/30/2024,
1246,55.7,gf,3.260,mm,OK,--,6:30:07 PM,11/30/2024,
1247,55.7,gf,3.250,mm,OK,--,6:30:07 PM,11/30/2024,
1248,55.6,gf,3.245,mm,OK,--,6:30:07 PM,11/30/2024,
1249,55.6,gf,3.235,mm,OK,--,6:30:08 PM,11/30/2024,
1250,55.6,gf,3.225,mm,OK,--,6:30:08 PM,11/30/2024,
1251,55.6,gf,3.215,mm,OK,--,6:30:08 PM,11/30/2024,
1252,55.5,gf,3.205,mm,OK,--,6:30:08 PM,11/30/2024,
1253,55.5,gf,3.195,mm,OK,--,6:30:08 PM,11/30/2024,
1254,55.4,gf,3.185,mm,OK,--,6:30:08 PM,11/30/2024,
1255,55.4,gf,3.175,mm,OK,--,6:30:08 PM,11/30/2024,
1256,55.3,gf,3.165,mm,OK,--,6:30:08 PM,11/30/2024,
1257,55.3,gf,3.150,mm,OK,--,6:30:08 PM,11/30/2024,
1258,55.3,gf,3.140,mm,OK,--,6:30:08 PM,11/30/2024,
1259,55.2,gf,3.130,mm,OK,--,6:30:09 PM,11/30/2024,
1260,55.1,gf,3.120,mm,OK,--,6:30:09 PM,11/30/2024,
1261,55.0,gf,3.115,mm,OK,--,6:30:09 PM,11/30/2024,
1262,54.9,gf,3.105,mm,OK,--,6:30:09 PM,11/30/2024,
1263,55.0,gf,3.095,mm,OK,--,6:30:09 PM,11/30/2024,
1264,54.9,gf,3.085,mm,OK,--,6:30:09 PM,11/30/2024,
1265,54.8,gf,3.080,mm,OK,--,6:30:09 PM,11/30/2024,
1266,54.8,gf,3.070,mm,OK,--,6:30:09 PM,11/30/2024,
1267,54.8,gf,3.060,mm,OK,--,6:30:09 PM,11/30/2024,
1268,54.7,gf,3.050,mm,OK,--,6:30:09 PM,11/30/2024,
1269,54.6,gf,3.040,mm,OK,--,6:30:10 PM,11/30/2024,
1270,54.6,gf,3.030,mm,OK,--,6:30:10 PM,11/30/2024,
1271,54.6,gf,3.020,mm,OK,--,6:30:10 PM,11/30/2024,
1272,54.5,gf,3.010,mm,OK,--,6:30:10 PM,11/30/2024,
1273,54.5,gf,3.000,mm,OK,--,6:30:10 PM,11/30/2024,
1274,54.4,gf,2.995,mm,OK,--,6:30:10 PM,11/30/2024,
1275,54.4,gf,2.985,mm,OK,--,6:30:10 PM,11/30/2024,
1276,54.3,gf,2.975,mm,OK,--,6:30:10 PM,11/30/2024,
1277,54.3,gf,2.965,mm,OK,--,6:30:10 PM,11/30/2024,
1278,54.3,gf,2.960,mm,OK,--,6:30:10 PM,11/30/2024,
1279,54.2,gf,2.950,mm,OK,--,6:30:11 PM,11/30/2024,
1280,54.2,gf,2.940,mm,OK,--,6:30:11 PM,11/30/2024,
1281,54.2,gf,2.935,mm,OK,--,6:30:11 PM,11/30/2024,
1282,54.2,gf,2.930,mm,OK,--,6:30:11 PM,11/30/2024,
1283,54.1,gf,2.925,mm,OK,--,6:30:11 PM,11/30/2024,
1284,54.1,gf,2.920,mm,OK,--,6:30:11 PM,11/30/2024,
1285,54.1,gf,2.920,mm,OK,--,6:30:11 PM,11/30/2024,
1286,54.0,gf,2.915,mm,OK,--,6:30:11 PM,11/30/2024,
1287,54.0,gf,2.910,mm,OK,--,6:30:11 PM,11/30/2024,
1288,54.0,gf,2.905,mm,OK,--,6:30:11 PM,11/30/2024,
1289,54.0,gf,2.905,mm,OK,--,6:30:12 PM,11/30/2024,
1290,54.0,gf,2.900,mm,OK,--,6:30:12 PM,11/30/2024,
1291,54.0,gf,2.895,mm,OK,--,6:30:12 PM,11/30/2024,
1292,53.9,gf,2.895,mm,OK,--,6:30:12 PM,11/30/2024,
1293,53.9,gf,2.890,mm,OK,--,6:30:12 PM,11/30/2024,
1294,53.8,gf,2.885,mm,OK,--,6:30:12 PM,11/30/2024,
1295,53.9,gf,2.880,mm,OK,--,6:30:12 PM,11/30/2024,
1296,53.9,gf,2.875,mm,OK,--,6:30:12 PM,11/30/2024,
1297,53.9,gf,2.865,mm,OK,--,6:30:12 PM,11/30/2024,
1298,53.9,gf,2.855,mm,OK,--,6:30:12 PM,11/30/2024,
1299,53.8,gf,2.845,mm,OK,--,6:30:13 PM,11/30/2024,
1300,53.7,gf,2.840,mm,OK,--,6:30:13 PM,11/30/2024,
1301,53.7,gf,2.835,mm,OK,--,6:30:13 PM,11/30/2024,
1302,53.7,gf,2.825,mm,OK,--,6:30:13 PM,11/30/2024,
1303,53.7,gf,2.820,mm,OK,--,6:30:13 PM,11/30/2024,
1304,53.7,gf,2.810,mm,OK,--,6:30:13 PM,11/30/2024,
1305,53.6,gf,2.805,mm,OK,--,6:30:13 PM,11/30/2024,
1306,53.6,gf,2.795,mm,OK,--,6:30:13 PM,11/30/2024,
1307,53.6,gf,2.785,mm,OK,--,6:30:13 PM,11/30/2024,
1308,53.5,gf,2.775,mm,OK,--,6:30:13 PM,11/30/2024,
1309,53.5,gf,2.765,mm,OK,--,6:30:14 PM,11/30/2024,
1310,53.4,gf,2.760,mm,OK,--,6:30:14 PM,11/30/2024,
1311,53.4,gf,2.750,mm,OK,--,6:30:14 PM,11/30/2024,
1312,53.4,gf,2.740,mm,OK,--,6:30:14 PM,11/30/2024,
1313,53.4,gf,2.730,mm,OK,--,6:30:14 PM,11/30/2024,
1314,53.4,gf,2.725,mm,OK,--,6:30:14 PM,11/30/2024,
1315,53.3,gf,2.715,mm,OK,--,6:30:14 PM,11/30/2024,
1316,53.2,gf,2.710,mm,OK,--,6:30:14 PM,11/30/2024,
1317,53.2,gf,2.705,mm,OK,--,6:30:14 PM,11/30/2024,
1318,53.2,gf,2.700,mm,OK,--,6:30:14 PM,11/30/2024,
1319,53.1,gf,2.695,mm,OK,--,6:30:15 PM,11/30/2024,
1320,53.1,gf,2.690,mm,OK,--,6:30:15 PM,11/30/2024,
1321,53.1,gf,2.685,mm,OK,--,6:30:15 PM,11/30/2024,
1322,53.1,gf,2.680,mm,OK,--,6:30:15 PM,11/30/2024,
1323,53.0,gf,2.675,mm,OK,--,6:30:15 PM,11/30/2024,
1324,53.0,gf,2.670,mm,OK,--,6:30:15 PM,11/30/2024,
1325,53.1,gf,2.670,mm,OK,--,6:30:15 PM,11/30/2024,
1326,53.1,gf,2.665,mm,OK,--,6:30:15 PM,11/30/2024,
1327,53.0,gf,2.660,mm,OK,--,6:30:15 PM,11/30/2024,
1328,53.0,gf,2.655,mm,OK,--,6:30:15 PM,11/30/2024,
1329,53.0,gf,2.650,mm,OK,--,6:30:16 PM,11/30/2024,
1330,52.9,gf,2.645,mm,OK,--,6:30:16 PM,11/30/2024,
1331,52.9,gf,2.640,mm,OK,--,6:30:16 PM,11/30/2024,
1332,52.9,gf,2.635,mm,OK,--,6:30:16 PM,11/30/2024,
1333,52.9,gf,2.630,mm,OK,--,6:30:16 PM,11/30/2024,
1334,52.9,gf,2.625,mm,OK,--,6:30:16 PM,11/30/2024,
1335,52.9,gf,2.620,mm,OK,--,6:30:16 PM,11/30/2024,
1336,52.8,gf,2.615,mm,OK,--,6:30:16 PM,11/30/2024,
1337,52.8,gf,2.615,mm,OK,--,6:30:16 PM,11/30/2024,
1338,52.8,gf,2.610,mm,OK,--,6:30:16 PM,11/30/2024,
1339,52.8,gf,2.605,mm,OK,--,6:30:17 PM,11/30/2024,
1340,52.8,gf,2.595,mm,OK,--,6:30:17 PM,11/30/2024,
1341,52.7,gf,2.590,mm,OK,--,6:30:17 PM,11/30/2024,
1342,52.6,gf,2.585,mm,OK,--,6:30:17 PM,11/30/2024,
1343,52.6,gf,2.580,mm,OK,--,6:30:17 PM,11/30/2024,
1344,52.6,gf,2.575,mm,OK,--,6:30:17 PM,11/30/2024,
1345,52.6,gf,2.565,mm,OK,--,6:30:17 PM,11/30/2024,
1346,52.6,gf,2.565,mm,OK,--,6:30:17 PM,11/30/2024,
1347,52.6,gf,2.560,mm,OK,--,6:30:17 PM,11/30/2024,
1348,52.4,gf,2.555,mm,OK,--,6:30:17 PM,11/30/2024,
1349,52.4,gf,2.550,mm,OK,--,6:30:18 PM,11/30/2024,
1350,52.3,gf,2.545,mm,OK,--,6:30:18 PM,11/30/2024,
1351,52.3,gf,2.545,mm,OK,--,6:30:18 PM,11/30/2024,
1352,52.3,gf,2.540,mm,OK,--,6:30:18 PM,11/30/2024,
1353,52.2,gf,2.535,mm,OK,--,6:30:18 PM,11/30/2024,
1354,52.2,gf,2.535,mm,OK,--,6:30:18 PM,11/30/2024,
1355,52.1,gf,2.530,mm,OK,--,6:30:18 PM,11/30/2024,
1356,52.1,gf,2.530,mm,OK,--,6:30:18 PM,11/30/2024,
1357,52.1,gf,2.525,mm,OK,--,6:30:18 PM,11/30/2024,
1358,52.0,gf,2.525,mm,OK,--,6:30:18 PM,11/30/2024,
1359,52.0,gf,2.520,mm,OK,--,6:30:19 PM,11/30/2024,
1360,51.9,gf,2.520,mm,OK,--,6:30:19 PM,11/30/2024,
1361,51.9,gf,2.515,mm,OK,--,6:30:19 PM,11/30/2024,
1362,51.9,gf,2.515,mm,OK,--,6:30:19 PM,11/30/2024,
1363,51.8,gf,2.510,mm,OK,--,6:30:19 PM,11/30/2024,
1364,51.8,gf,2.510,mm,OK,--,6:30:19 PM,11/30/2024,
1365,51.7,gf,2.505,mm,OK,--,6:30:19 PM,11/30/2024,
1366,51.7,gf,2.500,mm,OK,--,6:30:19 PM,11/30/2024,
1367,51.6,gf,2.500,mm,OK,--,6:30:19 PM,11/30/2024,
1368,51.6,gf,2.495,mm,OK,--,6:30:19 PM,11/30/2024,
1369,51.6,gf,2.490,mm,OK,--,6:30:20 PM,11/30/2024,
1370,51.6,gf,2.490,mm,OK,--,6:30:20 PM,11/30/2024,
1371,51.5,gf,2.485,mm,OK,--,6:30:20 PM,11/30/2024,
1372,51.5,gf,2.485,mm,OK,--,6:30:20 PM,11/30/2024,
1373,51.5,gf,2.480,mm,OK,--,6:30:20 PM,11/30/2024,
1374,51.4,gf,2.480,mm,OK,--,6:30:20 PM,11/30/2024,
1375,51.4,gf,2.470,mm,OK,--,6:30:20 PM,11/30/2024,
1376,51.4,gf,2.465,mm,OK,--,6:30:20 PM,11/30/2024,
1377,51.3,gf,2.460,mm,OK,--,6:30:20 PM,11/30/2024,
1378,51.3,gf,2.455,mm,OK,--,6:30:20 PM,11/30/2024,
1379,51.3,gf,2.450,mm,OK,--,6:30:21 PM,11/30/2024,
1380,51.3,gf,2.445,mm,OK,--,6:30:21 PM,11/30/2024,
1381,51.3,gf,2.435,mm,OK,--,6:30:21 PM,11/30/2024,
1382,51.3,gf,2.425,mm,OK,--,6:30:21 PM,11/30/2024,
1383,51.3,gf,2.420,mm,OK,--,6:30:21 PM,11/30/2024,
1384,51.2,gf,2.415,mm,OK,--,6:30:21 PM,11/30/2024,
1385,51.1,gf,2.410,mm,OK,--,6:30:21 PM,11/30/2024,
1386,51.1,gf,2.405,mm,OK,--,6:30:21 PM,11/30/2024,
1387,51.1,gf,2.400,mm,OK,--,6:30:21 PM,11/30/2024,
1388,51.0,gf,2.390,mm,OK,--,6:30:21 PM,11/30/2024,
1389,51.0,gf,2.385,mm,OK,--,6:30:22 PM,11/30/2024,
1390,51.0,gf,2.375,mm,OK,--,6:30:22 PM,11/30/2024,
1391,50.9,gf,2.365,mm,OK,--,6:30:22 PM,11/30/2024,
1392,50.9,gf,2.355,mm,OK,--,6:30:22 PM,11/30/2024,
1393,50.8,gf,2.345,mm,OK,--,6:30:22 PM,11/30/2024,
1394,50.8,gf,2.335,mm,OK,--,6:30:22 PM,11/30/2024,
1395,50.8,gf,2.330,mm,OK,--,6:30:22 PM,11/30/2024,
1396,50.7,gf,2.325,mm,OK,--,6:30:22 PM,11/30/2024,
1397,50.7,gf,2.315,mm,OK,--,6:30:22 PM,11/30/2024,
1398,50.7,gf,2.310,mm,OK,--,6:30:22 PM,11/30/2024,
1399,50.6,gf,2.305,mm,OK,--,6:30:23 PM,11/30/2024,
1400,50.6,gf,2.305,mm,OK,--,6:30:23 PM,11/30/2024,
1401,50.6,gf,2.300,mm,OK,--,6:30:23 PM,11/30/2024,
1402,50.5,gf,2.295,mm,OK,--,6:30:23 PM,11/30/2024,
1403,50.5,gf,2.295,mm,OK,--,6:30:23 PM,11/30/2024,
1404,50.4,gf,2.285,mm,OK,--,6:30:23 PM,11/30/2024,
1405,50.4,gf,2.285,mm,OK,--,6:30:23 PM,11/30/2024,
1406,50.4,gf,2.280,mm,OK,--,6:30:23 PM,11/30/2024,
1407,50.2,gf,2.275,mm,OK,--,6:30:23 PM,11/30/2024,
1408,50.2,gf,2.270,mm,OK,--,6:30:23 PM,11/30/2024,
1409,50.1,gf,2.265,mm,OK,--,6:30:24 PM,11/30/2024,
1410,50.0,gf,2.265,mm,OK,--,6:30:24 PM,11/30/2024,
1411,49.9,gf,2.260,mm,OK,--,6:30:24 PM,11/30/2024,
1412,49.8,gf,2.255,mm,OK,--,6:30:24 PM,11/30/2024,
1413,49.8,gf,2.250,mm,OK,--,6:30:24 PM,11/30/2024,
1414,49.7,gf,2.240,mm,OK,--,6:30:24 PM,11/30/2024,
1415,49.7,gf,2.235,mm,OK,--,6:30:24 PM,11/30/2024,
1416,49.6,gf,2.230,mm,OK,--,6:30:24 PM,11/30/2024,
1417,49.5,gf,2.225,mm,OK,--,6:30:24 PM,11/30/2024,
1418,49.5,gf,2.220,mm,OK,--,6:30:24 PM,11/30/2024,
1419,49.5,gf,2.215,mm,OK,--,6:30:25 PM,11/30/2024,
1420,49.5,gf,2.205,mm,OK,--,6:30:25 PM,11/30/2024,
1421,49.5,gf,2.200,mm,OK,--,6:30:25 PM,11/30/2024,
1422,49.5,gf,2.190,mm,OK,--,6:30:25 PM,11/30/2024,
1423,49.4,gf,2.185,mm,OK,--,6:30:25 PM,11/30/2024,
1424,49.4,gf,2.175,mm,OK,--,6:30:25 PM,11/30/2024,
1425,49.3,gf,2.170,mm,OK,--,6:30:25 PM,11/30/2024,
1426,49.3,gf,2.160,mm,OK,--,6:30:25 PM,11/30/2024,
1427,49.3,gf,2.155,mm,OK,--,6:30:25 PM,11/30/2024,
1428,49.2,gf,2.150,mm,OK,--,6:30:25 PM,11/30/2024,
1429,49.1,gf,2.145,mm,OK,--,6:30:26 PM,11/30/2024,
1430,49.1,gf,2.135,mm,OK,--,6:30:26 PM,11/30/2024,
1431,49.0,gf,2.125,mm,OK,--,6:30:26 PM,11/30/2024,
1432,49.0,gf,2.120,mm,OK,--,6:30:26 PM,11/30/2024,
1433,49.0,gf,2.110,mm,OK,--,6:30:26 PM,11/30/2024,
1434,48.9,gf,2.105,mm,OK,--,6:30:26 PM,11/30/2024,
1435,48.9,gf,2.100,mm,OK,--,6:30:26 PM,11/30/2024,
1436,48.9,gf,2.090,mm,OK,--,6:30:26 PM,11/30/2024,
1437,48.9,gf,2.085,mm,OK,--,6:30:26 PM,11/30/2024,
1438,48.8,gf,2.080,mm,OK,--,6:30:26 PM,11/30/2024,
1439,48.7,gf,2.075,mm,OK,--,6:30:27 PM,11/30/2024,
1440,48.6,gf,2.065,mm,OK,--,6:30:27 PM,11/30/2024,
1441,48.4,gf,2.060,mm,OK,--,6:30:27 PM,11/30/2024,
1442,48.3,gf,2.055,mm,OK,--,6:30:27 PM,11/30/2024,
1443,48.2,gf,2.050,mm,OK,--,6:30:27 PM,11/30/2024,
1444,48.2,gf,2.045,mm,OK,--,6:30:27 PM,11/30/2024,
1445,48.2,gf,2.040,mm,OK,--,6:30:27 PM,11/30/2024,
1446,48.2,gf,2.040,mm,OK,--,6:30:27 PM,11/30/2024,
1447,48.1,gf,2.035,mm,OK,--,6:30:27 PM,11/30/2024,
1448,48.1,gf,2.030,mm,OK,--,6:30:27 PM,11/30/2024,
1449,48.1,gf,2.025,mm,OK,--,6:30:28 PM,11/30/2024,
1450,48.1,gf,2.020,mm,OK,--,6:30:28 PM,11/30/2024,
1451,48.0,gf,2.020,mm,OK,--,6:30:28 PM,11/30/2024,
1452,48.0,gf,2.015,mm,OK,--,6:30:28 PM,11/30/2024,
1453,48.0,gf,2.015,mm,OK,--,6:30:28 PM,11/30/2024,
1454,47.9,gf,2.010,mm,OK,--,6:30:28 PM,11/30/2024,
1455,47.9,gf,2.005,mm,OK,--,6:30:28 PM,11/30/2024,
1456,47.9,gf,2.005,mm,OK,--,6:30:28 PM,11/30/2024,
1457,47.9,gf,2.000,mm,OK,--,6:30:28 PM,11/30/2024,
1458,47.9,gf,1.995,mm,OK,--,6:30:28 PM,11/30/2024,
1459,47.9,gf,1.990,mm,OK,--,6:30:29 PM,11/30/2024,
1460,47.9,gf,1.990,mm,OK,--,6:30:29 PM,11/30/2024,
1461,47.8,gf,1.985,mm,OK,--,6:30:29 PM,11/30/2024,
1462,47.8,gf,1.985,mm,OK,--,6:30:29 PM,11/30/2024,
1463,47.7,gf,1.980,mm,OK,--,6:30:29 PM,11/30/2024,
1464,47.7,gf,1.975,mm,OK,--,6:30:29 PM,11/30/2024,
1465,47.7,gf,1.970,mm,OK,--,6:30:29 PM,11/30/2024,
1466,47.7,gf,1.965,mm,OK,--,6:30:29 PM,11/30/2024,
1467,47.7,gf,1.960,mm,OK,--,6:30:29 PM,11/30/2024,
1468,47.5,gf,1.955,mm,OK,--,6:30:29 PM,11/30/2024,
1469,47.5,gf,1.950,mm,OK,--,6:30:30 PM,11/30/2024,
1470,47.5,gf,1.945,mm,OK,--,6:30:30 PM,11/30/2024,
1471,47.5,gf,1.940,mm,OK,--,6:30:30 PM,11/30/2024,
1472,47.5,gf,1.930,mm,OK,--,6:30:30 PM,11/30/2024,
1473,47.4,gf,1.925,mm,OK,--,6:30:30 PM,11/30/2024,
1474,47.5,gf,1.915,mm,OK,--,6:30:30 PM,11/30/2024,
1475,47.5,gf,1.910,mm,OK,--,6:30:30 PM,11/30/2024,
1476,47.3,gf,1.900,mm,OK,--,6:30:30 PM,11/30/2024,
1477,47.3,gf,1.890,mm,OK,--,6:30:30 PM,11/30/2024,
1478,47.2,gf,1.875,mm,OK,--,6:30:30 PM,11/30/2024,
1479,47.3,gf,1.870,mm,OK,--,6:30:31 PM,11/30/2024,
1480,47.2,gf,1.865,mm,OK,--,6:30:31 PM,11/30/2024,
1481,47.1,gf,1.855,mm,OK,--,6:30:31 PM,11/30/2024,
1482,47.1,gf,1.850,mm,OK,--,6:30:31 PM,11/30/2024,
1483,47.1,gf,1.840,mm,OK,--,6:30:31 PM,11/30/2024,
1484,47.2,gf,1.835,mm,OK,--,6:30:31 PM,11/30/2024,
1485,47.1,gf,1.835,mm,OK,--,6:30:31 PM,11/30/2024,
1486,47.2,gf,1.835,mm,OK,--,6:30:31 PM,11/30/2024,
1487,47.2,gf,1.830,mm,OK,--,6:30:31 PM,11/30/2024,
1488,47.2,gf,1.830,mm,OK,--,6:30:31 PM,11/30/2024,
1489,47.2,gf,1.830,mm,OK,--,6:30:32 PM,11/30/2024,
1490,47.1,gf,1.830,mm,OK,--,6:30:32 PM,11/30/2024,
1491,47.0,gf,1.830,mm,OK,--,6:30:32 PM,11/30/2024,
1492,47.0,gf,1.825,mm,OK,--,6:30:32 PM,11/30/2024,
1493,47.0,gf,1.825,mm,OK,--,6:30:32 PM,11/30/2024,
1494,46.9,gf,1.825,mm,OK,--,6:30:32 PM,11/30/2024,
1495,46.9,gf,1.820,mm,OK,--,6:30:32 PM,11/30/2024,
1496,46.9,gf,1.815,mm,OK,--,6:30:32 PM,11/30/2024,
1497,46.9,gf,1.815,mm,OK,--,6:30:32 PM,11/30/2024,
1498,46.9,gf,1.810,mm,OK,--,6:30:32 PM,11/30/2024,
1499,46.8,gf,1.805,mm,OK,--,6:30:33 PM,11/30/2024,
1500,46.8,gf,1.795,mm,OK,--,6:30:33 PM,11/30/2024,
1501,46.8,gf,1.790,mm,OK,--,6:30:33 PM,11/30/2024,
1502,46.7,gf,1.780,mm,OK,--,6:30:33 PM,11/30/2024,
1503,46.7,gf,1.775,mm,OK,--,6:30:33 PM,11/30/2024,
1504,46.7,gf,1.765,mm,OK,--,6:30:33 PM,11/30/2024,
1505,46.6,gf,1.760,mm,OK,--,6:30:33 PM,11/30/2024,
1506,46.6,gf,1.750,mm,OK,--,6:30:33 PM,11/30/2024,
1507,46.5,gf,1.740,mm,OK,--,6:30:33 PM,11/30/2024,
1508,46.5,gf,1.735,mm,OK,--,6:30:33 PM,11/30/2024,
1509,46.5,gf,1.725,mm,OK,--,6:30:34 PM,11/30/2024,
1510,46.4,gf,1.720,mm,OK,--,6:30:34 PM,11/30/2024,
1511,46.4,gf,1.710,mm,OK,--,6:30:34 PM,11/30/2024,
1512,46.3,gf,1.700,mm,OK,--,6:30:34 PM,11/30/2024,
1513,46.2,gf,1.690,mm,OK,--,6:30:34 PM,11/30/2024,
1514,46.1,gf,1.680,mm,OK,--,6:30:34 PM,11/30/2024,
1515,46.1,gf,1.670,mm,OK,--,6:30:34 PM,11/30/2024,
1516,46.1,gf,1.655,mm,OK,--,6:30:34 PM,11/30/2024,
1517,45.9,gf,1.650,mm,OK,--,6:30:34 PM,11/30/2024,
1518,45.9,gf,1.640,mm,OK,--,6:30:34 PM,11/30/2024,
1519,45.9,gf,1.630,mm,OK,--,6:30:35 PM,11/30/2024,
1520,45.9,gf,1.625,mm,OK,--,6:30:35 PM,11/30/2024,
1521,45.9,gf,1.620,mm,OK,--,6:30:35 PM,11/30/2024,
1522,45.9,gf,1.620,mm,OK,--,6:30:35 PM,11/30/2024,
1523,45.9,gf,1.615,mm,OK,--,6:30:35 PM,11/30/2024,
1524,45.9,gf,1.615,mm,OK,--,6:30:35 PM,11/30/2024,
1525,45.8,gf,1.615,mm,OK,--,6:30:35 PM,11/30/2024,
1526,45.8,gf,1.610,mm,OK,--,6:30:35 PM,11/30/2024,
1527,45.7,gf,1.610,mm,OK,--,6:30:35 PM,11/30/2024,
1528,45.7,gf,1.605,mm,OK,--,6:30:35 PM,11/30/2024,
1529,45.7,gf,1.605,mm,OK,--,6:30:36 PM,11/30/2024,
1530,45.7,gf,1.605,mm,OK,--,6:30:36 PM,11/30/2024,
1531,45.7,gf,1.600,mm,OK,--,6:30:36 PM,11/30/2024,
1532,45.6,gf,1.600,mm,OK,--,6:30:36 PM,11/30/2024,
1533,45.5,gf,1.595,mm,OK,--,6:30:36 PM,11/30/2024,
1534,45.6,gf,1.590,mm,OK,--,6:30:36 PM,11/30/2024,
1535,45.6,gf,1.590,mm,OK,--,6:30:36 PM,11/30/2024,
1536,45.6,gf,1.585,mm,OK,--,6:30:36 PM,11/30/2024,
1537,45.6,gf,1.585,mm,OK,--,6:30:36 PM,11/30/2024,
1538,45.6,gf,1.585,mm,OK,--,6:30:36 PM,11/30/2024,
1539,45.5,gf,1.580,mm,OK,--,6:30:37 PM,11/30/2024,
1540,45.5,gf,1.575,mm,OK,--,6:30:37 PM,11/30/2024,
1541,45.5,gf,1.570,mm,OK,--,6:30:37 PM,11/30/2024,
1542,45.5,gf,1.565,mm,OK,--,6:30:37 PM,11/30/2024,
1543,45.4,gf,1.565,mm,OK,--,6:30:37 PM,11/30/2024,
1544,45.4,gf,1.560,mm,OK,--,6:30:37 PM,11/30/2024,
1545,45.4,gf,1.560,mm,OK,--,6:30:37 PM,11/30/2024,
1546,45.4,gf,1.555,mm,OK,--,6:30:37 PM,11/30/2024,
1547,45.4,gf,1.550,mm,OK,--,6:30:37 PM,11/30/2024,
1548,45.3,gf,1.545,mm,OK,--,6:30:37 PM,11/30/2024,
1549,45.3,gf,1.540,mm,OK,--,6:30:38 PM,11/30/2024,
1550,45.3,gf,1.535,mm,OK,--,6:30:38 PM,11/30/2024,
1551,45.3,gf,1.525,mm,OK,--,6:30:38 PM,11/30/2024,
1552,45.3,gf,1.520,mm,OK,--,6:30:38 PM,11/30/2024,
1553,45.3,gf,1.515,mm,OK,--,6:30:38 PM,11/30/2024,
1554,45.2,gf,1.510,mm,OK,--,6:30:38 PM,11/30/2024,
1555,45.2,gf,1.505,mm,OK,--,6:30:38 PM,11/30/2024,
1556,45.2,gf,1.495,mm,OK,--,6:30:38 PM,11/30/2024,
1557,45.1,gf,1.490,mm,OK,--,6:30:38 PM,11/30/2024,
1558,45.0,gf,1.485,mm,OK,--,6:30:38 PM,11/30/2024,
1559,45.1,gf,1.475,mm,OK,--,6:30:39 PM,11/30/2024,
1560,45.1,gf,1.470,mm,OK,--,6:30:39 PM,11/30/2024,
1561,45.0,gf,1.465,mm,OK,--,6:30:39 PM,11/30/2024,
1562,44.9,gf,1.460,mm,OK,--,6:30:39 PM,11/30/2024,
1563,44.9,gf,1.450,mm,OK,--,6:30:39 PM,11/30/2024,
1564,44.8,gf,1.440,mm,OK,--,6:30:39 PM,11/30/2024,
1565,44.8,gf,1.430,mm,OK,--,6:30:39 PM,11/30/2024,
1566,44.7,gf,1.420,mm,OK,--,6:30:39 PM,11/30/2024,
1567,44.7,gf,1.415,mm,OK,--,6:30:39 PM,11/30/2024,
1568,44.5,gf,1.405,mm,OK,--,6:30:39 PM,11/30/2024,
1569,44.4,gf,1.390,mm,OK,--,6:30:40 PM,11/30/2024,
1570,44.4,gf,1.380,mm,OK,--,6:30:40 PM,11/30/2024,
1571,44.4,gf,1.365,mm,OK,--,6:30:40 PM,11/30/2024,
1572,44.3,gf,1.360,mm,OK,--,6:30:40 PM,11/30/2024,
1573,44.3,gf,1.350,mm,OK,--,6:30:40 PM,11/30/2024,
1574,44.2,gf,1.345,mm,OK,--,6:30:40 PM,11/30/2024,
1575,44.1,gf,1.335,mm,OK,--,6:30:40 PM,11/30/2024,
1576,44.1,gf,1.325,mm,OK,--,6:30:40 PM,11/30/2024,
1577,44.1,gf,1.315,mm,OK,--,6:30:40 PM,11/30/2024,
1578,44.0,gf,1.310,mm,OK,--,6:30:40 PM,11/30/2024,
1579,44.0,gf,1.300,mm,OK,--,6:30:41 PM,11/30/2024,
1580,44.0,gf,1.295,mm,OK,--,6:30:41 PM,11/30/2024,
1581,44.0,gf,1.290,mm,OK,--,6:30:41 PM,11/30/2024,
1582,43.9,gf,1.285,mm,OK,--,6:30:41 PM,11/30/2024,
1583,43.8,gf,1.275,mm,OK,--,6:30:41 PM,11/30/2024,
1584,43.9,gf,1.270,mm,OK,--,6:30:41 PM,11/30/2024,
1585,43.7,gf,1.260,mm,OK,--,6:30:41 PM,11/30/2024,
1586,43.7,gf,1.255,mm,OK,--,6:30:41 PM,11/30/2024,
1587,43.8,gf,1.250,mm,OK,--,6:30:41 PM,11/30/2024,
1588,43.7,gf,1.245,mm,OK,--,6:30:41 PM,11/30/2024,
1589,43.7,gf,1.240,mm,OK,--,6:30:42 PM,11/30/2024,
1590,43.7,gf,1.235,mm,OK,--,6:30:42 PM,11/30/2024,
1591,43.5,gf,1.230,mm,OK,--,6:30:42 PM,11/30/2024,
1592,43.5,gf,1.225,mm,OK,--,6:30:42 PM,11/30/2024,
1593,43.5,gf,1.220,mm,OK,--,6:30:42 PM,11/30/2024,
1594,43.5,gf,1.215,mm,OK,--,6:30:42 PM,11/30/2024,
1595,43.5,gf,1.210,mm,OK,--,6:30:42 PM,11/30/2024,
1596,43.5,gf,1.210,mm,OK,--,6:30:42 PM,11/30/2024,
1597,43.4,gf,1.205,mm,OK,--,6:30:42 PM,11/30/2024,
1598,43.4,gf,1.205,mm,OK,--,6:30:42 PM,11/30/2024,
1599,43.4,gf,1.200,mm,OK,--,6:30:43 PM,11/30/2024,
1600,43.3,gf,1.195,mm,OK,--,6:30:43 PM,11/30/2024,
1601,43.3,gf,1.190,mm,OK,--,6:30:43 PM,11/30/2024,
1602,43.3,gf,1.185,mm,OK,--,6:30:43 PM,11/30/2024,
1603,43.2,gf,1.185,mm,OK,--,6:30:43 PM,11/30/2024,
1604,43.2,gf,1.180,mm,OK,--,6:30:43 PM,11/30/2024,
1605,43.1,gf,1.175,mm,OK,--,6:30:43 PM,11/30/2024,
1606,43.2,gf,1.170,mm,OK,--,6:30:43 PM,11/30/2024,
1607,43.1,gf,1.165,mm,OK,--,6:30:43 PM,11/30/2024,
1608,43.1,gf,1.160,mm,OK,--,6:30:43 PM,11/30/2024,
1609,43.0,gf,1.150,mm,OK,--,6:30:44 PM,11/30/2024,
1610,43.0,gf,1.145,mm,OK,--,6:30:44 PM,11/30/2024,
1611,43.0,gf,1.140,mm,OK,--,6:30:44 PM,11/30/2024,
1612,42.9,gf,1.130,mm,OK,--,6:30:44 PM,11/30/2024,
1613,42.9,gf,1.125,mm,OK,--,6:30:44 PM,11/30/2024,
1614,42.8,gf,1.120,mm,OK,--,6:30:44 PM,11/30/2024,
1615,42.9,gf,1.115,mm,OK,--,6:30:44 PM,11/30/2024,
1616,42.8,gf,1.115,mm,OK,--,6:30:44 PM,11/30/2024,
1617,42.8,gf,1.110,mm,OK,--,6:30:44 PM,11/30/2024,
1618,42.7,gf,1.105,mm,OK,--,6:30:44 PM,11/30/2024,
1619,42.8,gf,1.100,mm,OK,--,6:30:45 PM,11/30/2024,
1620,42.7,gf,1.095,mm,OK,--,6:30:45 PM,11/30/2024,
1621,42.7,gf,1.090,mm,OK,--,6:30:45 PM,11/30/2024,
1622,42.7,gf,1.085,mm,OK,--,6:30:45 PM,11/30/2024,
1623,42.7,gf,1.080,mm,OK,--,6:30:45 PM,11/30/2024,
1624,42.7,gf,1.080,mm,OK,--,6:30:45 PM,11/30/2024,
1625,42.7,gf,1.075,mm,OK,--,6:30:45 PM,11/30/2024,
1626,42.6,gf,1.070,mm,OK,--,6:30:45 PM,11/30/2024,
1627,42.6,gf,1.065,mm,OK,--,6:30:45 PM,11/30/2024,
1628,42.6,gf,1.065,mm,OK,--,6:30:45 PM,11/30/2024,
1629,42.6,gf,1.060,mm,OK,--,6:30:46 PM,11/30/2024,
1630,42.6,gf,1.055,mm,OK,--,6:30:46 PM,11/30/2024,
1631,42.6,gf,1.050,mm,OK,--,6:30:46 PM,11/30/2024,
1632,42.6,gf,1.045,mm,OK,--,6:30:46 PM,11/30/2024,
1633,42.6,gf,1.045,mm,OK,--,6:30:46 PM,11/30/2024,
1634,42.6,gf,1.040,mm,OK,--,6:30:46 PM,11/30/2024,
1635,42.5,gf,1.040,mm,OK,--,6:30:46 PM,11/30/2024,
1636,42.4,gf,1.035,mm,OK,--,6:30:46 PM,11/30/2024,
1637,42.4,gf,1.030,mm,OK,--,6:30:46 PM,11/30/2024,
1638,42.4,gf,1.020,mm,OK,--,6:30:46 PM,11/30/2024,
1639,42.4,gf,1.015,mm,OK,--,6:30:47 PM,11/30/2024,
1640,42.4,gf,1.010,mm,OK,--,6:30:47 PM,11/30/2024,
1641,42.3,gf,1.005,mm,OK,--,6:30:47 PM,11/30/2024,
1642,42.3,gf,1.005,mm,OK,--,6:30:47 PM,11/30/2024,
1643,42.3,gf,1.000,mm,OK,--,6:30:47 PM,11/30/2024,
1644,42.3,gf,0.995,mm,OK,--,6:30:47 PM,11/30/2024,
1645,42.2,gf,0.990,mm,OK,--,6:30:47 PM,11/30/2024,
1646,42.2,gf,0.985,mm,OK,--,6:30:47 PM,11/30/2024,
1647,42.2,gf,0.980,mm,OK,--,6:30:47 PM,11/30/2024,
1648,42.2,gf,0.980,mm,OK,--,6:30:47 PM,11/30/2024,
1649,42.2,gf,0.975,mm,OK,--,6:30:48 PM,11/30/2024,
1650,42.1,gf,0.970,mm,OK,--,6:30:48 PM,11/30/2024,
1651,42.1,gf,0.965,mm,OK,--,6:30:48 PM,11/30/2024,
1652,42.1,gf,0.960,mm,OK,--,6:30:48 PM,11/30/2024,
1653,42.0,gf,0.955,mm,OK,--,6:30:48 PM,11/30/2024,
1654,41.9,gf,0.950,mm,OK,--,6:30:48 PM,11/30/2024,
1655,41.9,gf,0.945,mm,OK,--,6:30:48 PM,11/30/2024,
1656,42.0,gf,0.940,mm,OK,--,6:30:48 PM,11/30/2024,
1657,41.9,gf,0.935,mm,OK,--,6:30:48 PM,11/30/2024,
1658,41.9,gf,0.930,mm,OK,--,6:30:48 PM,11/30/2024,
1659,41.9,gf,0.925,mm,OK,--,6:30:49 PM,11/30/2024,
1660,41.9,gf,0.920,mm,OK,--,6:30:49 PM,11/30/2024,
1661,41.9,gf,0.915,mm,OK,--,6:30:49 PM,11/30/2024,
1662,41.9,gf,0.915,mm,OK,--,6:30:49 PM,11/30/2024,
1663,41.7,gf,0.910,mm,OK,--,6:30:49 PM,11/30/2024,
1664,41.7,gf,0.905,mm,OK,--,6:30:49 PM,11/30/2024,
1665,41.7,gf,0.895,mm,OK,--,6:30:49 PM,11/30/2024,
1666,41.7,gf,0.890,mm,OK,--,6:30:49 PM,11/30/2024,
1667,41.7,gf,0.885,mm,OK,--,6:30:49 PM,11/30/2024,
1668,41.6,gf,0.880,mm,OK,--,6:30:49 PM,11/30/2024,
1669,41.6,gf,0.875,mm,OK,--,6:30:50 PM,11/30/2024,
1670,41.6,gf,0.870,mm,OK,--,6:30:50 PM,11/30/2024,
1671,41.6,gf,0.870,mm,OK,--,6:30:50 PM,11/30/2024,
1672,41.6,gf,0.865,mm,OK,--,6:30:50 PM,11/30/2024,
1673,41.5,gf,0.860,mm,OK,--,6:30:50 PM,11/30/2024,
1674,41.5,gf,0.855,mm,OK,--,6:30:50 PM,11/30/2024,
1675,41.5,gf,0.855,mm,OK,--,6:30:50 PM,11/30/2024,
1676,41.5,gf,0.850,mm,OK,--,6:30:50 PM,11/30/2024,
1677,41.5,gf,0.845,mm,OK,--,6:30:50 PM,11/30/2024,
1678,41.5,gf,0.840,mm,OK,--,6:30:50 PM,11/30/2024,
1679,41.5,gf,0.840,mm,OK,--,6:30:51 PM,11/30/2024,
1680,41.5,gf,0.840,mm,OK,--,6:30:51 PM,11/30/2024,
1681,41.3,gf,0.835,mm,OK,--,6:30:51 PM,11/30/2024,
1682,41.3,gf,0.830,mm,OK,--,6:30:51 PM,11/30/2024,
1683,41.4,gf,0.825,mm,OK,--,6:30:51 PM,11/30/2024,
1684,41.4,gf,0.825,mm,OK,--,6:30:51 PM,11/30/2024,
1685,41.3,gf,0.820,mm,OK,--,6:30:51 PM,11/30/2024,
1686,41.3,gf,0.820,mm,OK,--,6:30:51 PM,11/30/2024,
1687,41.3,gf,0.815,mm,OK,--,6:30:51 PM,11/30/2024,
1688,41.3,gf,0.815,mm,OK,--,6:30:51 PM,11/30/2024,
1689,41.3,gf,0.810,mm,OK,--,6:30:52 PM,11/30/2024,
1690,41.3,gf,0.810,mm,OK,--,6:30:52 PM,11/30/2024,
1691,41.3,gf,0.805,mm,OK,--,6:30:52 PM,11/30/2024,
1692,41.2,gf,0.805,mm,OK,--,6:30:52 PM,11/30/2024,
1693,41.2,gf,0.800,mm,OK,--,6:30:52 PM,11/30/2024,
1694,41.1,gf,0.795,mm,OK,--,6:30:52 PM,11/30/2024,
1695,41.2,gf,0.790,mm,OK,--,6:30:52 PM,11/30/2024,
1696,41.2,gf,0.785,mm,OK,--,6:30:52 PM,11/30/2024,
1697,41.1,gf,0.780,mm,OK,--,6:30:52 PM,11/30/2024,
1698,41.1,gf,0.780,mm,OK,--,6:30:52 PM,11/30/2024,
1699,41.1,gf,0.775,mm,OK,--,6:30:53 PM,11/30/2024,
1700,41.1,gf,0.765,mm,OK,--,6:30:53 PM,11/30/2024,
1701,41.0,gf,0.760,mm,OK,--,6:30:53 PM,11/30/2024,
1702,40.9,gf,0.755,mm,OK,--,6:30:53 PM,11/30/2024,
1703,41.0,gf,0.740,mm,OK,--,6:30:53 PM,11/30/2024,
1704,40.9,gf,0.725,mm,OK,--,6:30:53 PM,11/30/2024,
1705,41.0,gf,0.715,mm,OK,--,6:30:53 PM,11/30/2024,
1706,40.9,gf,0.710,mm,OK,--,6:30:53 PM,11/30/2024,
1707,40.9,gf,0.705,mm,OK,--,6:30:53 PM,11/30/2024,
1708,40.7,gf,0.700,mm,OK,--,6:30:53 PM,11/30/2024,
1709,40.7,gf,0.695,mm,OK,--,6:30:54 PM,11/30/2024,
1710,40.8,gf,0.685,mm,OK,--,6:30:54 PM,11/30/2024,
1711,40.7,gf,0.680,mm,OK,--,6:30:54 PM,11/30/2024,
1712,40.7,gf,0.680,mm,OK,--,6:30:54 PM,11/30/2024,
1713,40.7,gf,0.675,mm,OK,--,6:30:54 PM,11/30/2024,
1714,40.6,gf,0.670,mm,OK,--,6:30:54 PM,11/30/2024,
1715,40.6,gf,0.670,mm,OK,--,6:30:54 PM,11/30/2024,
1716,40.5,gf,0.660,mm,OK,--,6:30:54 PM,11/30/2024,
1717,40.5,gf,0.655,mm,OK,--,6:30:54 PM,11/30/2024,
1718,40.5,gf,0.650,mm,OK,--,6:30:54 PM,11/30/2024,
1719,40.6,gf,0.645,mm,OK,--,6:30:55 PM,11/30/2024,
1720,40.4,gf,0.640,mm,OK,--,6:30:55 PM,11/30/2024,
1721,40.4,gf,0.635,mm,OK,--,6:30:55 PM,11/30/2024,
1722,40.4,gf,0.630,mm,OK,--,6:30:55 PM,11/30/2024,
1723,40.4,gf,0.625,mm,OK,--,6:30:55 PM,11/30/2024,
1724,40.4,gf,0.620,mm,OK,--,6:30:55 PM,11/30/2024,
1725,40.3,gf,0.615,mm,OK,--,6:30:55 PM,11/30/2024,
1726,40.3,gf,0.610,mm,OK,--,6:30:55 PM,11/30/2024,
1727,40.2,gf,0.605,mm,OK,--,6:30:55 PM,11/30/2024,
1728,40.2,gf,0.595,mm,OK,--,6:30:55 PM,11/30/2024,
1729,40.2,gf,0.590,mm,OK,--,6:30:56 PM,11/30/2024,
1730,40.2,gf,0.585,mm,OK,--,6:30:56 PM,11/30/2024,
1731,40.1,gf,0.580,mm,OK,--,6:30:56 PM,11/30/2024,
1732,40.1,gf,0.575,mm,OK,--,6:30:56 PM,11/30/2024,
1733,40.0,gf,0.570,mm,OK,--,6:30:56 PM,11/30/2024,
1734,40.1,gf,0.565,mm,OK,--,6:30:56 PM,11/30/2024,
1735,40.0,gf,0.560,mm,OK,--,6:30:56 PM,11/30/2024,
1736,40.0,gf,0.555,mm,OK,--,6:30:56 PM,11/30/2024,
1737,40.0,gf,0.550,mm,OK,--,6:30:56 PM,11/30/2024,
1738,39.9,gf,0.545,mm,OK,--,6:30:56 PM,11/30/2024,
1739,39.9,gf,0.540,mm,OK,--,6:30:57 PM,11/30/2024,
1740,40.0,gf,0.540,mm,OK,--,6:30:57 PM,11/30/2024,
1741,39.9,gf,0.540,mm,OK,--,6:30:57 PM,11/30/2024,
1742,39.9,gf,0.535,mm,OK,--,6:30:57 PM,11/30/2024,
1743,39.9,gf,0.535,mm,OK,--,6:30:57 PM,11/30/2024,
1744,39.9,gf,0.535,mm,OK,--,6:30:57 PM,11/30/2024,
1745,39.8,gf,0.530,mm,OK,--,6:30:57 PM,11/30/2024,
1746,39.8,gf,0.530,mm,OK,--,6:30:57 PM,11/30/2024,
1747,39.8,gf,0.530,mm,OK,--,6:30:57 PM,11/30/2024,
1748,39.7,gf,0.525,mm,OK,--,6:30:57 PM,11/30/2024,
1749,39.7,gf,0.525,mm,OK,--,6:30:58 PM,11/30/2024,
1750,39.7,gf,0.520,mm,OK,--,6:30:58 PM,11/30/2024,
1751,39.7,gf,0.515,mm,OK,--,6:30:58 PM,11/30/2024,
1752,39.7,gf,0.515,mm,OK,--,6:30:58 PM,11/30/2024,
1753,39.7,gf,0.510,mm,OK,--,6:30:58 PM,11/30/2024,
1754,39.7,gf,0.505,mm,OK,--,6:30:58 PM,11/30/2024,
1755,39.7,gf,0.505,mm,OK,--,6:30:58 PM,11/30/2024,
1756,39.7,gf,0.500,mm,OK,--,6:30:58 PM,11/30/2024,
1757,39.7,gf,0.495,mm,OK,--,6:30:58 PM,11/30/2024,
1758,39.6,gf,0.495,mm,OK,--,6:30:58 PM,11/30/2024,
1759,39.6,gf,0.490,mm,OK,--,6:30:59 PM,11/30/2024,
1760,39.6,gf,0.485,mm,OK,--,6:30:59 PM,11/30/2024,
1761,39.6,gf,0.480,mm,OK,--,6:30:59 PM,11/30/2024,
1762,39.6,gf,0.475,mm,OK,--,6:30:59 PM,11/30/2024,
1763,39.6,gf,0.475,mm,OK,--,6:30:59 PM,11/30/2024,
1764,39.5,gf,0.470,mm,OK,--,6:30:59 PM,11/30/2024,
1765,39.4,gf,0.465,mm,OK,--,6:30:59 PM,11/30/2024,
1766,39.4,gf,0.460,mm,OK,--,6:30:59 PM,11/30/2024,
1767,39.4,gf,0.455,mm,OK,--,6:30:59 PM,11/30/2024,
1768,39.4,gf,0.450,mm,OK,--,6:30:59 PM,11/30/2024,
1769,39.5,gf,0.445,mm,OK,--,6:31:00 PM,11/30/2024,
1770,39.5,gf,0.445,mm,OK,--,6:31:00 PM,11/30/2024,
1771,39.5,gf,0.440,mm,OK,--,6:31:00 PM,11/30/2024,
1772,39.5,gf,0.440,mm,OK,--,6:31:00 PM,11/30/2024,
1773,39.5,gf,0.440,mm,OK,--,6:31:00 PM,11/30/2024,
1774,39.4,gf,0.435,mm,OK,--,6:31:00 PM,11/30/2024,
1775,39.4,gf,0.435,mm,OK,--,6:31:00 PM,11/30/2024,
1776,39.3,gf,0.435,mm,OK,--,6:31:00 PM,11/30/2024,
1777,39.3,gf,0.430,mm,OK,--,6:31:00 PM,11/30/2024,
1778,39.4,gf,0.430,mm,OK,--,6:31:00 PM,11/30/2024,
1779,39.4,gf,0.425,mm,OK,--,6:31:01 PM,11/30/2024,
1780,39.4,gf,0.425,mm,OK,--,6:31:01 PM,11/30/2024,
1781,39.3,gf,0.420,mm,OK,--,6:31:01 PM,11/30/2024,
1782,39.2,gf,0.415,mm,OK,--,6:31:01 PM,11/30/2024,
1783,39.2,gf,0.415,mm,OK,--,6:31:01 PM,11/30/2024,
1784,39.2,gf,0.410,mm,OK,--,6:31:01 PM,11/30/2024,
1785,39.2,gf,0.405,mm,OK,--,6:31:01 PM,11/30/2024,
1786,39.2,gf,0.400,mm,OK,--,6:31:01 PM,11/30/2024,
1787,39.3,gf,0.395,mm,OK,--,6:31:01 PM,11/30/2024,
1788,39.1,gf,0.390,mm,OK,--,6:31:01 PM,11/30/2024,
1789,39.2,gf,0.385,mm,OK,--,6:31:02 PM,11/30/2024,
1790,39.2,gf,0.380,mm,OK,--,6:31:02 PM,11/30/2024,
1791,39.2,gf,0.375,mm,OK,--,6:31:02 PM,11/30/2024,
1792,39.1,gf,0.375,mm,OK,--,6:31:02 PM,11/30/2024,
1793,39.1,gf,0.370,mm,OK,--,6:31:02 PM,11/30/2024,
1794,39.1,gf,0.365,mm,OK,--,6:31:02 PM,11/30/2024,
1795,39.1,gf,0.365,mm,OK,--,6:31:02 PM,11/30/2024,
1796,39.1,gf,0.360,mm,OK,--,6:31:02 PM,11/30/2024,
1797,39.0,gf,0.360,mm,OK,--,6:31:02 PM,11/30/2024,
1798,39.0,gf,0.355,mm,OK,--,6:31:02 PM,11/30/2024,
1799,39.0,gf,0.350,mm,OK,--,6:31:03 PM,11/30/2024,
1800,39.0,gf,0.350,mm,OK,--,6:31:03 PM,11/30/2024,
1801,38.9,gf,0.345,mm,OK,--,6:31:03 PM,11/30/2024,
1802,39.0,gf,0.340,mm,OK,--,6:31:03 PM,11/30/2024,
1803,38.9,gf,0.340,mm,OK,--,6:31:03 PM,11/30/2024,
1804,38.8,gf,0.335,mm,OK,--,6:31:03 PM,11/30/2024,
1805,38.8,gf,0.330,mm,OK,--,6:31:03 PM,11/30/2024,
1806,38.9,gf,0.325,mm,OK,--,6:31:03 PM,11/30/2024,
1807,38.9,gf,0.320,mm,OK,--,6:31:03 PM,11/30/2024,
1808,38.8,gf,0.320,mm,OK,--,6:31:03 PM,11/30/2024,
1809,38.8,gf,0.315,mm,OK,--,6:31:04 PM,11/30/2024,
1810,38.8,gf,0.310,mm,OK,--,6:31:04 PM,11/30/2024,
1811,38.8,gf,0.305,mm,OK,--,6:31:04 PM,11/30/2024,
1812,38.8,gf,0.300,mm,OK,--,6:31:04 PM,11/30/2024,
1813,38.8,gf,0.300,mm,OK,--,6:31:04 PM,11/30/2024,
1814,38.8,gf,0.295,mm,OK,--,6:31:04 PM,11/30/2024,
1815,38.8,gf,0.295,mm,OK,--,6:31:04 PM,11/30/2024,
1816,38.8,gf,0.295,mm,OK,--,6:31:04 PM,11/30/2024,
1817,38.7,gf,0.290,mm,OK,--,6:31:04 PM,11/30/2024,
1818,38.9,gf,0.285,mm,OK,--,6:31:04 PM,11/30/2024,
1819,38.7,gf,0.285,mm,OK,--,6:31:05 PM,11/30/2024,
1820,38.7,gf,0.280,mm,OK,--,6:31:05 PM,11/30/2024,
1821,38.7,gf,0.280,mm,OK,--,6:31:05 PM,11/30/2024,
1822,38.8,gf,0.275,mm,OK,--,6:31:05 PM,11/30/2024,
1823,38.7,gf,0.275,mm,OK,--,6:31:05 PM,11/30/2024,
1824,38.7,gf,0.270,mm,OK,--,6:31:05 PM,11/30/2024,
1825,38.7,gf,0.265,mm,OK,--,6:31:05 PM,11/30/2024,
1826,38.7,gf,0.265,mm,OK,--,6:31:05 PM,11/30/2024,
1827,38.7,gf,0.260,mm,OK,--,6:31:05 PM,11/30/2024,
1828,38.7,gf,0.260,mm,OK,--,6:31:05 PM,11/30/2024,
1829,38.6,gf,0.255,mm,OK,--,6:31:06 PM,11/30/2024,
1830,38.6,gf,0.250,mm,OK,--,6:31:06 PM,11/30/2024,
1831,38.6,gf,0.250,mm,OK,--,6:31:06 PM,11/30/2024,
1832,38.6,gf,0.245,mm,OK,--,6:31:06 PM,11/30/2024,
1833,38.6,gf,0.240,mm,OK,--,6:31:06 PM,11/30/2024,
1834,38.5,gf,0.235,mm,OK,--,6:31:06 PM,11/30/2024,
1835,38.5,gf,0.230,mm,OK,--,6:31:06 PM,11/30/2024,
1836,38.5,gf,0.225,mm,OK,--,6:31:06 PM,11/30/2024,
1837,38.5,gf,0.225,mm,OK,--,6:31:06 PM,11/30/2024,
1838,38.4,gf,0.220,mm,OK,--,6:31:06 PM,11/30/2024,
1839,38.4,gf,0.215,mm,OK,--,6:31:07 PM,11/30/2024,
1840,38.3,gf,0.215,mm,OK,--,6:31:07 PM,11/30/2024,
1841,38.2,gf,0.210,mm,OK,--,6:31:07 PM,11/30/2024,
1842,38.0,gf,0.205,mm,OK,--,6:31:07 PM,11/30/2024,
1843,37.9,gf,0.185,mm,OK,--,6:31:07 PM,11/30/2024,
1844,38.2,gf,0.165,mm,OK,--,6:31:07 PM,11/30/2024,
1845,33.8,gf,0.155,mm,OK,--,6:31:07 PM,11/30/2024,
1846,31.4,gf,0.150,mm,OK,--,6:31:07 PM,11/30/2024,
1847,29.6,gf,0.145,mm,OK,--,6:31:07 PM,11/30/2024,
1848,29.0,gf,0.140,mm,OK,--,6:31:07 PM,11/30/2024,
1849,29.3,gf,0.140,mm,OK,--,6:31:08 PM,11/30/2024,
1850,29.4,gf,0.140,mm,OK,--,6:31:08 PM,11/30/2024,
1851,29.6,gf,0.135,mm,OK,--,6:31:08 PM,11/30/2024,
1852,29.7,gf,0.135,mm,OK,--,6:31:08 PM,11/30/2024,
1853,29.7,gf,0.135,mm,OK,--,6:31:08 PM,11/30/2024,
1854,29.7,gf,0.130,mm,OK,--,6:31:08 PM,11/30/2024,
1855,29.4,gf,0.130,mm,OK,--,6:31:08 PM,11/30/2024,
1856,29.6,gf,0.125,mm,OK,--,6:31:08 PM,11/30/2024,
1857,29.7,gf,0.120,mm,OK,--,6:31:08 PM,11/30/2024,
1858,30.0,gf,0.120,mm,OK,--,6:31:08 PM,11/30/2024,
1859,30.0,gf,0.115,mm,OK,--,6:31:09 PM,11/30/2024,
1860,30.4,gf,0.110,mm,OK,--,6:31:09 PM,11/30/2024,
1861,29.5,gf,0.105,mm,OK,--,6:31:09 PM,11/30/2024,
1862,26.2,gf,0.100,mm,OK,--,6:31:09 PM,11/30/2024,
1863,22.7,gf,0.100,mm,OK,--,6:31:09 PM,11/30/2024,
1864,19.7,gf,0.095,mm,OK,--,6:31:09 PM,11/30/2024,
1865,17.4,gf,0.090,mm,OK,--,6:31:09 PM,11/30/2024,
1866,15.6,gf,0.090,mm,OK,--,6:31:09 PM,11/30/2024,
1867,14.0,gf,0.090,mm,OK,--,6:31:09 PM,11/30/2024,
1868,12.3,gf,0.085,mm,OK,--,6:31:09 PM,11/30/2024,
1869,11.0,gf,0.085,mm,OK,--,6:31:10 PM,11/30/2024,
1870,9.5,gf,0.085,mm,OK,--,6:31:10 PM,11/30/2024,
1871,7.1,gf,0.080,mm,OK,--,6:31:10 PM,11/30/2024,
1872,4.4,gf,0.080,mm,OK,--,6:31:10 PM,11/30/2024,
1873,2.0,gf,0.075,mm,OK,--,6:31:10 PM,11/30/2024,
1874,0.1,gf,0.070,mm,OK,--,6:31:10 PM,11/30/2024,
1875,0.0,gf,0.065,mm,OK,--,6:31:10 PM,11/30/2024,
1876,0.1,gf,0.060,mm,OK,--,6:31:10 PM,11/30/2024,
1877,0.0,gf,0.055,mm,OK,--,6:31:10 PM,11/30/2024,
1878,0.0,gf,0.045,mm,OK,--,6:31:10 PM,11/30/2024,
1879,0.0,gf,0.040,mm,OK,--,6:31:11 PM,11/30/2024,
1880,0.1,gf,0.035,mm,OK,--,6:31:11 PM,11/30/2024,
1881,0.0,gf,0.030,mm,OK,--,6:31:11 PM,11/30/2024,
1882,0.0,gf,0.025,mm,OK,--,6:31:11 PM,11/30/2024,
1883,0.0,gf,0.015,mm,OK,--,6:31:11 PM,11/30/2024,
1884,0.0,gf,0.005,mm,OK,--,6:31:11 PM,11/30/2024,
1885,0.1,gf,-0.005,mm,OK,--,6:31:11 PM,11/30/2024,
1886,0.2,gf,-0.015,mm,OK,--,6:31:11 PM,11/30/2024,
1887,0.0,gf,-0.020,mm,OK,--,6:31:11 PM,11/30/2024,
1888,0.0,gf,-0.020,mm,OK,--,6:31:11 PM,11/30/2024,
1889,0.0,gf,-0.025,mm,OK,--,6:31:12 PM,11/30/2024,
1890,0.1,gf,-0.030,mm,OK,--,6:31:12 PM,11/30/2024,
1891,0.0,gf,-0.030,mm,OK,--,6:31:12 PM,11/30/2024,
1892,0.0,gf,-0.030,mm,OK,--,6:31:12 PM,11/30/2024,
1893,0.0,gf,-0.030,mm,OK,--,6:31:12 PM,11/30/2024,
1894,-0.3,gf,-0.030,mm,OK,--,6:31:12 PM,11/30/2024,
1895,0.2,gf,-0.030,mm,OK,--,6:31:12 PM,11/30/2024,
1896,0.1,gf,-0.030,mm,OK,--,6:31:12 PM,11/30/2024,
1897,-0.8,gf,-0.030,mm,OK,--,6:31:12 PM,11/30/2024,
1898,0.4,gf,-0.025,mm,OK,--,6:31:12 PM,11/30/2024,
1899,0.3,gf,-0.025,mm,OK,--,6:31:13 PM,11/30/2024,
1900,0.0,gf,-0.025,mm,OK,--,6:31:13 PM,11/30/2024,
1901,0.0,gf,-0.025,mm,OK,--,6:31:13 PM,11/30/2024,
1902,0.0,gf,-0.025,mm,OK,--,6:31:13 PM,11/30/2024,
1903,0.0,gf,-0.025,mm,OK,--,6:31:13 PM,11/30/2024,
1904,0.1,gf,-0.025,mm,OK,--,6:31:13 PM,11/30/2024,
1905,0.0,gf,-0.025,mm,OK,--,6:31:13 PM,11/30/2024,
1906,0.0,gf,-0.025,mm,OK,--,6:31:13 PM,11/30/2024,
1907,0.0,gf,-0.025,mm,OK,--,6:31:13 PM,11/30/2024,
1908,0.0,gf,-0.025,mm,OK,--,6:31:13 PM,11/30/2024,
1909,0.0,gf,-0.025,mm,OK,--,6:31:14 PM,11/30/2024,
1910,0.0,gf,-0.025,mm,OK,--,6:31:14 PM,11/30/2024,
1911,0.0,gf,-0.025,mm,OK,--,6:31:14 PM,11/30/2024,
1912,0.0,gf,-0.025,mm,OK,--,6:31:14 PM,11/30/2024,
1913,0.0,gf,-0.025,mm,OK,--,6:31:14 PM,11/30/2024,
1914,0.0,gf,-0.025,mm,OK,--,6:31:14 PM,11/30/2024,
1915,0.0,gf,-0.025,mm,OK,--,6:31:14 PM,11/30/2024,
