Maximum,198.1,@,No.880,,,,,,
Minimum,-0.1,@,No.7,,,,,,
Average,48.97,,,,,,,,
Data Quantity,1741,,,,,,,,
Number of NG,0,,,,,,,,
No.,Force,Unit,Displacement,Unit,Judge,Position,Time,Date,
1,0.0,gf,0.000,mm,OK,--,8:13:07 PM,3/2/2025,
2,0.0,gf,0.000,mm,OK,--,8:13:07 PM,3/2/2025,
3,0.0,gf,0.000,mm,OK,--,8:13:07 PM,3/2/2025,
4,0.0,gf,0.000,mm,OK,--,8:13:07 PM,3/2/2025,
5,0.0,gf,0.000,mm,OK,--,8:13:07 PM,3/2/2025,
6,0.0,gf,0.000,mm,OK,--,8:13:07 PM,3/2/2025,
7,-0.1,gf,0.000,mm,OK,--,8:13:08 PM,3/2/2025,
8,0.1,gf,0.000,mm,OK,--,8:13:08 PM,3/2/2025,
9,0.0,gf,0.000,mm,OK,--,8:13:08 PM,3/2/2025,
10,0.0,gf,0.000,mm,OK,--,8:13:08 PM,3/2/2025,
11,0.0,gf,0.000,mm,OK,--,8:13:08 PM,3/2/2025,
12,0.0,gf,0.000,mm,OK,--,8:13:08 PM,3/2/2025,
13,0.0,gf,0.000,mm,OK,--,8:13:08 PM,3/2/2025,
14,0.0,gf,0.000,mm,OK,--,8:13:08 PM,3/2/2025,
15,0.0,gf,0.000,mm,OK,--,8:13:08 PM,3/2/2025,
16,0.0,gf,0.000,mm,OK,--,8:13:08 PM,3/2/2025,
17,0.0,gf,0.000,mm,OK,--,8:13:09 PM,3/2/2025,
18,0.0,gf,0.000,mm,OK,--,8:13:09 PM,3/2/2025,
19,0.0,gf,0.000,mm,OK,--,8:13:09 PM,3/2/2025,
20,0.0,gf,0.000,mm,OK,--,8:13:09 PM,3/2/2025,
21,0.0,gf,0.000,mm,OK,--,8:13:09 PM,3/2/2025,
22,0.0,gf,0.000,mm,OK,--,8:13:09 PM,3/2/2025,
23,0.0,gf,0.000,mm,OK,--,8:13:09 PM,3/2/2025,
24,0.0,gf,0.000,mm,OK,--,8:13:09 PM,3/2/2025,
25,0.0,gf,0.000,mm,OK,--,8:13:09 PM,3/2/2025,
26,0.0,gf,0.000,mm,OK,--,8:13:09 PM,3/2/2025,
27,0.0,gf,0.000,mm,OK,--,8:13:10 PM,3/2/2025,
28,0.0,gf,0.000,mm,OK,--,8:13:10 PM,3/2/2025,
29,0.0,gf,0.000,mm,OK,--,8:13:10 PM,3/2/2025,
30,0.0,gf,0.000,mm,OK,--,8:13:10 PM,3/2/2025,
31,0.0,gf,0.000,mm,OK,--,8:13:10 PM,3/2/2025,
32,0.0,gf,0.000,mm,OK,--,8:13:10 PM,3/2/2025,
33,0.0,gf,0.005,mm,OK,--,8:13:10 PM,3/2/2025,
34,0.0,gf,0.005,mm,OK,--,8:13:10 PM,3/2/2025,
35,0.0,gf,0.005,mm,OK,--,8:13:10 PM,3/2/2025,
36,0.0,gf,0.010,mm,OK,--,8:13:10 PM,3/2/2025,
37,0.0,gf,0.015,mm,OK,--,8:13:11 PM,3/2/2025,
38,0.0,gf,0.025,mm,OK,--,8:13:11 PM,3/2/2025,
39,0.0,gf,0.030,mm,OK,--,8:13:11 PM,3/2/2025,
40,0.0,gf,0.040,mm,OK,--,8:13:11 PM,3/2/2025,
41,0.0,gf,0.050,mm,OK,--,8:13:11 PM,3/2/2025,
42,0.0,gf,0.055,mm,OK,--,8:13:11 PM,3/2/2025,
43,0.0,gf,0.060,mm,OK,--,8:13:11 PM,3/2/2025,
44,0.0,gf,0.065,mm,OK,--,8:13:11 PM,3/2/2025,
45,0.0,gf,0.065,mm,OK,--,8:13:11 PM,3/2/2025,
46,0.0,gf,0.075,mm,OK,--,8:13:11 PM,3/2/2025,
47,0.0,gf,0.085,mm,OK,--,8:13:12 PM,3/2/2025,
48,0.0,gf,0.090,mm,OK,--,8:13:12 PM,3/2/2025,
49,0.0,gf,0.095,mm,OK,--,8:13:12 PM,3/2/2025,
50,0.0,gf,0.100,mm,OK,--,8:13:12 PM,3/2/2025,
51,0.0,gf,0.105,mm,OK,--,8:13:12 PM,3/2/2025,
52,0.0,gf,0.110,mm,OK,--,8:13:12 PM,3/2/2025,
53,0.0,gf,0.110,mm,OK,--,8:13:12 PM,3/2/2025,
54,0.0,gf,0.115,mm,OK,--,8:13:12 PM,3/2/2025,
55,0.0,gf,0.115,mm,OK,--,8:13:12 PM,3/2/2025,
56,0.0,gf,0.120,mm,OK,--,8:13:12 PM,3/2/2025,
57,-0.1,gf,0.120,mm,OK,--,8:13:13 PM,3/2/2025,
58,0.0,gf,0.125,mm,OK,--,8:13:13 PM,3/2/2025,
59,0.0,gf,0.125,mm,OK,--,8:13:13 PM,3/2/2025,
60,0.0,gf,0.125,mm,OK,--,8:13:13 PM,3/2/2025,
61,0.0,gf,0.130,mm,OK,--,8:13:13 PM,3/2/2025,
62,0.0,gf,0.135,mm,OK,--,8:13:13 PM,3/2/2025,
63,0.0,gf,0.140,mm,OK,--,8:13:13 PM,3/2/2025,
64,0.0,gf,0.145,mm,OK,--,8:13:13 PM,3/2/2025,
65,-0.1,gf,0.145,mm,OK,--,8:13:13 PM,3/2/2025,
66,0.0,gf,0.150,mm,OK,--,8:13:13 PM,3/2/2025,
67,0.0,gf,0.155,mm,OK,--,8:13:14 PM,3/2/2025,
68,0.0,gf,0.165,mm,OK,--,8:13:14 PM,3/2/2025,
69,0.1,gf,0.175,mm,OK,--,8:13:14 PM,3/2/2025,
70,0.0,gf,0.190,mm,OK,--,8:13:14 PM,3/2/2025,
71,0.0,gf,0.195,mm,OK,--,8:13:14 PM,3/2/2025,
72,0.0,gf,0.200,mm,OK,--,8:13:14 PM,3/2/2025,
73,0.0,gf,0.210,mm,OK,--,8:13:14 PM,3/2/2025,
74,0.0,gf,0.220,mm,OK,--,8:13:14 PM,3/2/2025,
75,0.0,gf,0.225,mm,OK,--,8:13:14 PM,3/2/2025,
76,0.0,gf,0.235,mm,OK,--,8:13:14 PM,3/2/2025,
77,0.0,gf,0.245,mm,OK,--,8:13:15 PM,3/2/2025,
78,0.0,gf,0.250,mm,OK,--,8:13:15 PM,3/2/2025,
79,0.0,gf,0.260,mm,OK,--,8:13:15 PM,3/2/2025,
80,0.0,gf,0.265,mm,OK,--,8:13:15 PM,3/2/2025,
81,0.0,gf,0.270,mm,OK,--,8:13:15 PM,3/2/2025,
82,0.0,gf,0.275,mm,OK,--,8:13:15 PM,3/2/2025,
83,0.0,gf,0.280,mm,OK,--,8:13:15 PM,3/2/2025,
84,0.0,gf,0.290,mm,OK,--,8:13:15 PM,3/2/2025,
85,0.0,gf,0.300,mm,OK,--,8:13:15 PM,3/2/2025,
86,0.0,gf,0.305,mm,OK,--,8:13:15 PM,3/2/2025,
87,0.2,gf,0.315,mm,OK,--,8:13:16 PM,3/2/2025,
88,0.5,gf,0.325,mm,OK,--,8:13:16 PM,3/2/2025,
89,5.7,gf,0.330,mm,OK,--,8:13:16 PM,3/2/2025,
90,11.2,gf,0.335,mm,OK,--,8:13:16 PM,3/2/2025,
91,15.1,gf,0.340,mm,OK,--,8:13:16 PM,3/2/2025,
92,18.5,gf,0.340,mm,OK,--,8:13:16 PM,3/2/2025,
93,21.9,gf,0.345,mm,OK,--,8:13:16 PM,3/2/2025,
94,24.9,gf,0.350,mm,OK,--,8:13:16 PM,3/2/2025,
95,27.8,gf,0.350,mm,OK,--,8:13:16 PM,3/2/2025,
96,31.1,gf,0.355,mm,OK,--,8:13:16 PM,3/2/2025,
97,34.4,gf,0.360,mm,OK,--,8:13:17 PM,3/2/2025,
98,37.6,gf,0.360,mm,OK,--,8:13:17 PM,3/2/2025,
99,38.1,gf,0.365,mm,OK,--,8:13:17 PM,3/2/2025,
100,39.0,gf,0.370,mm,OK,--,8:13:17 PM,3/2/2025,
101,39.8,gf,0.375,mm,OK,--,8:13:17 PM,3/2/2025,
102,40.1,gf,0.375,mm,OK,--,8:13:17 PM,3/2/2025,
103,40.0,gf,0.380,mm,OK,--,8:13:17 PM,3/2/2025,
104,40.1,gf,0.380,mm,OK,--,8:13:17 PM,3/2/2025,
105,40.0,gf,0.380,mm,OK,--,8:13:17 PM,3/2/2025,
106,40.0,gf,0.385,mm,OK,--,8:13:17 PM,3/2/2025,
107,40.0,gf,0.385,mm,OK,--,8:13:18 PM,3/2/2025,
108,40.0,gf,0.390,mm,OK,--,8:13:18 PM,3/2/2025,
109,40.0,gf,0.390,mm,OK,--,8:13:18 PM,3/2/2025,
110,39.9,gf,0.390,mm,OK,--,8:13:18 PM,3/2/2025,
111,39.9,gf,0.395,mm,OK,--,8:13:18 PM,3/2/2025,
112,39.9,gf,0.395,mm,OK,--,8:13:18 PM,3/2/2025,
113,40.0,gf,0.395,mm,OK,--,8:13:18 PM,3/2/2025,
114,39.9,gf,0.400,mm,OK,--,8:13:18 PM,3/2/2025,
115,39.9,gf,0.400,mm,OK,--,8:13:18 PM,3/2/2025,
116,39.9,gf,0.400,mm,OK,--,8:13:18 PM,3/2/2025,
117,39.9,gf,0.405,mm,OK,--,8:13:19 PM,3/2/2025,
118,39.9,gf,0.405,mm,OK,--,8:13:19 PM,3/2/2025,
119,39.8,gf,0.410,mm,OK,--,8:13:19 PM,3/2/2025,
120,39.7,gf,0.410,mm,OK,--,8:13:19 PM,3/2/2025,
121,39.7,gf,0.410,mm,OK,--,8:13:19 PM,3/2/2025,
122,39.7,gf,0.415,mm,OK,--,8:13:19 PM,3/2/2025,
123,39.7,gf,0.415,mm,OK,--,8:13:19 PM,3/2/2025,
124,39.8,gf,0.420,mm,OK,--,8:13:19 PM,3/2/2025,
125,39.7,gf,0.420,mm,OK,--,8:13:19 PM,3/2/2025,
126,39.7,gf,0.425,mm,OK,--,8:13:19 PM,3/2/2025,
127,39.7,gf,0.430,mm,OK,--,8:13:20 PM,3/2/2025,
128,39.7,gf,0.430,mm,OK,--,8:13:20 PM,3/2/2025,
129,39.7,gf,0.435,mm,OK,--,8:13:20 PM,3/2/2025,
130,39.5,gf,0.440,mm,OK,--,8:13:20 PM,3/2/2025,
131,39.5,gf,0.440,mm,OK,--,8:13:20 PM,3/2/2025,
132,39.5,gf,0.445,mm,OK,--,8:13:20 PM,3/2/2025,
133,39.5,gf,0.450,mm,OK,--,8:13:20 PM,3/2/2025,
134,39.4,gf,0.450,mm,OK,--,8:13:20 PM,3/2/2025,
135,39.3,gf,0.455,mm,OK,--,8:13:20 PM,3/2/2025,
136,39.4,gf,0.460,mm,OK,--,8:13:20 PM,3/2/2025,
137,39.4,gf,0.460,mm,OK,--,8:13:21 PM,3/2/2025,
138,39.3,gf,0.465,mm,OK,--,8:13:21 PM,3/2/2025,
139,39.4,gf,0.465,mm,OK,--,8:13:21 PM,3/2/2025,
140,39.4,gf,0.470,mm,OK,--,8:13:21 PM,3/2/2025,
141,39.4,gf,0.470,mm,OK,--,8:13:21 PM,3/2/2025,
142,39.4,gf,0.475,mm,OK,--,8:13:21 PM,3/2/2025,
143,39.3,gf,0.475,mm,OK,--,8:13:21 PM,3/2/2025,
144,39.3,gf,0.480,mm,OK,--,8:13:21 PM,3/2/2025,
145,39.3,gf,0.485,mm,OK,--,8:13:21 PM,3/2/2025,
146,39.4,gf,0.490,mm,OK,--,8:13:21 PM,3/2/2025,
147,39.3,gf,0.495,mm,OK,--,8:13:22 PM,3/2/2025,
148,39.2,gf,0.500,mm,OK,--,8:13:22 PM,3/2/2025,
149,39.2,gf,0.505,mm,OK,--,8:13:22 PM,3/2/2025,
150,39.2,gf,0.510,mm,OK,--,8:13:22 PM,3/2/2025,
151,39.1,gf,0.515,mm,OK,--,8:13:22 PM,3/2/2025,
152,39.2,gf,0.520,mm,OK,--,8:13:22 PM,3/2/2025,
153,39.1,gf,0.525,mm,OK,--,8:13:22 PM,3/2/2025,
154,39.0,gf,0.535,mm,OK,--,8:13:22 PM,3/2/2025,
155,39.1,gf,0.540,mm,OK,--,8:13:22 PM,3/2/2025,
156,39.3,gf,0.545,mm,OK,--,8:13:22 PM,3/2/2025,
157,39.2,gf,0.550,mm,OK,--,8:13:23 PM,3/2/2025,
158,39.2,gf,0.550,mm,OK,--,8:13:23 PM,3/2/2025,
159,39.3,gf,0.555,mm,OK,--,8:13:23 PM,3/2/2025,
160,39.3,gf,0.560,mm,OK,--,8:13:23 PM,3/2/2025,
161,39.2,gf,0.565,mm,OK,--,8:13:23 PM,3/2/2025,
162,39.4,gf,0.570,mm,OK,--,8:13:23 PM,3/2/2025,
163,39.4,gf,0.570,mm,OK,--,8:13:23 PM,3/2/2025,
164,39.4,gf,0.575,mm,OK,--,8:13:23 PM,3/2/2025,
165,39.5,gf,0.580,mm,OK,--,8:13:23 PM,3/2/2025,
166,39.2,gf,0.580,mm,OK,--,8:13:23 PM,3/2/2025,
167,39.1,gf,0.580,mm,OK,--,8:13:24 PM,3/2/2025,
168,39.3,gf,0.580,mm,OK,--,8:13:24 PM,3/2/2025,
169,39.4,gf,0.585,mm,OK,--,8:13:24 PM,3/2/2025,
170,39.6,gf,0.585,mm,OK,--,8:13:24 PM,3/2/2025,
171,39.5,gf,0.590,mm,OK,--,8:13:24 PM,3/2/2025,
172,39.5,gf,0.595,mm,OK,--,8:13:24 PM,3/2/2025,
173,39.5,gf,0.595,mm,OK,--,8:13:24 PM,3/2/2025,
174,39.4,gf,0.600,mm,OK,--,8:13:24 PM,3/2/2025,
175,39.7,gf,0.605,mm,OK,--,8:13:24 PM,3/2/2025,
176,39.7,gf,0.610,mm,OK,--,8:13:24 PM,3/2/2025,
177,39.5,gf,0.615,mm,OK,--,8:13:25 PM,3/2/2025,
178,39.5,gf,0.620,mm,OK,--,8:13:25 PM,3/2/2025,
179,39.5,gf,0.625,mm,OK,--,8:13:25 PM,3/2/2025,
180,39.5,gf,0.630,mm,OK,--,8:13:25 PM,3/2/2025,
181,39.5,gf,0.635,mm,OK,--,8:13:25 PM,3/2/2025,
182,39.5,gf,0.635,mm,OK,--,8:13:25 PM,3/2/2025,
183,39.5,gf,0.640,mm,OK,--,8:13:25 PM,3/2/2025,
184,39.5,gf,0.645,mm,OK,--,8:13:25 PM,3/2/2025,
185,39.4,gf,0.645,mm,OK,--,8:13:25 PM,3/2/2025,
186,39.6,gf,0.650,mm,OK,--,8:13:25 PM,3/2/2025,
187,39.6,gf,0.655,mm,OK,--,8:13:26 PM,3/2/2025,
188,39.4,gf,0.660,mm,OK,--,8:13:26 PM,3/2/2025,
189,39.5,gf,0.665,mm,OK,--,8:13:26 PM,3/2/2025,
190,39.6,gf,0.665,mm,OK,--,8:13:26 PM,3/2/2025,
191,39.6,gf,0.670,mm,OK,--,8:13:26 PM,3/2/2025,
192,39.7,gf,0.675,mm,OK,--,8:13:26 PM,3/2/2025,
193,39.7,gf,0.675,mm,OK,--,8:13:26 PM,3/2/2025,
194,39.7,gf,0.680,mm,OK,--,8:13:26 PM,3/2/2025,
195,39.6,gf,0.685,mm,OK,--,8:13:26 PM,3/2/2025,
196,39.6,gf,0.685,mm,OK,--,8:13:26 PM,3/2/2025,
197,39.6,gf,0.690,mm,OK,--,8:13:27 PM,3/2/2025,
198,39.6,gf,0.695,mm,OK,--,8:13:27 PM,3/2/2025,
199,39.7,gf,0.695,mm,OK,--,8:13:27 PM,3/2/2025,
200,39.7,gf,0.700,mm,OK,--,8:13:27 PM,3/2/2025,
201,39.8,gf,0.705,mm,OK,--,8:13:27 PM,3/2/2025,
202,39.8,gf,0.710,mm,OK,--,8:13:27 PM,3/2/2025,
203,39.9,gf,0.710,mm,OK,--,8:13:27 PM,3/2/2025,
204,39.8,gf,0.715,mm,OK,--,8:13:27 PM,3/2/2025,
205,39.8,gf,0.720,mm,OK,--,8:13:27 PM,3/2/2025,
206,39.8,gf,0.725,mm,OK,--,8:13:27 PM,3/2/2025,
207,39.9,gf,0.730,mm,OK,--,8:13:28 PM,3/2/2025,
208,39.8,gf,0.735,mm,OK,--,8:13:28 PM,3/2/2025,
209,39.9,gf,0.740,mm,OK,--,8:13:28 PM,3/2/2025,
210,40.1,gf,0.750,mm,OK,--,8:13:28 PM,3/2/2025,
211,39.9,gf,0.755,mm,OK,--,8:13:28 PM,3/2/2025,
212,39.9,gf,0.765,mm,OK,--,8:13:28 PM,3/2/2025,
213,39.9,gf,0.770,mm,OK,--,8:13:28 PM,3/2/2025,
214,39.9,gf,0.775,mm,OK,--,8:13:28 PM,3/2/2025,
215,40.0,gf,0.775,mm,OK,--,8:13:28 PM,3/2/2025,
216,40.1,gf,0.780,mm,OK,--,8:13:28 PM,3/2/2025,
217,40.1,gf,0.785,mm,OK,--,8:13:29 PM,3/2/2025,
218,40.2,gf,0.790,mm,OK,--,8:13:29 PM,3/2/2025,
219,40.2,gf,0.790,mm,OK,--,8:13:29 PM,3/2/2025,
220,40.3,gf,0.795,mm,OK,--,8:13:29 PM,3/2/2025,
221,40.3,gf,0.800,mm,OK,--,8:13:29 PM,3/2/2025,
222,40.4,gf,0.805,mm,OK,--,8:13:29 PM,3/2/2025,
223,40.4,gf,0.815,mm,OK,--,8:13:29 PM,3/2/2025,
224,40.3,gf,0.820,mm,OK,--,8:13:29 PM,3/2/2025,
225,40.4,gf,0.825,mm,OK,--,8:13:29 PM,3/2/2025,
226,40.5,gf,0.830,mm,OK,--,8:13:29 PM,3/2/2025,
227,40.5,gf,0.835,mm,OK,--,8:13:30 PM,3/2/2025,
228,40.4,gf,0.845,mm,OK,--,8:13:30 PM,3/2/2025,
229,40.5,gf,0.850,mm,OK,--,8:13:30 PM,3/2/2025,
230,40.6,gf,0.860,mm,OK,--,8:13:30 PM,3/2/2025,
231,40.5,gf,0.870,mm,OK,--,8:13:30 PM,3/2/2025,
232,40.6,gf,0.875,mm,OK,--,8:13:30 PM,3/2/2025,
233,40.6,gf,0.880,mm,OK,--,8:13:30 PM,3/2/2025,
234,40.6,gf,0.890,mm,OK,--,8:13:30 PM,3/2/2025,
235,40.5,gf,0.895,mm,OK,--,8:13:30 PM,3/2/2025,
236,40.5,gf,0.900,mm,OK,--,8:13:30 PM,3/2/2025,
237,40.5,gf,0.905,mm,OK,--,8:13:31 PM,3/2/2025,
238,40.6,gf,0.910,mm,OK,--,8:13:31 PM,3/2/2025,
239,40.8,gf,0.915,mm,OK,--,8:13:31 PM,3/2/2025,
240,40.7,gf,0.920,mm,OK,--,8:13:31 PM,3/2/2025,
241,40.7,gf,0.925,mm,OK,--,8:13:31 PM,3/2/2025,
242,40.8,gf,0.925,mm,OK,--,8:13:31 PM,3/2/2025,
243,40.8,gf,0.930,mm,OK,--,8:13:31 PM,3/2/2025,
244,40.9,gf,0.935,mm,OK,--,8:13:31 PM,3/2/2025,
245,40.9,gf,0.940,mm,OK,--,8:13:31 PM,3/2/2025,
246,40.9,gf,0.945,mm,OK,--,8:13:31 PM,3/2/2025,
247,41.0,gf,0.950,mm,OK,--,8:13:32 PM,3/2/2025,
248,41.1,gf,0.955,mm,OK,--,8:13:32 PM,3/2/2025,
249,41.3,gf,0.960,mm,OK,--,8:13:32 PM,3/2/2025,
250,41.2,gf,0.965,mm,OK,--,8:13:32 PM,3/2/2025,
251,41.3,gf,0.970,mm,OK,--,8:13:32 PM,3/2/2025,
252,41.4,gf,0.980,mm,OK,--,8:13:32 PM,3/2/2025,
253,41.4,gf,0.985,mm,OK,--,8:13:32 PM,3/2/2025,
254,41.2,gf,0.990,mm,OK,--,8:13:32 PM,3/2/2025,
255,41.2,gf,0.995,mm,OK,--,8:13:32 PM,3/2/2025,
256,41.3,gf,0.995,mm,OK,--,8:13:32 PM,3/2/2025,
257,41.4,gf,1.000,mm,OK,--,8:13:33 PM,3/2/2025,
258,41.5,gf,1.010,mm,OK,--,8:13:33 PM,3/2/2025,
259,41.5,gf,1.015,mm,OK,--,8:13:33 PM,3/2/2025,
260,41.5,gf,1.025,mm,OK,--,8:13:33 PM,3/2/2025,
261,41.7,gf,1.035,mm,OK,--,8:13:33 PM,3/2/2025,
262,41.3,gf,1.040,mm,OK,--,8:13:33 PM,3/2/2025,
263,41.3,gf,1.045,mm,OK,--,8:13:33 PM,3/2/2025,
264,41.2,gf,1.050,mm,OK,--,8:13:33 PM,3/2/2025,
265,41.3,gf,1.055,mm,OK,--,8:13:33 PM,3/2/2025,
266,41.3,gf,1.055,mm,OK,--,8:13:33 PM,3/2/2025,
267,41.3,gf,1.060,mm,OK,--,8:13:34 PM,3/2/2025,
268,41.5,gf,1.060,mm,OK,--,8:13:34 PM,3/2/2025,
269,41.5,gf,1.065,mm,OK,--,8:13:34 PM,3/2/2025,
270,41.5,gf,1.070,mm,OK,--,8:13:34 PM,3/2/2025,
271,41.6,gf,1.075,mm,OK,--,8:13:34 PM,3/2/2025,
272,41.4,gf,1.080,mm,OK,--,8:13:34 PM,3/2/2025,
273,41.5,gf,1.085,mm,OK,--,8:13:34 PM,3/2/2025,
274,41.5,gf,1.090,mm,OK,--,8:13:34 PM,3/2/2025,
275,41.4,gf,1.095,mm,OK,--,8:13:34 PM,3/2/2025,
276,41.5,gf,1.095,mm,OK,--,8:13:34 PM,3/2/2025,
277,41.6,gf,1.100,mm,OK,--,8:13:35 PM,3/2/2025,
278,41.8,gf,1.105,mm,OK,--,8:13:35 PM,3/2/2025,
279,41.7,gf,1.110,mm,OK,--,8:13:35 PM,3/2/2025,
280,41.6,gf,1.120,mm,OK,--,8:13:35 PM,3/2/2025,
281,41.7,gf,1.125,mm,OK,--,8:13:35 PM,3/2/2025,
282,41.6,gf,1.130,mm,OK,--,8:13:35 PM,3/2/2025,
283,41.8,gf,1.135,mm,OK,--,8:13:35 PM,3/2/2025,
284,41.8,gf,1.135,mm,OK,--,8:13:35 PM,3/2/2025,
285,41.7,gf,1.140,mm,OK,--,8:13:35 PM,3/2/2025,
286,41.8,gf,1.145,mm,OK,--,8:13:35 PM,3/2/2025,
287,41.7,gf,1.150,mm,OK,--,8:13:36 PM,3/2/2025,
288,41.5,gf,1.150,mm,OK,--,8:13:36 PM,3/2/2025,
289,41.6,gf,1.150,mm,OK,--,8:13:36 PM,3/2/2025,
290,41.7,gf,1.155,mm,OK,--,8:13:36 PM,3/2/2025,
291,41.5,gf,1.160,mm,OK,--,8:13:36 PM,3/2/2025,
292,41.4,gf,1.160,mm,OK,--,8:13:36 PM,3/2/2025,
293,41.8,gf,1.165,mm,OK,--,8:13:36 PM,3/2/2025,
294,41.4,gf,1.165,mm,OK,--,8:13:36 PM,3/2/2025,
295,41.6,gf,1.170,mm,OK,--,8:13:36 PM,3/2/2025,
296,41.8,gf,1.170,mm,OK,--,8:13:36 PM,3/2/2025,
297,41.7,gf,1.175,mm,OK,--,8:13:37 PM,3/2/2025,
298,41.6,gf,1.175,mm,OK,--,8:13:37 PM,3/2/2025,
299,41.5,gf,1.175,mm,OK,--,8:13:37 PM,3/2/2025,
300,41.9,gf,1.180,mm,OK,--,8:13:37 PM,3/2/2025,
301,42.2,gf,1.185,mm,OK,--,8:13:37 PM,3/2/2025,
302,41.7,gf,1.190,mm,OK,--,8:13:37 PM,3/2/2025,
303,41.6,gf,1.190,mm,OK,--,8:13:37 PM,3/2/2025,
304,41.6,gf,1.195,mm,OK,--,8:13:37 PM,3/2/2025,
305,41.7,gf,1.195,mm,OK,--,8:13:37 PM,3/2/2025,
306,42.0,gf,1.195,mm,OK,--,8:13:37 PM,3/2/2025,
307,41.9,gf,1.200,mm,OK,--,8:13:38 PM,3/2/2025,
308,41.7,gf,1.200,mm,OK,--,8:13:38 PM,3/2/2025,
309,41.4,gf,1.200,mm,OK,--,8:13:38 PM,3/2/2025,
310,41.5,gf,1.200,mm,OK,--,8:13:38 PM,3/2/2025,
311,41.6,gf,1.205,mm,OK,--,8:13:38 PM,3/2/2025,
312,41.9,gf,1.205,mm,OK,--,8:13:38 PM,3/2/2025,
313,41.9,gf,1.205,mm,OK,--,8:13:38 PM,3/2/2025,
314,41.7,gf,1.205,mm,OK,--,8:13:38 PM,3/2/2025,
315,42.1,gf,1.210,mm,OK,--,8:13:38 PM,3/2/2025,
316,41.9,gf,1.210,mm,OK,--,8:13:38 PM,3/2/2025,
317,41.8,gf,1.210,mm,OK,--,8:13:39 PM,3/2/2025,
318,42.4,gf,1.215,mm,OK,--,8:13:39 PM,3/2/2025,
319,42.4,gf,1.220,mm,OK,--,8:13:39 PM,3/2/2025,
320,42.3,gf,1.225,mm,OK,--,8:13:39 PM,3/2/2025,
321,42.3,gf,1.235,mm,OK,--,8:13:39 PM,3/2/2025,
322,42.0,gf,1.240,mm,OK,--,8:13:39 PM,3/2/2025,
323,42.1,gf,1.240,mm,OK,--,8:13:39 PM,3/2/2025,
324,42.0,gf,1.245,mm,OK,--,8:13:39 PM,3/2/2025,
325,42.1,gf,1.250,mm,OK,--,8:13:39 PM,3/2/2025,
326,42.2,gf,1.250,mm,OK,--,8:13:39 PM,3/2/2025,
327,42.3,gf,1.255,mm,OK,--,8:13:40 PM,3/2/2025,
328,42.3,gf,1.260,mm,OK,--,8:13:40 PM,3/2/2025,
329,42.3,gf,1.260,mm,OK,--,8:13:40 PM,3/2/2025,
330,42.4,gf,1.265,mm,OK,--,8:13:40 PM,3/2/2025,
331,42.4,gf,1.270,mm,OK,--,8:13:40 PM,3/2/2025,
332,42.4,gf,1.275,mm,OK,--,8:13:40 PM,3/2/2025,
333,42.5,gf,1.280,mm,OK,--,8:13:40 PM,3/2/2025,
334,42.4,gf,1.285,mm,OK,--,8:13:40 PM,3/2/2025,
335,42.5,gf,1.295,mm,OK,--,8:13:40 PM,3/2/2025,
336,42.6,gf,1.300,mm,OK,--,8:13:40 PM,3/2/2025,
337,42.7,gf,1.310,mm,OK,--,8:13:41 PM,3/2/2025,
338,42.7,gf,1.320,mm,OK,--,8:13:41 PM,3/2/2025,
339,42.7,gf,1.330,mm,OK,--,8:13:41 PM,3/2/2025,
340,42.8,gf,1.335,mm,OK,--,8:13:41 PM,3/2/2025,
341,42.9,gf,1.345,mm,OK,--,8:13:41 PM,3/2/2025,
342,43.0,gf,1.355,mm,OK,--,8:13:41 PM,3/2/2025,
343,42.8,gf,1.365,mm,OK,--,8:13:41 PM,3/2/2025,
344,42.8,gf,1.370,mm,OK,--,8:13:41 PM,3/2/2025,
345,42.9,gf,1.375,mm,OK,--,8:13:41 PM,3/2/2025,
346,42.9,gf,1.385,mm,OK,--,8:13:41 PM,3/2/2025,
347,43.0,gf,1.390,mm,OK,--,8:13:42 PM,3/2/2025,
348,43.0,gf,1.400,mm,OK,--,8:13:42 PM,3/2/2025,
349,43.0,gf,1.405,mm,OK,--,8:13:42 PM,3/2/2025,
350,43.2,gf,1.415,mm,OK,--,8:13:42 PM,3/2/2025,
351,43.1,gf,1.420,mm,OK,--,8:13:42 PM,3/2/2025,
352,43.2,gf,1.425,mm,OK,--,8:13:42 PM,3/2/2025,
353,43.1,gf,1.430,mm,OK,--,8:13:42 PM,3/2/2025,
354,43.1,gf,1.440,mm,OK,--,8:13:42 PM,3/2/2025,
355,43.0,gf,1.445,mm,OK,--,8:13:42 PM,3/2/2025,
356,43.1,gf,1.450,mm,OK,--,8:13:42 PM,3/2/2025,
357,43.0,gf,1.455,mm,OK,--,8:13:43 PM,3/2/2025,
358,43.0,gf,1.460,mm,OK,--,8:13:43 PM,3/2/2025,
359,43.0,gf,1.460,mm,OK,--,8:13:43 PM,3/2/2025,
360,42.9,gf,1.465,mm,OK,--,8:13:43 PM,3/2/2025,
361,43.0,gf,1.470,mm,OK,--,8:13:43 PM,3/2/2025,
362,43.0,gf,1.470,mm,OK,--,8:13:43 PM,3/2/2025,
363,43.0,gf,1.475,mm,OK,--,8:13:43 PM,3/2/2025,
364,43.0,gf,1.475,mm,OK,--,8:13:43 PM,3/2/2025,
365,43.1,gf,1.480,mm,OK,--,8:13:43 PM,3/2/2025,
366,43.2,gf,1.480,mm,OK,--,8:13:43 PM,3/2/2025,
367,43.1,gf,1.485,mm,OK,--,8:13:44 PM,3/2/2025,
368,43.1,gf,1.490,mm,OK,--,8:13:44 PM,3/2/2025,
369,43.2,gf,1.490,mm,OK,--,8:13:44 PM,3/2/2025,
370,43.2,gf,1.495,mm,OK,--,8:13:44 PM,3/2/2025,
371,43.2,gf,1.495,mm,OK,--,8:13:44 PM,3/2/2025,
372,43.2,gf,1.500,mm,OK,--,8:13:44 PM,3/2/2025,
373,43.0,gf,1.505,mm,OK,--,8:13:44 PM,3/2/2025,
374,43.0,gf,1.505,mm,OK,--,8:13:44 PM,3/2/2025,
375,43.1,gf,1.510,mm,OK,--,8:13:44 PM,3/2/2025,
376,43.1,gf,1.510,mm,OK,--,8:13:44 PM,3/2/2025,
377,43.2,gf,1.515,mm,OK,--,8:13:45 PM,3/2/2025,
378,43.1,gf,1.515,mm,OK,--,8:13:45 PM,3/2/2025,
379,43.1,gf,1.520,mm,OK,--,8:13:45 PM,3/2/2025,
380,43.1,gf,1.525,mm,OK,--,8:13:45 PM,3/2/2025,
381,43.1,gf,1.525,mm,OK,--,8:13:45 PM,3/2/2025,
382,43.2,gf,1.530,mm,OK,--,8:13:45 PM,3/2/2025,
383,43.3,gf,1.530,mm,OK,--,8:13:45 PM,3/2/2025,
384,43.3,gf,1.535,mm,OK,--,8:13:45 PM,3/2/2025,
385,43.2,gf,1.535,mm,OK,--,8:13:45 PM,3/2/2025,
386,43.2,gf,1.540,mm,OK,--,8:13:45 PM,3/2/2025,
387,43.2,gf,1.540,mm,OK,--,8:13:46 PM,3/2/2025,
388,43.3,gf,1.545,mm,OK,--,8:13:46 PM,3/2/2025,
389,43.2,gf,1.550,mm,OK,--,8:13:46 PM,3/2/2025,
390,43.3,gf,1.555,mm,OK,--,8:13:46 PM,3/2/2025,
391,43.3,gf,1.555,mm,OK,--,8:13:46 PM,3/2/2025,
392,43.4,gf,1.560,mm,OK,--,8:13:46 PM,3/2/2025,
393,43.4,gf,1.560,mm,OK,--,8:13:46 PM,3/2/2025,
394,43.4,gf,1.565,mm,OK,--,8:13:46 PM,3/2/2025,
395,43.4,gf,1.570,mm,OK,--,8:13:46 PM,3/2/2025,
396,43.4,gf,1.570,mm,OK,--,8:13:46 PM,3/2/2025,
397,43.4,gf,1.575,mm,OK,--,8:13:47 PM,3/2/2025,
398,43.3,gf,1.580,mm,OK,--,8:13:47 PM,3/2/2025,
399,43.4,gf,1.580,mm,OK,--,8:13:47 PM,3/2/2025,
400,43.4,gf,1.585,mm,OK,--,8:13:47 PM,3/2/2025,
401,43.4,gf,1.590,mm,OK,--,8:13:47 PM,3/2/2025,
402,43.4,gf,1.595,mm,OK,--,8:13:47 PM,3/2/2025,
403,43.4,gf,1.600,mm,OK,--,8:13:47 PM,3/2/2025,
404,43.4,gf,1.605,mm,OK,--,8:13:47 PM,3/2/2025,
405,43.5,gf,1.610,mm,OK,--,8:13:47 PM,3/2/2025,
406,43.4,gf,1.615,mm,OK,--,8:13:47 PM,3/2/2025,
407,43.6,gf,1.615,mm,OK,--,8:13:48 PM,3/2/2025,
408,43.6,gf,1.620,mm,OK,--,8:13:48 PM,3/2/2025,
409,43.6,gf,1.625,mm,OK,--,8:13:48 PM,3/2/2025,
410,43.6,gf,1.625,mm,OK,--,8:13:48 PM,3/2/2025,
411,43.6,gf,1.630,mm,OK,--,8:13:48 PM,3/2/2025,
412,43.6,gf,1.635,mm,OK,--,8:13:48 PM,3/2/2025,
413,43.5,gf,1.640,mm,OK,--,8:13:48 PM,3/2/2025,
414,43.4,gf,1.640,mm,OK,--,8:13:48 PM,3/2/2025,
415,43.5,gf,1.645,mm,OK,--,8:13:48 PM,3/2/2025,
416,43.5,gf,1.645,mm,OK,--,8:13:48 PM,3/2/2025,
417,43.4,gf,1.650,mm,OK,--,8:13:49 PM,3/2/2025,
418,43.4,gf,1.650,mm,OK,--,8:13:49 PM,3/2/2025,
419,43.5,gf,1.655,mm,OK,--,8:13:49 PM,3/2/2025,
420,43.4,gf,1.660,mm,OK,--,8:13:49 PM,3/2/2025,
421,43.3,gf,1.660,mm,OK,--,8:13:49 PM,3/2/2025,
422,43.4,gf,1.665,mm,OK,--,8:13:49 PM,3/2/2025,
423,43.4,gf,1.665,mm,OK,--,8:13:49 PM,3/2/2025,
424,43.5,gf,1.670,mm,OK,--,8:13:49 PM,3/2/2025,
425,43.5,gf,1.670,mm,OK,--,8:13:49 PM,3/2/2025,
426,43.6,gf,1.675,mm,OK,--,8:13:49 PM,3/2/2025,
427,43.6,gf,1.675,mm,OK,--,8:13:50 PM,3/2/2025,
428,43.5,gf,1.675,mm,OK,--,8:13:50 PM,3/2/2025,
429,43.4,gf,1.680,mm,OK,--,8:13:50 PM,3/2/2025,
430,43.6,gf,1.680,mm,OK,--,8:13:50 PM,3/2/2025,
431,43.6,gf,1.685,mm,OK,--,8:13:50 PM,3/2/2025,
432,43.6,gf,1.685,mm,OK,--,8:13:50 PM,3/2/2025,
433,43.7,gf,1.690,mm,OK,--,8:13:50 PM,3/2/2025,
434,43.7,gf,1.690,mm,OK,--,8:13:50 PM,3/2/2025,
435,43.7,gf,1.695,mm,OK,--,8:13:50 PM,3/2/2025,
436,43.7,gf,1.700,mm,OK,--,8:13:50 PM,3/2/2025,
437,43.7,gf,1.705,mm,OK,--,8:13:51 PM,3/2/2025,
438,43.7,gf,1.710,mm,OK,--,8:13:51 PM,3/2/2025,
439,43.7,gf,1.715,mm,OK,--,8:13:51 PM,3/2/2025,
440,43.8,gf,1.725,mm,OK,--,8:13:51 PM,3/2/2025,
441,43.8,gf,1.735,mm,OK,--,8:13:51 PM,3/2/2025,
442,43.9,gf,1.740,mm,OK,--,8:13:51 PM,3/2/2025,
443,44.0,gf,1.745,mm,OK,--,8:13:51 PM,3/2/2025,
444,43.9,gf,1.750,mm,OK,--,8:13:51 PM,3/2/2025,
445,43.9,gf,1.760,mm,OK,--,8:13:51 PM,3/2/2025,
446,43.9,gf,1.760,mm,OK,--,8:13:51 PM,3/2/2025,
447,43.9,gf,1.765,mm,OK,--,8:13:52 PM,3/2/2025,
448,43.9,gf,1.770,mm,OK,--,8:13:52 PM,3/2/2025,
449,44.0,gf,1.775,mm,OK,--,8:13:52 PM,3/2/2025,
450,44.0,gf,1.780,mm,OK,--,8:13:52 PM,3/2/2025,
451,43.9,gf,1.785,mm,OK,--,8:13:52 PM,3/2/2025,
452,43.9,gf,1.790,mm,OK,--,8:13:52 PM,3/2/2025,
453,44.0,gf,1.795,mm,OK,--,8:13:52 PM,3/2/2025,
454,44.0,gf,1.800,mm,OK,--,8:13:52 PM,3/2/2025,
455,44.1,gf,1.805,mm,OK,--,8:13:52 PM,3/2/2025,
456,44.1,gf,1.810,mm,OK,--,8:13:52 PM,3/2/2025,
457,44.1,gf,1.815,mm,OK,--,8:13:53 PM,3/2/2025,
458,44.1,gf,1.825,mm,OK,--,8:13:53 PM,3/2/2025,
459,44.1,gf,1.830,mm,OK,--,8:13:53 PM,3/2/2025,
460,44.1,gf,1.835,mm,OK,--,8:13:53 PM,3/2/2025,
461,44.1,gf,1.840,mm,OK,--,8:13:53 PM,3/2/2025,
462,44.2,gf,1.850,mm,OK,--,8:13:53 PM,3/2/2025,
463,44.2,gf,1.855,mm,OK,--,8:13:53 PM,3/2/2025,
464,44.3,gf,1.860,mm,OK,--,8:13:53 PM,3/2/2025,
465,44.2,gf,1.865,mm,OK,--,8:13:53 PM,3/2/2025,
466,44.2,gf,1.870,mm,OK,--,8:13:53 PM,3/2/2025,
467,44.1,gf,1.875,mm,OK,--,8:13:54 PM,3/2/2025,
468,44.1,gf,1.875,mm,OK,--,8:13:54 PM,3/2/2025,
469,44.1,gf,1.875,mm,OK,--,8:13:54 PM,3/2/2025,
470,44.2,gf,1.880,mm,OK,--,8:13:54 PM,3/2/2025,
471,44.2,gf,1.885,mm,OK,--,8:13:54 PM,3/2/2025,
472,44.2,gf,1.885,mm,OK,--,8:13:54 PM,3/2/2025,
473,44.2,gf,1.890,mm,OK,--,8:13:54 PM,3/2/2025,
474,44.2,gf,1.895,mm,OK,--,8:13:54 PM,3/2/2025,
475,44.2,gf,1.895,mm,OK,--,8:13:54 PM,3/2/2025,
476,44.2,gf,1.900,mm,OK,--,8:13:54 PM,3/2/2025,
477,44.2,gf,1.905,mm,OK,--,8:13:55 PM,3/2/2025,
478,44.2,gf,1.910,mm,OK,--,8:13:55 PM,3/2/2025,
479,44.3,gf,1.915,mm,OK,--,8:13:55 PM,3/2/2025,
480,44.4,gf,1.920,mm,OK,--,8:13:55 PM,3/2/2025,
481,44.4,gf,1.925,mm,OK,--,8:13:55 PM,3/2/2025,
482,44.5,gf,1.930,mm,OK,--,8:13:55 PM,3/2/2025,
483,44.5,gf,1.940,mm,OK,--,8:13:55 PM,3/2/2025,
484,44.6,gf,1.945,mm,OK,--,8:13:55 PM,3/2/2025,
485,44.6,gf,1.950,mm,OK,--,8:13:55 PM,3/2/2025,
486,44.6,gf,1.955,mm,OK,--,8:13:55 PM,3/2/2025,
487,44.6,gf,1.960,mm,OK,--,8:13:56 PM,3/2/2025,
488,44.6,gf,1.965,mm,OK,--,8:13:56 PM,3/2/2025,
489,44.6,gf,1.970,mm,OK,--,8:13:56 PM,3/2/2025,
490,44.6,gf,1.975,mm,OK,--,8:13:56 PM,3/2/2025,
491,44.6,gf,1.980,mm,OK,--,8:13:56 PM,3/2/2025,
492,44.5,gf,1.985,mm,OK,--,8:13:56 PM,3/2/2025,
493,44.6,gf,1.990,mm,OK,--,8:13:56 PM,3/2/2025,
494,44.5,gf,1.990,mm,OK,--,8:13:56 PM,3/2/2025,
495,44.5,gf,1.995,mm,OK,--,8:13:56 PM,3/2/2025,
496,44.5,gf,2.000,mm,OK,--,8:13:56 PM,3/2/2025,
497,44.6,gf,2.005,mm,OK,--,8:13:57 PM,3/2/2025,
498,44.6,gf,2.005,mm,OK,--,8:13:57 PM,3/2/2025,
499,44.6,gf,2.010,mm,OK,--,8:13:57 PM,3/2/2025,
500,44.6,gf,2.015,mm,OK,--,8:13:57 PM,3/2/2025,
501,44.6,gf,2.020,mm,OK,--,8:13:57 PM,3/2/2025,
502,44.6,gf,2.025,mm,OK,--,8:13:57 PM,3/2/2025,
503,44.6,gf,2.030,mm,OK,--,8:13:57 PM,3/2/2025,
504,44.6,gf,2.035,mm,OK,--,8:13:57 PM,3/2/2025,
505,44.6,gf,2.040,mm,OK,--,8:13:57 PM,3/2/2025,
506,44.6,gf,2.045,mm,OK,--,8:13:57 PM,3/2/2025,
507,44.7,gf,2.050,mm,OK,--,8:13:58 PM,3/2/2025,
508,44.7,gf,2.055,mm,OK,--,8:13:58 PM,3/2/2025,
509,44.7,gf,2.060,mm,OK,--,8:13:58 PM,3/2/2025,
510,44.7,gf,2.065,mm,OK,--,8:13:58 PM,3/2/2025,
511,44.7,gf,2.070,mm,OK,--,8:13:58 PM,3/2/2025,
512,44.7,gf,2.070,mm,OK,--,8:13:58 PM,3/2/2025,
513,44.7,gf,2.075,mm,OK,--,8:13:58 PM,3/2/2025,
514,44.8,gf,2.080,mm,OK,--,8:13:58 PM,3/2/2025,
515,44.8,gf,2.085,mm,OK,--,8:13:58 PM,3/2/2025,
516,44.8,gf,2.090,mm,OK,--,8:13:58 PM,3/2/2025,
517,44.8,gf,2.095,mm,OK,--,8:13:59 PM,3/2/2025,
518,44.8,gf,2.100,mm,OK,--,8:13:59 PM,3/2/2025,
519,44.9,gf,2.105,mm,OK,--,8:13:59 PM,3/2/2025,
520,44.9,gf,2.115,mm,OK,--,8:13:59 PM,3/2/2025,
521,45.0,gf,2.120,mm,OK,--,8:13:59 PM,3/2/2025,
522,45.0,gf,2.125,mm,OK,--,8:13:59 PM,3/2/2025,
523,45.0,gf,2.130,mm,OK,--,8:13:59 PM,3/2/2025,
524,45.1,gf,2.135,mm,OK,--,8:13:59 PM,3/2/2025,
525,45.1,gf,2.140,mm,OK,--,8:13:59 PM,3/2/2025,
526,45.2,gf,2.145,mm,OK,--,8:13:59 PM,3/2/2025,
527,45.2,gf,2.150,mm,OK,--,8:14:00 PM,3/2/2025,
528,45.2,gf,2.150,mm,OK,--,8:14:00 PM,3/2/2025,
529,45.2,gf,2.155,mm,OK,--,8:14:00 PM,3/2/2025,
530,45.2,gf,2.155,mm,OK,--,8:14:00 PM,3/2/2025,
531,45.2,gf,2.160,mm,OK,--,8:14:00 PM,3/2/2025,
532,45.2,gf,2.165,mm,OK,--,8:14:00 PM,3/2/2025,
533,45.2,gf,2.170,mm,OK,--,8:14:00 PM,3/2/2025,
534,45.2,gf,2.170,mm,OK,--,8:14:00 PM,3/2/2025,
535,45.2,gf,2.175,mm,OK,--,8:14:00 PM,3/2/2025,
536,45.1,gf,2.180,mm,OK,--,8:14:00 PM,3/2/2025,
537,45.1,gf,2.185,mm,OK,--,8:14:01 PM,3/2/2025,
538,45.1,gf,2.185,mm,OK,--,8:14:01 PM,3/2/2025,
539,45.1,gf,2.190,mm,OK,--,8:14:01 PM,3/2/2025,
540,45.2,gf,2.195,mm,OK,--,8:14:01 PM,3/2/2025,
541,45.3,gf,2.205,mm,OK,--,8:14:01 PM,3/2/2025,
542,45.4,gf,2.210,mm,OK,--,8:14:01 PM,3/2/2025,
543,45.4,gf,2.215,mm,OK,--,8:14:01 PM,3/2/2025,
544,45.4,gf,2.220,mm,OK,--,8:14:01 PM,3/2/2025,
545,45.4,gf,2.225,mm,OK,--,8:14:01 PM,3/2/2025,
546,45.3,gf,2.235,mm,OK,--,8:14:01 PM,3/2/2025,
547,45.3,gf,2.240,mm,OK,--,8:14:02 PM,3/2/2025,
548,45.2,gf,2.250,mm,OK,--,8:14:02 PM,3/2/2025,
549,45.2,gf,2.255,mm,OK,--,8:14:02 PM,3/2/2025,
550,45.3,gf,2.265,mm,OK,--,8:14:02 PM,3/2/2025,
551,45.3,gf,2.270,mm,OK,--,8:14:02 PM,3/2/2025,
552,45.4,gf,2.280,mm,OK,--,8:14:02 PM,3/2/2025,
553,45.4,gf,2.285,mm,OK,--,8:14:02 PM,3/2/2025,
554,45.4,gf,2.295,mm,OK,--,8:14:02 PM,3/2/2025,
555,45.4,gf,2.300,mm,OK,--,8:14:02 PM,3/2/2025,
556,45.4,gf,2.305,mm,OK,--,8:14:02 PM,3/2/2025,
557,45.5,gf,2.310,mm,OK,--,8:14:03 PM,3/2/2025,
558,45.5,gf,2.310,mm,OK,--,8:14:03 PM,3/2/2025,
559,45.5,gf,2.315,mm,OK,--,8:14:03 PM,3/2/2025,
560,45.5,gf,2.320,mm,OK,--,8:14:03 PM,3/2/2025,
561,45.5,gf,2.320,mm,OK,--,8:14:03 PM,3/2/2025,
562,45.6,gf,2.325,mm,OK,--,8:14:03 PM,3/2/2025,
563,45.6,gf,2.330,mm,OK,--,8:14:03 PM,3/2/2025,
564,45.6,gf,2.335,mm,OK,--,8:14:03 PM,3/2/2025,
565,45.7,gf,2.335,mm,OK,--,8:14:03 PM,3/2/2025,
566,45.8,gf,2.340,mm,OK,--,8:14:03 PM,3/2/2025,
567,45.8,gf,2.345,mm,OK,--,8:14:04 PM,3/2/2025,
568,45.8,gf,2.345,mm,OK,--,8:14:04 PM,3/2/2025,
569,45.8,gf,2.350,mm,OK,--,8:14:04 PM,3/2/2025,
570,45.8,gf,2.355,mm,OK,--,8:14:04 PM,3/2/2025,
571,45.8,gf,2.355,mm,OK,--,8:14:04 PM,3/2/2025,
572,45.7,gf,2.360,mm,OK,--,8:14:04 PM,3/2/2025,
573,45.7,gf,2.360,mm,OK,--,8:14:04 PM,3/2/2025,
574,45.7,gf,2.365,mm,OK,--,8:14:04 PM,3/2/2025,
575,45.7,gf,2.370,mm,OK,--,8:14:04 PM,3/2/2025,
576,45.8,gf,2.370,mm,OK,--,8:14:04 PM,3/2/2025,
577,45.8,gf,2.375,mm,OK,--,8:14:05 PM,3/2/2025,
578,45.7,gf,2.375,mm,OK,--,8:14:05 PM,3/2/2025,
579,45.7,gf,2.380,mm,OK,--,8:14:05 PM,3/2/2025,
580,45.7,gf,2.380,mm,OK,--,8:14:05 PM,3/2/2025,
581,45.7,gf,2.385,mm,OK,--,8:14:05 PM,3/2/2025,
582,45.7,gf,2.390,mm,OK,--,8:14:05 PM,3/2/2025,
583,45.7,gf,2.390,mm,OK,--,8:14:05 PM,3/2/2025,
584,45.7,gf,2.390,mm,OK,--,8:14:05 PM,3/2/2025,
585,45.7,gf,2.395,mm,OK,--,8:14:05 PM,3/2/2025,
586,45.7,gf,2.395,mm,OK,--,8:14:05 PM,3/2/2025,
587,45.7,gf,2.395,mm,OK,--,8:14:06 PM,3/2/2025,
588,45.7,gf,2.400,mm,OK,--,8:14:06 PM,3/2/2025,
589,45.7,gf,2.400,mm,OK,--,8:14:06 PM,3/2/2025,
590,45.7,gf,2.405,mm,OK,--,8:14:06 PM,3/2/2025,
591,45.7,gf,2.405,mm,OK,--,8:14:06 PM,3/2/2025,
592,45.7,gf,2.405,mm,OK,--,8:14:06 PM,3/2/2025,
593,45.7,gf,2.410,mm,OK,--,8:14:06 PM,3/2/2025,
594,45.7,gf,2.410,mm,OK,--,8:14:06 PM,3/2/2025,
595,45.7,gf,2.415,mm,OK,--,8:14:06 PM,3/2/2025,
596,45.8,gf,2.415,mm,OK,--,8:14:06 PM,3/2/2025,
597,45.8,gf,2.420,mm,OK,--,8:14:07 PM,3/2/2025,
598,45.8,gf,2.420,mm,OK,--,8:14:07 PM,3/2/2025,
599,45.8,gf,2.425,mm,OK,--,8:14:07 PM,3/2/2025,
600,45.8,gf,2.425,mm,OK,--,8:14:07 PM,3/2/2025,
601,45.8,gf,2.430,mm,OK,--,8:14:07 PM,3/2/2025,
602,45.8,gf,2.430,mm,OK,--,8:14:07 PM,3/2/2025,
603,45.9,gf,2.435,mm,OK,--,8:14:07 PM,3/2/2025,
604,45.9,gf,2.440,mm,OK,--,8:14:07 PM,3/2/2025,
605,45.9,gf,2.440,mm,OK,--,8:14:07 PM,3/2/2025,
606,45.9,gf,2.445,mm,OK,--,8:14:07 PM,3/2/2025,
607,45.9,gf,2.445,mm,OK,--,8:14:08 PM,3/2/2025,
608,45.9,gf,2.450,mm,OK,--,8:14:08 PM,3/2/2025,
609,46.0,gf,2.450,mm,OK,--,8:14:08 PM,3/2/2025,
610,46.0,gf,2.455,mm,OK,--,8:14:08 PM,3/2/2025,
611,46.0,gf,2.460,mm,OK,--,8:14:08 PM,3/2/2025,
612,46.0,gf,2.465,mm,OK,--,8:14:08 PM,3/2/2025,
613,46.0,gf,2.470,mm,OK,--,8:14:08 PM,3/2/2025,
614,46.0,gf,2.470,mm,OK,--,8:14:08 PM,3/2/2025,
615,46.0,gf,2.475,mm,OK,--,8:14:08 PM,3/2/2025,
616,46.0,gf,2.480,mm,OK,--,8:14:08 PM,3/2/2025,
617,46.0,gf,2.485,mm,OK,--,8:14:09 PM,3/2/2025,
618,46.0,gf,2.485,mm,OK,--,8:14:09 PM,3/2/2025,
619,46.0,gf,2.490,mm,OK,--,8:14:09 PM,3/2/2025,
620,46.0,gf,2.495,mm,OK,--,8:14:09 PM,3/2/2025,
621,46.0,gf,2.500,mm,OK,--,8:14:09 PM,3/2/2025,
622,46.0,gf,2.505,mm,OK,--,8:14:09 PM,3/2/2025,
623,46.0,gf,2.505,mm,OK,--,8:14:09 PM,3/2/2025,
624,46.0,gf,2.510,mm,OK,--,8:14:09 PM,3/2/2025,
625,46.0,gf,2.515,mm,OK,--,8:14:09 PM,3/2/2025,
626,46.0,gf,2.515,mm,OK,--,8:14:09 PM,3/2/2025,
627,46.0,gf,2.520,mm,OK,--,8:14:10 PM,3/2/2025,
628,46.1,gf,2.525,mm,OK,--,8:14:10 PM,3/2/2025,
629,46.2,gf,2.530,mm,OK,--,8:14:10 PM,3/2/2025,
630,46.3,gf,2.535,mm,OK,--,8:14:10 PM,3/2/2025,
631,46.3,gf,2.540,mm,OK,--,8:14:10 PM,3/2/2025,
632,46.3,gf,2.545,mm,OK,--,8:14:10 PM,3/2/2025,
633,46.4,gf,2.550,mm,OK,--,8:14:10 PM,3/2/2025,
634,46.3,gf,2.555,mm,OK,--,8:14:10 PM,3/2/2025,
635,46.3,gf,2.560,mm,OK,--,8:14:10 PM,3/2/2025,
636,46.3,gf,2.565,mm,OK,--,8:14:10 PM,3/2/2025,
637,46.3,gf,2.565,mm,OK,--,8:14:11 PM,3/2/2025,
638,46.3,gf,2.570,mm,OK,--,8:14:11 PM,3/2/2025,
639,46.4,gf,2.570,mm,OK,--,8:14:11 PM,3/2/2025,
640,46.4,gf,2.570,mm,OK,--,8:14:11 PM,3/2/2025,
641,46.4,gf,2.575,mm,OK,--,8:14:11 PM,3/2/2025,
642,46.4,gf,2.575,mm,OK,--,8:14:11 PM,3/2/2025,
643,46.4,gf,2.575,mm,OK,--,8:14:11 PM,3/2/2025,
644,46.4,gf,2.575,mm,OK,--,8:14:11 PM,3/2/2025,
645,46.4,gf,2.580,mm,OK,--,8:14:11 PM,3/2/2025,
646,46.4,gf,2.580,mm,OK,--,8:14:11 PM,3/2/2025,
647,46.5,gf,2.580,mm,OK,--,8:14:12 PM,3/2/2025,
648,46.5,gf,2.585,mm,OK,--,8:14:12 PM,3/2/2025,
649,46.5,gf,2.585,mm,OK,--,8:14:12 PM,3/2/2025,
650,46.5,gf,2.590,mm,OK,--,8:14:12 PM,3/2/2025,
651,46.5,gf,2.590,mm,OK,--,8:14:12 PM,3/2/2025,
652,46.5,gf,2.590,mm,OK,--,8:14:12 PM,3/2/2025,
653,46.5,gf,2.595,mm,OK,--,8:14:12 PM,3/2/2025,
654,46.5,gf,2.595,mm,OK,--,8:14:12 PM,3/2/2025,
655,46.5,gf,2.595,mm,OK,--,8:14:12 PM,3/2/2025,
656,46.5,gf,2.600,mm,OK,--,8:14:12 PM,3/2/2025,
657,46.5,gf,2.600,mm,OK,--,8:14:13 PM,3/2/2025,
658,46.5,gf,2.605,mm,OK,--,8:14:13 PM,3/2/2025,
659,46.6,gf,2.610,mm,OK,--,8:14:13 PM,3/2/2025,
660,46.6,gf,2.615,mm,OK,--,8:14:13 PM,3/2/2025,
661,46.6,gf,2.625,mm,OK,--,8:14:13 PM,3/2/2025,
662,46.6,gf,2.630,mm,OK,--,8:14:13 PM,3/2/2025,
663,46.6,gf,2.635,mm,OK,--,8:14:13 PM,3/2/2025,
664,46.6,gf,2.640,mm,OK,--,8:14:13 PM,3/2/2025,
665,46.6,gf,2.650,mm,OK,--,8:14:13 PM,3/2/2025,
666,46.6,gf,2.655,mm,OK,--,8:14:13 PM,3/2/2025,
667,46.6,gf,2.665,mm,OK,--,8:14:14 PM,3/2/2025,
668,46.8,gf,2.675,mm,OK,--,8:14:14 PM,3/2/2025,
669,46.7,gf,2.685,mm,OK,--,8:14:14 PM,3/2/2025,
670,46.8,gf,2.695,mm,OK,--,8:14:14 PM,3/2/2025,
671,46.8,gf,2.705,mm,OK,--,8:14:14 PM,3/2/2025,
672,46.8,gf,2.710,mm,OK,--,8:14:14 PM,3/2/2025,
673,46.8,gf,2.720,mm,OK,--,8:14:14 PM,3/2/2025,
674,46.8,gf,2.725,mm,OK,--,8:14:14 PM,3/2/2025,
675,46.8,gf,2.730,mm,OK,--,8:14:14 PM,3/2/2025,
676,46.9,gf,2.735,mm,OK,--,8:14:14 PM,3/2/2025,
677,46.9,gf,2.735,mm,OK,--,8:14:15 PM,3/2/2025,
678,47.1,gf,2.740,mm,OK,--,8:14:15 PM,3/2/2025,
679,47.1,gf,2.745,mm,OK,--,8:14:15 PM,3/2/2025,
680,47.1,gf,2.745,mm,OK,--,8:14:15 PM,3/2/2025,
681,47.2,gf,2.750,mm,OK,--,8:14:15 PM,3/2/2025,
682,47.2,gf,2.755,mm,OK,--,8:14:15 PM,3/2/2025,
683,47.2,gf,2.755,mm,OK,--,8:14:15 PM,3/2/2025,
684,47.2,gf,2.760,mm,OK,--,8:14:15 PM,3/2/2025,
685,47.2,gf,2.765,mm,OK,--,8:14:15 PM,3/2/2025,
686,47.2,gf,2.765,mm,OK,--,8:14:15 PM,3/2/2025,
687,47.2,gf,2.770,mm,OK,--,8:14:16 PM,3/2/2025,
688,47.2,gf,2.770,mm,OK,--,8:14:16 PM,3/2/2025,
689,47.2,gf,2.770,mm,OK,--,8:14:16 PM,3/2/2025,
690,47.2,gf,2.775,mm,OK,--,8:14:16 PM,3/2/2025,
691,47.2,gf,2.780,mm,OK,--,8:14:16 PM,3/2/2025,
692,47.2,gf,2.780,mm,OK,--,8:14:16 PM,3/2/2025,
693,47.1,gf,2.780,mm,OK,--,8:14:16 PM,3/2/2025,
694,47.1,gf,2.785,mm,OK,--,8:14:16 PM,3/2/2025,
695,47.1,gf,2.785,mm,OK,--,8:14:16 PM,3/2/2025,
696,47.1,gf,2.790,mm,OK,--,8:14:16 PM,3/2/2025,
697,47.2,gf,2.790,mm,OK,--,8:14:17 PM,3/2/2025,
698,47.2,gf,2.795,mm,OK,--,8:14:17 PM,3/2/2025,
699,47.2,gf,2.795,mm,OK,--,8:14:17 PM,3/2/2025,
700,47.2,gf,2.795,mm,OK,--,8:14:17 PM,3/2/2025,
701,47.2,gf,2.800,mm,OK,--,8:14:17 PM,3/2/2025,
702,47.2,gf,2.800,mm,OK,--,8:14:17 PM,3/2/2025,
703,47.2,gf,2.805,mm,OK,--,8:14:17 PM,3/2/2025,
704,47.2,gf,2.810,mm,OK,--,8:14:17 PM,3/2/2025,
705,47.3,gf,2.810,mm,OK,--,8:14:17 PM,3/2/2025,
706,47.4,gf,2.815,mm,OK,--,8:14:17 PM,3/2/2025,
707,47.4,gf,2.825,mm,OK,--,8:14:18 PM,3/2/2025,
708,47.4,gf,2.830,mm,OK,--,8:14:18 PM,3/2/2025,
709,47.4,gf,2.835,mm,OK,--,8:14:18 PM,3/2/2025,
710,47.4,gf,2.840,mm,OK,--,8:14:18 PM,3/2/2025,
711,47.4,gf,2.850,mm,OK,--,8:14:18 PM,3/2/2025,
712,47.4,gf,2.855,mm,OK,--,8:14:18 PM,3/2/2025,
713,47.4,gf,2.860,mm,OK,--,8:14:18 PM,3/2/2025,
714,47.4,gf,2.870,mm,OK,--,8:14:18 PM,3/2/2025,
715,47.4,gf,2.880,mm,OK,--,8:14:18 PM,3/2/2025,
716,47.5,gf,2.895,mm,OK,--,8:14:18 PM,3/2/2025,
717,47.6,gf,2.905,mm,OK,--,8:14:19 PM,3/2/2025,
718,47.6,gf,2.910,mm,OK,--,8:14:19 PM,3/2/2025,
719,47.6,gf,2.915,mm,OK,--,8:14:19 PM,3/2/2025,
720,47.6,gf,2.915,mm,OK,--,8:14:19 PM,3/2/2025,
721,47.6,gf,2.920,mm,OK,--,8:14:19 PM,3/2/2025,
722,47.6,gf,2.925,mm,OK,--,8:14:19 PM,3/2/2025,
723,47.6,gf,2.930,mm,OK,--,8:14:19 PM,3/2/2025,
724,47.6,gf,2.930,mm,OK,--,8:14:19 PM,3/2/2025,
725,47.5,gf,2.935,mm,OK,--,8:14:19 PM,3/2/2025,
726,47.5,gf,2.935,mm,OK,--,8:14:19 PM,3/2/2025,
727,47.5,gf,2.940,mm,OK,--,8:14:20 PM,3/2/2025,
728,47.5,gf,2.945,mm,OK,--,8:14:20 PM,3/2/2025,
729,47.5,gf,2.950,mm,OK,--,8:14:20 PM,3/2/2025,
730,47.5,gf,2.955,mm,OK,--,8:14:20 PM,3/2/2025,
731,47.5,gf,2.955,mm,OK,--,8:14:20 PM,3/2/2025,
732,47.5,gf,2.960,mm,OK,--,8:14:20 PM,3/2/2025,
733,47.5,gf,2.965,mm,OK,--,8:14:20 PM,3/2/2025,
734,47.6,gf,2.970,mm,OK,--,8:14:20 PM,3/2/2025,
735,47.7,gf,2.975,mm,OK,--,8:14:20 PM,3/2/2025,
736,47.7,gf,2.980,mm,OK,--,8:14:20 PM,3/2/2025,
737,47.7,gf,2.985,mm,OK,--,8:14:21 PM,3/2/2025,
738,47.7,gf,2.995,mm,OK,--,8:14:21 PM,3/2/2025,
739,47.7,gf,3.000,mm,OK,--,8:14:21 PM,3/2/2025,
740,47.7,gf,3.005,mm,OK,--,8:14:21 PM,3/2/2025,
741,47.7,gf,3.010,mm,OK,--,8:14:21 PM,3/2/2025,
742,47.7,gf,3.015,mm,OK,--,8:14:21 PM,3/2/2025,
743,47.7,gf,3.015,mm,OK,--,8:14:21 PM,3/2/2025,
744,47.7,gf,3.020,mm,OK,--,8:14:21 PM,3/2/2025,
745,47.8,gf,3.025,mm,OK,--,8:14:21 PM,3/2/2025,
746,47.8,gf,3.025,mm,OK,--,8:14:21 PM,3/2/2025,
747,47.9,gf,3.030,mm,OK,--,8:14:22 PM,3/2/2025,
748,47.9,gf,3.035,mm,OK,--,8:14:22 PM,3/2/2025,
749,47.9,gf,3.040,mm,OK,--,8:14:22 PM,3/2/2025,
750,47.9,gf,3.045,mm,OK,--,8:14:22 PM,3/2/2025,
751,47.9,gf,3.050,mm,OK,--,8:14:22 PM,3/2/2025,
752,47.9,gf,3.055,mm,OK,--,8:14:22 PM,3/2/2025,
753,47.9,gf,3.055,mm,OK,--,8:14:22 PM,3/2/2025,
754,47.9,gf,3.060,mm,OK,--,8:14:22 PM,3/2/2025,
755,48.0,gf,3.065,mm,OK,--,8:14:22 PM,3/2/2025,
756,48.0,gf,3.075,mm,OK,--,8:14:22 PM,3/2/2025,
757,48.0,gf,3.075,mm,OK,--,8:14:23 PM,3/2/2025,
758,48.1,gf,3.080,mm,OK,--,8:14:23 PM,3/2/2025,
759,48.1,gf,3.085,mm,OK,--,8:14:23 PM,3/2/2025,
760,48.1,gf,3.090,mm,OK,--,8:14:23 PM,3/2/2025,
761,48.1,gf,3.095,mm,OK,--,8:14:23 PM,3/2/2025,
762,48.1,gf,3.095,mm,OK,--,8:14:23 PM,3/2/2025,
763,48.1,gf,3.100,mm,OK,--,8:14:23 PM,3/2/2025,
764,48.1,gf,3.100,mm,OK,--,8:14:23 PM,3/2/2025,
765,48.1,gf,3.105,mm,OK,--,8:14:23 PM,3/2/2025,
766,48.1,gf,3.105,mm,OK,--,8:14:23 PM,3/2/2025,
767,48.0,gf,3.110,mm,OK,--,8:14:24 PM,3/2/2025,
768,48.0,gf,3.110,mm,OK,--,8:14:24 PM,3/2/2025,
769,48.0,gf,3.115,mm,OK,--,8:14:24 PM,3/2/2025,
770,48.1,gf,3.120,mm,OK,--,8:14:24 PM,3/2/2025,
771,48.1,gf,3.125,mm,OK,--,8:14:24 PM,3/2/2025,
772,48.1,gf,3.125,mm,OK,--,8:14:24 PM,3/2/2025,
773,48.1,gf,3.130,mm,OK,--,8:14:24 PM,3/2/2025,
774,48.1,gf,3.130,mm,OK,--,8:14:24 PM,3/2/2025,
775,48.1,gf,3.135,mm,OK,--,8:14:24 PM,3/2/2025,
776,48.1,gf,3.135,mm,OK,--,8:14:24 PM,3/2/2025,
777,48.1,gf,3.140,mm,OK,--,8:14:25 PM,3/2/2025,
778,48.1,gf,3.140,mm,OK,--,8:14:25 PM,3/2/2025,
779,48.1,gf,3.145,mm,OK,--,8:14:25 PM,3/2/2025,
780,48.1,gf,3.150,mm,OK,--,8:14:25 PM,3/2/2025,
781,48.1,gf,3.155,mm,OK,--,8:14:25 PM,3/2/2025,
782,48.1,gf,3.160,mm,OK,--,8:14:25 PM,3/2/2025,
783,48.2,gf,3.160,mm,OK,--,8:14:25 PM,3/2/2025,
784,48.2,gf,3.165,mm,OK,--,8:14:25 PM,3/2/2025,
785,48.2,gf,3.170,mm,OK,--,8:14:25 PM,3/2/2025,
786,48.3,gf,3.170,mm,OK,--,8:14:25 PM,3/2/2025,
787,48.3,gf,3.175,mm,OK,--,8:14:26 PM,3/2/2025,
788,48.3,gf,3.180,mm,OK,--,8:14:26 PM,3/2/2025,
789,48.3,gf,3.185,mm,OK,--,8:14:26 PM,3/2/2025,
790,48.4,gf,3.190,mm,OK,--,8:14:26 PM,3/2/2025,
791,48.4,gf,3.190,mm,OK,--,8:14:26 PM,3/2/2025,
792,48.4,gf,3.195,mm,OK,--,8:14:26 PM,3/2/2025,
793,48.4,gf,3.200,mm,OK,--,8:14:26 PM,3/2/2025,
794,48.4,gf,3.205,mm,OK,--,8:14:26 PM,3/2/2025,
795,48.5,gf,3.210,mm,OK,--,8:14:26 PM,3/2/2025,
796,48.5,gf,3.215,mm,OK,--,8:14:26 PM,3/2/2025,
797,48.5,gf,3.220,mm,OK,--,8:14:27 PM,3/2/2025,
798,48.5,gf,3.220,mm,OK,--,8:14:27 PM,3/2/2025,
799,48.5,gf,3.225,mm,OK,--,8:14:27 PM,3/2/2025,
800,48.5,gf,3.230,mm,OK,--,8:14:27 PM,3/2/2025,
801,48.6,gf,3.235,mm,OK,--,8:14:27 PM,3/2/2025,
802,48.6,gf,3.240,mm,OK,--,8:14:27 PM,3/2/2025,
803,48.6,gf,3.245,mm,OK,--,8:14:27 PM,3/2/2025,
804,48.6,gf,3.255,mm,OK,--,8:14:27 PM,3/2/2025,
805,48.7,gf,3.260,mm,OK,--,8:14:27 PM,3/2/2025,
806,48.8,gf,3.265,mm,OK,--,8:14:27 PM,3/2/2025,
807,48.8,gf,3.275,mm,OK,--,8:14:28 PM,3/2/2025,
808,48.8,gf,3.285,mm,OK,--,8:14:28 PM,3/2/2025,
809,48.8,gf,3.295,mm,OK,--,8:14:28 PM,3/2/2025,
810,48.8,gf,3.300,mm,OK,--,8:14:28 PM,3/2/2025,
811,49.0,gf,3.310,mm,OK,--,8:14:28 PM,3/2/2025,
812,49.0,gf,3.320,mm,OK,--,8:14:28 PM,3/2/2025,
813,49.1,gf,3.330,mm,OK,--,8:14:28 PM,3/2/2025,
814,49.0,gf,3.345,mm,OK,--,8:14:28 PM,3/2/2025,
815,49.0,gf,3.350,mm,OK,--,8:14:28 PM,3/2/2025,
816,49.1,gf,3.360,mm,OK,--,8:14:28 PM,3/2/2025,
817,49.2,gf,3.365,mm,OK,--,8:14:29 PM,3/2/2025,
818,49.3,gf,3.375,mm,OK,--,8:14:29 PM,3/2/2025,
819,49.3,gf,3.385,mm,OK,--,8:14:29 PM,3/2/2025,
820,49.3,gf,3.395,mm,OK,--,8:14:29 PM,3/2/2025,
821,49.2,gf,3.400,mm,OK,--,8:14:29 PM,3/2/2025,
822,52.7,gf,3.405,mm,OK,--,8:14:29 PM,3/2/2025,
823,58.5,gf,3.415,mm,OK,--,8:14:29 PM,3/2/2025,
824,64.6,gf,3.420,mm,OK,--,8:14:29 PM,3/2/2025,
825,70.9,gf,3.425,mm,OK,--,8:14:29 PM,3/2/2025,
826,77.3,gf,3.430,mm,OK,--,8:14:29 PM,3/2/2025,
827,83.8,gf,3.440,mm,OK,--,8:14:30 PM,3/2/2025,
828,90.0,gf,3.445,mm,OK,--,8:14:30 PM,3/2/2025,
829,95.0,gf,3.450,mm,OK,--,8:14:30 PM,3/2/2025,
830,100.0,gf,3.455,mm,OK,--,8:14:30 PM,3/2/2025,
831,105.1,gf,3.460,mm,OK,--,8:14:30 PM,3/2/2025,
832,110.7,gf,3.465,mm,OK,--,8:14:30 PM,3/2/2025,
833,116.3,gf,3.470,mm,OK,--,8:14:30 PM,3/2/2025,
834,121.1,gf,3.475,mm,OK,--,8:14:30 PM,3/2/2025,
835,126.2,gf,3.480,mm,OK,--,8:14:30 PM,3/2/2025,
836,131.1,gf,3.485,mm,OK,--,8:14:30 PM,3/2/2025,
837,134.6,gf,3.490,mm,OK,--,8:14:31 PM,3/2/2025,
838,138.1,gf,3.490,mm,OK,--,8:14:31 PM,3/2/2025,
839,141.7,gf,3.495,mm,OK,--,8:14:31 PM,3/2/2025,
840,144.8,gf,3.500,mm,OK,--,8:14:31 PM,3/2/2025,
841,147.5,gf,3.500,mm,OK,--,8:14:31 PM,3/2/2025,
842,149.9,gf,3.505,mm,OK,--,8:14:31 PM,3/2/2025,
843,152.3,gf,3.505,mm,OK,--,8:14:31 PM,3/2/2025,
844,154.7,gf,3.510,mm,OK,--,8:14:31 PM,3/2/2025,
845,156.5,gf,3.510,mm,OK,--,8:14:31 PM,3/2/2025,
846,158.2,gf,3.510,mm,OK,--,8:14:31 PM,3/2/2025,
847,159.9,gf,3.515,mm,OK,--,8:14:32 PM,3/2/2025,
848,161.6,gf,3.515,mm,OK,--,8:14:32 PM,3/2/2025,
849,162.7,gf,3.515,mm,OK,--,8:14:32 PM,3/2/2025,
850,163.7,gf,3.515,mm,OK,--,8:14:32 PM,3/2/2025,
851,164.8,gf,3.520,mm,OK,--,8:14:32 PM,3/2/2025,
852,166.0,gf,3.520,mm,OK,--,8:14:32 PM,3/2/2025,
853,167.4,gf,3.520,mm,OK,--,8:14:32 PM,3/2/2025,
854,168.8,gf,3.520,mm,OK,--,8:14:32 PM,3/2/2025,
855,170.2,gf,3.525,mm,OK,--,8:14:32 PM,3/2/2025,
856,171.2,gf,3.525,mm,OK,--,8:14:32 PM,3/2/2025,
857,172.3,gf,3.525,mm,OK,--,8:14:33 PM,3/2/2025,
858,173.4,gf,3.525,mm,OK,--,8:14:33 PM,3/2/2025,
859,174.5,gf,3.525,mm,OK,--,8:14:33 PM,3/2/2025,
860,175.4,gf,3.530,mm,OK,--,8:14:33 PM,3/2/2025,
861,176.3,gf,3.530,mm,OK,--,8:14:33 PM,3/2/2025,
862,177.1,gf,3.530,mm,OK,--,8:14:33 PM,3/2/2025,
863,177.8,gf,3.530,mm,OK,--,8:14:33 PM,3/2/2025,
864,178.5,gf,3.530,mm,OK,--,8:14:33 PM,3/2/2025,
865,179.3,gf,3.530,mm,OK,--,8:14:33 PM,3/2/2025,
866,180.1,gf,3.535,mm,OK,--,8:14:33 PM,3/2/2025,
867,180.9,gf,3.535,mm,OK,--,8:14:34 PM,3/2/2025,
868,181.7,gf,3.535,mm,OK,--,8:14:34 PM,3/2/2025,
869,182.5,gf,3.535,mm,OK,--,8:14:34 PM,3/2/2025,
870,183.3,gf,3.535,mm,OK,--,8:14:34 PM,3/2/2025,
871,183.9,gf,3.535,mm,OK,--,8:14:34 PM,3/2/2025,
872,184.7,gf,3.535,mm,OK,--,8:14:34 PM,3/2/2025,
873,186.0,gf,3.540,mm,OK,--,8:14:34 PM,3/2/2025,
874,187.5,gf,3.540,mm,OK,--,8:14:34 PM,3/2/2025,
875,189.3,gf,3.540,mm,OK,--,8:14:34 PM,3/2/2025,
876,191.2,gf,3.545,mm,OK,--,8:14:34 PM,3/2/2025,
877,193.7,gf,3.545,mm,OK,--,8:14:35 PM,3/2/2025,
878,195.6,gf,3.550,mm,OK,--,8:14:35 PM,3/2/2025,
879,197.3,gf,3.550,mm,OK,--,8:14:35 PM,3/2/2025,
880,198.1,gf,3.550,mm,OK,--,8:14:35 PM,3/2/2025,
881,198.1,gf,3.550,mm,OK,--,8:14:35 PM,3/2/2025,
882,198.0,gf,3.550,mm,OK,--,8:14:35 PM,3/2/2025,
883,197.9,gf,3.550,mm,OK,--,8:14:35 PM,3/2/2025,
884,197.9,gf,3.550,mm,OK,--,8:14:35 PM,3/2/2025,
885,197.9,gf,3.550,mm,OK,--,8:14:35 PM,3/2/2025,
886,197.9,gf,3.550,mm,OK,--,8:14:35 PM,3/2/2025,
887,197.9,gf,3.550,mm,OK,--,8:14:36 PM,3/2/2025,
888,197.9,gf,3.550,mm,OK,--,8:14:36 PM,3/2/2025,
889,197.9,gf,3.550,mm,OK,--,8:14:36 PM,3/2/2025,
890,197.8,gf,3.550,mm,OK,--,8:14:36 PM,3/2/2025,
891,197.8,gf,3.550,mm,OK,--,8:14:36 PM,3/2/2025,
892,197.7,gf,3.550,mm,OK,--,8:14:36 PM,3/2/2025,
893,197.8,gf,3.550,mm,OK,--,8:14:36 PM,3/2/2025,
894,197.8,gf,3.550,mm,OK,--,8:14:36 PM,3/2/2025,
895,197.3,gf,3.550,mm,OK,--,8:14:36 PM,3/2/2025,
896,197.1,gf,3.550,mm,OK,--,8:14:36 PM,3/2/2025,
897,196.7,gf,3.550,mm,OK,--,8:14:37 PM,3/2/2025,
898,196.5,gf,3.550,mm,OK,--,8:14:37 PM,3/2/2025,
899,195.1,gf,3.550,mm,OK,--,8:14:37 PM,3/2/2025,
900,193.4,gf,3.550,mm,OK,--,8:14:37 PM,3/2/2025,
901,191.8,gf,3.545,mm,OK,--,8:14:37 PM,3/2/2025,
902,190.7,gf,3.545,mm,OK,--,8:14:37 PM,3/2/2025,
903,190.2,gf,3.545,mm,OK,--,8:14:37 PM,3/2/2025,
904,189.4,gf,3.545,mm,OK,--,8:14:37 PM,3/2/2025,
905,187.7,gf,3.545,mm,OK,--,8:14:37 PM,3/2/2025,
906,185.8,gf,3.540,mm,OK,--,8:14:37 PM,3/2/2025,
907,184.2,gf,3.540,mm,OK,--,8:14:38 PM,3/2/2025,
908,183.0,gf,3.540,mm,OK,--,8:14:38 PM,3/2/2025,
909,182.0,gf,3.535,mm,OK,--,8:14:38 PM,3/2/2025,
910,181.5,gf,3.535,mm,OK,--,8:14:38 PM,3/2/2025,
911,180.8,gf,3.535,mm,OK,--,8:14:38 PM,3/2/2025,
912,179.8,gf,3.535,mm,OK,--,8:14:38 PM,3/2/2025,
913,178.8,gf,3.535,mm,OK,--,8:14:38 PM,3/2/2025,
914,177.7,gf,3.535,mm,OK,--,8:14:38 PM,3/2/2025,
915,177.0,gf,3.535,mm,OK,--,8:14:38 PM,3/2/2025,
916,176.1,gf,3.530,mm,OK,--,8:14:38 PM,3/2/2025,
917,175.4,gf,3.530,mm,OK,--,8:14:39 PM,3/2/2025,
918,174.5,gf,3.530,mm,OK,--,8:14:39 PM,3/2/2025,
919,173.8,gf,3.530,mm,OK,--,8:14:39 PM,3/2/2025,
920,173.1,gf,3.530,mm,OK,--,8:14:39 PM,3/2/2025,
921,172.1,gf,3.530,mm,OK,--,8:14:39 PM,3/2/2025,
922,171.1,gf,3.525,mm,OK,--,8:14:39 PM,3/2/2025,
923,170.1,gf,3.525,mm,OK,--,8:14:39 PM,3/2/2025,
924,169.4,gf,3.525,mm,OK,--,8:14:39 PM,3/2/2025,
925,168.6,gf,3.525,mm,OK,--,8:14:39 PM,3/2/2025,
926,167.9,gf,3.525,mm,OK,--,8:14:39 PM,3/2/2025,
927,167.3,gf,3.525,mm,OK,--,8:14:40 PM,3/2/2025,
928,166.8,gf,3.525,mm,OK,--,8:14:40 PM,3/2/2025,
929,166.3,gf,3.525,mm,OK,--,8:14:40 PM,3/2/2025,
930,166.0,gf,3.525,mm,OK,--,8:14:40 PM,3/2/2025,
931,165.5,gf,3.520,mm,OK,--,8:14:40 PM,3/2/2025,
932,165.2,gf,3.520,mm,OK,--,8:14:40 PM,3/2/2025,
933,164.8,gf,3.520,mm,OK,--,8:14:40 PM,3/2/2025,
934,164.3,gf,3.520,mm,OK,--,8:14:40 PM,3/2/2025,
935,163.6,gf,3.520,mm,OK,--,8:14:40 PM,3/2/2025,
936,163.0,gf,3.520,mm,OK,--,8:14:40 PM,3/2/2025,
937,162.7,gf,3.520,mm,OK,--,8:14:41 PM,3/2/2025,
938,162.2,gf,3.520,mm,OK,--,8:14:41 PM,3/2/2025,
939,161.8,gf,3.520,mm,OK,--,8:14:41 PM,3/2/2025,
940,161.5,gf,3.520,mm,OK,--,8:14:41 PM,3/2/2025,
941,161.3,gf,3.520,mm,OK,--,8:14:41 PM,3/2/2025,
942,160.8,gf,3.520,mm,OK,--,8:14:41 PM,3/2/2025,
943,160.2,gf,3.515,mm,OK,--,8:14:41 PM,3/2/2025,
944,159.6,gf,3.515,mm,OK,--,8:14:41 PM,3/2/2025,
945,158.9,gf,3.515,mm,OK,--,8:14:41 PM,3/2/2025,
946,158.4,gf,3.515,mm,OK,--,8:14:41 PM,3/2/2025,
947,158.0,gf,3.515,mm,OK,--,8:14:42 PM,3/2/2025,
948,157.4,gf,3.515,mm,OK,--,8:14:42 PM,3/2/2025,
949,157.0,gf,3.515,mm,OK,--,8:14:42 PM,3/2/2025,
950,156.6,gf,3.515,mm,OK,--,8:14:42 PM,3/2/2025,
951,156.2,gf,3.515,mm,OK,--,8:14:42 PM,3/2/2025,
952,155.6,gf,3.515,mm,OK,--,8:14:42 PM,3/2/2025,
953,155.1,gf,3.510,mm,OK,--,8:14:42 PM,3/2/2025,
954,154.4,gf,3.510,mm,OK,--,8:14:42 PM,3/2/2025,
955,153.7,gf,3.510,mm,OK,--,8:14:42 PM,3/2/2025,
956,152.8,gf,3.510,mm,OK,--,8:14:42 PM,3/2/2025,
957,151.5,gf,3.510,mm,OK,--,8:14:43 PM,3/2/2025,
958,150.3,gf,3.510,mm,OK,--,8:14:43 PM,3/2/2025,
959,149.1,gf,3.505,mm,OK,--,8:14:43 PM,3/2/2025,
960,147.8,gf,3.505,mm,OK,--,8:14:43 PM,3/2/2025,
961,146.5,gf,3.505,mm,OK,--,8:14:43 PM,3/2/2025,
962,145.1,gf,3.505,mm,OK,--,8:14:43 PM,3/2/2025,
963,143.9,gf,3.500,mm,OK,--,8:14:43 PM,3/2/2025,
964,142.7,gf,3.500,mm,OK,--,8:14:43 PM,3/2/2025,
965,141.4,gf,3.500,mm,OK,--,8:14:43 PM,3/2/2025,
966,140.2,gf,3.500,mm,OK,--,8:14:43 PM,3/2/2025,
967,139.2,gf,3.495,mm,OK,--,8:14:44 PM,3/2/2025,
968,137.9,gf,3.495,mm,OK,--,8:14:44 PM,3/2/2025,
969,136.4,gf,3.495,mm,OK,--,8:14:44 PM,3/2/2025,
970,135.3,gf,3.495,mm,OK,--,8:14:44 PM,3/2/2025,
971,134.3,gf,3.490,mm,OK,--,8:14:44 PM,3/2/2025,
972,133.0,gf,3.490,mm,OK,--,8:14:44 PM,3/2/2025,
973,131.8,gf,3.490,mm,OK,--,8:14:44 PM,3/2/2025,
974,130.2,gf,3.490,mm,OK,--,8:14:44 PM,3/2/2025,
975,128.5,gf,3.485,mm,OK,--,8:14:44 PM,3/2/2025,
976,126.9,gf,3.485,mm,OK,--,8:14:44 PM,3/2/2025,
977,124.8,gf,3.480,mm,OK,--,8:14:45 PM,3/2/2025,
978,122.5,gf,3.480,mm,OK,--,8:14:45 PM,3/2/2025,
979,118.6,gf,3.475,mm,OK,--,8:14:45 PM,3/2/2025,
980,114.6,gf,3.475,mm,OK,--,8:14:45 PM,3/2/2025,
981,111.6,gf,3.470,mm,OK,--,8:14:45 PM,3/2/2025,
982,108.9,gf,3.465,mm,OK,--,8:14:45 PM,3/2/2025,
983,105.9,gf,3.465,mm,OK,--,8:14:45 PM,3/2/2025,
984,102.8,gf,3.460,mm,OK,--,8:14:45 PM,3/2/2025,
985,100.0,gf,3.460,mm,OK,--,8:14:45 PM,3/2/2025,
986,97.5,gf,3.455,mm,OK,--,8:14:45 PM,3/2/2025,
987,95.4,gf,3.455,mm,OK,--,8:14:46 PM,3/2/2025,
988,92.7,gf,3.450,mm,OK,--,8:14:46 PM,3/2/2025,
989,90.2,gf,3.450,mm,OK,--,8:14:46 PM,3/2/2025,
990,87.8,gf,3.445,mm,OK,--,8:14:46 PM,3/2/2025,
991,85.6,gf,3.445,mm,OK,--,8:14:46 PM,3/2/2025,
992,83.2,gf,3.445,mm,OK,--,8:14:46 PM,3/2/2025,
993,80.9,gf,3.440,mm,OK,--,8:14:46 PM,3/2/2025,
994,79.2,gf,3.440,mm,OK,--,8:14:46 PM,3/2/2025,
995,77.8,gf,3.435,mm,OK,--,8:14:46 PM,3/2/2025,
996,76.4,gf,3.435,mm,OK,--,8:14:46 PM,3/2/2025,
997,74.8,gf,3.435,mm,OK,--,8:14:47 PM,3/2/2025,
998,73.4,gf,3.435,mm,OK,--,8:14:47 PM,3/2/2025,
999,71.5,gf,3.430,mm,OK,--,8:14:47 PM,3/2/2025,
1000,69.8,gf,3.430,mm,OK,--,8:14:47 PM,3/2/2025,
1001,68.1,gf,3.430,mm,OK,--,8:14:47 PM,3/2/2025,
1002,66.3,gf,3.425,mm,OK,--,8:14:47 PM,3/2/2025,
1003,64.3,gf,3.425,mm,OK,--,8:14:47 PM,3/2/2025,
1004,62.6,gf,3.420,mm,OK,--,8:14:47 PM,3/2/2025,
1005,61.1,gf,3.420,mm,OK,--,8:14:47 PM,3/2/2025,
1006,59.4,gf,3.420,mm,OK,--,8:14:47 PM,3/2/2025,
1007,57.4,gf,3.415,mm,OK,--,8:14:48 PM,3/2/2025,
1008,55.5,gf,3.415,mm,OK,--,8:14:48 PM,3/2/2025,
1009,53.7,gf,3.415,mm,OK,--,8:14:48 PM,3/2/2025,
1010,51.7,gf,3.410,mm,OK,--,8:14:48 PM,3/2/2025,
1011,49.9,gf,3.410,mm,OK,--,8:14:48 PM,3/2/2025,
1012,48.2,gf,3.405,mm,OK,--,8:14:48 PM,3/2/2025,
1013,48.1,gf,3.405,mm,OK,--,8:14:48 PM,3/2/2025,
1014,48.1,gf,3.400,mm,OK,--,8:14:48 PM,3/2/2025,
1015,48.1,gf,3.395,mm,OK,--,8:14:48 PM,3/2/2025,
1016,48.1,gf,3.395,mm,OK,--,8:14:48 PM,3/2/2025,
1017,48.0,gf,3.390,mm,OK,--,8:14:49 PM,3/2/2025,
1018,48.0,gf,3.390,mm,OK,--,8:14:49 PM,3/2/2025,
1019,48.0,gf,3.385,mm,OK,--,8:14:49 PM,3/2/2025,
1020,47.9,gf,3.385,mm,OK,--,8:14:49 PM,3/2/2025,
1021,47.8,gf,3.380,mm,OK,--,8:14:49 PM,3/2/2025,
1022,47.9,gf,3.380,mm,OK,--,8:14:49 PM,3/2/2025,
1023,47.9,gf,3.375,mm,OK,--,8:14:49 PM,3/2/2025,
1024,47.9,gf,3.375,mm,OK,--,8:14:49 PM,3/2/2025,
1025,47.9,gf,3.370,mm,OK,--,8:14:49 PM,3/2/2025,
1026,47.8,gf,3.370,mm,OK,--,8:14:49 PM,3/2/2025,
1027,47.8,gf,3.365,mm,OK,--,8:14:50 PM,3/2/2025,
1028,47.8,gf,3.365,mm,OK,--,8:14:50 PM,3/2/2025,
1029,47.8,gf,3.360,mm,OK,--,8:14:50 PM,3/2/2025,
1030,47.8,gf,3.360,mm,OK,--,8:14:50 PM,3/2/2025,
1031,47.8,gf,3.355,mm,OK,--,8:14:50 PM,3/2/2025,
1032,47.8,gf,3.355,mm,OK,--,8:14:50 PM,3/2/2025,
1033,47.8,gf,3.350,mm,OK,--,8:14:50 PM,3/2/2025,
1034,47.8,gf,3.350,mm,OK,--,8:14:50 PM,3/2/2025,
1035,47.8,gf,3.345,mm,OK,--,8:14:50 PM,3/2/2025,
1036,47.8,gf,3.345,mm,OK,--,8:14:50 PM,3/2/2025,
1037,47.8,gf,3.340,mm,OK,--,8:14:51 PM,3/2/2025,
1038,47.8,gf,3.335,mm,OK,--,8:14:51 PM,3/2/2025,
1039,47.8,gf,3.330,mm,OK,--,8:14:51 PM,3/2/2025,
1040,47.8,gf,3.325,mm,OK,--,8:14:51 PM,3/2/2025,
1041,47.7,gf,3.320,mm,OK,--,8:14:51 PM,3/2/2025,
1042,47.7,gf,3.320,mm,OK,--,8:14:51 PM,3/2/2025,
1043,47.7,gf,3.315,mm,OK,--,8:14:51 PM,3/2/2025,
1044,47.6,gf,3.310,mm,OK,--,8:14:51 PM,3/2/2025,
1045,47.6,gf,3.305,mm,OK,--,8:14:51 PM,3/2/2025,
1046,47.6,gf,3.300,mm,OK,--,8:14:51 PM,3/2/2025,
1047,47.6,gf,3.290,mm,OK,--,8:14:52 PM,3/2/2025,
1048,47.5,gf,3.285,mm,OK,--,8:14:52 PM,3/2/2025,
1049,47.5,gf,3.280,mm,OK,--,8:14:52 PM,3/2/2025,
1050,47.5,gf,3.275,mm,OK,--,8:14:52 PM,3/2/2025,
1051,47.5,gf,3.275,mm,OK,--,8:14:52 PM,3/2/2025,
1052,47.5,gf,3.270,mm,OK,--,8:14:52 PM,3/2/2025,
1053,47.5,gf,3.270,mm,OK,--,8:14:52 PM,3/2/2025,
1054,47.5,gf,3.265,mm,OK,--,8:14:52 PM,3/2/2025,
1055,47.4,gf,3.260,mm,OK,--,8:14:52 PM,3/2/2025,
1056,47.4,gf,3.260,mm,OK,--,8:14:52 PM,3/2/2025,
1057,47.4,gf,3.255,mm,OK,--,8:14:53 PM,3/2/2025,
1058,47.4,gf,3.255,mm,OK,--,8:14:53 PM,3/2/2025,
1059,47.4,gf,3.250,mm,OK,--,8:14:53 PM,3/2/2025,
1060,47.4,gf,3.245,mm,OK,--,8:14:53 PM,3/2/2025,
1061,47.4,gf,3.240,mm,OK,--,8:14:53 PM,3/2/2025,
1062,47.4,gf,3.240,mm,OK,--,8:14:53 PM,3/2/2025,
1063,47.4,gf,3.235,mm,OK,--,8:14:53 PM,3/2/2025,
1064,47.4,gf,3.230,mm,OK,--,8:14:53 PM,3/2/2025,
1065,47.3,gf,3.225,mm,OK,--,8:14:53 PM,3/2/2025,
1066,47.3,gf,3.220,mm,OK,--,8:14:53 PM,3/2/2025,
1067,47.3,gf,3.215,mm,OK,--,8:14:54 PM,3/2/2025,
1068,47.3,gf,3.210,mm,OK,--,8:14:54 PM,3/2/2025,
1069,47.3,gf,3.210,mm,OK,--,8:14:54 PM,3/2/2025,
1070,47.2,gf,3.200,mm,OK,--,8:14:54 PM,3/2/2025,
1071,47.1,gf,3.195,mm,OK,--,8:14:54 PM,3/2/2025,
1072,47.1,gf,3.185,mm,OK,--,8:14:54 PM,3/2/2025,
1073,47.2,gf,3.180,mm,OK,--,8:14:54 PM,3/2/2025,
1074,47.1,gf,3.170,mm,OK,--,8:14:54 PM,3/2/2025,
1075,47.1,gf,3.165,mm,OK,--,8:14:54 PM,3/2/2025,
1076,47.1,gf,3.160,mm,OK,--,8:14:54 PM,3/2/2025,
1077,47.1,gf,3.155,mm,OK,--,8:14:55 PM,3/2/2025,
1078,47.1,gf,3.150,mm,OK,--,8:14:55 PM,3/2/2025,
1079,47.1,gf,3.145,mm,OK,--,8:14:55 PM,3/2/2025,
1080,47.1,gf,3.140,mm,OK,--,8:14:55 PM,3/2/2025,
1081,47.1,gf,3.135,mm,OK,--,8:14:55 PM,3/2/2025,
1082,47.1,gf,3.135,mm,OK,--,8:14:55 PM,3/2/2025,
1083,47.1,gf,3.130,mm,OK,--,8:14:55 PM,3/2/2025,
1084,47.1,gf,3.125,mm,OK,--,8:14:55 PM,3/2/2025,
1085,47.1,gf,3.125,mm,OK,--,8:14:55 PM,3/2/2025,
1086,47.1,gf,3.120,mm,OK,--,8:14:55 PM,3/2/2025,
1087,47.0,gf,3.115,mm,OK,--,8:14:56 PM,3/2/2025,
1088,47.0,gf,3.110,mm,OK,--,8:14:56 PM,3/2/2025,
1089,47.0,gf,3.105,mm,OK,--,8:14:56 PM,3/2/2025,
1090,47.0,gf,3.095,mm,OK,--,8:14:56 PM,3/2/2025,
1091,47.0,gf,3.090,mm,OK,--,8:14:56 PM,3/2/2025,
1092,47.0,gf,3.080,mm,OK,--,8:14:56 PM,3/2/2025,
1093,46.9,gf,3.075,mm,OK,--,8:14:56 PM,3/2/2025,
1094,46.8,gf,3.065,mm,OK,--,8:14:56 PM,3/2/2025,
1095,46.8,gf,3.060,mm,OK,--,8:14:56 PM,3/2/2025,
1096,46.8,gf,3.055,mm,OK,--,8:14:56 PM,3/2/2025,
1097,46.8,gf,3.045,mm,OK,--,8:14:57 PM,3/2/2025,
1098,46.7,gf,3.040,mm,OK,--,8:14:57 PM,3/2/2025,
1099,46.7,gf,3.030,mm,OK,--,8:14:57 PM,3/2/2025,
1100,46.7,gf,3.025,mm,OK,--,8:14:57 PM,3/2/2025,
1101,46.7,gf,3.020,mm,OK,--,8:14:57 PM,3/2/2025,
1102,46.7,gf,3.010,mm,OK,--,8:14:57 PM,3/2/2025,
1103,46.7,gf,3.005,mm,OK,--,8:14:57 PM,3/2/2025,
1104,46.7,gf,3.000,mm,OK,--,8:14:57 PM,3/2/2025,
1105,46.7,gf,2.995,mm,OK,--,8:14:57 PM,3/2/2025,
1106,46.7,gf,2.985,mm,OK,--,8:14:57 PM,3/2/2025,
1107,46.6,gf,2.975,mm,OK,--,8:14:58 PM,3/2/2025,
1108,46.5,gf,2.965,mm,OK,--,8:14:58 PM,3/2/2025,
1109,46.5,gf,2.955,mm,OK,--,8:14:58 PM,3/2/2025,
1110,46.5,gf,2.945,mm,OK,--,8:14:58 PM,3/2/2025,
1111,46.4,gf,2.935,mm,OK,--,8:14:58 PM,3/2/2025,
1112,46.4,gf,2.920,mm,OK,--,8:14:58 PM,3/2/2025,
1113,46.3,gf,2.910,mm,OK,--,8:14:58 PM,3/2/2025,
1114,46.3,gf,2.900,mm,OK,--,8:14:58 PM,3/2/2025,
1115,46.2,gf,2.890,mm,OK,--,8:14:58 PM,3/2/2025,
1116,46.2,gf,2.880,mm,OK,--,8:14:58 PM,3/2/2025,
1117,46.2,gf,2.870,mm,OK,--,8:14:59 PM,3/2/2025,
1118,46.2,gf,2.865,mm,OK,--,8:14:59 PM,3/2/2025,
1119,46.2,gf,2.855,mm,OK,--,8:14:59 PM,3/2/2025,
1120,46.1,gf,2.840,mm,OK,--,8:14:59 PM,3/2/2025,
1121,46.2,gf,2.830,mm,OK,--,8:14:59 PM,3/2/2025,
1122,46.1,gf,2.825,mm,OK,--,8:14:59 PM,3/2/2025,
1123,46.1,gf,2.815,mm,OK,--,8:14:59 PM,3/2/2025,
1124,46.0,gf,2.805,mm,OK,--,8:14:59 PM,3/2/2025,
1125,46.0,gf,2.795,mm,OK,--,8:14:59 PM,3/2/2025,
1126,45.9,gf,2.785,mm,OK,--,8:14:59 PM,3/2/2025,
1127,45.9,gf,2.775,mm,OK,--,8:15:00 PM,3/2/2025,
1128,45.9,gf,2.765,mm,OK,--,8:15:00 PM,3/2/2025,
1129,45.9,gf,2.755,mm,OK,--,8:15:00 PM,3/2/2025,
1130,45.8,gf,2.750,mm,OK,--,8:15:00 PM,3/2/2025,
1131,45.7,gf,2.740,mm,OK,--,8:15:00 PM,3/2/2025,
1132,45.7,gf,2.735,mm,OK,--,8:15:00 PM,3/2/2025,
1133,45.7,gf,2.725,mm,OK,--,8:15:00 PM,3/2/2025,
1134,45.7,gf,2.720,mm,OK,--,8:15:00 PM,3/2/2025,
1135,45.7,gf,2.710,mm,OK,--,8:15:00 PM,3/2/2025,
1136,45.7,gf,2.700,mm,OK,--,8:15:00 PM,3/2/2025,
1137,45.6,gf,2.695,mm,OK,--,8:15:01 PM,3/2/2025,
1138,45.6,gf,2.680,mm,OK,--,8:15:01 PM,3/2/2025,
1139,45.6,gf,2.675,mm,OK,--,8:15:01 PM,3/2/2025,
1140,45.5,gf,2.665,mm,OK,--,8:15:01 PM,3/2/2025,
1141,45.5,gf,2.655,mm,OK,--,8:15:01 PM,3/2/2025,
1142,45.5,gf,2.650,mm,OK,--,8:15:01 PM,3/2/2025,
1143,45.5,gf,2.645,mm,OK,--,8:15:01 PM,3/2/2025,
1144,45.5,gf,2.635,mm,OK,--,8:15:01 PM,3/2/2025,
1145,45.5,gf,2.625,mm,OK,--,8:15:01 PM,3/2/2025,
1146,45.5,gf,2.620,mm,OK,--,8:15:01 PM,3/2/2025,
1147,45.5,gf,2.615,mm,OK,--,8:15:02 PM,3/2/2025,
1148,45.5,gf,2.615,mm,OK,--,8:15:02 PM,3/2/2025,
1149,45.4,gf,2.610,mm,OK,--,8:15:02 PM,3/2/2025,
1150,45.4,gf,2.605,mm,OK,--,8:15:02 PM,3/2/2025,
1151,45.4,gf,2.600,mm,OK,--,8:15:02 PM,3/2/2025,
1152,45.4,gf,2.600,mm,OK,--,8:15:02 PM,3/2/2025,
1153,45.4,gf,2.595,mm,OK,--,8:15:02 PM,3/2/2025,
1154,45.4,gf,2.595,mm,OK,--,8:15:02 PM,3/2/2025,
1155,45.4,gf,2.590,mm,OK,--,8:15:02 PM,3/2/2025,
1156,45.4,gf,2.585,mm,OK,--,8:15:02 PM,3/2/2025,
1157,45.3,gf,2.585,mm,OK,--,8:15:03 PM,3/2/2025,
1158,45.3,gf,2.580,mm,OK,--,8:15:03 PM,3/2/2025,
1159,45.3,gf,2.575,mm,OK,--,8:15:03 PM,3/2/2025,
1160,45.3,gf,2.575,mm,OK,--,8:15:03 PM,3/2/2025,
1161,45.2,gf,2.570,mm,OK,--,8:15:03 PM,3/2/2025,
1162,45.2,gf,2.565,mm,OK,--,8:15:03 PM,3/2/2025,
1163,45.2,gf,2.560,mm,OK,--,8:15:03 PM,3/2/2025,
1164,45.2,gf,2.555,mm,OK,--,8:15:03 PM,3/2/2025,
1165,45.2,gf,2.550,mm,OK,--,8:15:03 PM,3/2/2025,
1166,45.1,gf,2.545,mm,OK,--,8:15:03 PM,3/2/2025,
1167,45.1,gf,2.545,mm,OK,--,8:15:04 PM,3/2/2025,
1168,45.0,gf,2.540,mm,OK,--,8:15:04 PM,3/2/2025,
1169,45.0,gf,2.535,mm,OK,--,8:15:04 PM,3/2/2025,
1170,45.0,gf,2.530,mm,OK,--,8:15:04 PM,3/2/2025,
1171,45.0,gf,2.525,mm,OK,--,8:15:04 PM,3/2/2025,
1172,45.0,gf,2.520,mm,OK,--,8:15:04 PM,3/2/2025,
1173,44.9,gf,2.515,mm,OK,--,8:15:04 PM,3/2/2025,
1174,44.9,gf,2.510,mm,OK,--,8:15:04 PM,3/2/2025,
1175,44.9,gf,2.505,mm,OK,--,8:15:04 PM,3/2/2025,
1176,44.9,gf,2.505,mm,OK,--,8:15:04 PM,3/2/2025,
1177,44.9,gf,2.500,mm,OK,--,8:15:05 PM,3/2/2025,
1178,44.9,gf,2.495,mm,OK,--,8:15:05 PM,3/2/2025,
1179,44.9,gf,2.495,mm,OK,--,8:15:05 PM,3/2/2025,
1180,44.9,gf,2.490,mm,OK,--,8:15:05 PM,3/2/2025,
1181,44.9,gf,2.485,mm,OK,--,8:15:05 PM,3/2/2025,
1182,44.9,gf,2.480,mm,OK,--,8:15:05 PM,3/2/2025,
1183,44.9,gf,2.480,mm,OK,--,8:15:05 PM,3/2/2025,
1184,44.9,gf,2.475,mm,OK,--,8:15:05 PM,3/2/2025,
1185,44.9,gf,2.465,mm,OK,--,8:15:05 PM,3/2/2025,
1186,44.8,gf,2.460,mm,OK,--,8:15:05 PM,3/2/2025,
1187,44.8,gf,2.460,mm,OK,--,8:15:06 PM,3/2/2025,
1188,44.7,gf,2.455,mm,OK,--,8:15:06 PM,3/2/2025,
1189,44.7,gf,2.450,mm,OK,--,8:15:06 PM,3/2/2025,
1190,44.7,gf,2.445,mm,OK,--,8:15:06 PM,3/2/2025,
1191,44.6,gf,2.440,mm,OK,--,8:15:06 PM,3/2/2025,
1192,44.5,gf,2.435,mm,OK,--,8:15:06 PM,3/2/2025,
1193,44.6,gf,2.430,mm,OK,--,8:15:06 PM,3/2/2025,
1194,44.6,gf,2.425,mm,OK,--,8:15:06 PM,3/2/2025,
1195,44.6,gf,2.420,mm,OK,--,8:15:06 PM,3/2/2025,
1196,44.6,gf,2.420,mm,OK,--,8:15:06 PM,3/2/2025,
1197,44.6,gf,2.415,mm,OK,--,8:15:07 PM,3/2/2025,
1198,44.6,gf,2.415,mm,OK,--,8:15:07 PM,3/2/2025,
1199,44.6,gf,2.410,mm,OK,--,8:15:07 PM,3/2/2025,
1200,44.6,gf,2.410,mm,OK,--,8:15:07 PM,3/2/2025,
1201,44.6,gf,2.405,mm,OK,--,8:15:07 PM,3/2/2025,
1202,44.6,gf,2.400,mm,OK,--,8:15:07 PM,3/2/2025,
1203,44.6,gf,2.400,mm,OK,--,8:15:07 PM,3/2/2025,
1204,44.6,gf,2.395,mm,OK,--,8:15:07 PM,3/2/2025,
1205,44.6,gf,2.390,mm,OK,--,8:15:07 PM,3/2/2025,
1206,44.6,gf,2.385,mm,OK,--,8:15:07 PM,3/2/2025,
1207,44.6,gf,2.385,mm,OK,--,8:15:08 PM,3/2/2025,
1208,44.6,gf,2.380,mm,OK,--,8:15:08 PM,3/2/2025,
1209,44.5,gf,2.375,mm,OK,--,8:15:08 PM,3/2/2025,
1210,44.5,gf,2.370,mm,OK,--,8:15:08 PM,3/2/2025,
1211,44.5,gf,2.360,mm,OK,--,8:15:08 PM,3/2/2025,
1212,44.5,gf,2.355,mm,OK,--,8:15:08 PM,3/2/2025,
1213,44.5,gf,2.350,mm,OK,--,8:15:08 PM,3/2/2025,
1214,44.4,gf,2.345,mm,OK,--,8:15:08 PM,3/2/2025,
1215,44.3,gf,2.340,mm,OK,--,8:15:08 PM,3/2/2025,
1216,44.3,gf,2.335,mm,OK,--,8:15:08 PM,3/2/2025,
1217,44.2,gf,2.330,mm,OK,--,8:15:09 PM,3/2/2025,
1218,44.1,gf,2.325,mm,OK,--,8:15:09 PM,3/2/2025,
1219,44.1,gf,2.315,mm,OK,--,8:15:09 PM,3/2/2025,
1220,44.1,gf,2.305,mm,OK,--,8:15:09 PM,3/2/2025,
1221,44.0,gf,2.300,mm,OK,--,8:15:09 PM,3/2/2025,
1222,44.0,gf,2.295,mm,OK,--,8:15:09 PM,3/2/2025,
1223,43.9,gf,2.285,mm,OK,--,8:15:09 PM,3/2/2025,
1224,43.9,gf,2.275,mm,OK,--,8:15:09 PM,3/2/2025,
1225,43.9,gf,2.265,mm,OK,--,8:15:09 PM,3/2/2025,
1226,43.9,gf,2.255,mm,OK,--,8:15:09 PM,3/2/2025,
1227,43.9,gf,2.245,mm,OK,--,8:15:10 PM,3/2/2025,
1228,43.8,gf,2.240,mm,OK,--,8:15:10 PM,3/2/2025,
1229,43.7,gf,2.235,mm,OK,--,8:15:10 PM,3/2/2025,
1230,43.7,gf,2.230,mm,OK,--,8:15:10 PM,3/2/2025,
1231,43.6,gf,2.225,mm,OK,--,8:15:10 PM,3/2/2025,
1232,43.5,gf,2.225,mm,OK,--,8:15:10 PM,3/2/2025,
1233,43.3,gf,2.215,mm,OK,--,8:15:10 PM,3/2/2025,
1234,43.2,gf,2.210,mm,OK,--,8:15:10 PM,3/2/2025,
1235,43.1,gf,2.210,mm,OK,--,8:15:10 PM,3/2/2025,
1236,43.0,gf,2.205,mm,OK,--,8:15:10 PM,3/2/2025,
1237,43.0,gf,2.200,mm,OK,--,8:15:11 PM,3/2/2025,
1238,42.9,gf,2.195,mm,OK,--,8:15:11 PM,3/2/2025,
1239,42.8,gf,2.195,mm,OK,--,8:15:11 PM,3/2/2025,
1240,42.8,gf,2.190,mm,OK,--,8:15:11 PM,3/2/2025,
1241,42.8,gf,2.185,mm,OK,--,8:15:11 PM,3/2/2025,
1242,42.7,gf,2.185,mm,OK,--,8:15:11 PM,3/2/2025,
1243,42.7,gf,2.180,mm,OK,--,8:15:11 PM,3/2/2025,
1244,42.7,gf,2.175,mm,OK,--,8:15:11 PM,3/2/2025,
1245,42.6,gf,2.170,mm,OK,--,8:15:11 PM,3/2/2025,
1246,42.5,gf,2.170,mm,OK,--,8:15:11 PM,3/2/2025,
1247,42.4,gf,2.165,mm,OK,--,8:15:12 PM,3/2/2025,
1248,42.3,gf,2.160,mm,OK,--,8:15:12 PM,3/2/2025,
1249,42.2,gf,2.155,mm,OK,--,8:15:12 PM,3/2/2025,
1250,42.0,gf,2.150,mm,OK,--,8:15:12 PM,3/2/2025,
1251,42.0,gf,2.145,mm,OK,--,8:15:12 PM,3/2/2025,
1252,41.8,gf,2.135,mm,OK,--,8:15:12 PM,3/2/2025,
1253,41.7,gf,2.130,mm,OK,--,8:15:12 PM,3/2/2025,
1254,41.6,gf,2.120,mm,OK,--,8:15:12 PM,3/2/2025,
1255,41.5,gf,2.120,mm,OK,--,8:15:12 PM,3/2/2025,
1256,41.5,gf,2.115,mm,OK,--,8:15:12 PM,3/2/2025,
1257,41.3,gf,2.110,mm,OK,--,8:15:13 PM,3/2/2025,
1258,41.4,gf,2.110,mm,OK,--,8:15:13 PM,3/2/2025,
1259,41.4,gf,2.105,mm,OK,--,8:15:13 PM,3/2/2025,
1260,41.4,gf,2.105,mm,OK,--,8:15:13 PM,3/2/2025,
1261,41.4,gf,2.100,mm,OK,--,8:15:13 PM,3/2/2025,
1262,41.2,gf,2.100,mm,OK,--,8:15:13 PM,3/2/2025,
1263,41.0,gf,2.095,mm,OK,--,8:15:13 PM,3/2/2025,
1264,40.9,gf,2.090,mm,OK,--,8:15:13 PM,3/2/2025,
1265,40.8,gf,2.080,mm,OK,--,8:15:13 PM,3/2/2025,
1266,40.6,gf,2.070,mm,OK,--,8:15:13 PM,3/2/2025,
1267,40.6,gf,2.065,mm,OK,--,8:15:14 PM,3/2/2025,
1268,40.4,gf,2.055,mm,OK,--,8:15:14 PM,3/2/2025,
1269,40.3,gf,2.050,mm,OK,--,8:15:14 PM,3/2/2025,
1270,40.2,gf,2.045,mm,OK,--,8:15:14 PM,3/2/2025,
1271,40.2,gf,2.045,mm,OK,--,8:15:14 PM,3/2/2025,
1272,40.2,gf,2.040,mm,OK,--,8:15:14 PM,3/2/2025,
1273,40.2,gf,2.035,mm,OK,--,8:15:14 PM,3/2/2025,
1274,40.0,gf,2.030,mm,OK,--,8:15:14 PM,3/2/2025,
1275,40.0,gf,2.030,mm,OK,--,8:15:14 PM,3/2/2025,
1276,40.0,gf,2.025,mm,OK,--,8:15:14 PM,3/2/2025,
1277,40.0,gf,2.020,mm,OK,--,8:15:15 PM,3/2/2025,
1278,40.0,gf,2.020,mm,OK,--,8:15:15 PM,3/2/2025,
1279,39.9,gf,2.015,mm,OK,--,8:15:15 PM,3/2/2025,
1280,39.9,gf,2.010,mm,OK,--,8:15:15 PM,3/2/2025,
1281,39.8,gf,2.010,mm,OK,--,8:15:15 PM,3/2/2025,
1282,39.8,gf,2.005,mm,OK,--,8:15:15 PM,3/2/2025,
1283,39.8,gf,2.005,mm,OK,--,8:15:15 PM,3/2/2025,
1284,39.8,gf,2.000,mm,OK,--,8:15:15 PM,3/2/2025,
1285,39.8,gf,1.995,mm,OK,--,8:15:15 PM,3/2/2025,
1286,39.7,gf,1.995,mm,OK,--,8:15:15 PM,3/2/2025,
1287,39.6,gf,1.990,mm,OK,--,8:15:16 PM,3/2/2025,
1288,39.6,gf,1.985,mm,OK,--,8:15:16 PM,3/2/2025,
1289,39.6,gf,1.985,mm,OK,--,8:15:16 PM,3/2/2025,
1290,39.6,gf,1.980,mm,OK,--,8:15:16 PM,3/2/2025,
1291,39.5,gf,1.975,mm,OK,--,8:15:16 PM,3/2/2025,
1292,39.4,gf,1.975,mm,OK,--,8:15:16 PM,3/2/2025,
1293,39.5,gf,1.970,mm,OK,--,8:15:16 PM,3/2/2025,
1294,39.4,gf,1.970,mm,OK,--,8:15:16 PM,3/2/2025,
1295,39.4,gf,1.965,mm,OK,--,8:15:16 PM,3/2/2025,
1296,39.4,gf,1.965,mm,OK,--,8:15:16 PM,3/2/2025,
1297,39.2,gf,1.960,mm,OK,--,8:15:17 PM,3/2/2025,
1298,39.2,gf,1.960,mm,OK,--,8:15:17 PM,3/2/2025,
1299,39.1,gf,1.955,mm,OK,--,8:15:17 PM,3/2/2025,
1300,39.1,gf,1.950,mm,OK,--,8:15:17 PM,3/2/2025,
1301,39.1,gf,1.950,mm,OK,--,8:15:17 PM,3/2/2025,
1302,39.1,gf,1.945,mm,OK,--,8:15:17 PM,3/2/2025,
1303,39.0,gf,1.940,mm,OK,--,8:15:17 PM,3/2/2025,
1304,38.8,gf,1.935,mm,OK,--,8:15:17 PM,3/2/2025,
1305,38.7,gf,1.930,mm,OK,--,8:15:17 PM,3/2/2025,
1306,38.7,gf,1.930,mm,OK,--,8:15:17 PM,3/2/2025,
1307,38.6,gf,1.925,mm,OK,--,8:15:18 PM,3/2/2025,
1308,38.5,gf,1.920,mm,OK,--,8:15:18 PM,3/2/2025,
1309,38.4,gf,1.915,mm,OK,--,8:15:18 PM,3/2/2025,
1310,38.4,gf,1.915,mm,OK,--,8:15:18 PM,3/2/2025,
1311,38.3,gf,1.910,mm,OK,--,8:15:18 PM,3/2/2025,
1312,38.2,gf,1.905,mm,OK,--,8:15:18 PM,3/2/2025,
1313,38.3,gf,1.905,mm,OK,--,8:15:18 PM,3/2/2025,
1314,38.2,gf,1.900,mm,OK,--,8:15:18 PM,3/2/2025,
1315,38.2,gf,1.900,mm,OK,--,8:15:18 PM,3/2/2025,
1316,38.1,gf,1.895,mm,OK,--,8:15:18 PM,3/2/2025,
1317,38.1,gf,1.895,mm,OK,--,8:15:19 PM,3/2/2025,
1318,38.1,gf,1.890,mm,OK,--,8:15:19 PM,3/2/2025,
1319,38.1,gf,1.885,mm,OK,--,8:15:19 PM,3/2/2025,
1320,38.1,gf,1.885,mm,OK,--,8:15:19 PM,3/2/2025,
1321,38.1,gf,1.880,mm,OK,--,8:15:19 PM,3/2/2025,
1322,38.0,gf,1.875,mm,OK,--,8:15:19 PM,3/2/2025,
1323,38.0,gf,1.875,mm,OK,--,8:15:19 PM,3/2/2025,
1324,38.0,gf,1.870,mm,OK,--,8:15:19 PM,3/2/2025,
1325,37.8,gf,1.865,mm,OK,--,8:15:19 PM,3/2/2025,
1326,37.8,gf,1.860,mm,OK,--,8:15:19 PM,3/2/2025,
1327,37.7,gf,1.860,mm,OK,--,8:15:20 PM,3/2/2025,
1328,37.5,gf,1.855,mm,OK,--,8:15:20 PM,3/2/2025,
1329,37.5,gf,1.850,mm,OK,--,8:15:20 PM,3/2/2025,
1330,37.4,gf,1.845,mm,OK,--,8:15:20 PM,3/2/2025,
1331,37.4,gf,1.840,mm,OK,--,8:15:20 PM,3/2/2025,
1332,37.3,gf,1.835,mm,OK,--,8:15:20 PM,3/2/2025,
1333,37.2,gf,1.830,mm,OK,--,8:15:20 PM,3/2/2025,
1334,37.1,gf,1.820,mm,OK,--,8:15:20 PM,3/2/2025,
1335,36.6,gf,1.800,mm,OK,--,8:15:20 PM,3/2/2025,
1336,36.8,gf,1.785,mm,OK,--,8:15:20 PM,3/2/2025,
1337,36.6,gf,1.780,mm,OK,--,8:15:21 PM,3/2/2025,
1338,36.5,gf,1.775,mm,OK,--,8:15:21 PM,3/2/2025,
1339,36.4,gf,1.765,mm,OK,--,8:15:21 PM,3/2/2025,
1340,36.4,gf,1.755,mm,OK,--,8:15:21 PM,3/2/2025,
1341,36.3,gf,1.745,mm,OK,--,8:15:21 PM,3/2/2025,
1342,36.3,gf,1.735,mm,OK,--,8:15:21 PM,3/2/2025,
1343,36.2,gf,1.730,mm,OK,--,8:15:21 PM,3/2/2025,
1344,36.0,gf,1.720,mm,OK,--,8:15:21 PM,3/2/2025,
1345,36.1,gf,1.715,mm,OK,--,8:15:21 PM,3/2/2025,
1346,36.1,gf,1.710,mm,OK,--,8:15:21 PM,3/2/2025,
1347,36.1,gf,1.700,mm,OK,--,8:15:22 PM,3/2/2025,
1348,36.0,gf,1.695,mm,OK,--,8:15:22 PM,3/2/2025,
1349,36.0,gf,1.690,mm,OK,--,8:15:22 PM,3/2/2025,
1350,35.9,gf,1.685,mm,OK,--,8:15:22 PM,3/2/2025,
1351,36.0,gf,1.680,mm,OK,--,8:15:22 PM,3/2/2025,
1352,36.0,gf,1.675,mm,OK,--,8:15:22 PM,3/2/2025,
1353,36.0,gf,1.670,mm,OK,--,8:15:22 PM,3/2/2025,
1354,35.8,gf,1.665,mm,OK,--,8:15:22 PM,3/2/2025,
1355,35.9,gf,1.655,mm,OK,--,8:15:22 PM,3/2/2025,
1356,36.0,gf,1.650,mm,OK,--,8:15:22 PM,3/2/2025,
1357,35.9,gf,1.645,mm,OK,--,8:15:23 PM,3/2/2025,
1358,35.8,gf,1.640,mm,OK,--,8:15:23 PM,3/2/2025,
1359,35.7,gf,1.635,mm,OK,--,8:15:23 PM,3/2/2025,
1360,35.7,gf,1.625,mm,OK,--,8:15:23 PM,3/2/2025,
1361,35.8,gf,1.620,mm,OK,--,8:15:23 PM,3/2/2025,
1362,35.8,gf,1.615,mm,OK,--,8:15:23 PM,3/2/2025,
1363,35.7,gf,1.610,mm,OK,--,8:15:23 PM,3/2/2025,
1364,35.5,gf,1.595,mm,OK,--,8:15:23 PM,3/2/2025,
1365,35.6,gf,1.585,mm,OK,--,8:15:23 PM,3/2/2025,
1366,35.7,gf,1.585,mm,OK,--,8:15:23 PM,3/2/2025,
1367,35.5,gf,1.580,mm,OK,--,8:15:24 PM,3/2/2025,
1368,35.6,gf,1.575,mm,OK,--,8:15:24 PM,3/2/2025,
1369,35.8,gf,1.570,mm,OK,--,8:15:24 PM,3/2/2025,
1370,35.8,gf,1.570,mm,OK,--,8:15:24 PM,3/2/2025,
1371,35.8,gf,1.570,mm,OK,--,8:15:24 PM,3/2/2025,
1372,35.1,gf,1.570,mm,OK,--,8:15:24 PM,3/2/2025,
1373,35.4,gf,1.565,mm,OK,--,8:15:24 PM,3/2/2025,
1374,35.4,gf,1.565,mm,OK,--,8:15:24 PM,3/2/2025,
1375,35.3,gf,1.560,mm,OK,--,8:15:24 PM,3/2/2025,
1376,35.3,gf,1.555,mm,OK,--,8:15:24 PM,3/2/2025,
1377,35.2,gf,1.555,mm,OK,--,8:15:25 PM,3/2/2025,
1378,35.3,gf,1.550,mm,OK,--,8:15:25 PM,3/2/2025,
1379,35.1,gf,1.540,mm,OK,--,8:15:25 PM,3/2/2025,
1380,35.2,gf,1.530,mm,OK,--,8:15:25 PM,3/2/2025,
1381,35.3,gf,1.525,mm,OK,--,8:15:25 PM,3/2/2025,
1382,35.5,gf,1.520,mm,OK,--,8:15:25 PM,3/2/2025,
1383,35.3,gf,1.515,mm,OK,--,8:15:25 PM,3/2/2025,
1384,35.3,gf,1.515,mm,OK,--,8:15:25 PM,3/2/2025,
1385,35.1,gf,1.510,mm,OK,--,8:15:25 PM,3/2/2025,
1386,35.0,gf,1.505,mm,OK,--,8:15:25 PM,3/2/2025,
1387,34.9,gf,1.495,mm,OK,--,8:15:26 PM,3/2/2025,
1388,35.0,gf,1.485,mm,OK,--,8:15:26 PM,3/2/2025,
1389,35.0,gf,1.475,mm,OK,--,8:15:26 PM,3/2/2025,
1390,34.8,gf,1.470,mm,OK,--,8:15:26 PM,3/2/2025,
1391,34.7,gf,1.455,mm,OK,--,8:15:26 PM,3/2/2025,
1392,34.9,gf,1.440,mm,OK,--,8:15:26 PM,3/2/2025,
1393,35.0,gf,1.435,mm,OK,--,8:15:26 PM,3/2/2025,
1394,34.8,gf,1.435,mm,OK,--,8:15:26 PM,3/2/2025,
1395,34.9,gf,1.430,mm,OK,--,8:15:26 PM,3/2/2025,
1396,34.9,gf,1.430,mm,OK,--,8:15:26 PM,3/2/2025,
1397,34.7,gf,1.430,mm,OK,--,8:15:27 PM,3/2/2025,
1398,34.5,gf,1.425,mm,OK,--,8:15:27 PM,3/2/2025,
1399,34.6,gf,1.420,mm,OK,--,8:15:27 PM,3/2/2025,
1400,34.4,gf,1.410,mm,OK,--,8:15:27 PM,3/2/2025,
1401,34.6,gf,1.400,mm,OK,--,8:15:27 PM,3/2/2025,
1402,34.5,gf,1.395,mm,OK,--,8:15:27 PM,3/2/2025,
1403,34.5,gf,1.390,mm,OK,--,8:15:27 PM,3/2/2025,
1404,34.4,gf,1.385,mm,OK,--,8:15:27 PM,3/2/2025,
1405,34.4,gf,1.375,mm,OK,--,8:15:27 PM,3/2/2025,
1406,34.4,gf,1.365,mm,OK,--,8:15:27 PM,3/2/2025,
1407,34.5,gf,1.355,mm,OK,--,8:15:28 PM,3/2/2025,
1408,34.4,gf,1.350,mm,OK,--,8:15:28 PM,3/2/2025,
1409,34.3,gf,1.345,mm,OK,--,8:15:28 PM,3/2/2025,
1410,34.3,gf,1.335,mm,OK,--,8:15:28 PM,3/2/2025,
1411,34.4,gf,1.330,mm,OK,--,8:15:28 PM,3/2/2025,
1412,34.3,gf,1.330,mm,OK,--,8:15:28 PM,3/2/2025,
1413,34.4,gf,1.325,mm,OK,--,8:15:28 PM,3/2/2025,
1414,34.3,gf,1.320,mm,OK,--,8:15:28 PM,3/2/2025,
1415,34.3,gf,1.320,mm,OK,--,8:15:28 PM,3/2/2025,
1416,34.2,gf,1.315,mm,OK,--,8:15:28 PM,3/2/2025,
1417,34.1,gf,1.315,mm,OK,--,8:15:29 PM,3/2/2025,
1418,34.1,gf,1.310,mm,OK,--,8:15:29 PM,3/2/2025,
1419,34.0,gf,1.310,mm,OK,--,8:15:29 PM,3/2/2025,
1420,34.1,gf,1.310,mm,OK,--,8:15:29 PM,3/2/2025,
1421,34.1,gf,1.310,mm,OK,--,8:15:29 PM,3/2/2025,
1422,33.9,gf,1.305,mm,OK,--,8:15:29 PM,3/2/2025,
1423,34.0,gf,1.305,mm,OK,--,8:15:29 PM,3/2/2025,
1424,34.1,gf,1.300,mm,OK,--,8:15:29 PM,3/2/2025,
1425,34.1,gf,1.300,mm,OK,--,8:15:29 PM,3/2/2025,
1426,34.1,gf,1.300,mm,OK,--,8:15:29 PM,3/2/2025,
1427,34.0,gf,1.295,mm,OK,--,8:15:30 PM,3/2/2025,
1428,33.8,gf,1.295,mm,OK,--,8:15:30 PM,3/2/2025,
1429,33.8,gf,1.290,mm,OK,--,8:15:30 PM,3/2/2025,
1430,34.0,gf,1.285,mm,OK,--,8:15:30 PM,3/2/2025,
1431,34.0,gf,1.280,mm,OK,--,8:15:30 PM,3/2/2025,
1432,34.0,gf,1.275,mm,OK,--,8:15:30 PM,3/2/2025,
1433,33.9,gf,1.270,mm,OK,--,8:15:30 PM,3/2/2025,
1434,33.8,gf,1.270,mm,OK,--,8:15:30 PM,3/2/2025,
1435,33.7,gf,1.265,mm,OK,--,8:15:30 PM,3/2/2025,
1436,33.9,gf,1.260,mm,OK,--,8:15:30 PM,3/2/2025,
1437,33.9,gf,1.255,mm,OK,--,8:15:31 PM,3/2/2025,
1438,33.9,gf,1.250,mm,OK,--,8:15:31 PM,3/2/2025,
1439,33.8,gf,1.245,mm,OK,--,8:15:31 PM,3/2/2025,
1440,33.9,gf,1.245,mm,OK,--,8:15:31 PM,3/2/2025,
1441,33.7,gf,1.240,mm,OK,--,8:15:31 PM,3/2/2025,
1442,33.7,gf,1.235,mm,OK,--,8:15:31 PM,3/2/2025,
1443,33.7,gf,1.230,mm,OK,--,8:15:31 PM,3/2/2025,
1444,33.6,gf,1.230,mm,OK,--,8:15:31 PM,3/2/2025,
1445,33.6,gf,1.225,mm,OK,--,8:15:31 PM,3/2/2025,
1446,33.7,gf,1.220,mm,OK,--,8:15:31 PM,3/2/2025,
1447,33.7,gf,1.215,mm,OK,--,8:15:32 PM,3/2/2025,
1448,33.7,gf,1.215,mm,OK,--,8:15:32 PM,3/2/2025,
1449,33.5,gf,1.210,mm,OK,--,8:15:32 PM,3/2/2025,
1450,33.5,gf,1.210,mm,OK,--,8:15:32 PM,3/2/2025,
1451,33.6,gf,1.205,mm,OK,--,8:15:32 PM,3/2/2025,
1452,33.5,gf,1.205,mm,OK,--,8:15:32 PM,3/2/2025,
1453,33.5,gf,1.200,mm,OK,--,8:15:32 PM,3/2/2025,
1454,33.5,gf,1.195,mm,OK,--,8:15:32 PM,3/2/2025,
1455,33.6,gf,1.195,mm,OK,--,8:15:32 PM,3/2/2025,
1456,33.4,gf,1.190,mm,OK,--,8:15:32 PM,3/2/2025,
1457,33.3,gf,1.185,mm,OK,--,8:15:33 PM,3/2/2025,
1458,33.4,gf,1.180,mm,OK,--,8:15:33 PM,3/2/2025,
1459,33.4,gf,1.175,mm,OK,--,8:15:33 PM,3/2/2025,
1460,33.6,gf,1.170,mm,OK,--,8:15:33 PM,3/2/2025,
1461,33.5,gf,1.165,mm,OK,--,8:15:33 PM,3/2/2025,
1462,33.4,gf,1.160,mm,OK,--,8:15:33 PM,3/2/2025,
1463,33.4,gf,1.155,mm,OK,--,8:15:33 PM,3/2/2025,
1464,33.4,gf,1.150,mm,OK,--,8:15:33 PM,3/2/2025,
1465,33.4,gf,1.145,mm,OK,--,8:15:33 PM,3/2/2025,
1466,33.5,gf,1.140,mm,OK,--,8:15:33 PM,3/2/2025,
1467,33.3,gf,1.140,mm,OK,--,8:15:34 PM,3/2/2025,
1468,33.3,gf,1.135,mm,OK,--,8:15:34 PM,3/2/2025,
1469,33.2,gf,1.130,mm,OK,--,8:15:34 PM,3/2/2025,
1470,33.3,gf,1.125,mm,OK,--,8:15:34 PM,3/2/2025,
1471,33.3,gf,1.125,mm,OK,--,8:15:34 PM,3/2/2025,
1472,33.3,gf,1.120,mm,OK,--,8:15:34 PM,3/2/2025,
1473,33.3,gf,1.115,mm,OK,--,8:15:34 PM,3/2/2025,
1474,33.2,gf,1.110,mm,OK,--,8:15:34 PM,3/2/2025,
1475,33.2,gf,1.110,mm,OK,--,8:15:34 PM,3/2/2025,
1476,33.1,gf,1.105,mm,OK,--,8:15:34 PM,3/2/2025,
1477,33.1,gf,1.100,mm,OK,--,8:15:35 PM,3/2/2025,
1478,33.1,gf,1.095,mm,OK,--,8:15:35 PM,3/2/2025,
1479,33.0,gf,1.085,mm,OK,--,8:15:35 PM,3/2/2025,
1480,33.2,gf,1.080,mm,OK,--,8:15:35 PM,3/2/2025,
1481,33.0,gf,1.075,mm,OK,--,8:15:35 PM,3/2/2025,
1482,33.0,gf,1.070,mm,OK,--,8:15:35 PM,3/2/2025,
1483,33.1,gf,1.065,mm,OK,--,8:15:35 PM,3/2/2025,
1484,33.0,gf,1.060,mm,OK,--,8:15:35 PM,3/2/2025,
1485,32.8,gf,1.055,mm,OK,--,8:15:35 PM,3/2/2025,
1486,32.8,gf,1.050,mm,OK,--,8:15:35 PM,3/2/2025,
1487,32.8,gf,1.050,mm,OK,--,8:15:36 PM,3/2/2025,
1488,32.9,gf,1.045,mm,OK,--,8:15:36 PM,3/2/2025,
1489,33.0,gf,1.045,mm,OK,--,8:15:36 PM,3/2/2025,
1490,33.0,gf,1.040,mm,OK,--,8:15:36 PM,3/2/2025,
1491,32.8,gf,1.040,mm,OK,--,8:15:36 PM,3/2/2025,
1492,32.9,gf,1.035,mm,OK,--,8:15:36 PM,3/2/2025,
1493,32.9,gf,1.035,mm,OK,--,8:15:36 PM,3/2/2025,
1494,32.9,gf,1.030,mm,OK,--,8:15:36 PM,3/2/2025,
1495,32.9,gf,1.025,mm,OK,--,8:15:36 PM,3/2/2025,
1496,32.9,gf,1.025,mm,OK,--,8:15:36 PM,3/2/2025,
1497,32.8,gf,1.020,mm,OK,--,8:15:37 PM,3/2/2025,
1498,32.7,gf,1.015,mm,OK,--,8:15:37 PM,3/2/2025,
1499,32.7,gf,1.010,mm,OK,--,8:15:37 PM,3/2/2025,
1500,32.7,gf,1.005,mm,OK,--,8:15:37 PM,3/2/2025,
1501,32.7,gf,1.000,mm,OK,--,8:15:37 PM,3/2/2025,
1502,32.8,gf,0.995,mm,OK,--,8:15:37 PM,3/2/2025,
1503,32.6,gf,0.990,mm,OK,--,8:15:37 PM,3/2/2025,
1504,32.5,gf,0.980,mm,OK,--,8:15:37 PM,3/2/2025,
1505,32.6,gf,0.970,mm,OK,--,8:15:37 PM,3/2/2025,
1506,32.4,gf,0.960,mm,OK,--,8:15:37 PM,3/2/2025,
1507,32.3,gf,0.950,mm,OK,--,8:15:38 PM,3/2/2025,
1508,32.0,gf,0.935,mm,OK,--,8:15:38 PM,3/2/2025,
1509,32.2,gf,0.920,mm,OK,--,8:15:38 PM,3/2/2025,
1510,32.1,gf,0.910,mm,OK,--,8:15:38 PM,3/2/2025,
1511,32.3,gf,0.905,mm,OK,--,8:15:38 PM,3/2/2025,
1512,32.2,gf,0.895,mm,OK,--,8:15:38 PM,3/2/2025,
1513,32.1,gf,0.895,mm,OK,--,8:15:38 PM,3/2/2025,
1514,32.2,gf,0.890,mm,OK,--,8:15:38 PM,3/2/2025,
1515,32.2,gf,0.885,mm,OK,--,8:15:38 PM,3/2/2025,
1516,32.1,gf,0.880,mm,OK,--,8:15:38 PM,3/2/2025,
1517,32.1,gf,0.870,mm,OK,--,8:15:39 PM,3/2/2025,
1518,31.9,gf,0.865,mm,OK,--,8:15:39 PM,3/2/2025,
1519,32.0,gf,0.855,mm,OK,--,8:15:39 PM,3/2/2025,
1520,32.0,gf,0.855,mm,OK,--,8:15:39 PM,3/2/2025,
1521,32.0,gf,0.850,mm,OK,--,8:15:39 PM,3/2/2025,
1522,32.0,gf,0.845,mm,OK,--,8:15:39 PM,3/2/2025,
1523,32.1,gf,0.840,mm,OK,--,8:15:39 PM,3/2/2025,
1524,32.0,gf,0.840,mm,OK,--,8:15:39 PM,3/2/2025,
1525,32.0,gf,0.835,mm,OK,--,8:15:39 PM,3/2/2025,
1526,32.0,gf,0.835,mm,OK,--,8:15:39 PM,3/2/2025,
1527,31.7,gf,0.830,mm,OK,--,8:15:40 PM,3/2/2025,
1528,31.8,gf,0.825,mm,OK,--,8:15:40 PM,3/2/2025,
1529,31.9,gf,0.820,mm,OK,--,8:15:40 PM,3/2/2025,
1530,31.8,gf,0.815,mm,OK,--,8:15:40 PM,3/2/2025,
1531,31.7,gf,0.815,mm,OK,--,8:15:40 PM,3/2/2025,
1532,31.7,gf,0.810,mm,OK,--,8:15:40 PM,3/2/2025,
1533,31.3,gf,0.805,mm,OK,--,8:15:40 PM,3/2/2025,
1534,31.6,gf,0.795,mm,OK,--,8:15:40 PM,3/2/2025,
1535,31.8,gf,0.790,mm,OK,--,8:15:40 PM,3/2/2025,
1536,31.5,gf,0.785,mm,OK,--,8:15:40 PM,3/2/2025,
1537,31.4,gf,0.780,mm,OK,--,8:15:41 PM,3/2/2025,
1538,31.6,gf,0.770,mm,OK,--,8:15:41 PM,3/2/2025,
1539,31.6,gf,0.765,mm,OK,--,8:15:41 PM,3/2/2025,
1540,31.5,gf,0.760,mm,OK,--,8:15:41 PM,3/2/2025,
1541,31.5,gf,0.755,mm,OK,--,8:15:41 PM,3/2/2025,
1542,31.5,gf,0.750,mm,OK,--,8:15:41 PM,3/2/2025,
1543,31.6,gf,0.745,mm,OK,--,8:15:41 PM,3/2/2025,
1544,31.4,gf,0.740,mm,OK,--,8:15:41 PM,3/2/2025,
1545,31.3,gf,0.735,mm,OK,--,8:15:41 PM,3/2/2025,
1546,31.3,gf,0.730,mm,OK,--,8:15:41 PM,3/2/2025,
1547,31.2,gf,0.725,mm,OK,--,8:15:42 PM,3/2/2025,
1548,31.2,gf,0.720,mm,OK,--,8:15:42 PM,3/2/2025,
1549,31.2,gf,0.715,mm,OK,--,8:15:42 PM,3/2/2025,
1550,31.1,gf,0.710,mm,OK,--,8:15:42 PM,3/2/2025,
1551,31.1,gf,0.705,mm,OK,--,8:15:42 PM,3/2/2025,
1552,31.1,gf,0.700,mm,OK,--,8:15:42 PM,3/2/2025,
1553,31.3,gf,0.695,mm,OK,--,8:15:42 PM,3/2/2025,
1554,31.3,gf,0.695,mm,OK,--,8:15:42 PM,3/2/2025,
1555,31.3,gf,0.690,mm,OK,--,8:15:42 PM,3/2/2025,
1556,31.3,gf,0.690,mm,OK,--,8:15:42 PM,3/2/2025,
1557,31.1,gf,0.690,mm,OK,--,8:15:43 PM,3/2/2025,
1558,30.9,gf,0.685,mm,OK,--,8:15:43 PM,3/2/2025,
1559,30.5,gf,0.680,mm,OK,--,8:15:43 PM,3/2/2025,
1560,30.7,gf,0.675,mm,OK,--,8:15:43 PM,3/2/2025,
1561,31.0,gf,0.670,mm,OK,--,8:15:43 PM,3/2/2025,
1562,31.0,gf,0.670,mm,OK,--,8:15:43 PM,3/2/2025,
1563,30.8,gf,0.665,mm,OK,--,8:15:43 PM,3/2/2025,
1564,30.7,gf,0.660,mm,OK,--,8:15:43 PM,3/2/2025,
1565,30.7,gf,0.655,mm,OK,--,8:15:43 PM,3/2/2025,
1566,30.7,gf,0.655,mm,OK,--,8:15:43 PM,3/2/2025,
1567,30.8,gf,0.650,mm,OK,--,8:15:44 PM,3/2/2025,
1568,30.8,gf,0.645,mm,OK,--,8:15:44 PM,3/2/2025,
1569,30.8,gf,0.645,mm,OK,--,8:15:44 PM,3/2/2025,
1570,30.8,gf,0.640,mm,OK,--,8:15:44 PM,3/2/2025,
1571,30.8,gf,0.640,mm,OK,--,8:15:44 PM,3/2/2025,
1572,30.8,gf,0.640,mm,OK,--,8:15:44 PM,3/2/2025,
1573,30.8,gf,0.635,mm,OK,--,8:15:44 PM,3/2/2025,
1574,30.7,gf,0.635,mm,OK,--,8:15:44 PM,3/2/2025,
1575,30.6,gf,0.635,mm,OK,--,8:15:44 PM,3/2/2025,
1576,30.5,gf,0.630,mm,OK,--,8:15:44 PM,3/2/2025,
1577,30.6,gf,0.630,mm,OK,--,8:15:45 PM,3/2/2025,
1578,30.8,gf,0.625,mm,OK,--,8:15:45 PM,3/2/2025,
1579,30.8,gf,0.625,mm,OK,--,8:15:45 PM,3/2/2025,
1580,30.8,gf,0.625,mm,OK,--,8:15:45 PM,3/2/2025,
1581,30.7,gf,0.620,mm,OK,--,8:15:45 PM,3/2/2025,
1582,30.5,gf,0.615,mm,OK,--,8:15:45 PM,3/2/2025,
1583,30.5,gf,0.610,mm,OK,--,8:15:45 PM,3/2/2025,
1584,30.6,gf,0.605,mm,OK,--,8:15:45 PM,3/2/2025,
1585,30.6,gf,0.595,mm,OK,--,8:15:45 PM,3/2/2025,
1586,30.5,gf,0.590,mm,OK,--,8:15:45 PM,3/2/2025,
1587,30.5,gf,0.580,mm,OK,--,8:15:46 PM,3/2/2025,
1588,30.6,gf,0.575,mm,OK,--,8:15:46 PM,3/2/2025,
1589,30.8,gf,0.570,mm,OK,--,8:15:46 PM,3/2/2025,
1590,30.6,gf,0.565,mm,OK,--,8:15:46 PM,3/2/2025,
1591,30.5,gf,0.560,mm,OK,--,8:15:46 PM,3/2/2025,
1592,30.6,gf,0.560,mm,OK,--,8:15:46 PM,3/2/2025,
1593,30.6,gf,0.555,mm,OK,--,8:15:46 PM,3/2/2025,
1594,30.6,gf,0.550,mm,OK,--,8:15:46 PM,3/2/2025,
1595,30.6,gf,0.550,mm,OK,--,8:15:46 PM,3/2/2025,
1596,30.6,gf,0.545,mm,OK,--,8:15:46 PM,3/2/2025,
1597,30.5,gf,0.545,mm,OK,--,8:15:47 PM,3/2/2025,
1598,30.4,gf,0.540,mm,OK,--,8:15:47 PM,3/2/2025,
1599,30.3,gf,0.540,mm,OK,--,8:15:47 PM,3/2/2025,
1600,30.5,gf,0.535,mm,OK,--,8:15:47 PM,3/2/2025,
1601,30.6,gf,0.535,mm,OK,--,8:15:47 PM,3/2/2025,
1602,30.5,gf,0.530,mm,OK,--,8:15:47 PM,3/2/2025,
1603,30.5,gf,0.530,mm,OK,--,8:15:47 PM,3/2/2025,
1604,30.6,gf,0.525,mm,OK,--,8:15:47 PM,3/2/2025,
1605,30.5,gf,0.525,mm,OK,--,8:15:47 PM,3/2/2025,
1606,30.5,gf,0.525,mm,OK,--,8:15:47 PM,3/2/2025,
1607,30.3,gf,0.520,mm,OK,--,8:15:48 PM,3/2/2025,
1608,30.3,gf,0.520,mm,OK,--,8:15:48 PM,3/2/2025,
1609,30.3,gf,0.520,mm,OK,--,8:15:48 PM,3/2/2025,
1610,30.3,gf,0.515,mm,OK,--,8:15:48 PM,3/2/2025,
1611,30.3,gf,0.515,mm,OK,--,8:15:48 PM,3/2/2025,
1612,30.4,gf,0.510,mm,OK,--,8:15:48 PM,3/2/2025,
1613,30.4,gf,0.510,mm,OK,--,8:15:48 PM,3/2/2025,
1614,30.3,gf,0.510,mm,OK,--,8:15:48 PM,3/2/2025,
1615,30.1,gf,0.505,mm,OK,--,8:15:48 PM,3/2/2025,
1616,30.1,gf,0.505,mm,OK,--,8:15:48 PM,3/2/2025,
1617,30.1,gf,0.500,mm,OK,--,8:15:49 PM,3/2/2025,
1618,30.1,gf,0.495,mm,OK,--,8:15:49 PM,3/2/2025,
1619,30.2,gf,0.495,mm,OK,--,8:15:49 PM,3/2/2025,
1620,30.2,gf,0.495,mm,OK,--,8:15:49 PM,3/2/2025,
1621,30.1,gf,0.490,mm,OK,--,8:15:49 PM,3/2/2025,
1622,30.1,gf,0.485,mm,OK,--,8:15:49 PM,3/2/2025,
1623,30.0,gf,0.485,mm,OK,--,8:15:49 PM,3/2/2025,
1624,30.0,gf,0.480,mm,OK,--,8:15:49 PM,3/2/2025,
1625,30.0,gf,0.475,mm,OK,--,8:15:49 PM,3/2/2025,
1626,30.0,gf,0.470,mm,OK,--,8:15:49 PM,3/2/2025,
1627,29.8,gf,0.465,mm,OK,--,8:15:50 PM,3/2/2025,
1628,29.9,gf,0.460,mm,OK,--,8:15:50 PM,3/2/2025,
1629,30.0,gf,0.460,mm,OK,--,8:15:50 PM,3/2/2025,
1630,30.0,gf,0.455,mm,OK,--,8:15:50 PM,3/2/2025,
1631,30.1,gf,0.450,mm,OK,--,8:15:50 PM,3/2/2025,
1632,30.1,gf,0.450,mm,OK,--,8:15:50 PM,3/2/2025,
1633,30.1,gf,0.450,mm,OK,--,8:15:50 PM,3/2/2025,
1634,29.8,gf,0.445,mm,OK,--,8:15:50 PM,3/2/2025,
1635,30.0,gf,0.445,mm,OK,--,8:15:50 PM,3/2/2025,
1636,29.9,gf,0.445,mm,OK,--,8:15:50 PM,3/2/2025,
1637,29.6,gf,0.440,mm,OK,--,8:15:51 PM,3/2/2025,
1638,29.7,gf,0.440,mm,OK,--,8:15:51 PM,3/2/2025,
1639,29.9,gf,0.435,mm,OK,--,8:15:51 PM,3/2/2025,
1640,29.8,gf,0.435,mm,OK,--,8:15:51 PM,3/2/2025,
1641,29.6,gf,0.435,mm,OK,--,8:15:51 PM,3/2/2025,
1642,29.5,gf,0.430,mm,OK,--,8:15:51 PM,3/2/2025,
1643,29.5,gf,0.430,mm,OK,--,8:15:51 PM,3/2/2025,
1644,29.5,gf,0.425,mm,OK,--,8:15:51 PM,3/2/2025,
1645,29.3,gf,0.420,mm,OK,--,8:15:51 PM,3/2/2025,
1646,29.3,gf,0.420,mm,OK,--,8:15:51 PM,3/2/2025,
1647,29.3,gf,0.415,mm,OK,--,8:15:52 PM,3/2/2025,
1648,29.3,gf,0.410,mm,OK,--,8:15:52 PM,3/2/2025,
1649,29.4,gf,0.410,mm,OK,--,8:15:52 PM,3/2/2025,
1650,29.3,gf,0.405,mm,OK,--,8:15:52 PM,3/2/2025,
1651,28.6,gf,0.400,mm,OK,--,8:15:52 PM,3/2/2025,
1652,29.1,gf,0.395,mm,OK,--,8:15:52 PM,3/2/2025,
1653,29.3,gf,0.390,mm,OK,--,8:15:52 PM,3/2/2025,
1654,28.8,gf,0.390,mm,OK,--,8:15:52 PM,3/2/2025,
1655,27.8,gf,0.385,mm,OK,--,8:15:52 PM,3/2/2025,
1656,26.4,gf,0.385,mm,OK,--,8:15:52 PM,3/2/2025,
1657,25.0,gf,0.380,mm,OK,--,8:15:53 PM,3/2/2025,
1658,23.8,gf,0.380,mm,OK,--,8:15:53 PM,3/2/2025,
1659,22.8,gf,0.380,mm,OK,--,8:15:53 PM,3/2/2025,
1660,21.3,gf,0.375,mm,OK,--,8:15:53 PM,3/2/2025,
1661,19.8,gf,0.375,mm,OK,--,8:15:53 PM,3/2/2025,
1662,22.5,gf,0.370,mm,OK,--,8:15:53 PM,3/2/2025,
1663,22.0,gf,0.370,mm,OK,--,8:15:53 PM,3/2/2025,
1664,21.7,gf,0.365,mm,OK,--,8:15:53 PM,3/2/2025,
1665,22.1,gf,0.360,mm,OK,--,8:15:53 PM,3/2/2025,
1666,19.7,gf,0.355,mm,OK,--,8:15:53 PM,3/2/2025,
1667,18.0,gf,0.355,mm,OK,--,8:15:54 PM,3/2/2025,
1668,17.0,gf,0.355,mm,OK,--,8:15:54 PM,3/2/2025,
1669,16.6,gf,0.350,mm,OK,--,8:15:54 PM,3/2/2025,
1670,16.4,gf,0.350,mm,OK,--,8:15:54 PM,3/2/2025,
1671,15.8,gf,0.350,mm,OK,--,8:15:54 PM,3/2/2025,
1672,14.7,gf,0.350,mm,OK,--,8:15:54 PM,3/2/2025,
1673,13.6,gf,0.345,mm,OK,--,8:15:54 PM,3/2/2025,
1674,12.4,gf,0.345,mm,OK,--,8:15:54 PM,3/2/2025,
1675,11.1,gf,0.345,mm,OK,--,8:15:54 PM,3/2/2025,
1676,10.0,gf,0.340,mm,OK,--,8:15:54 PM,3/2/2025,
1677,9.1,gf,0.340,mm,OK,--,8:15:55 PM,3/2/2025,
1678,8.5,gf,0.340,mm,OK,--,8:15:55 PM,3/2/2025,
1679,7.8,gf,0.340,mm,OK,--,8:15:55 PM,3/2/2025,
1680,6.8,gf,0.340,mm,OK,--,8:15:55 PM,3/2/2025,
1681,5.7,gf,0.335,mm,OK,--,8:15:55 PM,3/2/2025,
1682,4.4,gf,0.335,mm,OK,--,8:15:55 PM,3/2/2025,
1683,3.1,gf,0.335,mm,OK,--,8:15:55 PM,3/2/2025,
1684,1.9,gf,0.330,mm,OK,--,8:15:55 PM,3/2/2025,
1685,1.3,gf,0.330,mm,OK,--,8:15:55 PM,3/2/2025,
1686,0.7,gf,0.330,mm,OK,--,8:15:55 PM,3/2/2025,
1687,-0.1,gf,0.330,mm,OK,--,8:15:56 PM,3/2/2025,
1688,0.0,gf,0.325,mm,OK,--,8:15:56 PM,3/2/2025,
1689,0.0,gf,0.320,mm,OK,--,8:15:56 PM,3/2/2025,
1690,0.0,gf,0.310,mm,OK,--,8:15:56 PM,3/2/2025,
1691,0.0,gf,0.300,mm,OK,--,8:15:56 PM,3/2/2025,
1692,0.1,gf,0.295,mm,OK,--,8:15:56 PM,3/2/2025,
1693,0.0,gf,0.280,mm,OK,--,8:15:56 PM,3/2/2025,
1694,0.1,gf,0.265,mm,OK,--,8:15:56 PM,3/2/2025,
1695,0.0,gf,0.245,mm,OK,--,8:15:56 PM,3/2/2025,
1696,0.0,gf,0.225,mm,OK,--,8:15:56 PM,3/2/2025,
1697,0.1,gf,0.205,mm,OK,--,8:15:57 PM,3/2/2025,
1698,-0.1,gf,0.185,mm,OK,--,8:15:57 PM,3/2/2025,
1699,0.0,gf,0.170,mm,OK,--,8:15:57 PM,3/2/2025,
1700,0.0,gf,0.155,mm,OK,--,8:15:57 PM,3/2/2025,
1701,0.0,gf,0.140,mm,OK,--,8:15:57 PM,3/2/2025,
1702,-0.1,gf,0.120,mm,OK,--,8:15:57 PM,3/2/2025,
1703,-0.1,gf,0.100,mm,OK,--,8:15:57 PM,3/2/2025,
1704,0.0,gf,0.090,mm,OK,--,8:15:57 PM,3/2/2025,
1705,0.0,gf,0.080,mm,OK,--,8:15:57 PM,3/2/2025,
1706,0.0,gf,0.070,mm,OK,--,8:15:57 PM,3/2/2025,
1707,0.0,gf,0.055,mm,OK,--,8:15:58 PM,3/2/2025,
1708,0.0,gf,0.050,mm,OK,--,8:15:58 PM,3/2/2025,
1709,0.0,gf,0.035,mm,OK,--,8:15:58 PM,3/2/2025,
1710,0.0,gf,0.025,mm,OK,--,8:15:58 PM,3/2/2025,
1711,-0.1,gf,0.015,mm,OK,--,8:15:58 PM,3/2/2025,
1712,0.0,gf,0.005,mm,OK,--,8:15:58 PM,3/2/2025,
1713,0.1,gf,0.000,mm,OK,--,8:15:58 PM,3/2/2025,
1714,0.0,gf,0.000,mm,OK,--,8:15:58 PM,3/2/2025,
1715,0.0,gf,0.000,mm,OK,--,8:15:58 PM,3/2/2025,
1716,0.0,gf,-0.005,mm,OK,--,8:15:58 PM,3/2/2025,
1717,0.0,gf,-0.010,mm,OK,--,8:15:59 PM,3/2/2025,
1718,0.0,gf,-0.015,mm,OK,--,8:15:59 PM,3/2/2025,
1719,0.0,gf,-0.015,mm,OK,--,8:15:59 PM,3/2/2025,
1720,0.0,gf,-0.015,mm,OK,--,8:15:59 PM,3/2/2025,
1721,-0.1,gf,-0.015,mm,OK,--,8:15:59 PM,3/2/2025,
1722,0.0,gf,-0.015,mm,OK,--,8:15:59 PM,3/2/2025,
1723,0.0,gf,-0.015,mm,OK,--,8:15:59 PM,3/2/2025,
1724,0.0,gf,-0.015,mm,OK,--,8:15:59 PM,3/2/2025,
1725,0.0,gf,-0.015,mm,OK,--,8:15:59 PM,3/2/2025,
1726,0.0,gf,-0.015,mm,OK,--,8:15:59 PM,3/2/2025,
1727,-0.1,gf,-0.015,mm,OK,--,8:16:00 PM,3/2/2025,
1728,0.0,gf,-0.010,mm,OK,--,8:16:00 PM,3/2/2025,
1729,0.0,gf,-0.010,mm,OK,--,8:16:00 PM,3/2/2025,
1730,0.0,gf,-0.005,mm,OK,--,8:16:00 PM,3/2/2025,
1731,0.0,gf,-0.005,mm,OK,--,8:16:00 PM,3/2/2025,
1732,0.0,gf,-0.005,mm,OK,--,8:16:00 PM,3/2/2025,
1733,0.0,gf,0.000,mm,OK,--,8:16:00 PM,3/2/2025,
1734,0.0,gf,0.000,mm,OK,--,8:16:00 PM,3/2/2025,
1735,0.0,gf,0.000,mm,OK,--,8:16:00 PM,3/2/2025,
1736,0.0,gf,0.000,mm,OK,--,8:16:00 PM,3/2/2025,
1737,0.0,gf,0.000,mm,OK,--,8:16:01 PM,3/2/2025,
1738,0.0,gf,0.005,mm,OK,--,8:16:01 PM,3/2/2025,
1739,0.0,gf,0.005,mm,OK,--,8:16:01 PM,3/2/2025,
1740,0.0,gf,0.005,mm,OK,--,8:16:01 PM,3/2/2025,
1741,0.0,gf,0.005,mm,OK,--,8:16:01 PM,3/2/2025,
