Maximum,194.2,@,No.949,,,,,,
Minimum,-0.1,@,No.10,,,,,,
Average,59.75,,,,,,,,
Data Quantity,1899,,,,,,,,
Number of NG,0,,,,,,,,
No.,Force,Unit,Displacement,Unit,Judge,Position,Time,Date,
1,0.0,gf,0.000,mm,OK,--,12:48:18 PM,6/21/2025,
2,0.0,gf,0.000,mm,OK,--,12:48:18 PM,6/21/2025,
3,0.0,gf,0.000,mm,OK,--,12:48:18 PM,6/21/2025,
4,0.0,gf,0.000,mm,OK,--,12:48:18 PM,6/21/2025,
5,0.0,gf,0.000,mm,OK,--,12:48:18 PM,6/21/2025,
6,0.0,gf,0.000,mm,OK,--,12:48:18 PM,6/21/2025,
7,0.0,gf,0.000,mm,OK,--,12:48:18 PM,6/21/2025,
8,0.0,gf,0.000,mm,OK,--,12:48:19 PM,6/21/2025,
9,0.0,gf,0.000,mm,OK,--,12:48:19 PM,6/21/2025,
10,-0.1,gf,0.000,mm,OK,--,12:48:19 PM,6/21/2025,
11,0.0,gf,0.000,mm,OK,--,12:48:19 PM,6/21/2025,
12,0.0,gf,0.000,mm,OK,--,12:48:19 PM,6/21/2025,
13,0.0,gf,0.000,mm,OK,--,12:48:19 PM,6/21/2025,
14,0.0,gf,0.000,mm,OK,--,12:48:19 PM,6/21/2025,
15,0.0,gf,0.000,mm,OK,--,12:48:19 PM,6/21/2025,
16,0.0,gf,0.000,mm,OK,--,12:48:19 PM,6/21/2025,
17,0.0,gf,0.000,mm,OK,--,12:48:19 PM,6/21/2025,
18,-0.1,gf,0.000,mm,OK,--,12:48:20 PM,6/21/2025,
19,0.0,gf,0.000,mm,OK,--,12:48:20 PM,6/21/2025,
20,0.0,gf,0.000,mm,OK,--,12:48:20 PM,6/21/2025,
21,0.0,gf,0.000,mm,OK,--,12:48:20 PM,6/21/2025,
22,0.0,gf,0.000,mm,OK,--,12:48:20 PM,6/21/2025,
23,0.0,gf,0.000,mm,OK,--,12:48:20 PM,6/21/2025,
24,0.0,gf,0.005,mm,OK,--,12:48:20 PM,6/21/2025,
25,0.0,gf,0.005,mm,OK,--,12:48:20 PM,6/21/2025,
26,0.0,gf,0.005,mm,OK,--,12:48:20 PM,6/21/2025,
27,0.0,gf,0.005,mm,OK,--,12:48:20 PM,6/21/2025,
28,0.0,gf,0.005,mm,OK,--,12:48:21 PM,6/21/2025,
29,0.0,gf,0.010,mm,OK,--,12:48:21 PM,6/21/2025,
30,0.0,gf,0.010,mm,OK,--,12:48:21 PM,6/21/2025,
31,0.0,gf,0.015,mm,OK,--,12:48:21 PM,6/21/2025,
32,0.0,gf,0.015,mm,OK,--,12:48:21 PM,6/21/2025,
33,0.0,gf,0.020,mm,OK,--,12:48:21 PM,6/21/2025,
34,0.0,gf,0.025,mm,OK,--,12:48:21 PM,6/21/2025,
35,0.0,gf,0.030,mm,OK,--,12:48:21 PM,6/21/2025,
36,0.0,gf,0.035,mm,OK,--,12:48:21 PM,6/21/2025,
37,0.0,gf,0.040,mm,OK,--,12:48:21 PM,6/21/2025,
38,0.0,gf,0.050,mm,OK,--,12:48:22 PM,6/21/2025,
39,0.0,gf,0.055,mm,OK,--,12:48:22 PM,6/21/2025,
40,-0.1,gf,0.060,mm,OK,--,12:48:22 PM,6/21/2025,
41,0.0,gf,0.070,mm,OK,--,12:48:22 PM,6/21/2025,
42,0.0,gf,0.080,mm,OK,--,12:48:22 PM,6/21/2025,
43,0.0,gf,0.085,mm,OK,--,12:48:22 PM,6/21/2025,
44,0.0,gf,0.095,mm,OK,--,12:48:22 PM,6/21/2025,
45,0.0,gf,0.100,mm,OK,--,12:48:22 PM,6/21/2025,
46,0.0,gf,0.105,mm,OK,--,12:48:22 PM,6/21/2025,
47,0.0,gf,0.110,mm,OK,--,12:48:22 PM,6/21/2025,
48,0.0,gf,0.120,mm,OK,--,12:48:23 PM,6/21/2025,
49,0.0,gf,0.125,mm,OK,--,12:48:23 PM,6/21/2025,
50,-0.1,gf,0.130,mm,OK,--,12:48:23 PM,6/21/2025,
51,1.7,gf,0.135,mm,OK,--,12:48:23 PM,6/21/2025,
52,5.4,gf,0.140,mm,OK,--,12:48:23 PM,6/21/2025,
53,8.9,gf,0.145,mm,OK,--,12:48:23 PM,6/21/2025,
54,12.3,gf,0.150,mm,OK,--,12:48:23 PM,6/21/2025,
55,15.7,gf,0.150,mm,OK,--,12:48:23 PM,6/21/2025,
56,18.9,gf,0.155,mm,OK,--,12:48:23 PM,6/21/2025,
57,22.2,gf,0.160,mm,OK,--,12:48:23 PM,6/21/2025,
58,25.1,gf,0.160,mm,OK,--,12:48:24 PM,6/21/2025,
59,28.3,gf,0.165,mm,OK,--,12:48:24 PM,6/21/2025,
60,31.8,gf,0.170,mm,OK,--,12:48:24 PM,6/21/2025,
61,35.1,gf,0.175,mm,OK,--,12:48:24 PM,6/21/2025,
62,38.9,gf,0.175,mm,OK,--,12:48:24 PM,6/21/2025,
63,42.0,gf,0.180,mm,OK,--,12:48:24 PM,6/21/2025,
64,44.7,gf,0.185,mm,OK,--,12:48:24 PM,6/21/2025,
65,47.1,gf,0.185,mm,OK,--,12:48:24 PM,6/21/2025,
66,49.4,gf,0.190,mm,OK,--,12:48:24 PM,6/21/2025,
67,52.1,gf,0.190,mm,OK,--,12:48:24 PM,6/21/2025,
68,54.3,gf,0.195,mm,OK,--,12:48:25 PM,6/21/2025,
69,56.4,gf,0.200,mm,OK,--,12:48:25 PM,6/21/2025,
70,56.8,gf,0.200,mm,OK,--,12:48:25 PM,6/21/2025,
71,57.2,gf,0.205,mm,OK,--,12:48:25 PM,6/21/2025,
72,57.7,gf,0.205,mm,OK,--,12:48:25 PM,6/21/2025,
73,58.2,gf,0.210,mm,OK,--,12:48:25 PM,6/21/2025,
74,58.7,gf,0.210,mm,OK,--,12:48:25 PM,6/21/2025,
75,59.0,gf,0.215,mm,OK,--,12:48:25 PM,6/21/2025,
76,59.2,gf,0.220,mm,OK,--,12:48:25 PM,6/21/2025,
77,59.1,gf,0.220,mm,OK,--,12:48:25 PM,6/21/2025,
78,59.1,gf,0.225,mm,OK,--,12:48:26 PM,6/21/2025,
79,59.2,gf,0.230,mm,OK,--,12:48:26 PM,6/21/2025,
80,59.3,gf,0.230,mm,OK,--,12:48:26 PM,6/21/2025,
81,59.4,gf,0.235,mm,OK,--,12:48:26 PM,6/21/2025,
82,59.4,gf,0.240,mm,OK,--,12:48:26 PM,6/21/2025,
83,59.6,gf,0.240,mm,OK,--,12:48:26 PM,6/21/2025,
84,59.7,gf,0.245,mm,OK,--,12:48:26 PM,6/21/2025,
85,59.7,gf,0.245,mm,OK,--,12:48:26 PM,6/21/2025,
86,59.8,gf,0.250,mm,OK,--,12:48:26 PM,6/21/2025,
87,59.9,gf,0.250,mm,OK,--,12:48:26 PM,6/21/2025,
88,60.0,gf,0.255,mm,OK,--,12:48:27 PM,6/21/2025,
89,60.1,gf,0.255,mm,OK,--,12:48:27 PM,6/21/2025,
90,60.1,gf,0.255,mm,OK,--,12:48:27 PM,6/21/2025,
91,60.0,gf,0.260,mm,OK,--,12:48:27 PM,6/21/2025,
92,60.4,gf,0.260,mm,OK,--,12:48:27 PM,6/21/2025,
93,60.3,gf,0.265,mm,OK,--,12:48:27 PM,6/21/2025,
94,60.6,gf,0.265,mm,OK,--,12:48:27 PM,6/21/2025,
95,60.7,gf,0.270,mm,OK,--,12:48:27 PM,6/21/2025,
96,61.0,gf,0.275,mm,OK,--,12:48:27 PM,6/21/2025,
97,61.1,gf,0.280,mm,OK,--,12:48:27 PM,6/21/2025,
98,61.3,gf,0.285,mm,OK,--,12:48:28 PM,6/21/2025,
99,61.3,gf,0.285,mm,OK,--,12:48:28 PM,6/21/2025,
100,61.1,gf,0.290,mm,OK,--,12:48:28 PM,6/21/2025,
101,61.6,gf,0.295,mm,OK,--,12:48:28 PM,6/21/2025,
102,61.6,gf,0.300,mm,OK,--,12:48:28 PM,6/21/2025,
103,61.8,gf,0.305,mm,OK,--,12:48:28 PM,6/21/2025,
104,61.8,gf,0.310,mm,OK,--,12:48:28 PM,6/21/2025,
105,62.1,gf,0.315,mm,OK,--,12:48:28 PM,6/21/2025,
106,62.3,gf,0.320,mm,OK,--,12:48:28 PM,6/21/2025,
107,62.3,gf,0.320,mm,OK,--,12:48:28 PM,6/21/2025,
108,62.4,gf,0.325,mm,OK,--,12:48:29 PM,6/21/2025,
109,62.4,gf,0.325,mm,OK,--,12:48:29 PM,6/21/2025,
110,62.3,gf,0.325,mm,OK,--,12:48:29 PM,6/21/2025,
111,62.5,gf,0.325,mm,OK,--,12:48:29 PM,6/21/2025,
112,62.4,gf,0.330,mm,OK,--,12:48:29 PM,6/21/2025,
113,62.6,gf,0.330,mm,OK,--,12:48:29 PM,6/21/2025,
114,62.7,gf,0.330,mm,OK,--,12:48:29 PM,6/21/2025,
115,62.7,gf,0.335,mm,OK,--,12:48:29 PM,6/21/2025,
116,62.6,gf,0.335,mm,OK,--,12:48:29 PM,6/21/2025,
117,62.7,gf,0.340,mm,OK,--,12:48:29 PM,6/21/2025,
118,63.0,gf,0.340,mm,OK,--,12:48:30 PM,6/21/2025,
119,63.0,gf,0.345,mm,OK,--,12:48:30 PM,6/21/2025,
120,62.9,gf,0.350,mm,OK,--,12:48:30 PM,6/21/2025,
121,62.8,gf,0.350,mm,OK,--,12:48:30 PM,6/21/2025,
122,62.7,gf,0.355,mm,OK,--,12:48:30 PM,6/21/2025,
123,62.7,gf,0.355,mm,OK,--,12:48:30 PM,6/21/2025,
124,62.8,gf,0.355,mm,OK,--,12:48:30 PM,6/21/2025,
125,62.9,gf,0.360,mm,OK,--,12:48:30 PM,6/21/2025,
126,62.9,gf,0.360,mm,OK,--,12:48:30 PM,6/21/2025,
127,62.8,gf,0.365,mm,OK,--,12:48:30 PM,6/21/2025,
128,62.8,gf,0.365,mm,OK,--,12:48:31 PM,6/21/2025,
129,62.7,gf,0.370,mm,OK,--,12:48:31 PM,6/21/2025,
130,62.6,gf,0.375,mm,OK,--,12:48:31 PM,6/21/2025,
131,62.6,gf,0.375,mm,OK,--,12:48:31 PM,6/21/2025,
132,62.6,gf,0.380,mm,OK,--,12:48:31 PM,6/21/2025,
133,62.3,gf,0.385,mm,OK,--,12:48:31 PM,6/21/2025,
134,62.3,gf,0.385,mm,OK,--,12:48:31 PM,6/21/2025,
135,62.3,gf,0.390,mm,OK,--,12:48:31 PM,6/21/2025,
136,62.1,gf,0.390,mm,OK,--,12:48:31 PM,6/21/2025,
137,62.1,gf,0.395,mm,OK,--,12:48:31 PM,6/21/2025,
138,62.3,gf,0.395,mm,OK,--,12:48:32 PM,6/21/2025,
139,62.4,gf,0.400,mm,OK,--,12:48:32 PM,6/21/2025,
140,62.4,gf,0.405,mm,OK,--,12:48:32 PM,6/21/2025,
141,62.1,gf,0.410,mm,OK,--,12:48:32 PM,6/21/2025,
142,62.2,gf,0.415,mm,OK,--,12:48:32 PM,6/21/2025,
143,62.1,gf,0.420,mm,OK,--,12:48:32 PM,6/21/2025,
144,62.1,gf,0.425,mm,OK,--,12:48:32 PM,6/21/2025,
145,62.1,gf,0.435,mm,OK,--,12:48:32 PM,6/21/2025,
146,61.9,gf,0.440,mm,OK,--,12:48:32 PM,6/21/2025,
147,61.8,gf,0.445,mm,OK,--,12:48:32 PM,6/21/2025,
148,62.0,gf,0.450,mm,OK,--,12:48:33 PM,6/21/2025,
149,61.7,gf,0.450,mm,OK,--,12:48:33 PM,6/21/2025,
150,61.7,gf,0.455,mm,OK,--,12:48:33 PM,6/21/2025,
151,61.6,gf,0.465,mm,OK,--,12:48:33 PM,6/21/2025,
152,61.5,gf,0.470,mm,OK,--,12:48:33 PM,6/21/2025,
153,61.3,gf,0.475,mm,OK,--,12:48:33 PM,6/21/2025,
154,61.1,gf,0.480,mm,OK,--,12:48:33 PM,6/21/2025,
155,60.9,gf,0.485,mm,OK,--,12:48:33 PM,6/21/2025,
156,60.8,gf,0.495,mm,OK,--,12:48:33 PM,6/21/2025,
157,60.6,gf,0.500,mm,OK,--,12:48:33 PM,6/21/2025,
158,60.4,gf,0.505,mm,OK,--,12:48:34 PM,6/21/2025,
159,60.3,gf,0.510,mm,OK,--,12:48:34 PM,6/21/2025,
160,60.1,gf,0.515,mm,OK,--,12:48:34 PM,6/21/2025,
161,60.0,gf,0.520,mm,OK,--,12:48:34 PM,6/21/2025,
162,59.8,gf,0.530,mm,OK,--,12:48:34 PM,6/21/2025,
163,59.8,gf,0.535,mm,OK,--,12:48:34 PM,6/21/2025,
164,59.5,gf,0.545,mm,OK,--,12:48:34 PM,6/21/2025,
165,59.3,gf,0.550,mm,OK,--,12:48:34 PM,6/21/2025,
166,59.2,gf,0.560,mm,OK,--,12:48:34 PM,6/21/2025,
167,59.1,gf,0.565,mm,OK,--,12:48:34 PM,6/21/2025,
168,59.1,gf,0.575,mm,OK,--,12:48:35 PM,6/21/2025,
169,58.8,gf,0.585,mm,OK,--,12:48:35 PM,6/21/2025,
170,58.6,gf,0.595,mm,OK,--,12:48:35 PM,6/21/2025,
171,58.5,gf,0.605,mm,OK,--,12:48:35 PM,6/21/2025,
172,58.2,gf,0.620,mm,OK,--,12:48:35 PM,6/21/2025,
173,57.9,gf,0.630,mm,OK,--,12:48:35 PM,6/21/2025,
174,57.9,gf,0.635,mm,OK,--,12:48:35 PM,6/21/2025,
175,57.9,gf,0.650,mm,OK,--,12:48:35 PM,6/21/2025,
176,57.5,gf,0.660,mm,OK,--,12:48:35 PM,6/21/2025,
177,57.4,gf,0.665,mm,OK,--,12:48:35 PM,6/21/2025,
178,57.3,gf,0.675,mm,OK,--,12:48:36 PM,6/21/2025,
179,57.1,gf,0.685,mm,OK,--,12:48:36 PM,6/21/2025,
180,56.8,gf,0.690,mm,OK,--,12:48:36 PM,6/21/2025,
181,56.6,gf,0.700,mm,OK,--,12:48:36 PM,6/21/2025,
182,56.6,gf,0.705,mm,OK,--,12:48:36 PM,6/21/2025,
183,56.2,gf,0.710,mm,OK,--,12:48:36 PM,6/21/2025,
184,56.2,gf,0.715,mm,OK,--,12:48:36 PM,6/21/2025,
185,56.2,gf,0.725,mm,OK,--,12:48:36 PM,6/21/2025,
186,55.8,gf,0.730,mm,OK,--,12:48:36 PM,6/21/2025,
187,56.0,gf,0.735,mm,OK,--,12:48:36 PM,6/21/2025,
188,55.7,gf,0.740,mm,OK,--,12:48:37 PM,6/21/2025,
189,55.8,gf,0.750,mm,OK,--,12:48:37 PM,6/21/2025,
190,55.4,gf,0.760,mm,OK,--,12:48:37 PM,6/21/2025,
191,55.2,gf,0.765,mm,OK,--,12:48:37 PM,6/21/2025,
192,55.2,gf,0.770,mm,OK,--,12:48:37 PM,6/21/2025,
193,54.6,gf,0.775,mm,OK,--,12:48:37 PM,6/21/2025,
194,55.0,gf,0.780,mm,OK,--,12:48:37 PM,6/21/2025,
195,54.8,gf,0.790,mm,OK,--,12:48:37 PM,6/21/2025,
196,54.4,gf,0.795,mm,OK,--,12:48:37 PM,6/21/2025,
197,54.5,gf,0.800,mm,OK,--,12:48:37 PM,6/21/2025,
198,54.1,gf,0.810,mm,OK,--,12:48:38 PM,6/21/2025,
199,53.6,gf,0.815,mm,OK,--,12:48:38 PM,6/21/2025,
200,53.9,gf,0.820,mm,OK,--,12:48:38 PM,6/21/2025,
201,53.7,gf,0.820,mm,OK,--,12:48:38 PM,6/21/2025,
202,53.8,gf,0.825,mm,OK,--,12:48:38 PM,6/21/2025,
203,53.7,gf,0.825,mm,OK,--,12:48:38 PM,6/21/2025,
204,54.1,gf,0.825,mm,OK,--,12:48:38 PM,6/21/2025,
205,53.9,gf,0.830,mm,OK,--,12:48:38 PM,6/21/2025,
206,54.1,gf,0.830,mm,OK,--,12:48:38 PM,6/21/2025,
207,54.1,gf,0.835,mm,OK,--,12:48:38 PM,6/21/2025,
208,54.4,gf,0.840,mm,OK,--,12:48:39 PM,6/21/2025,
209,54.2,gf,0.850,mm,OK,--,12:48:39 PM,6/21/2025,
210,54.1,gf,0.865,mm,OK,--,12:48:39 PM,6/21/2025,
211,54.1,gf,0.875,mm,OK,--,12:48:39 PM,6/21/2025,
212,53.9,gf,0.890,mm,OK,--,12:48:39 PM,6/21/2025,
213,53.9,gf,0.900,mm,OK,--,12:48:39 PM,6/21/2025,
214,53.8,gf,0.905,mm,OK,--,12:48:39 PM,6/21/2025,
215,53.9,gf,0.910,mm,OK,--,12:48:39 PM,6/21/2025,
216,53.8,gf,0.915,mm,OK,--,12:48:39 PM,6/21/2025,
217,53.9,gf,0.915,mm,OK,--,12:48:39 PM,6/21/2025,
218,54.0,gf,0.920,mm,OK,--,12:48:40 PM,6/21/2025,
219,54.0,gf,0.925,mm,OK,--,12:48:40 PM,6/21/2025,
220,54.1,gf,0.930,mm,OK,--,12:48:40 PM,6/21/2025,
221,54.1,gf,0.935,mm,OK,--,12:48:40 PM,6/21/2025,
222,54.0,gf,0.940,mm,OK,--,12:48:40 PM,6/21/2025,
223,53.9,gf,0.940,mm,OK,--,12:48:40 PM,6/21/2025,
224,54.0,gf,0.945,mm,OK,--,12:48:40 PM,6/21/2025,
225,54.3,gf,0.950,mm,OK,--,12:48:40 PM,6/21/2025,
226,54.2,gf,0.955,mm,OK,--,12:48:40 PM,6/21/2025,
227,54.2,gf,0.960,mm,OK,--,12:48:40 PM,6/21/2025,
228,54.2,gf,0.965,mm,OK,--,12:48:41 PM,6/21/2025,
229,54.0,gf,0.965,mm,OK,--,12:48:41 PM,6/21/2025,
230,54.1,gf,0.970,mm,OK,--,12:48:41 PM,6/21/2025,
231,54.1,gf,0.970,mm,OK,--,12:48:41 PM,6/21/2025,
232,54.0,gf,0.975,mm,OK,--,12:48:41 PM,6/21/2025,
233,54.1,gf,0.975,mm,OK,--,12:48:41 PM,6/21/2025,
234,54.4,gf,0.980,mm,OK,--,12:48:41 PM,6/21/2025,
235,54.2,gf,0.985,mm,OK,--,12:48:41 PM,6/21/2025,
236,54.1,gf,0.985,mm,OK,--,12:48:41 PM,6/21/2025,
237,54.1,gf,0.990,mm,OK,--,12:48:41 PM,6/21/2025,
238,54.1,gf,0.995,mm,OK,--,12:48:42 PM,6/21/2025,
239,54.1,gf,1.000,mm,OK,--,12:48:42 PM,6/21/2025,
240,54.1,gf,1.000,mm,OK,--,12:48:42 PM,6/21/2025,
241,54.1,gf,1.005,mm,OK,--,12:48:42 PM,6/21/2025,
242,54.0,gf,1.010,mm,OK,--,12:48:42 PM,6/21/2025,
243,54.1,gf,1.010,mm,OK,--,12:48:42 PM,6/21/2025,
244,54.2,gf,1.015,mm,OK,--,12:48:42 PM,6/21/2025,
245,54.2,gf,1.015,mm,OK,--,12:48:42 PM,6/21/2025,
246,54.2,gf,1.020,mm,OK,--,12:48:42 PM,6/21/2025,
247,54.5,gf,1.025,mm,OK,--,12:48:42 PM,6/21/2025,
248,54.4,gf,1.035,mm,OK,--,12:48:43 PM,6/21/2025,
249,54.3,gf,1.045,mm,OK,--,12:48:43 PM,6/21/2025,
250,54.1,gf,1.055,mm,OK,--,12:48:43 PM,6/21/2025,
251,54.2,gf,1.060,mm,OK,--,12:48:43 PM,6/21/2025,
252,54.2,gf,1.065,mm,OK,--,12:48:43 PM,6/21/2025,
253,54.3,gf,1.070,mm,OK,--,12:48:43 PM,6/21/2025,
254,54.2,gf,1.080,mm,OK,--,12:48:43 PM,6/21/2025,
255,54.2,gf,1.085,mm,OK,--,12:48:43 PM,6/21/2025,
256,54.1,gf,1.095,mm,OK,--,12:48:43 PM,6/21/2025,
257,54.0,gf,1.100,mm,OK,--,12:48:43 PM,6/21/2025,
258,54.0,gf,1.105,mm,OK,--,12:48:44 PM,6/21/2025,
259,54.0,gf,1.110,mm,OK,--,12:48:44 PM,6/21/2025,
260,53.9,gf,1.115,mm,OK,--,12:48:44 PM,6/21/2025,
261,53.8,gf,1.120,mm,OK,--,12:48:44 PM,6/21/2025,
262,53.8,gf,1.125,mm,OK,--,12:48:44 PM,6/21/2025,
263,53.8,gf,1.130,mm,OK,--,12:48:44 PM,6/21/2025,
264,53.9,gf,1.135,mm,OK,--,12:48:44 PM,6/21/2025,
265,53.9,gf,1.135,mm,OK,--,12:48:44 PM,6/21/2025,
266,53.9,gf,1.140,mm,OK,--,12:48:44 PM,6/21/2025,
267,54.0,gf,1.145,mm,OK,--,12:48:44 PM,6/21/2025,
268,53.9,gf,1.145,mm,OK,--,12:48:45 PM,6/21/2025,
269,54.0,gf,1.150,mm,OK,--,12:48:45 PM,6/21/2025,
270,54.1,gf,1.155,mm,OK,--,12:48:45 PM,6/21/2025,
271,54.0,gf,1.155,mm,OK,--,12:48:45 PM,6/21/2025,
272,53.9,gf,1.160,mm,OK,--,12:48:45 PM,6/21/2025,
273,54.0,gf,1.160,mm,OK,--,12:48:45 PM,6/21/2025,
274,53.9,gf,1.165,mm,OK,--,12:48:45 PM,6/21/2025,
275,53.9,gf,1.170,mm,OK,--,12:48:45 PM,6/21/2025,
276,53.9,gf,1.170,mm,OK,--,12:48:45 PM,6/21/2025,
277,53.9,gf,1.175,mm,OK,--,12:48:45 PM,6/21/2025,
278,53.9,gf,1.180,mm,OK,--,12:48:46 PM,6/21/2025,
279,53.9,gf,1.185,mm,OK,--,12:48:46 PM,6/21/2025,
280,53.9,gf,1.190,mm,OK,--,12:48:46 PM,6/21/2025,
281,53.7,gf,1.195,mm,OK,--,12:48:46 PM,6/21/2025,
282,53.8,gf,1.195,mm,OK,--,12:48:46 PM,6/21/2025,
283,53.9,gf,1.200,mm,OK,--,12:48:46 PM,6/21/2025,
284,53.8,gf,1.205,mm,OK,--,12:48:46 PM,6/21/2025,
285,53.6,gf,1.210,mm,OK,--,12:48:46 PM,6/21/2025,
286,53.6,gf,1.215,mm,OK,--,12:48:46 PM,6/21/2025,
287,53.6,gf,1.215,mm,OK,--,12:48:46 PM,6/21/2025,
288,53.5,gf,1.220,mm,OK,--,12:48:47 PM,6/21/2025,
289,53.3,gf,1.220,mm,OK,--,12:48:47 PM,6/21/2025,
290,53.3,gf,1.225,mm,OK,--,12:48:47 PM,6/21/2025,
291,53.2,gf,1.225,mm,OK,--,12:48:47 PM,6/21/2025,
292,53.4,gf,1.230,mm,OK,--,12:48:47 PM,6/21/2025,
293,53.3,gf,1.230,mm,OK,--,12:48:47 PM,6/21/2025,
294,53.4,gf,1.230,mm,OK,--,12:48:47 PM,6/21/2025,
295,53.3,gf,1.235,mm,OK,--,12:48:47 PM,6/21/2025,
296,53.2,gf,1.235,mm,OK,--,12:48:47 PM,6/21/2025,
297,53.2,gf,1.235,mm,OK,--,12:48:47 PM,6/21/2025,
298,53.3,gf,1.240,mm,OK,--,12:48:48 PM,6/21/2025,
299,53.4,gf,1.240,mm,OK,--,12:48:48 PM,6/21/2025,
300,53.4,gf,1.240,mm,OK,--,12:48:48 PM,6/21/2025,
301,53.4,gf,1.245,mm,OK,--,12:48:48 PM,6/21/2025,
302,53.3,gf,1.245,mm,OK,--,12:48:48 PM,6/21/2025,
303,53.1,gf,1.250,mm,OK,--,12:48:48 PM,6/21/2025,
304,53.2,gf,1.250,mm,OK,--,12:48:48 PM,6/21/2025,
305,53.3,gf,1.255,mm,OK,--,12:48:48 PM,6/21/2025,
306,53.2,gf,1.255,mm,OK,--,12:48:48 PM,6/21/2025,
307,53.3,gf,1.260,mm,OK,--,12:48:48 PM,6/21/2025,
308,53.4,gf,1.265,mm,OK,--,12:48:49 PM,6/21/2025,
309,53.2,gf,1.270,mm,OK,--,12:48:49 PM,6/21/2025,
310,53.0,gf,1.275,mm,OK,--,12:48:49 PM,6/21/2025,
311,52.8,gf,1.280,mm,OK,--,12:48:49 PM,6/21/2025,
312,52.6,gf,1.285,mm,OK,--,12:48:49 PM,6/21/2025,
313,52.3,gf,1.290,mm,OK,--,12:48:49 PM,6/21/2025,
314,51.9,gf,1.295,mm,OK,--,12:48:49 PM,6/21/2025,
315,51.9,gf,1.300,mm,OK,--,12:48:49 PM,6/21/2025,
316,51.6,gf,1.305,mm,OK,--,12:48:49 PM,6/21/2025,
317,51.6,gf,1.310,mm,OK,--,12:48:49 PM,6/21/2025,
318,51.8,gf,1.315,mm,OK,--,12:48:50 PM,6/21/2025,
319,51.8,gf,1.320,mm,OK,--,12:48:50 PM,6/21/2025,
320,51.6,gf,1.325,mm,OK,--,12:48:50 PM,6/21/2025,
321,51.4,gf,1.330,mm,OK,--,12:48:50 PM,6/21/2025,
322,51.4,gf,1.335,mm,OK,--,12:48:50 PM,6/21/2025,
323,50.8,gf,1.340,mm,OK,--,12:48:50 PM,6/21/2025,
324,51.6,gf,1.345,mm,OK,--,12:48:50 PM,6/21/2025,
325,51.2,gf,1.350,mm,OK,--,12:48:50 PM,6/21/2025,
326,50.8,gf,1.355,mm,OK,--,12:48:50 PM,6/21/2025,
327,50.8,gf,1.355,mm,OK,--,12:48:50 PM,6/21/2025,
328,51.2,gf,1.360,mm,OK,--,12:48:51 PM,6/21/2025,
329,50.9,gf,1.365,mm,OK,--,12:48:51 PM,6/21/2025,
330,50.5,gf,1.370,mm,OK,--,12:48:51 PM,6/21/2025,
331,50.6,gf,1.370,mm,OK,--,12:48:51 PM,6/21/2025,
332,50.4,gf,1.375,mm,OK,--,12:48:51 PM,6/21/2025,
333,50.4,gf,1.375,mm,OK,--,12:48:51 PM,6/21/2025,
334,50.5,gf,1.380,mm,OK,--,12:48:51 PM,6/21/2025,
335,50.6,gf,1.385,mm,OK,--,12:48:51 PM,6/21/2025,
336,50.5,gf,1.390,mm,OK,--,12:48:51 PM,6/21/2025,
337,50.2,gf,1.395,mm,OK,--,12:48:51 PM,6/21/2025,
338,49.8,gf,1.410,mm,OK,--,12:48:52 PM,6/21/2025,
339,49.2,gf,1.420,mm,OK,--,12:48:52 PM,6/21/2025,
340,49.3,gf,1.430,mm,OK,--,12:48:52 PM,6/21/2025,
341,49.2,gf,1.435,mm,OK,--,12:48:52 PM,6/21/2025,
342,49.2,gf,1.440,mm,OK,--,12:48:52 PM,6/21/2025,
343,49.2,gf,1.445,mm,OK,--,12:48:52 PM,6/21/2025,
344,48.9,gf,1.460,mm,OK,--,12:48:52 PM,6/21/2025,
345,48.6,gf,1.470,mm,OK,--,12:48:52 PM,6/21/2025,
346,48.2,gf,1.480,mm,OK,--,12:48:52 PM,6/21/2025,
347,47.9,gf,1.485,mm,OK,--,12:48:52 PM,6/21/2025,
348,47.7,gf,1.490,mm,OK,--,12:48:53 PM,6/21/2025,
349,47.7,gf,1.490,mm,OK,--,12:48:53 PM,6/21/2025,
350,47.9,gf,1.495,mm,OK,--,12:48:53 PM,6/21/2025,
351,47.7,gf,1.500,mm,OK,--,12:48:53 PM,6/21/2025,
352,47.4,gf,1.505,mm,OK,--,12:48:53 PM,6/21/2025,
353,47.5,gf,1.510,mm,OK,--,12:48:53 PM,6/21/2025,
354,47.4,gf,1.515,mm,OK,--,12:48:53 PM,6/21/2025,
355,47.3,gf,1.520,mm,OK,--,12:48:53 PM,6/21/2025,
356,47.0,gf,1.520,mm,OK,--,12:48:53 PM,6/21/2025,
357,47.0,gf,1.525,mm,OK,--,12:48:53 PM,6/21/2025,
358,46.7,gf,1.530,mm,OK,--,12:48:54 PM,6/21/2025,
359,46.7,gf,1.530,mm,OK,--,12:48:54 PM,6/21/2025,
360,46.7,gf,1.535,mm,OK,--,12:48:54 PM,6/21/2025,
361,46.5,gf,1.540,mm,OK,--,12:48:54 PM,6/21/2025,
362,46.5,gf,1.540,mm,OK,--,12:48:54 PM,6/21/2025,
363,46.4,gf,1.545,mm,OK,--,12:48:54 PM,6/21/2025,
364,46.2,gf,1.545,mm,OK,--,12:48:54 PM,6/21/2025,
365,46.1,gf,1.550,mm,OK,--,12:48:54 PM,6/21/2025,
366,46.3,gf,1.550,mm,OK,--,12:48:54 PM,6/21/2025,
367,46.4,gf,1.555,mm,OK,--,12:48:54 PM,6/21/2025,
368,46.1,gf,1.560,mm,OK,--,12:48:55 PM,6/21/2025,
369,45.9,gf,1.565,mm,OK,--,12:48:55 PM,6/21/2025,
370,45.5,gf,1.575,mm,OK,--,12:48:55 PM,6/21/2025,
371,45.2,gf,1.580,mm,OK,--,12:48:55 PM,6/21/2025,
372,45.0,gf,1.585,mm,OK,--,12:48:55 PM,6/21/2025,
373,44.9,gf,1.585,mm,OK,--,12:48:55 PM,6/21/2025,
374,44.8,gf,1.590,mm,OK,--,12:48:55 PM,6/21/2025,
375,45.1,gf,1.590,mm,OK,--,12:48:55 PM,6/21/2025,
376,44.8,gf,1.595,mm,OK,--,12:48:55 PM,6/21/2025,
377,44.6,gf,1.595,mm,OK,--,12:48:55 PM,6/21/2025,
378,44.5,gf,1.600,mm,OK,--,12:48:56 PM,6/21/2025,
379,44.4,gf,1.600,mm,OK,--,12:48:56 PM,6/21/2025,
380,44.4,gf,1.605,mm,OK,--,12:48:56 PM,6/21/2025,
381,44.4,gf,1.605,mm,OK,--,12:48:56 PM,6/21/2025,
382,44.5,gf,1.605,mm,OK,--,12:48:56 PM,6/21/2025,
383,44.6,gf,1.605,mm,OK,--,12:48:56 PM,6/21/2025,
384,44.7,gf,1.610,mm,OK,--,12:48:56 PM,6/21/2025,
385,44.7,gf,1.615,mm,OK,--,12:48:56 PM,6/21/2025,
386,44.4,gf,1.620,mm,OK,--,12:48:56 PM,6/21/2025,
387,44.2,gf,1.620,mm,OK,--,12:48:56 PM,6/21/2025,
388,44.2,gf,1.625,mm,OK,--,12:48:57 PM,6/21/2025,
389,44.2,gf,1.630,mm,OK,--,12:48:57 PM,6/21/2025,
390,44.0,gf,1.630,mm,OK,--,12:48:57 PM,6/21/2025,
391,43.8,gf,1.630,mm,OK,--,12:48:57 PM,6/21/2025,
392,43.9,gf,1.635,mm,OK,--,12:48:57 PM,6/21/2025,
393,43.8,gf,1.640,mm,OK,--,12:48:57 PM,6/21/2025,
394,43.7,gf,1.640,mm,OK,--,12:48:57 PM,6/21/2025,
395,43.8,gf,1.645,mm,OK,--,12:48:57 PM,6/21/2025,
396,43.6,gf,1.645,mm,OK,--,12:48:57 PM,6/21/2025,
397,43.6,gf,1.650,mm,OK,--,12:48:57 PM,6/21/2025,
398,43.6,gf,1.650,mm,OK,--,12:48:58 PM,6/21/2025,
399,43.6,gf,1.655,mm,OK,--,12:48:58 PM,6/21/2025,
400,43.5,gf,1.660,mm,OK,--,12:48:58 PM,6/21/2025,
401,43.3,gf,1.660,mm,OK,--,12:48:58 PM,6/21/2025,
402,43.2,gf,1.665,mm,OK,--,12:48:58 PM,6/21/2025,
403,43.3,gf,1.665,mm,OK,--,12:48:58 PM,6/21/2025,
404,43.4,gf,1.670,mm,OK,--,12:48:58 PM,6/21/2025,
405,43.2,gf,1.675,mm,OK,--,12:48:58 PM,6/21/2025,
406,42.9,gf,1.680,mm,OK,--,12:48:58 PM,6/21/2025,
407,42.9,gf,1.685,mm,OK,--,12:48:58 PM,6/21/2025,
408,42.9,gf,1.690,mm,OK,--,12:48:59 PM,6/21/2025,
409,42.6,gf,1.695,mm,OK,--,12:48:59 PM,6/21/2025,
410,42.6,gf,1.700,mm,OK,--,12:48:59 PM,6/21/2025,
411,42.5,gf,1.700,mm,OK,--,12:48:59 PM,6/21/2025,
412,42.5,gf,1.705,mm,OK,--,12:48:59 PM,6/21/2025,
413,42.7,gf,1.705,mm,OK,--,12:48:59 PM,6/21/2025,
414,42.6,gf,1.710,mm,OK,--,12:48:59 PM,6/21/2025,
415,42.6,gf,1.715,mm,OK,--,12:48:59 PM,6/21/2025,
416,42.8,gf,1.720,mm,OK,--,12:48:59 PM,6/21/2025,
417,42.6,gf,1.725,mm,OK,--,12:48:59 PM,6/21/2025,
418,42.7,gf,1.735,mm,OK,--,12:49:00 PM,6/21/2025,
419,42.5,gf,1.740,mm,OK,--,12:49:00 PM,6/21/2025,
420,42.4,gf,1.750,mm,OK,--,12:49:00 PM,6/21/2025,
421,42.3,gf,1.755,mm,OK,--,12:49:00 PM,6/21/2025,
422,42.4,gf,1.760,mm,OK,--,12:49:00 PM,6/21/2025,
423,42.5,gf,1.765,mm,OK,--,12:49:00 PM,6/21/2025,
424,42.6,gf,1.770,mm,OK,--,12:49:00 PM,6/21/2025,
425,42.3,gf,1.780,mm,OK,--,12:49:00 PM,6/21/2025,
426,42.3,gf,1.785,mm,OK,--,12:49:00 PM,6/21/2025,
427,42.2,gf,1.790,mm,OK,--,12:49:00 PM,6/21/2025,
428,41.9,gf,1.790,mm,OK,--,12:49:01 PM,6/21/2025,
429,41.7,gf,1.790,mm,OK,--,12:49:01 PM,6/21/2025,
430,42.0,gf,1.790,mm,OK,--,12:49:01 PM,6/21/2025,
431,42.0,gf,1.795,mm,OK,--,12:49:01 PM,6/21/2025,
432,42.1,gf,1.795,mm,OK,--,12:49:01 PM,6/21/2025,
433,42.1,gf,1.795,mm,OK,--,12:49:01 PM,6/21/2025,
434,41.9,gf,1.795,mm,OK,--,12:49:01 PM,6/21/2025,
435,42.0,gf,1.800,mm,OK,--,12:49:01 PM,6/21/2025,
436,41.7,gf,1.800,mm,OK,--,12:49:01 PM,6/21/2025,
437,41.9,gf,1.800,mm,OK,--,12:49:01 PM,6/21/2025,
438,41.8,gf,1.800,mm,OK,--,12:49:02 PM,6/21/2025,
439,41.8,gf,1.800,mm,OK,--,12:49:02 PM,6/21/2025,
440,41.8,gf,1.800,mm,OK,--,12:49:02 PM,6/21/2025,
441,41.9,gf,1.800,mm,OK,--,12:49:02 PM,6/21/2025,
442,41.8,gf,1.800,mm,OK,--,12:49:02 PM,6/21/2025,
443,41.9,gf,1.800,mm,OK,--,12:49:02 PM,6/21/2025,
444,42.0,gf,1.805,mm,OK,--,12:49:02 PM,6/21/2025,
445,42.1,gf,1.805,mm,OK,--,12:49:02 PM,6/21/2025,
446,42.1,gf,1.805,mm,OK,--,12:49:02 PM,6/21/2025,
447,42.1,gf,1.805,mm,OK,--,12:49:02 PM,6/21/2025,
448,42.4,gf,1.805,mm,OK,--,12:49:03 PM,6/21/2025,
449,42.6,gf,1.810,mm,OK,--,12:49:03 PM,6/21/2025,
450,42.6,gf,1.815,mm,OK,--,12:49:03 PM,6/21/2025,
451,42.5,gf,1.820,mm,OK,--,12:49:03 PM,6/21/2025,
452,42.6,gf,1.825,mm,OK,--,12:49:03 PM,6/21/2025,
453,42.6,gf,1.830,mm,OK,--,12:49:03 PM,6/21/2025,
454,42.6,gf,1.835,mm,OK,--,12:49:03 PM,6/21/2025,
455,42.6,gf,1.840,mm,OK,--,12:49:03 PM,6/21/2025,
456,42.5,gf,1.845,mm,OK,--,12:49:03 PM,6/21/2025,
457,42.6,gf,1.850,mm,OK,--,12:49:03 PM,6/21/2025,
458,42.5,gf,1.850,mm,OK,--,12:49:04 PM,6/21/2025,
459,42.4,gf,1.855,mm,OK,--,12:49:04 PM,6/21/2025,
460,42.4,gf,1.855,mm,OK,--,12:49:04 PM,6/21/2025,
461,42.5,gf,1.855,mm,OK,--,12:49:04 PM,6/21/2025,
462,42.5,gf,1.860,mm,OK,--,12:49:04 PM,6/21/2025,
463,42.4,gf,1.860,mm,OK,--,12:49:04 PM,6/21/2025,
464,42.4,gf,1.865,mm,OK,--,12:49:04 PM,6/21/2025,
465,42.5,gf,1.865,mm,OK,--,12:49:04 PM,6/21/2025,
466,42.5,gf,1.865,mm,OK,--,12:49:04 PM,6/21/2025,
467,42.5,gf,1.865,mm,OK,--,12:49:04 PM,6/21/2025,
468,42.4,gf,1.870,mm,OK,--,12:49:05 PM,6/21/2025,
469,42.7,gf,1.870,mm,OK,--,12:49:05 PM,6/21/2025,
470,42.9,gf,1.875,mm,OK,--,12:49:05 PM,6/21/2025,
471,42.9,gf,1.875,mm,OK,--,12:49:05 PM,6/21/2025,
472,42.8,gf,1.880,mm,OK,--,12:49:05 PM,6/21/2025,
473,43.0,gf,1.885,mm,OK,--,12:49:05 PM,6/21/2025,
474,43.0,gf,1.890,mm,OK,--,12:49:05 PM,6/21/2025,
475,43.0,gf,1.895,mm,OK,--,12:49:05 PM,6/21/2025,
476,42.9,gf,1.895,mm,OK,--,12:49:05 PM,6/21/2025,
477,42.9,gf,1.900,mm,OK,--,12:49:05 PM,6/21/2025,
478,42.8,gf,1.900,mm,OK,--,12:49:06 PM,6/21/2025,
479,42.7,gf,1.900,mm,OK,--,12:49:06 PM,6/21/2025,
480,42.7,gf,1.900,mm,OK,--,12:49:06 PM,6/21/2025,
481,42.7,gf,1.905,mm,OK,--,12:49:06 PM,6/21/2025,
482,42.7,gf,1.905,mm,OK,--,12:49:06 PM,6/21/2025,
483,42.8,gf,1.905,mm,OK,--,12:49:06 PM,6/21/2025,
484,42.9,gf,1.905,mm,OK,--,12:49:06 PM,6/21/2025,
485,43.0,gf,1.910,mm,OK,--,12:49:06 PM,6/21/2025,
486,43.1,gf,1.910,mm,OK,--,12:49:06 PM,6/21/2025,
487,43.2,gf,1.910,mm,OK,--,12:49:06 PM,6/21/2025,
488,43.2,gf,1.915,mm,OK,--,12:49:07 PM,6/21/2025,
489,43.2,gf,1.915,mm,OK,--,12:49:07 PM,6/21/2025,
490,43.2,gf,1.920,mm,OK,--,12:49:07 PM,6/21/2025,
491,43.4,gf,1.920,mm,OK,--,12:49:07 PM,6/21/2025,
492,43.5,gf,1.925,mm,OK,--,12:49:07 PM,6/21/2025,
493,43.5,gf,1.935,mm,OK,--,12:49:07 PM,6/21/2025,
494,43.4,gf,1.940,mm,OK,--,12:49:07 PM,6/21/2025,
495,43.2,gf,1.945,mm,OK,--,12:49:07 PM,6/21/2025,
496,43.2,gf,1.945,mm,OK,--,12:49:07 PM,6/21/2025,
497,43.2,gf,1.950,mm,OK,--,12:49:07 PM,6/21/2025,
498,42.9,gf,1.950,mm,OK,--,12:49:08 PM,6/21/2025,
499,43.0,gf,1.950,mm,OK,--,12:49:08 PM,6/21/2025,
500,43.1,gf,1.955,mm,OK,--,12:49:08 PM,6/21/2025,
501,43.1,gf,1.955,mm,OK,--,12:49:08 PM,6/21/2025,
502,43.1,gf,1.955,mm,OK,--,12:49:08 PM,6/21/2025,
503,43.0,gf,1.960,mm,OK,--,12:49:08 PM,6/21/2025,
504,43.1,gf,1.960,mm,OK,--,12:49:08 PM,6/21/2025,
505,43.0,gf,1.960,mm,OK,--,12:49:08 PM,6/21/2025,
506,43.1,gf,1.960,mm,OK,--,12:49:08 PM,6/21/2025,
507,43.2,gf,1.965,mm,OK,--,12:49:08 PM,6/21/2025,
508,43.4,gf,1.965,mm,OK,--,12:49:09 PM,6/21/2025,
509,43.5,gf,1.965,mm,OK,--,12:49:09 PM,6/21/2025,
510,43.5,gf,1.970,mm,OK,--,12:49:09 PM,6/21/2025,
511,43.5,gf,1.975,mm,OK,--,12:49:09 PM,6/21/2025,
512,43.5,gf,1.980,mm,OK,--,12:49:09 PM,6/21/2025,
513,43.5,gf,1.980,mm,OK,--,12:49:09 PM,6/21/2025,
514,43.7,gf,1.985,mm,OK,--,12:49:09 PM,6/21/2025,
515,43.6,gf,1.990,mm,OK,--,12:49:09 PM,6/21/2025,
516,43.6,gf,1.995,mm,OK,--,12:49:09 PM,6/21/2025,
517,43.7,gf,2.000,mm,OK,--,12:49:09 PM,6/21/2025,
518,43.7,gf,2.000,mm,OK,--,12:49:10 PM,6/21/2025,
519,43.6,gf,2.005,mm,OK,--,12:49:10 PM,6/21/2025,
520,43.6,gf,2.005,mm,OK,--,12:49:10 PM,6/21/2025,
521,43.7,gf,2.010,mm,OK,--,12:49:10 PM,6/21/2025,
522,43.8,gf,2.010,mm,OK,--,12:49:10 PM,6/21/2025,
523,43.9,gf,2.015,mm,OK,--,12:49:10 PM,6/21/2025,
524,43.9,gf,2.020,mm,OK,--,12:49:10 PM,6/21/2025,
525,43.8,gf,2.020,mm,OK,--,12:49:10 PM,6/21/2025,
526,43.9,gf,2.025,mm,OK,--,12:49:10 PM,6/21/2025,
527,44.1,gf,2.030,mm,OK,--,12:49:10 PM,6/21/2025,
528,44.0,gf,2.030,mm,OK,--,12:49:11 PM,6/21/2025,
529,43.9,gf,2.035,mm,OK,--,12:49:11 PM,6/21/2025,
530,44.0,gf,2.040,mm,OK,--,12:49:11 PM,6/21/2025,
531,44.1,gf,2.040,mm,OK,--,12:49:11 PM,6/21/2025,
532,44.2,gf,2.045,mm,OK,--,12:49:11 PM,6/21/2025,
533,44.2,gf,2.050,mm,OK,--,12:49:11 PM,6/21/2025,
534,44.3,gf,2.060,mm,OK,--,12:49:11 PM,6/21/2025,
535,44.3,gf,2.065,mm,OK,--,12:49:11 PM,6/21/2025,
536,44.5,gf,2.070,mm,OK,--,12:49:11 PM,6/21/2025,
537,44.4,gf,2.075,mm,OK,--,12:49:11 PM,6/21/2025,
538,44.3,gf,2.080,mm,OK,--,12:49:12 PM,6/21/2025,
539,44.4,gf,2.080,mm,OK,--,12:49:12 PM,6/21/2025,
540,44.2,gf,2.085,mm,OK,--,12:49:12 PM,6/21/2025,
541,44.7,gf,2.085,mm,OK,--,12:49:12 PM,6/21/2025,
542,45.1,gf,2.090,mm,OK,--,12:49:12 PM,6/21/2025,
543,45.2,gf,2.095,mm,OK,--,12:49:12 PM,6/21/2025,
544,45.5,gf,2.100,mm,OK,--,12:49:12 PM,6/21/2025,
545,45.8,gf,2.105,mm,OK,--,12:49:12 PM,6/21/2025,
546,46.3,gf,2.110,mm,OK,--,12:49:12 PM,6/21/2025,
547,46.7,gf,2.120,mm,OK,--,12:49:12 PM,6/21/2025,
548,47.0,gf,2.130,mm,OK,--,12:49:13 PM,6/21/2025,
549,47.3,gf,2.140,mm,OK,--,12:49:13 PM,6/21/2025,
550,47.4,gf,2.145,mm,OK,--,12:49:13 PM,6/21/2025,
551,47.4,gf,2.145,mm,OK,--,12:49:13 PM,6/21/2025,
552,47.5,gf,2.150,mm,OK,--,12:49:13 PM,6/21/2025,
553,47.7,gf,2.150,mm,OK,--,12:49:13 PM,6/21/2025,
554,47.9,gf,2.155,mm,OK,--,12:49:13 PM,6/21/2025,
555,48.0,gf,2.160,mm,OK,--,12:49:13 PM,6/21/2025,
556,48.1,gf,2.160,mm,OK,--,12:49:13 PM,6/21/2025,
557,48.1,gf,2.165,mm,OK,--,12:49:13 PM,6/21/2025,
558,48.5,gf,2.170,mm,OK,--,12:49:14 PM,6/21/2025,
559,48.5,gf,2.170,mm,OK,--,12:49:14 PM,6/21/2025,
560,48.7,gf,2.175,mm,OK,--,12:49:14 PM,6/21/2025,
561,48.9,gf,2.180,mm,OK,--,12:49:14 PM,6/21/2025,
562,49.1,gf,2.185,mm,OK,--,12:49:14 PM,6/21/2025,
563,49.2,gf,2.190,mm,OK,--,12:49:14 PM,6/21/2025,
564,49.5,gf,2.195,mm,OK,--,12:49:14 PM,6/21/2025,
565,49.7,gf,2.200,mm,OK,--,12:49:14 PM,6/21/2025,
566,49.7,gf,2.205,mm,OK,--,12:49:14 PM,6/21/2025,
567,49.8,gf,2.210,mm,OK,--,12:49:14 PM,6/21/2025,
568,49.9,gf,2.215,mm,OK,--,12:49:15 PM,6/21/2025,
569,50.0,gf,2.220,mm,OK,--,12:49:15 PM,6/21/2025,
570,50.0,gf,2.220,mm,OK,--,12:49:15 PM,6/21/2025,
571,50.1,gf,2.225,mm,OK,--,12:49:15 PM,6/21/2025,
572,50.2,gf,2.225,mm,OK,--,12:49:15 PM,6/21/2025,
573,50.2,gf,2.230,mm,OK,--,12:49:15 PM,6/21/2025,
574,50.3,gf,2.230,mm,OK,--,12:49:15 PM,6/21/2025,
575,50.3,gf,2.235,mm,OK,--,12:49:15 PM,6/21/2025,
576,50.3,gf,2.235,mm,OK,--,12:49:15 PM,6/21/2025,
577,50.4,gf,2.240,mm,OK,--,12:49:15 PM,6/21/2025,
578,50.4,gf,2.240,mm,OK,--,12:49:16 PM,6/21/2025,
579,50.4,gf,2.245,mm,OK,--,12:49:16 PM,6/21/2025,
580,50.4,gf,2.245,mm,OK,--,12:49:16 PM,6/21/2025,
581,50.4,gf,2.250,mm,OK,--,12:49:16 PM,6/21/2025,
582,50.4,gf,2.250,mm,OK,--,12:49:16 PM,6/21/2025,
583,50.4,gf,2.255,mm,OK,--,12:49:16 PM,6/21/2025,
584,50.4,gf,2.255,mm,OK,--,12:49:16 PM,6/21/2025,
585,50.4,gf,2.260,mm,OK,--,12:49:16 PM,6/21/2025,
586,50.4,gf,2.260,mm,OK,--,12:49:16 PM,6/21/2025,
587,50.4,gf,2.265,mm,OK,--,12:49:16 PM,6/21/2025,
588,50.4,gf,2.265,mm,OK,--,12:49:17 PM,6/21/2025,
589,50.4,gf,2.270,mm,OK,--,12:49:17 PM,6/21/2025,
590,50.5,gf,2.275,mm,OK,--,12:49:17 PM,6/21/2025,
591,50.5,gf,2.280,mm,OK,--,12:49:17 PM,6/21/2025,
592,50.5,gf,2.285,mm,OK,--,12:49:17 PM,6/21/2025,
593,50.5,gf,2.285,mm,OK,--,12:49:17 PM,6/21/2025,
594,50.5,gf,2.290,mm,OK,--,12:49:17 PM,6/21/2025,
595,50.5,gf,2.295,mm,OK,--,12:49:17 PM,6/21/2025,
596,50.5,gf,2.300,mm,OK,--,12:49:17 PM,6/21/2025,
597,50.5,gf,2.310,mm,OK,--,12:49:17 PM,6/21/2025,
598,50.6,gf,2.315,mm,OK,--,12:49:18 PM,6/21/2025,
599,50.6,gf,2.325,mm,OK,--,12:49:18 PM,6/21/2025,
600,50.7,gf,2.330,mm,OK,--,12:49:18 PM,6/21/2025,
601,50.7,gf,2.340,mm,OK,--,12:49:18 PM,6/21/2025,
602,50.8,gf,2.350,mm,OK,--,12:49:18 PM,6/21/2025,
603,51.1,gf,2.360,mm,OK,--,12:49:18 PM,6/21/2025,
604,51.3,gf,2.370,mm,OK,--,12:49:18 PM,6/21/2025,
605,51.5,gf,2.375,mm,OK,--,12:49:18 PM,6/21/2025,
606,51.8,gf,2.385,mm,OK,--,12:49:18 PM,6/21/2025,
607,51.9,gf,2.395,mm,OK,--,12:49:18 PM,6/21/2025,
608,52.0,gf,2.400,mm,OK,--,12:49:19 PM,6/21/2025,
609,52.0,gf,2.400,mm,OK,--,12:49:19 PM,6/21/2025,
610,52.1,gf,2.405,mm,OK,--,12:49:19 PM,6/21/2025,
611,52.1,gf,2.405,mm,OK,--,12:49:19 PM,6/21/2025,
612,52.1,gf,2.410,mm,OK,--,12:49:19 PM,6/21/2025,
613,52.1,gf,2.415,mm,OK,--,12:49:19 PM,6/21/2025,
614,52.1,gf,2.415,mm,OK,--,12:49:19 PM,6/21/2025,
615,52.2,gf,2.420,mm,OK,--,12:49:19 PM,6/21/2025,
616,52.2,gf,2.420,mm,OK,--,12:49:19 PM,6/21/2025,
617,52.2,gf,2.425,mm,OK,--,12:49:19 PM,6/21/2025,
618,52.3,gf,2.430,mm,OK,--,12:49:20 PM,6/21/2025,
619,52.3,gf,2.430,mm,OK,--,12:49:20 PM,6/21/2025,
620,52.4,gf,2.435,mm,OK,--,12:49:20 PM,6/21/2025,
621,52.3,gf,2.445,mm,OK,--,12:49:20 PM,6/21/2025,
622,52.4,gf,2.450,mm,OK,--,12:49:20 PM,6/21/2025,
623,52.3,gf,2.455,mm,OK,--,12:49:20 PM,6/21/2025,
624,52.4,gf,2.460,mm,OK,--,12:49:20 PM,6/21/2025,
625,52.4,gf,2.460,mm,OK,--,12:49:20 PM,6/21/2025,
626,52.4,gf,2.465,mm,OK,--,12:49:20 PM,6/21/2025,
627,52.4,gf,2.470,mm,OK,--,12:49:20 PM,6/21/2025,
628,52.5,gf,2.475,mm,OK,--,12:49:21 PM,6/21/2025,
629,52.5,gf,2.475,mm,OK,--,12:49:21 PM,6/21/2025,
630,52.5,gf,2.480,mm,OK,--,12:49:21 PM,6/21/2025,
631,52.5,gf,2.485,mm,OK,--,12:49:21 PM,6/21/2025,
632,52.6,gf,2.490,mm,OK,--,12:49:21 PM,6/21/2025,
633,52.6,gf,2.495,mm,OK,--,12:49:21 PM,6/21/2025,
634,52.6,gf,2.495,mm,OK,--,12:49:21 PM,6/21/2025,
635,52.6,gf,2.500,mm,OK,--,12:49:21 PM,6/21/2025,
636,52.6,gf,2.505,mm,OK,--,12:49:21 PM,6/21/2025,
637,52.7,gf,2.510,mm,OK,--,12:49:21 PM,6/21/2025,
638,52.7,gf,2.515,mm,OK,--,12:49:22 PM,6/21/2025,
639,52.7,gf,2.520,mm,OK,--,12:49:22 PM,6/21/2025,
640,52.7,gf,2.525,mm,OK,--,12:49:22 PM,6/21/2025,
641,52.7,gf,2.525,mm,OK,--,12:49:22 PM,6/21/2025,
642,52.7,gf,2.530,mm,OK,--,12:49:22 PM,6/21/2025,
643,52.7,gf,2.530,mm,OK,--,12:49:22 PM,6/21/2025,
644,52.7,gf,2.535,mm,OK,--,12:49:22 PM,6/21/2025,
645,52.7,gf,2.540,mm,OK,--,12:49:22 PM,6/21/2025,
646,52.8,gf,2.540,mm,OK,--,12:49:22 PM,6/21/2025,
647,52.8,gf,2.545,mm,OK,--,12:49:22 PM,6/21/2025,
648,52.8,gf,2.545,mm,OK,--,12:49:23 PM,6/21/2025,
649,52.8,gf,2.545,mm,OK,--,12:49:23 PM,6/21/2025,
650,52.8,gf,2.550,mm,OK,--,12:49:23 PM,6/21/2025,
651,52.8,gf,2.550,mm,OK,--,12:49:23 PM,6/21/2025,
652,52.8,gf,2.555,mm,OK,--,12:49:23 PM,6/21/2025,
653,52.8,gf,2.555,mm,OK,--,12:49:23 PM,6/21/2025,
654,52.8,gf,2.560,mm,OK,--,12:49:23 PM,6/21/2025,
655,52.9,gf,2.560,mm,OK,--,12:49:23 PM,6/21/2025,
656,52.9,gf,2.560,mm,OK,--,12:49:23 PM,6/21/2025,
657,52.9,gf,2.565,mm,OK,--,12:49:23 PM,6/21/2025,
658,52.9,gf,2.565,mm,OK,--,12:49:24 PM,6/21/2025,
659,52.9,gf,2.570,mm,OK,--,12:49:24 PM,6/21/2025,
660,53.0,gf,2.575,mm,OK,--,12:49:24 PM,6/21/2025,
661,53.0,gf,2.580,mm,OK,--,12:49:24 PM,6/21/2025,
662,53.0,gf,2.580,mm,OK,--,12:49:24 PM,6/21/2025,
663,53.0,gf,2.585,mm,OK,--,12:49:24 PM,6/21/2025,
664,53.0,gf,2.590,mm,OK,--,12:49:24 PM,6/21/2025,
665,53.0,gf,2.595,mm,OK,--,12:49:24 PM,6/21/2025,
666,53.0,gf,2.600,mm,OK,--,12:49:24 PM,6/21/2025,
667,53.1,gf,2.605,mm,OK,--,12:49:24 PM,6/21/2025,
668,53.1,gf,2.610,mm,OK,--,12:49:25 PM,6/21/2025,
669,53.1,gf,2.610,mm,OK,--,12:49:25 PM,6/21/2025,
670,53.1,gf,2.615,mm,OK,--,12:49:25 PM,6/21/2025,
671,53.1,gf,2.620,mm,OK,--,12:49:25 PM,6/21/2025,
672,53.2,gf,2.625,mm,OK,--,12:49:25 PM,6/21/2025,
673,53.2,gf,2.625,mm,OK,--,12:49:25 PM,6/21/2025,
674,53.2,gf,2.630,mm,OK,--,12:49:25 PM,6/21/2025,
675,53.2,gf,2.635,mm,OK,--,12:49:25 PM,6/21/2025,
676,53.2,gf,2.635,mm,OK,--,12:49:25 PM,6/21/2025,
677,53.2,gf,2.640,mm,OK,--,12:49:25 PM,6/21/2025,
678,53.2,gf,2.640,mm,OK,--,12:49:26 PM,6/21/2025,
679,53.3,gf,2.645,mm,OK,--,12:49:26 PM,6/21/2025,
680,53.3,gf,2.650,mm,OK,--,12:49:26 PM,6/21/2025,
681,53.3,gf,2.655,mm,OK,--,12:49:26 PM,6/21/2025,
682,53.3,gf,2.655,mm,OK,--,12:49:26 PM,6/21/2025,
683,53.3,gf,2.660,mm,OK,--,12:49:26 PM,6/21/2025,
684,53.3,gf,2.665,mm,OK,--,12:49:26 PM,6/21/2025,
685,53.3,gf,2.665,mm,OK,--,12:49:26 PM,6/21/2025,
686,53.4,gf,2.670,mm,OK,--,12:49:26 PM,6/21/2025,
687,53.4,gf,2.675,mm,OK,--,12:49:26 PM,6/21/2025,
688,53.4,gf,2.680,mm,OK,--,12:49:27 PM,6/21/2025,
689,53.4,gf,2.685,mm,OK,--,12:49:27 PM,6/21/2025,
690,53.5,gf,2.690,mm,OK,--,12:49:27 PM,6/21/2025,
691,53.5,gf,2.690,mm,OK,--,12:49:27 PM,6/21/2025,
692,53.6,gf,2.695,mm,OK,--,12:49:27 PM,6/21/2025,
693,53.5,gf,2.700,mm,OK,--,12:49:27 PM,6/21/2025,
694,53.5,gf,2.700,mm,OK,--,12:49:27 PM,6/21/2025,
695,53.5,gf,2.705,mm,OK,--,12:49:27 PM,6/21/2025,
696,53.5,gf,2.710,mm,OK,--,12:49:27 PM,6/21/2025,
697,53.6,gf,2.715,mm,OK,--,12:49:27 PM,6/21/2025,
698,53.6,gf,2.720,mm,OK,--,12:49:28 PM,6/21/2025,
699,53.6,gf,2.725,mm,OK,--,12:49:28 PM,6/21/2025,
700,53.6,gf,2.730,mm,OK,--,12:49:28 PM,6/21/2025,
701,53.7,gf,2.740,mm,OK,--,12:49:28 PM,6/21/2025,
702,53.7,gf,2.750,mm,OK,--,12:49:28 PM,6/21/2025,
703,53.8,gf,2.755,mm,OK,--,12:49:28 PM,6/21/2025,
704,53.8,gf,2.765,mm,OK,--,12:49:28 PM,6/21/2025,
705,53.8,gf,2.775,mm,OK,--,12:49:28 PM,6/21/2025,
706,53.8,gf,2.780,mm,OK,--,12:49:28 PM,6/21/2025,
707,53.8,gf,2.790,mm,OK,--,12:49:28 PM,6/21/2025,
708,53.8,gf,2.795,mm,OK,--,12:49:29 PM,6/21/2025,
709,53.8,gf,2.800,mm,OK,--,12:49:29 PM,6/21/2025,
710,53.9,gf,2.810,mm,OK,--,12:49:29 PM,6/21/2025,
711,53.9,gf,2.815,mm,OK,--,12:49:29 PM,6/21/2025,
712,53.9,gf,2.820,mm,OK,--,12:49:29 PM,6/21/2025,
713,54.0,gf,2.820,mm,OK,--,12:49:29 PM,6/21/2025,
714,54.0,gf,2.825,mm,OK,--,12:49:29 PM,6/21/2025,
715,54.1,gf,2.830,mm,OK,--,12:49:29 PM,6/21/2025,
716,54.1,gf,2.835,mm,OK,--,12:49:29 PM,6/21/2025,
717,54.1,gf,2.840,mm,OK,--,12:49:29 PM,6/21/2025,
718,54.1,gf,2.845,mm,OK,--,12:49:30 PM,6/21/2025,
719,54.1,gf,2.850,mm,OK,--,12:49:30 PM,6/21/2025,
720,54.2,gf,2.855,mm,OK,--,12:49:30 PM,6/21/2025,
721,54.1,gf,2.860,mm,OK,--,12:49:30 PM,6/21/2025,
722,54.1,gf,2.865,mm,OK,--,12:49:30 PM,6/21/2025,
723,54.2,gf,2.870,mm,OK,--,12:49:30 PM,6/21/2025,
724,54.2,gf,2.875,mm,OK,--,12:49:30 PM,6/21/2025,
725,54.2,gf,2.880,mm,OK,--,12:49:30 PM,6/21/2025,
726,54.2,gf,2.885,mm,OK,--,12:49:30 PM,6/21/2025,
727,54.3,gf,2.890,mm,OK,--,12:49:30 PM,6/21/2025,
728,54.3,gf,2.895,mm,OK,--,12:49:31 PM,6/21/2025,
729,54.3,gf,2.895,mm,OK,--,12:49:31 PM,6/21/2025,
730,54.3,gf,2.900,mm,OK,--,12:49:31 PM,6/21/2025,
731,54.3,gf,2.905,mm,OK,--,12:49:31 PM,6/21/2025,
732,54.3,gf,2.910,mm,OK,--,12:49:31 PM,6/21/2025,
733,54.3,gf,2.920,mm,OK,--,12:49:31 PM,6/21/2025,
734,54.3,gf,2.925,mm,OK,--,12:49:31 PM,6/21/2025,
735,54.3,gf,2.935,mm,OK,--,12:49:31 PM,6/21/2025,
736,54.3,gf,2.940,mm,OK,--,12:49:31 PM,6/21/2025,
737,54.3,gf,2.950,mm,OK,--,12:49:31 PM,6/21/2025,
738,54.4,gf,2.960,mm,OK,--,12:49:32 PM,6/21/2025,
739,54.4,gf,2.970,mm,OK,--,12:49:32 PM,6/21/2025,
740,54.4,gf,2.975,mm,OK,--,12:49:32 PM,6/21/2025,
741,54.5,gf,2.980,mm,OK,--,12:49:32 PM,6/21/2025,
742,54.5,gf,2.985,mm,OK,--,12:49:32 PM,6/21/2025,
743,54.5,gf,2.995,mm,OK,--,12:49:32 PM,6/21/2025,
744,54.5,gf,3.000,mm,OK,--,12:49:32 PM,6/21/2025,
745,54.5,gf,3.005,mm,OK,--,12:49:32 PM,6/21/2025,
746,54.5,gf,3.010,mm,OK,--,12:49:32 PM,6/21/2025,
747,54.5,gf,3.015,mm,OK,--,12:49:32 PM,6/21/2025,
748,54.6,gf,3.020,mm,OK,--,12:49:33 PM,6/21/2025,
749,54.6,gf,3.025,mm,OK,--,12:49:33 PM,6/21/2025,
750,54.6,gf,3.025,mm,OK,--,12:49:33 PM,6/21/2025,
751,54.6,gf,3.030,mm,OK,--,12:49:33 PM,6/21/2025,
752,54.6,gf,3.035,mm,OK,--,12:49:33 PM,6/21/2025,
753,54.6,gf,3.040,mm,OK,--,12:49:33 PM,6/21/2025,
754,54.6,gf,3.045,mm,OK,--,12:49:33 PM,6/21/2025,
755,54.7,gf,3.050,mm,OK,--,12:49:33 PM,6/21/2025,
756,54.7,gf,3.050,mm,OK,--,12:49:33 PM,6/21/2025,
757,54.7,gf,3.055,mm,OK,--,12:49:33 PM,6/21/2025,
758,54.8,gf,3.055,mm,OK,--,12:49:34 PM,6/21/2025,
759,54.7,gf,3.060,mm,OK,--,12:49:34 PM,6/21/2025,
760,54.8,gf,3.065,mm,OK,--,12:49:34 PM,6/21/2025,
761,54.8,gf,3.070,mm,OK,--,12:49:34 PM,6/21/2025,
762,54.8,gf,3.075,mm,OK,--,12:49:34 PM,6/21/2025,
763,54.8,gf,3.075,mm,OK,--,12:49:34 PM,6/21/2025,
764,54.8,gf,3.080,mm,OK,--,12:49:34 PM,6/21/2025,
765,54.9,gf,3.085,mm,OK,--,12:49:34 PM,6/21/2025,
766,54.9,gf,3.090,mm,OK,--,12:49:34 PM,6/21/2025,
767,55.0,gf,3.095,mm,OK,--,12:49:34 PM,6/21/2025,
768,54.9,gf,3.100,mm,OK,--,12:49:35 PM,6/21/2025,
769,54.8,gf,3.105,mm,OK,--,12:49:35 PM,6/21/2025,
770,54.9,gf,3.110,mm,OK,--,12:49:35 PM,6/21/2025,
771,54.9,gf,3.115,mm,OK,--,12:49:35 PM,6/21/2025,
772,55.0,gf,3.125,mm,OK,--,12:49:35 PM,6/21/2025,
773,55.0,gf,3.130,mm,OK,--,12:49:35 PM,6/21/2025,
774,55.0,gf,3.130,mm,OK,--,12:49:35 PM,6/21/2025,
775,55.0,gf,3.135,mm,OK,--,12:49:35 PM,6/21/2025,
776,55.1,gf,3.140,mm,OK,--,12:49:35 PM,6/21/2025,
777,55.1,gf,3.145,mm,OK,--,12:49:35 PM,6/21/2025,
778,55.2,gf,3.150,mm,OK,--,12:49:36 PM,6/21/2025,
779,55.1,gf,3.155,mm,OK,--,12:49:36 PM,6/21/2025,
780,55.1,gf,3.160,mm,OK,--,12:49:36 PM,6/21/2025,
781,55.1,gf,3.165,mm,OK,--,12:49:36 PM,6/21/2025,
782,55.1,gf,3.165,mm,OK,--,12:49:36 PM,6/21/2025,
783,55.1,gf,3.170,mm,OK,--,12:49:36 PM,6/21/2025,
784,55.1,gf,3.175,mm,OK,--,12:49:36 PM,6/21/2025,
785,55.1,gf,3.175,mm,OK,--,12:49:36 PM,6/21/2025,
786,55.1,gf,3.180,mm,OK,--,12:49:36 PM,6/21/2025,
787,55.1,gf,3.180,mm,OK,--,12:49:36 PM,6/21/2025,
788,55.1,gf,3.185,mm,OK,--,12:49:37 PM,6/21/2025,
789,55.1,gf,3.185,mm,OK,--,12:49:37 PM,6/21/2025,
790,55.1,gf,3.190,mm,OK,--,12:49:37 PM,6/21/2025,
791,55.1,gf,3.190,mm,OK,--,12:49:37 PM,6/21/2025,
792,55.1,gf,3.195,mm,OK,--,12:49:37 PM,6/21/2025,
793,55.2,gf,3.195,mm,OK,--,12:49:37 PM,6/21/2025,
794,55.2,gf,3.200,mm,OK,--,12:49:37 PM,6/21/2025,
795,55.2,gf,3.205,mm,OK,--,12:49:37 PM,6/21/2025,
796,55.2,gf,3.205,mm,OK,--,12:49:37 PM,6/21/2025,
797,55.3,gf,3.210,mm,OK,--,12:49:37 PM,6/21/2025,
798,55.3,gf,3.210,mm,OK,--,12:49:38 PM,6/21/2025,
799,55.3,gf,3.215,mm,OK,--,12:49:38 PM,6/21/2025,
800,55.3,gf,3.215,mm,OK,--,12:49:38 PM,6/21/2025,
801,55.3,gf,3.220,mm,OK,--,12:49:38 PM,6/21/2025,
802,55.3,gf,3.225,mm,OK,--,12:49:38 PM,6/21/2025,
803,55.3,gf,3.230,mm,OK,--,12:49:38 PM,6/21/2025,
804,55.4,gf,3.235,mm,OK,--,12:49:38 PM,6/21/2025,
805,55.4,gf,3.235,mm,OK,--,12:49:38 PM,6/21/2025,
806,55.4,gf,3.240,mm,OK,--,12:49:38 PM,6/21/2025,
807,55.5,gf,3.245,mm,OK,--,12:49:38 PM,6/21/2025,
808,55.9,gf,3.245,mm,OK,--,12:49:39 PM,6/21/2025,
809,57.2,gf,3.250,mm,OK,--,12:49:39 PM,6/21/2025,
810,58.5,gf,3.250,mm,OK,--,12:49:39 PM,6/21/2025,
811,60.7,gf,3.250,mm,OK,--,12:49:39 PM,6/21/2025,
812,64.1,gf,3.255,mm,OK,--,12:49:39 PM,6/21/2025,
813,67.6,gf,3.260,mm,OK,--,12:49:39 PM,6/21/2025,
814,71.1,gf,3.265,mm,OK,--,12:49:39 PM,6/21/2025,
815,75.5,gf,3.270,mm,OK,--,12:49:39 PM,6/21/2025,
816,80.3,gf,3.275,mm,OK,--,12:49:39 PM,6/21/2025,
817,84.6,gf,3.280,mm,OK,--,12:49:39 PM,6/21/2025,
818,88.3,gf,3.280,mm,OK,--,12:49:40 PM,6/21/2025,
819,91.6,gf,3.285,mm,OK,--,12:49:40 PM,6/21/2025,
820,94.4,gf,3.290,mm,OK,--,12:49:40 PM,6/21/2025,
821,97.2,gf,3.290,mm,OK,--,12:49:40 PM,6/21/2025,
822,100.2,gf,3.295,mm,OK,--,12:49:40 PM,6/21/2025,
823,102.8,gf,3.295,mm,OK,--,12:49:40 PM,6/21/2025,
824,105.4,gf,3.300,mm,OK,--,12:49:40 PM,6/21/2025,
825,107.7,gf,3.300,mm,OK,--,12:49:40 PM,6/21/2025,
826,109.8,gf,3.305,mm,OK,--,12:49:40 PM,6/21/2025,
827,111.9,gf,3.305,mm,OK,--,12:49:40 PM,6/21/2025,
828,113.6,gf,3.305,mm,OK,--,12:49:41 PM,6/21/2025,
829,115.4,gf,3.310,mm,OK,--,12:49:41 PM,6/21/2025,
830,117.4,gf,3.310,mm,OK,--,12:49:41 PM,6/21/2025,
831,119.4,gf,3.310,mm,OK,--,12:49:41 PM,6/21/2025,
832,121.5,gf,3.315,mm,OK,--,12:49:41 PM,6/21/2025,
833,123.3,gf,3.315,mm,OK,--,12:49:41 PM,6/21/2025,
834,124.9,gf,3.320,mm,OK,--,12:49:41 PM,6/21/2025,
835,126.2,gf,3.320,mm,OK,--,12:49:41 PM,6/21/2025,
836,127.3,gf,3.320,mm,OK,--,12:49:41 PM,6/21/2025,
837,128.3,gf,3.320,mm,OK,--,12:49:41 PM,6/21/2025,
838,129.5,gf,3.325,mm,OK,--,12:49:42 PM,6/21/2025,
839,130.8,gf,3.325,mm,OK,--,12:49:42 PM,6/21/2025,
840,132.0,gf,3.325,mm,OK,--,12:49:42 PM,6/21/2025,
841,132.9,gf,3.325,mm,OK,--,12:49:42 PM,6/21/2025,
842,133.6,gf,3.325,mm,OK,--,12:49:42 PM,6/21/2025,
843,134.1,gf,3.325,mm,OK,--,12:49:42 PM,6/21/2025,
844,134.7,gf,3.330,mm,OK,--,12:49:42 PM,6/21/2025,
845,135.4,gf,3.330,mm,OK,--,12:49:42 PM,6/21/2025,
846,135.9,gf,3.330,mm,OK,--,12:49:42 PM,6/21/2025,
847,136.5,gf,3.330,mm,OK,--,12:49:42 PM,6/21/2025,
848,137.0,gf,3.330,mm,OK,--,12:49:43 PM,6/21/2025,
849,137.4,gf,3.330,mm,OK,--,12:49:43 PM,6/21/2025,
850,137.8,gf,3.330,mm,OK,--,12:49:43 PM,6/21/2025,
851,138.2,gf,3.330,mm,OK,--,12:49:43 PM,6/21/2025,
852,138.6,gf,3.330,mm,OK,--,12:49:43 PM,6/21/2025,
853,138.9,gf,3.335,mm,OK,--,12:49:43 PM,6/21/2025,
854,139.2,gf,3.335,mm,OK,--,12:49:43 PM,6/21/2025,
855,139.6,gf,3.335,mm,OK,--,12:49:43 PM,6/21/2025,
856,139.8,gf,3.335,mm,OK,--,12:49:43 PM,6/21/2025,
857,140.1,gf,3.335,mm,OK,--,12:49:43 PM,6/21/2025,
858,140.3,gf,3.335,mm,OK,--,12:49:44 PM,6/21/2025,
859,140.7,gf,3.335,mm,OK,--,12:49:44 PM,6/21/2025,
860,141.0,gf,3.335,mm,OK,--,12:49:44 PM,6/21/2025,
861,141.2,gf,3.335,mm,OK,--,12:49:44 PM,6/21/2025,
862,141.4,gf,3.335,mm,OK,--,12:49:44 PM,6/21/2025,
863,141.6,gf,3.335,mm,OK,--,12:49:44 PM,6/21/2025,
864,141.9,gf,3.335,mm,OK,--,12:49:44 PM,6/21/2025,
865,142.1,gf,3.335,mm,OK,--,12:49:44 PM,6/21/2025,
866,142.3,gf,3.335,mm,OK,--,12:49:44 PM,6/21/2025,
867,142.7,gf,3.335,mm,OK,--,12:49:44 PM,6/21/2025,
868,143.0,gf,3.335,mm,OK,--,12:49:45 PM,6/21/2025,
869,143.2,gf,3.340,mm,OK,--,12:49:45 PM,6/21/2025,
870,143.5,gf,3.340,mm,OK,--,12:49:45 PM,6/21/2025,
871,143.8,gf,3.340,mm,OK,--,12:49:45 PM,6/21/2025,
872,144.2,gf,3.340,mm,OK,--,12:49:45 PM,6/21/2025,
873,144.5,gf,3.340,mm,OK,--,12:49:45 PM,6/21/2025,
874,144.7,gf,3.340,mm,OK,--,12:49:45 PM,6/21/2025,
875,145.0,gf,3.340,mm,OK,--,12:49:45 PM,6/21/2025,
876,145.2,gf,3.340,mm,OK,--,12:49:45 PM,6/21/2025,
877,145.4,gf,3.340,mm,OK,--,12:49:45 PM,6/21/2025,
878,145.7,gf,3.340,mm,OK,--,12:49:46 PM,6/21/2025,
879,146.0,gf,3.340,mm,OK,--,12:49:46 PM,6/21/2025,
880,146.1,gf,3.340,mm,OK,--,12:49:46 PM,6/21/2025,
881,146.1,gf,3.340,mm,OK,--,12:49:46 PM,6/21/2025,
882,146.3,gf,3.340,mm,OK,--,12:49:46 PM,6/21/2025,
883,146.3,gf,3.340,mm,OK,--,12:49:46 PM,6/21/2025,
884,146.5,gf,3.340,mm,OK,--,12:49:46 PM,6/21/2025,
885,146.8,gf,3.340,mm,OK,--,12:49:46 PM,6/21/2025,
886,147.2,gf,3.340,mm,OK,--,12:49:46 PM,6/21/2025,
887,147.4,gf,3.340,mm,OK,--,12:49:46 PM,6/21/2025,
888,147.8,gf,3.340,mm,OK,--,12:49:47 PM,6/21/2025,
889,148.0,gf,3.340,mm,OK,--,12:49:47 PM,6/21/2025,
890,148.2,gf,3.345,mm,OK,--,12:49:47 PM,6/21/2025,
891,148.4,gf,3.345,mm,OK,--,12:49:47 PM,6/21/2025,
892,148.6,gf,3.345,mm,OK,--,12:49:47 PM,6/21/2025,
893,148.8,gf,3.345,mm,OK,--,12:49:47 PM,6/21/2025,
894,149.3,gf,3.345,mm,OK,--,12:49:47 PM,6/21/2025,
895,149.8,gf,3.345,mm,OK,--,12:49:47 PM,6/21/2025,
896,150.2,gf,3.345,mm,OK,--,12:49:47 PM,6/21/2025,
897,150.8,gf,3.345,mm,OK,--,12:49:47 PM,6/21/2025,
898,151.1,gf,3.345,mm,OK,--,12:49:48 PM,6/21/2025,
899,151.5,gf,3.345,mm,OK,--,12:49:48 PM,6/21/2025,
900,151.8,gf,3.345,mm,OK,--,12:49:48 PM,6/21/2025,
901,152.3,gf,3.345,mm,OK,--,12:49:48 PM,6/21/2025,
902,152.7,gf,3.345,mm,OK,--,12:49:48 PM,6/21/2025,
903,153.0,gf,3.350,mm,OK,--,12:49:48 PM,6/21/2025,
904,153.2,gf,3.350,mm,OK,--,12:49:48 PM,6/21/2025,
905,153.5,gf,3.350,mm,OK,--,12:49:48 PM,6/21/2025,
906,153.9,gf,3.350,mm,OK,--,12:49:48 PM,6/21/2025,
907,154.5,gf,3.350,mm,OK,--,12:49:48 PM,6/21/2025,
908,155.1,gf,3.350,mm,OK,--,12:49:49 PM,6/21/2025,
909,155.5,gf,3.350,mm,OK,--,12:49:49 PM,6/21/2025,
910,155.8,gf,3.350,mm,OK,--,12:49:49 PM,6/21/2025,
911,156.2,gf,3.350,mm,OK,--,12:49:49 PM,6/21/2025,
912,157.0,gf,3.350,mm,OK,--,12:49:49 PM,6/21/2025,
913,157.7,gf,3.355,mm,OK,--,12:49:49 PM,6/21/2025,
914,158.6,gf,3.355,mm,OK,--,12:49:49 PM,6/21/2025,
915,159.8,gf,3.355,mm,OK,--,12:49:49 PM,6/21/2025,
916,160.8,gf,3.355,mm,OK,--,12:49:49 PM,6/21/2025,
917,161.4,gf,3.355,mm,OK,--,12:49:49 PM,6/21/2025,
918,161.9,gf,3.355,mm,OK,--,12:49:50 PM,6/21/2025,
919,162.3,gf,3.355,mm,OK,--,12:49:50 PM,6/21/2025,
920,162.5,gf,3.360,mm,OK,--,12:49:50 PM,6/21/2025,
921,162.7,gf,3.360,mm,OK,--,12:49:50 PM,6/21/2025,
922,163.5,gf,3.360,mm,OK,--,12:49:50 PM,6/21/2025,
923,164.1,gf,3.360,mm,OK,--,12:49:50 PM,6/21/2025,
924,164.7,gf,3.360,mm,OK,--,12:49:50 PM,6/21/2025,
925,166.2,gf,3.360,mm,OK,--,12:49:50 PM,6/21/2025,
926,166.9,gf,3.360,mm,OK,--,12:49:50 PM,6/21/2025,
927,167.4,gf,3.365,mm,OK,--,12:49:50 PM,6/21/2025,
928,167.9,gf,3.365,mm,OK,--,12:49:51 PM,6/21/2025,
929,168.4,gf,3.365,mm,OK,--,12:49:51 PM,6/21/2025,
930,168.9,gf,3.365,mm,OK,--,12:49:51 PM,6/21/2025,
931,169.7,gf,3.365,mm,OK,--,12:49:51 PM,6/21/2025,
932,170.5,gf,3.365,mm,OK,--,12:49:51 PM,6/21/2025,
933,171.3,gf,3.365,mm,OK,--,12:49:51 PM,6/21/2025,
934,172.0,gf,3.365,mm,OK,--,12:49:51 PM,6/21/2025,
935,172.5,gf,3.365,mm,OK,--,12:49:51 PM,6/21/2025,
936,172.9,gf,3.370,mm,OK,--,12:49:51 PM,6/21/2025,
937,173.4,gf,3.370,mm,OK,--,12:49:51 PM,6/21/2025,
938,173.9,gf,3.370,mm,OK,--,12:49:52 PM,6/21/2025,
939,174.5,gf,3.370,mm,OK,--,12:49:52 PM,6/21/2025,
940,175.5,gf,3.370,mm,OK,--,12:49:52 PM,6/21/2025,
941,176.8,gf,3.370,mm,OK,--,12:49:52 PM,6/21/2025,
942,178.9,gf,3.375,mm,OK,--,12:49:52 PM,6/21/2025,
943,181.4,gf,3.375,mm,OK,--,12:49:52 PM,6/21/2025,
944,184.2,gf,3.380,mm,OK,--,12:49:52 PM,6/21/2025,
945,187.7,gf,3.380,mm,OK,--,12:49:52 PM,6/21/2025,
946,190.3,gf,3.385,mm,OK,--,12:49:52 PM,6/21/2025,
947,192.0,gf,3.385,mm,OK,--,12:49:52 PM,6/21/2025,
948,193.8,gf,3.390,mm,OK,--,12:49:53 PM,6/21/2025,
949,194.2,gf,3.390,mm,OK,--,12:49:53 PM,6/21/2025,
950,194.0,gf,3.390,mm,OK,--,12:49:53 PM,6/21/2025,
951,193.8,gf,3.390,mm,OK,--,12:49:53 PM,6/21/2025,
952,193.9,gf,3.390,mm,OK,--,12:49:53 PM,6/21/2025,
953,193.9,gf,3.390,mm,OK,--,12:49:53 PM,6/21/2025,
954,193.8,gf,3.390,mm,OK,--,12:49:53 PM,6/21/2025,
955,193.8,gf,3.390,mm,OK,--,12:49:53 PM,6/21/2025,
956,193.8,gf,3.390,mm,OK,--,12:49:53 PM,6/21/2025,
957,193.8,gf,3.390,mm,OK,--,12:49:53 PM,6/21/2025,
958,193.7,gf,3.390,mm,OK,--,12:49:54 PM,6/21/2025,
959,193.7,gf,3.390,mm,OK,--,12:49:54 PM,6/21/2025,
960,193.5,gf,3.390,mm,OK,--,12:49:54 PM,6/21/2025,
961,193.3,gf,3.390,mm,OK,--,12:49:54 PM,6/21/2025,
962,193.2,gf,3.390,mm,OK,--,12:49:54 PM,6/21/2025,
963,193.1,gf,3.390,mm,OK,--,12:49:54 PM,6/21/2025,
964,193.0,gf,3.390,mm,OK,--,12:49:54 PM,6/21/2025,
965,192.8,gf,3.390,mm,OK,--,12:49:54 PM,6/21/2025,
966,192.3,gf,3.390,mm,OK,--,12:49:54 PM,6/21/2025,
967,191.8,gf,3.390,mm,OK,--,12:49:54 PM,6/21/2025,
968,191.0,gf,3.385,mm,OK,--,12:49:55 PM,6/21/2025,
969,189.4,gf,3.385,mm,OK,--,12:49:55 PM,6/21/2025,
970,187.5,gf,3.385,mm,OK,--,12:49:55 PM,6/21/2025,
971,186.0,gf,3.385,mm,OK,--,12:49:55 PM,6/21/2025,
972,185.5,gf,3.380,mm,OK,--,12:49:55 PM,6/21/2025,
973,184.8,gf,3.380,mm,OK,--,12:49:55 PM,6/21/2025,
974,183.4,gf,3.380,mm,OK,--,12:49:55 PM,6/21/2025,
975,181.4,gf,3.380,mm,OK,--,12:49:55 PM,6/21/2025,
976,179.7,gf,3.375,mm,OK,--,12:49:55 PM,6/21/2025,
977,178.1,gf,3.375,mm,OK,--,12:49:55 PM,6/21/2025,
978,176.8,gf,3.375,mm,OK,--,12:49:56 PM,6/21/2025,
979,176.2,gf,3.375,mm,OK,--,12:49:56 PM,6/21/2025,
980,176.0,gf,3.375,mm,OK,--,12:49:56 PM,6/21/2025,
981,175.7,gf,3.375,mm,OK,--,12:49:56 PM,6/21/2025,
982,175.3,gf,3.375,mm,OK,--,12:49:56 PM,6/21/2025,
983,174.7,gf,3.375,mm,OK,--,12:49:56 PM,6/21/2025,
984,173.9,gf,3.370,mm,OK,--,12:49:56 PM,6/21/2025,
985,173.4,gf,3.370,mm,OK,--,12:49:56 PM,6/21/2025,
986,173.2,gf,3.370,mm,OK,--,12:49:56 PM,6/21/2025,
987,173.0,gf,3.370,mm,OK,--,12:49:56 PM,6/21/2025,
988,172.6,gf,3.370,mm,OK,--,12:49:57 PM,6/21/2025,
989,172.2,gf,3.370,mm,OK,--,12:49:57 PM,6/21/2025,
990,171.8,gf,3.370,mm,OK,--,12:49:57 PM,6/21/2025,
991,171.4,gf,3.370,mm,OK,--,12:49:57 PM,6/21/2025,
992,171.1,gf,3.370,mm,OK,--,12:49:57 PM,6/21/2025,
993,170.9,gf,3.370,mm,OK,--,12:49:57 PM,6/21/2025,
994,170.8,gf,3.370,mm,OK,--,12:49:57 PM,6/21/2025,
995,170.5,gf,3.370,mm,OK,--,12:49:57 PM,6/21/2025,
996,170.3,gf,3.370,mm,OK,--,12:49:57 PM,6/21/2025,
997,170.1,gf,3.370,mm,OK,--,12:49:57 PM,6/21/2025,
998,169.7,gf,3.370,mm,OK,--,12:49:58 PM,6/21/2025,
999,169.5,gf,3.365,mm,OK,--,12:49:58 PM,6/21/2025,
1000,169.2,gf,3.365,mm,OK,--,12:49:58 PM,6/21/2025,
1001,168.9,gf,3.365,mm,OK,--,12:49:58 PM,6/21/2025,
1002,168.6,gf,3.365,mm,OK,--,12:49:58 PM,6/21/2025,
1003,168.3,gf,3.365,mm,OK,--,12:49:58 PM,6/21/2025,
1004,168.0,gf,3.365,mm,OK,--,12:49:58 PM,6/21/2025,
1005,167.6,gf,3.365,mm,OK,--,12:49:58 PM,6/21/2025,
1006,167.0,gf,3.365,mm,OK,--,12:49:58 PM,6/21/2025,
1007,166.5,gf,3.365,mm,OK,--,12:49:58 PM,6/21/2025,
1008,165.9,gf,3.365,mm,OK,--,12:49:59 PM,6/21/2025,
1009,165.3,gf,3.365,mm,OK,--,12:49:59 PM,6/21/2025,
1010,164.9,gf,3.365,mm,OK,--,12:49:59 PM,6/21/2025,
1011,164.6,gf,3.365,mm,OK,--,12:49:59 PM,6/21/2025,
1012,164.3,gf,3.365,mm,OK,--,12:49:59 PM,6/21/2025,
1013,164.0,gf,3.360,mm,OK,--,12:49:59 PM,6/21/2025,
1014,163.7,gf,3.360,mm,OK,--,12:49:59 PM,6/21/2025,
1015,163.4,gf,3.360,mm,OK,--,12:49:59 PM,6/21/2025,
1016,163.1,gf,3.360,mm,OK,--,12:49:59 PM,6/21/2025,
1017,162.7,gf,3.360,mm,OK,--,12:49:59 PM,6/21/2025,
1018,162.4,gf,3.360,mm,OK,--,12:50:00 PM,6/21/2025,
1019,162.0,gf,3.360,mm,OK,--,12:50:00 PM,6/21/2025,
1020,161.6,gf,3.360,mm,OK,--,12:50:00 PM,6/21/2025,
1021,161.3,gf,3.360,mm,OK,--,12:50:00 PM,6/21/2025,
1022,161.1,gf,3.360,mm,OK,--,12:50:00 PM,6/21/2025,
1023,161.0,gf,3.360,mm,OK,--,12:50:00 PM,6/21/2025,
1024,160.8,gf,3.360,mm,OK,--,12:50:00 PM,6/21/2025,
1025,160.5,gf,3.360,mm,OK,--,12:50:00 PM,6/21/2025,
1026,160.1,gf,3.360,mm,OK,--,12:50:00 PM,6/21/2025,
1027,159.8,gf,3.360,mm,OK,--,12:50:00 PM,6/21/2025,
1028,159.5,gf,3.360,mm,OK,--,12:50:01 PM,6/21/2025,
1029,159.1,gf,3.360,mm,OK,--,12:50:01 PM,6/21/2025,
1030,158.9,gf,3.355,mm,OK,--,12:50:01 PM,6/21/2025,
1031,158.4,gf,3.355,mm,OK,--,12:50:01 PM,6/21/2025,
1032,158.1,gf,3.355,mm,OK,--,12:50:01 PM,6/21/2025,
1033,157.6,gf,3.355,mm,OK,--,12:50:01 PM,6/21/2025,
1034,157.3,gf,3.355,mm,OK,--,12:50:01 PM,6/21/2025,
1035,157.1,gf,3.355,mm,OK,--,12:50:01 PM,6/21/2025,
1036,156.9,gf,3.355,mm,OK,--,12:50:01 PM,6/21/2025,
1037,156.8,gf,3.355,mm,OK,--,12:50:01 PM,6/21/2025,
1038,156.6,gf,3.355,mm,OK,--,12:50:02 PM,6/21/2025,
1039,156.5,gf,3.355,mm,OK,--,12:50:02 PM,6/21/2025,
1040,156.2,gf,3.355,mm,OK,--,12:50:02 PM,6/21/2025,
1041,156.0,gf,3.355,mm,OK,--,12:50:02 PM,6/21/2025,
1042,155.8,gf,3.355,mm,OK,--,12:50:02 PM,6/21/2025,
1043,155.5,gf,3.355,mm,OK,--,12:50:02 PM,6/21/2025,
1044,155.1,gf,3.355,mm,OK,--,12:50:02 PM,6/21/2025,
1045,154.5,gf,3.355,mm,OK,--,12:50:02 PM,6/21/2025,
1046,153.9,gf,3.350,mm,OK,--,12:50:02 PM,6/21/2025,
1047,153.1,gf,3.350,mm,OK,--,12:50:02 PM,6/21/2025,
1048,152.3,gf,3.350,mm,OK,--,12:50:03 PM,6/21/2025,
1049,150.6,gf,3.350,mm,OK,--,12:50:03 PM,6/21/2025,
1050,147.6,gf,3.345,mm,OK,--,12:50:03 PM,6/21/2025,
1051,145.9,gf,3.345,mm,OK,--,12:50:03 PM,6/21/2025,
1052,144.1,gf,3.345,mm,OK,--,12:50:03 PM,6/21/2025,
1053,143.1,gf,3.340,mm,OK,--,12:50:03 PM,6/21/2025,
1054,142.4,gf,3.340,mm,OK,--,12:50:03 PM,6/21/2025,
1055,141.5,gf,3.340,mm,OK,--,12:50:03 PM,6/21/2025,
1056,140.3,gf,3.340,mm,OK,--,12:50:03 PM,6/21/2025,
1057,139.1,gf,3.340,mm,OK,--,12:50:03 PM,6/21/2025,
1058,137.4,gf,3.335,mm,OK,--,12:50:04 PM,6/21/2025,
1059,135.5,gf,3.335,mm,OK,--,12:50:04 PM,6/21/2025,
1060,133.8,gf,3.330,mm,OK,--,12:50:04 PM,6/21/2025,
1061,132.3,gf,3.330,mm,OK,--,12:50:04 PM,6/21/2025,
1062,131.1,gf,3.330,mm,OK,--,12:50:04 PM,6/21/2025,
1063,129.8,gf,3.330,mm,OK,--,12:50:04 PM,6/21/2025,
1064,128.5,gf,3.325,mm,OK,--,12:50:04 PM,6/21/2025,
1065,127.3,gf,3.325,mm,OK,--,12:50:04 PM,6/21/2025,
1066,126.0,gf,3.325,mm,OK,--,12:50:04 PM,6/21/2025,
1067,124.6,gf,3.325,mm,OK,--,12:50:04 PM,6/21/2025,
1068,123.2,gf,3.320,mm,OK,--,12:50:05 PM,6/21/2025,
1069,121.9,gf,3.320,mm,OK,--,12:50:05 PM,6/21/2025,
1070,120.7,gf,3.320,mm,OK,--,12:50:05 PM,6/21/2025,
1071,120.1,gf,3.320,mm,OK,--,12:50:05 PM,6/21/2025,
1072,119.6,gf,3.320,mm,OK,--,12:50:05 PM,6/21/2025,
1073,119.3,gf,3.320,mm,OK,--,12:50:05 PM,6/21/2025,
1074,118.9,gf,3.315,mm,OK,--,12:50:05 PM,6/21/2025,
1075,118.6,gf,3.315,mm,OK,--,12:50:05 PM,6/21/2025,
1076,118.3,gf,3.315,mm,OK,--,12:50:05 PM,6/21/2025,
1077,118.0,gf,3.315,mm,OK,--,12:50:05 PM,6/21/2025,
1078,117.5,gf,3.315,mm,OK,--,12:50:06 PM,6/21/2025,
1079,116.9,gf,3.315,mm,OK,--,12:50:06 PM,6/21/2025,
1080,116.4,gf,3.315,mm,OK,--,12:50:06 PM,6/21/2025,
1081,115.9,gf,3.315,mm,OK,--,12:50:06 PM,6/21/2025,
1082,115.2,gf,3.315,mm,OK,--,12:50:06 PM,6/21/2025,
1083,114.4,gf,3.315,mm,OK,--,12:50:06 PM,6/21/2025,
1084,113.4,gf,3.310,mm,OK,--,12:50:06 PM,6/21/2025,
1085,112.2,gf,3.310,mm,OK,--,12:50:06 PM,6/21/2025,
1086,111.1,gf,3.310,mm,OK,--,12:50:06 PM,6/21/2025,
1087,110.0,gf,3.310,mm,OK,--,12:50:06 PM,6/21/2025,
1088,108.6,gf,3.305,mm,OK,--,12:50:07 PM,6/21/2025,
1089,107.3,gf,3.305,mm,OK,--,12:50:07 PM,6/21/2025,
1090,106.2,gf,3.305,mm,OK,--,12:50:07 PM,6/21/2025,
1091,104.7,gf,3.305,mm,OK,--,12:50:07 PM,6/21/2025,
1092,103.1,gf,3.300,mm,OK,--,12:50:07 PM,6/21/2025,
1093,101.9,gf,3.300,mm,OK,--,12:50:07 PM,6/21/2025,
1094,100.9,gf,3.300,mm,OK,--,12:50:07 PM,6/21/2025,
1095,100.0,gf,3.300,mm,OK,--,12:50:07 PM,6/21/2025,
1096,99.3,gf,3.300,mm,OK,--,12:50:07 PM,6/21/2025,
1097,98.6,gf,3.295,mm,OK,--,12:50:07 PM,6/21/2025,
1098,98.0,gf,3.295,mm,OK,--,12:50:08 PM,6/21/2025,
1099,97.5,gf,3.295,mm,OK,--,12:50:08 PM,6/21/2025,
1100,96.7,gf,3.295,mm,OK,--,12:50:08 PM,6/21/2025,
1101,96.2,gf,3.295,mm,OK,--,12:50:08 PM,6/21/2025,
1102,95.3,gf,3.295,mm,OK,--,12:50:08 PM,6/21/2025,
1103,94.7,gf,3.295,mm,OK,--,12:50:08 PM,6/21/2025,
1104,94.0,gf,3.295,mm,OK,--,12:50:08 PM,6/21/2025,
1105,93.1,gf,3.290,mm,OK,--,12:50:08 PM,6/21/2025,
1106,90.9,gf,3.290,mm,OK,--,12:50:08 PM,6/21/2025,
1107,89.0,gf,3.290,mm,OK,--,12:50:08 PM,6/21/2025,
1108,87.7,gf,3.285,mm,OK,--,12:50:09 PM,6/21/2025,
1109,86.3,gf,3.285,mm,OK,--,12:50:09 PM,6/21/2025,
1110,83.9,gf,3.285,mm,OK,--,12:50:09 PM,6/21/2025,
1111,81.3,gf,3.280,mm,OK,--,12:50:09 PM,6/21/2025,
1112,80.2,gf,3.280,mm,OK,--,12:50:09 PM,6/21/2025,
1113,78.8,gf,3.280,mm,OK,--,12:50:09 PM,6/21/2025,
1114,76.4,gf,3.275,mm,OK,--,12:50:09 PM,6/21/2025,
1115,74.1,gf,3.275,mm,OK,--,12:50:09 PM,6/21/2025,
1116,72.7,gf,3.270,mm,OK,--,12:50:09 PM,6/21/2025,
1117,71.5,gf,3.270,mm,OK,--,12:50:09 PM,6/21/2025,
1118,70.0,gf,3.270,mm,OK,--,12:50:10 PM,6/21/2025,
1119,68.5,gf,3.265,mm,OK,--,12:50:10 PM,6/21/2025,
1120,66.4,gf,3.265,mm,OK,--,12:50:10 PM,6/21/2025,
1121,64.0,gf,3.260,mm,OK,--,12:50:10 PM,6/21/2025,
1122,61.8,gf,3.260,mm,OK,--,12:50:10 PM,6/21/2025,
1123,60.5,gf,3.260,mm,OK,--,12:50:10 PM,6/21/2025,
1124,58.9,gf,3.255,mm,OK,--,12:50:10 PM,6/21/2025,
1125,56.8,gf,3.255,mm,OK,--,12:50:10 PM,6/21/2025,
1126,54.5,gf,3.250,mm,OK,--,12:50:10 PM,6/21/2025,
1127,54.4,gf,3.245,mm,OK,--,12:50:10 PM,6/21/2025,
1128,54.3,gf,3.245,mm,OK,--,12:50:11 PM,6/21/2025,
1129,54.2,gf,3.245,mm,OK,--,12:50:11 PM,6/21/2025,
1130,54.3,gf,3.240,mm,OK,--,12:50:11 PM,6/21/2025,
1131,54.2,gf,3.240,mm,OK,--,12:50:11 PM,6/21/2025,
1132,54.2,gf,3.240,mm,OK,--,12:50:11 PM,6/21/2025,
1133,54.2,gf,3.235,mm,OK,--,12:50:11 PM,6/21/2025,
1134,54.2,gf,3.235,mm,OK,--,12:50:11 PM,6/21/2025,
1135,54.2,gf,3.230,mm,OK,--,12:50:11 PM,6/21/2025,
1136,54.1,gf,3.225,mm,OK,--,12:50:11 PM,6/21/2025,
1137,54.1,gf,3.220,mm,OK,--,12:50:11 PM,6/21/2025,
1138,54.0,gf,3.215,mm,OK,--,12:50:12 PM,6/21/2025,
1139,54.0,gf,3.210,mm,OK,--,12:50:12 PM,6/21/2025,
1140,54.0,gf,3.200,mm,OK,--,12:50:12 PM,6/21/2025,
1141,54.0,gf,3.195,mm,OK,--,12:50:12 PM,6/21/2025,
1142,53.9,gf,3.195,mm,OK,--,12:50:12 PM,6/21/2025,
1143,53.9,gf,3.190,mm,OK,--,12:50:12 PM,6/21/2025,
1144,53.9,gf,3.185,mm,OK,--,12:50:12 PM,6/21/2025,
1145,53.9,gf,3.185,mm,OK,--,12:50:12 PM,6/21/2025,
1146,53.9,gf,3.180,mm,OK,--,12:50:12 PM,6/21/2025,
1147,53.9,gf,3.175,mm,OK,--,12:50:12 PM,6/21/2025,
1148,53.9,gf,3.170,mm,OK,--,12:50:13 PM,6/21/2025,
1149,53.9,gf,3.165,mm,OK,--,12:50:13 PM,6/21/2025,
1150,53.9,gf,3.160,mm,OK,--,12:50:13 PM,6/21/2025,
1151,53.9,gf,3.155,mm,OK,--,12:50:13 PM,6/21/2025,
1152,53.9,gf,3.150,mm,OK,--,12:50:13 PM,6/21/2025,
1153,53.8,gf,3.145,mm,OK,--,12:50:13 PM,6/21/2025,
1154,53.8,gf,3.145,mm,OK,--,12:50:13 PM,6/21/2025,
1155,53.7,gf,3.140,mm,OK,--,12:50:13 PM,6/21/2025,
1156,53.7,gf,3.140,mm,OK,--,12:50:13 PM,6/21/2025,
1157,53.7,gf,3.135,mm,OK,--,12:50:13 PM,6/21/2025,
1158,53.7,gf,3.135,mm,OK,--,12:50:14 PM,6/21/2025,
1159,53.7,gf,3.130,mm,OK,--,12:50:14 PM,6/21/2025,
1160,53.7,gf,3.130,mm,OK,--,12:50:14 PM,6/21/2025,
1161,53.7,gf,3.130,mm,OK,--,12:50:14 PM,6/21/2025,
1162,53.7,gf,3.125,mm,OK,--,12:50:14 PM,6/21/2025,
1163,53.7,gf,3.125,mm,OK,--,12:50:14 PM,6/21/2025,
1164,53.7,gf,3.120,mm,OK,--,12:50:14 PM,6/21/2025,
1165,53.7,gf,3.120,mm,OK,--,12:50:14 PM,6/21/2025,
1166,53.7,gf,3.115,mm,OK,--,12:50:14 PM,6/21/2025,
1167,53.7,gf,3.110,mm,OK,--,12:50:14 PM,6/21/2025,
1168,53.7,gf,3.105,mm,OK,--,12:50:15 PM,6/21/2025,
1169,53.7,gf,3.100,mm,OK,--,12:50:15 PM,6/21/2025,
1170,53.6,gf,3.095,mm,OK,--,12:50:15 PM,6/21/2025,
1171,53.6,gf,3.085,mm,OK,--,12:50:15 PM,6/21/2025,
1172,53.5,gf,3.075,mm,OK,--,12:50:15 PM,6/21/2025,
1173,53.3,gf,3.055,mm,OK,--,12:50:15 PM,6/21/2025,
1174,53.3,gf,3.035,mm,OK,--,12:50:15 PM,6/21/2025,
1175,53.3,gf,3.020,mm,OK,--,12:50:15 PM,6/21/2025,
1176,53.3,gf,3.005,mm,OK,--,12:50:15 PM,6/21/2025,
1177,53.2,gf,2.995,mm,OK,--,12:50:15 PM,6/21/2025,
1178,53.2,gf,2.985,mm,OK,--,12:50:16 PM,6/21/2025,
1179,53.2,gf,2.975,mm,OK,--,12:50:16 PM,6/21/2025,
1180,53.1,gf,2.965,mm,OK,--,12:50:16 PM,6/21/2025,
1181,53.1,gf,2.960,mm,OK,--,12:50:16 PM,6/21/2025,
1182,53.1,gf,2.950,mm,OK,--,12:50:16 PM,6/21/2025,
1183,53.0,gf,2.940,mm,OK,--,12:50:16 PM,6/21/2025,
1184,52.9,gf,2.930,mm,OK,--,12:50:16 PM,6/21/2025,
1185,53.0,gf,2.925,mm,OK,--,12:50:16 PM,6/21/2025,
1186,53.0,gf,2.915,mm,OK,--,12:50:16 PM,6/21/2025,
1187,52.9,gf,2.910,mm,OK,--,12:50:16 PM,6/21/2025,
1188,52.9,gf,2.900,mm,OK,--,12:50:17 PM,6/21/2025,
1189,52.9,gf,2.895,mm,OK,--,12:50:17 PM,6/21/2025,
1190,52.8,gf,2.885,mm,OK,--,12:50:17 PM,6/21/2025,
1191,52.8,gf,2.875,mm,OK,--,12:50:17 PM,6/21/2025,
1192,52.7,gf,2.870,mm,OK,--,12:50:17 PM,6/21/2025,
1193,52.8,gf,2.860,mm,OK,--,12:50:17 PM,6/21/2025,
1194,52.7,gf,2.860,mm,OK,--,12:50:17 PM,6/21/2025,
1195,52.7,gf,2.855,mm,OK,--,12:50:17 PM,6/21/2025,
1196,52.7,gf,2.850,mm,OK,--,12:50:17 PM,6/21/2025,
1197,52.7,gf,2.845,mm,OK,--,12:50:17 PM,6/21/2025,
1198,52.7,gf,2.840,mm,OK,--,12:50:18 PM,6/21/2025,
1199,52.7,gf,2.840,mm,OK,--,12:50:18 PM,6/21/2025,
1200,52.6,gf,2.835,mm,OK,--,12:50:18 PM,6/21/2025,
1201,52.6,gf,2.830,mm,OK,--,12:50:18 PM,6/21/2025,
1202,52.6,gf,2.830,mm,OK,--,12:50:18 PM,6/21/2025,
1203,52.6,gf,2.825,mm,OK,--,12:50:18 PM,6/21/2025,
1204,52.6,gf,2.825,mm,OK,--,12:50:18 PM,6/21/2025,
1205,52.6,gf,2.825,mm,OK,--,12:50:18 PM,6/21/2025,
1206,52.5,gf,2.820,mm,OK,--,12:50:18 PM,6/21/2025,
1207,52.5,gf,2.815,mm,OK,--,12:50:18 PM,6/21/2025,
1208,52.6,gf,2.810,mm,OK,--,12:50:19 PM,6/21/2025,
1209,52.6,gf,2.810,mm,OK,--,12:50:19 PM,6/21/2025,
1210,52.5,gf,2.805,mm,OK,--,12:50:19 PM,6/21/2025,
1211,52.4,gf,2.800,mm,OK,--,12:50:19 PM,6/21/2025,
1212,52.4,gf,2.790,mm,OK,--,12:50:19 PM,6/21/2025,
1213,52.4,gf,2.785,mm,OK,--,12:50:19 PM,6/21/2025,
1214,52.4,gf,2.780,mm,OK,--,12:50:19 PM,6/21/2025,
1215,52.3,gf,2.770,mm,OK,--,12:50:19 PM,6/21/2025,
1216,52.3,gf,2.760,mm,OK,--,12:50:19 PM,6/21/2025,
1217,52.2,gf,2.750,mm,OK,--,12:50:19 PM,6/21/2025,
1218,52.2,gf,2.745,mm,OK,--,12:50:20 PM,6/21/2025,
1219,52.1,gf,2.735,mm,OK,--,12:50:20 PM,6/21/2025,
1220,52.0,gf,2.730,mm,OK,--,12:50:20 PM,6/21/2025,
1221,52.1,gf,2.725,mm,OK,--,12:50:20 PM,6/21/2025,
1222,52.0,gf,2.715,mm,OK,--,12:50:20 PM,6/21/2025,
1223,52.0,gf,2.715,mm,OK,--,12:50:20 PM,6/21/2025,
1224,52.1,gf,2.710,mm,OK,--,12:50:20 PM,6/21/2025,
1225,52.0,gf,2.700,mm,OK,--,12:50:20 PM,6/21/2025,
1226,52.0,gf,2.690,mm,OK,--,12:50:20 PM,6/21/2025,
1227,51.9,gf,2.680,mm,OK,--,12:50:20 PM,6/21/2025,
1228,51.8,gf,2.670,mm,OK,--,12:50:21 PM,6/21/2025,
1229,51.7,gf,2.660,mm,OK,--,12:50:21 PM,6/21/2025,
1230,51.7,gf,2.650,mm,OK,--,12:50:21 PM,6/21/2025,
1231,51.6,gf,2.640,mm,OK,--,12:50:21 PM,6/21/2025,
1232,51.6,gf,2.630,mm,OK,--,12:50:21 PM,6/21/2025,
1233,51.5,gf,2.615,mm,OK,--,12:50:21 PM,6/21/2025,
1234,51.5,gf,2.605,mm,OK,--,12:50:21 PM,6/21/2025,
1235,51.5,gf,2.600,mm,OK,--,12:50:21 PM,6/21/2025,
1236,51.4,gf,2.600,mm,OK,--,12:50:21 PM,6/21/2025,
1237,51.4,gf,2.595,mm,OK,--,12:50:21 PM,6/21/2025,
1238,51.3,gf,2.590,mm,OK,--,12:50:22 PM,6/21/2025,
1239,51.3,gf,2.590,mm,OK,--,12:50:22 PM,6/21/2025,
1240,51.3,gf,2.585,mm,OK,--,12:50:22 PM,6/21/2025,
1241,51.3,gf,2.580,mm,OK,--,12:50:22 PM,6/21/2025,
1242,51.3,gf,2.580,mm,OK,--,12:50:22 PM,6/21/2025,
1243,51.3,gf,2.575,mm,OK,--,12:50:22 PM,6/21/2025,
1244,51.2,gf,2.575,mm,OK,--,12:50:22 PM,6/21/2025,
1245,51.2,gf,2.565,mm,OK,--,12:50:22 PM,6/21/2025,
1246,51.1,gf,2.565,mm,OK,--,12:50:22 PM,6/21/2025,
1247,51.1,gf,2.560,mm,OK,--,12:50:22 PM,6/21/2025,
1248,51.0,gf,2.555,mm,OK,--,12:50:23 PM,6/21/2025,
1249,51.0,gf,2.545,mm,OK,--,12:50:23 PM,6/21/2025,
1250,50.9,gf,2.540,mm,OK,--,12:50:23 PM,6/21/2025,
1251,50.9,gf,2.530,mm,OK,--,12:50:23 PM,6/21/2025,
1252,50.7,gf,2.525,mm,OK,--,12:50:23 PM,6/21/2025,
1253,50.7,gf,2.520,mm,OK,--,12:50:23 PM,6/21/2025,
1254,50.7,gf,2.510,mm,OK,--,12:50:23 PM,6/21/2025,
1255,50.6,gf,2.500,mm,OK,--,12:50:23 PM,6/21/2025,
1256,50.7,gf,2.490,mm,OK,--,12:50:23 PM,6/21/2025,
1257,50.7,gf,2.480,mm,OK,--,12:50:23 PM,6/21/2025,
1258,50.7,gf,2.470,mm,OK,--,12:50:24 PM,6/21/2025,
1259,50.5,gf,2.460,mm,OK,--,12:50:24 PM,6/21/2025,
1260,50.4,gf,2.455,mm,OK,--,12:50:24 PM,6/21/2025,
1261,50.2,gf,2.445,mm,OK,--,12:50:24 PM,6/21/2025,
1262,50.0,gf,2.440,mm,OK,--,12:50:24 PM,6/21/2025,
1263,50.0,gf,2.435,mm,OK,--,12:50:24 PM,6/21/2025,
1264,49.8,gf,2.430,mm,OK,--,12:50:24 PM,6/21/2025,
1265,49.7,gf,2.425,mm,OK,--,12:50:24 PM,6/21/2025,
1266,49.6,gf,2.420,mm,OK,--,12:50:24 PM,6/21/2025,
1267,49.5,gf,2.415,mm,OK,--,12:50:24 PM,6/21/2025,
1268,49.5,gf,2.410,mm,OK,--,12:50:25 PM,6/21/2025,
1269,49.4,gf,2.405,mm,OK,--,12:50:25 PM,6/21/2025,
1270,49.2,gf,2.400,mm,OK,--,12:50:25 PM,6/21/2025,
1271,49.4,gf,2.395,mm,OK,--,12:50:25 PM,6/21/2025,
1272,49.4,gf,2.395,mm,OK,--,12:50:25 PM,6/21/2025,
1273,49.6,gf,2.390,mm,OK,--,12:50:25 PM,6/21/2025,
1274,49.6,gf,2.385,mm,OK,--,12:50:25 PM,6/21/2025,
1275,49.6,gf,2.380,mm,OK,--,12:50:25 PM,6/21/2025,
1276,49.6,gf,2.375,mm,OK,--,12:50:25 PM,6/21/2025,
1277,49.6,gf,2.370,mm,OK,--,12:50:25 PM,6/21/2025,
1278,49.7,gf,2.360,mm,OK,--,12:50:26 PM,6/21/2025,
1279,49.7,gf,2.355,mm,OK,--,12:50:26 PM,6/21/2025,
1280,49.7,gf,2.350,mm,OK,--,12:50:26 PM,6/21/2025,
1281,49.7,gf,2.345,mm,OK,--,12:50:26 PM,6/21/2025,
1282,49.7,gf,2.335,mm,OK,--,12:50:26 PM,6/21/2025,
1283,49.7,gf,2.330,mm,OK,--,12:50:26 PM,6/21/2025,
1284,49.7,gf,2.320,mm,OK,--,12:50:26 PM,6/21/2025,
1285,49.7,gf,2.315,mm,OK,--,12:50:26 PM,6/21/2025,
1286,49.6,gf,2.305,mm,OK,--,12:50:26 PM,6/21/2025,
1287,49.5,gf,2.300,mm,OK,--,12:50:26 PM,6/21/2025,
1288,49.5,gf,2.290,mm,OK,--,12:50:27 PM,6/21/2025,
1289,49.4,gf,2.285,mm,OK,--,12:50:27 PM,6/21/2025,
1290,49.3,gf,2.275,mm,OK,--,12:50:27 PM,6/21/2025,
1291,49.1,gf,2.270,mm,OK,--,12:50:27 PM,6/21/2025,
1292,48.8,gf,2.270,mm,OK,--,12:50:27 PM,6/21/2025,
1293,48.6,gf,2.265,mm,OK,--,12:50:27 PM,6/21/2025,
1294,48.4,gf,2.260,mm,OK,--,12:50:27 PM,6/21/2025,
1295,48.2,gf,2.260,mm,OK,--,12:50:27 PM,6/21/2025,
1296,48.0,gf,2.255,mm,OK,--,12:50:27 PM,6/21/2025,
1297,47.7,gf,2.250,mm,OK,--,12:50:27 PM,6/21/2025,
1298,47.4,gf,2.245,mm,OK,--,12:50:28 PM,6/21/2025,
1299,47.1,gf,2.240,mm,OK,--,12:50:28 PM,6/21/2025,
1300,46.8,gf,2.235,mm,OK,--,12:50:28 PM,6/21/2025,
1301,46.3,gf,2.230,mm,OK,--,12:50:28 PM,6/21/2025,
1302,45.8,gf,2.220,mm,OK,--,12:50:28 PM,6/21/2025,
1303,45.1,gf,2.215,mm,OK,--,12:50:28 PM,6/21/2025,
1304,44.3,gf,2.210,mm,OK,--,12:50:28 PM,6/21/2025,
1305,43.7,gf,2.200,mm,OK,--,12:50:28 PM,6/21/2025,
1306,43.1,gf,2.195,mm,OK,--,12:50:28 PM,6/21/2025,
1307,42.7,gf,2.190,mm,OK,--,12:50:28 PM,6/21/2025,
1308,42.2,gf,2.185,mm,OK,--,12:50:29 PM,6/21/2025,
1309,41.5,gf,2.180,mm,OK,--,12:50:29 PM,6/21/2025,
1310,40.8,gf,2.170,mm,OK,--,12:50:29 PM,6/21/2025,
1311,40.1,gf,2.160,mm,OK,--,12:50:29 PM,6/21/2025,
1312,39.3,gf,2.155,mm,OK,--,12:50:29 PM,6/21/2025,
1313,38.7,gf,2.145,mm,OK,--,12:50:29 PM,6/21/2025,
1314,38.1,gf,2.140,mm,OK,--,12:50:29 PM,6/21/2025,
1315,37.7,gf,2.135,mm,OK,--,12:50:29 PM,6/21/2025,
1316,37.1,gf,2.125,mm,OK,--,12:50:29 PM,6/21/2025,
1317,36.7,gf,2.125,mm,OK,--,12:50:29 PM,6/21/2025,
1318,36.3,gf,2.120,mm,OK,--,12:50:30 PM,6/21/2025,
1319,36.0,gf,2.115,mm,OK,--,12:50:30 PM,6/21/2025,
1320,35.7,gf,2.110,mm,OK,--,12:50:30 PM,6/21/2025,
1321,35.4,gf,2.110,mm,OK,--,12:50:30 PM,6/21/2025,
1322,35.2,gf,2.105,mm,OK,--,12:50:30 PM,6/21/2025,
1323,34.8,gf,2.100,mm,OK,--,12:50:30 PM,6/21/2025,
1324,34.5,gf,2.100,mm,OK,--,12:50:30 PM,6/21/2025,
1325,34.3,gf,2.095,mm,OK,--,12:50:30 PM,6/21/2025,
1326,34.1,gf,2.095,mm,OK,--,12:50:30 PM,6/21/2025,
1327,33.6,gf,2.090,mm,OK,--,12:50:30 PM,6/21/2025,
1328,33.1,gf,2.085,mm,OK,--,12:50:31 PM,6/21/2025,
1329,32.7,gf,2.080,mm,OK,--,12:50:31 PM,6/21/2025,
1330,32.2,gf,2.075,mm,OK,--,12:50:31 PM,6/21/2025,
1331,31.8,gf,2.070,mm,OK,--,12:50:31 PM,6/21/2025,
1332,31.3,gf,2.065,mm,OK,--,12:50:31 PM,6/21/2025,
1333,30.9,gf,2.060,mm,OK,--,12:50:31 PM,6/21/2025,
1334,30.5,gf,2.055,mm,OK,--,12:50:31 PM,6/21/2025,
1335,30.0,gf,2.050,mm,OK,--,12:50:31 PM,6/21/2025,
1336,29.7,gf,2.045,mm,OK,--,12:50:31 PM,6/21/2025,
1337,29.5,gf,2.040,mm,OK,--,12:50:31 PM,6/21/2025,
1338,29.0,gf,2.035,mm,OK,--,12:50:32 PM,6/21/2025,
1339,28.8,gf,2.030,mm,OK,--,12:50:32 PM,6/21/2025,
1340,28.7,gf,2.020,mm,OK,--,12:50:32 PM,6/21/2025,
1341,28.8,gf,2.015,mm,OK,--,12:50:32 PM,6/21/2025,
1342,28.6,gf,2.005,mm,OK,--,12:50:32 PM,6/21/2025,
1343,28.5,gf,2.000,mm,OK,--,12:50:32 PM,6/21/2025,
1344,28.2,gf,1.990,mm,OK,--,12:50:32 PM,6/21/2025,
1345,28.3,gf,1.975,mm,OK,--,12:50:32 PM,6/21/2025,
1346,28.4,gf,1.970,mm,OK,--,12:50:32 PM,6/21/2025,
1347,28.4,gf,1.960,mm,OK,--,12:50:32 PM,6/21/2025,
1348,28.4,gf,1.955,mm,OK,--,12:50:33 PM,6/21/2025,
1349,28.2,gf,1.950,mm,OK,--,12:50:33 PM,6/21/2025,
1350,28.2,gf,1.950,mm,OK,--,12:50:33 PM,6/21/2025,
1351,28.1,gf,1.945,mm,OK,--,12:50:33 PM,6/21/2025,
1352,27.6,gf,1.940,mm,OK,--,12:50:33 PM,6/21/2025,
1353,27.5,gf,1.930,mm,OK,--,12:50:33 PM,6/21/2025,
1354,27.3,gf,1.925,mm,OK,--,12:50:33 PM,6/21/2025,
1355,27.3,gf,1.920,mm,OK,--,12:50:33 PM,6/21/2025,
1356,27.2,gf,1.915,mm,OK,--,12:50:33 PM,6/21/2025,
1357,27.1,gf,1.910,mm,OK,--,12:50:33 PM,6/21/2025,
1358,27.2,gf,1.905,mm,OK,--,12:50:34 PM,6/21/2025,
1359,27.4,gf,1.900,mm,OK,--,12:50:34 PM,6/21/2025,
1360,27.3,gf,1.900,mm,OK,--,12:50:34 PM,6/21/2025,
1361,27.0,gf,1.895,mm,OK,--,12:50:34 PM,6/21/2025,
1362,26.8,gf,1.890,mm,OK,--,12:50:34 PM,6/21/2025,
1363,26.9,gf,1.885,mm,OK,--,12:50:34 PM,6/21/2025,
1364,27.0,gf,1.880,mm,OK,--,12:50:34 PM,6/21/2025,
1365,27.0,gf,1.875,mm,OK,--,12:50:34 PM,6/21/2025,
1366,27.0,gf,1.875,mm,OK,--,12:50:34 PM,6/21/2025,
1367,27.0,gf,1.870,mm,OK,--,12:50:34 PM,6/21/2025,
1368,26.8,gf,1.870,mm,OK,--,12:50:35 PM,6/21/2025,
1369,26.7,gf,1.865,mm,OK,--,12:50:35 PM,6/21/2025,
1370,26.6,gf,1.860,mm,OK,--,12:50:35 PM,6/21/2025,
1371,26.5,gf,1.855,mm,OK,--,12:50:35 PM,6/21/2025,
1372,26.7,gf,1.855,mm,OK,--,12:50:35 PM,6/21/2025,
1373,26.7,gf,1.850,mm,OK,--,12:50:35 PM,6/21/2025,
1374,26.7,gf,1.850,mm,OK,--,12:50:35 PM,6/21/2025,
1375,26.5,gf,1.845,mm,OK,--,12:50:35 PM,6/21/2025,
1376,26.4,gf,1.845,mm,OK,--,12:50:35 PM,6/21/2025,
1377,26.4,gf,1.840,mm,OK,--,12:50:35 PM,6/21/2025,
1378,26.3,gf,1.840,mm,OK,--,12:50:36 PM,6/21/2025,
1379,26.3,gf,1.835,mm,OK,--,12:50:36 PM,6/21/2025,
1380,26.4,gf,1.835,mm,OK,--,12:50:36 PM,6/21/2025,
1381,26.3,gf,1.830,mm,OK,--,12:50:36 PM,6/21/2025,
1382,26.1,gf,1.825,mm,OK,--,12:50:36 PM,6/21/2025,
1383,25.9,gf,1.825,mm,OK,--,12:50:36 PM,6/21/2025,
1384,26.0,gf,1.820,mm,OK,--,12:50:36 PM,6/21/2025,
1385,26.2,gf,1.815,mm,OK,--,12:50:36 PM,6/21/2025,
1386,26.3,gf,1.810,mm,OK,--,12:50:36 PM,6/21/2025,
1387,26.3,gf,1.810,mm,OK,--,12:50:36 PM,6/21/2025,
1388,26.4,gf,1.810,mm,OK,--,12:50:37 PM,6/21/2025,
1389,26.3,gf,1.810,mm,OK,--,12:50:37 PM,6/21/2025,
1390,26.1,gf,1.805,mm,OK,--,12:50:37 PM,6/21/2025,
1391,26.0,gf,1.805,mm,OK,--,12:50:37 PM,6/21/2025,
1392,25.9,gf,1.800,mm,OK,--,12:50:37 PM,6/21/2025,
1393,26.0,gf,1.800,mm,OK,--,12:50:37 PM,6/21/2025,
1394,26.1,gf,1.800,mm,OK,--,12:50:37 PM,6/21/2025,
1395,26.0,gf,1.795,mm,OK,--,12:50:37 PM,6/21/2025,
1396,25.9,gf,1.795,mm,OK,--,12:50:37 PM,6/21/2025,
1397,25.7,gf,1.790,mm,OK,--,12:50:37 PM,6/21/2025,
1398,25.9,gf,1.790,mm,OK,--,12:50:38 PM,6/21/2025,
1399,26.0,gf,1.790,mm,OK,--,12:50:38 PM,6/21/2025,
1400,25.8,gf,1.785,mm,OK,--,12:50:38 PM,6/21/2025,
1401,25.6,gf,1.785,mm,OK,--,12:50:38 PM,6/21/2025,
1402,25.6,gf,1.780,mm,OK,--,12:50:38 PM,6/21/2025,
1403,25.5,gf,1.775,mm,OK,--,12:50:38 PM,6/21/2025,
1404,25.4,gf,1.770,mm,OK,--,12:50:38 PM,6/21/2025,
1405,25.6,gf,1.770,mm,OK,--,12:50:38 PM,6/21/2025,
1406,25.5,gf,1.765,mm,OK,--,12:50:38 PM,6/21/2025,
1407,25.3,gf,1.760,mm,OK,--,12:50:38 PM,6/21/2025,
1408,24.9,gf,1.755,mm,OK,--,12:50:39 PM,6/21/2025,
1409,25.0,gf,1.745,mm,OK,--,12:50:39 PM,6/21/2025,
1410,24.9,gf,1.735,mm,OK,--,12:50:39 PM,6/21/2025,
1411,25.0,gf,1.730,mm,OK,--,12:50:39 PM,6/21/2025,
1412,25.0,gf,1.725,mm,OK,--,12:50:39 PM,6/21/2025,
1413,25.1,gf,1.720,mm,OK,--,12:50:39 PM,6/21/2025,
1414,25.2,gf,1.715,mm,OK,--,12:50:39 PM,6/21/2025,
1415,25.2,gf,1.710,mm,OK,--,12:50:39 PM,6/21/2025,
1416,25.2,gf,1.705,mm,OK,--,12:50:39 PM,6/21/2025,
1417,25.3,gf,1.700,mm,OK,--,12:50:39 PM,6/21/2025,
1418,25.4,gf,1.695,mm,OK,--,12:50:40 PM,6/21/2025,
1419,25.4,gf,1.690,mm,OK,--,12:50:40 PM,6/21/2025,
1420,25.3,gf,1.680,mm,OK,--,12:50:40 PM,6/21/2025,
1421,25.5,gf,1.675,mm,OK,--,12:50:40 PM,6/21/2025,
1422,25.6,gf,1.670,mm,OK,--,12:50:40 PM,6/21/2025,
1423,25.7,gf,1.665,mm,OK,--,12:50:40 PM,6/21/2025,
1424,25.9,gf,1.660,mm,OK,--,12:50:40 PM,6/21/2025,
1425,26.0,gf,1.655,mm,OK,--,12:50:40 PM,6/21/2025,
1426,26.2,gf,1.650,mm,OK,--,12:50:40 PM,6/21/2025,
1427,26.2,gf,1.645,mm,OK,--,12:50:40 PM,6/21/2025,
1428,26.1,gf,1.640,mm,OK,--,12:50:41 PM,6/21/2025,
1429,26.1,gf,1.635,mm,OK,--,12:50:41 PM,6/21/2025,
1430,26.4,gf,1.630,mm,OK,--,12:50:41 PM,6/21/2025,
1431,26.7,gf,1.625,mm,OK,--,12:50:41 PM,6/21/2025,
1432,26.8,gf,1.620,mm,OK,--,12:50:41 PM,6/21/2025,
1433,26.9,gf,1.615,mm,OK,--,12:50:41 PM,6/21/2025,
1434,27.1,gf,1.610,mm,OK,--,12:50:41 PM,6/21/2025,
1435,27.4,gf,1.605,mm,OK,--,12:50:41 PM,6/21/2025,
1436,27.3,gf,1.605,mm,OK,--,12:50:41 PM,6/21/2025,
1437,27.3,gf,1.600,mm,OK,--,12:50:41 PM,6/21/2025,
1438,27.6,gf,1.595,mm,OK,--,12:50:42 PM,6/21/2025,
1439,27.8,gf,1.595,mm,OK,--,12:50:42 PM,6/21/2025,
1440,27.8,gf,1.595,mm,OK,--,12:50:42 PM,6/21/2025,
1441,27.9,gf,1.590,mm,OK,--,12:50:42 PM,6/21/2025,
1442,28.0,gf,1.590,mm,OK,--,12:50:42 PM,6/21/2025,
1443,28.0,gf,1.590,mm,OK,--,12:50:42 PM,6/21/2025,
1444,27.9,gf,1.585,mm,OK,--,12:50:42 PM,6/21/2025,
1445,27.7,gf,1.585,mm,OK,--,12:50:42 PM,6/21/2025,
1446,27.8,gf,1.580,mm,OK,--,12:50:42 PM,6/21/2025,
1447,28.1,gf,1.575,mm,OK,--,12:50:42 PM,6/21/2025,
1448,28.1,gf,1.575,mm,OK,--,12:50:43 PM,6/21/2025,
1449,27.9,gf,1.570,mm,OK,--,12:50:43 PM,6/21/2025,
1450,28.2,gf,1.565,mm,OK,--,12:50:43 PM,6/21/2025,
1451,28.5,gf,1.565,mm,OK,--,12:50:43 PM,6/21/2025,
1452,28.5,gf,1.560,mm,OK,--,12:50:43 PM,6/21/2025,
1453,28.5,gf,1.560,mm,OK,--,12:50:43 PM,6/21/2025,
1454,28.5,gf,1.555,mm,OK,--,12:50:43 PM,6/21/2025,
1455,28.5,gf,1.555,mm,OK,--,12:50:43 PM,6/21/2025,
1456,28.5,gf,1.550,mm,OK,--,12:50:43 PM,6/21/2025,
1457,28.5,gf,1.550,mm,OK,--,12:50:43 PM,6/21/2025,
1458,28.6,gf,1.545,mm,OK,--,12:50:44 PM,6/21/2025,
1459,28.9,gf,1.540,mm,OK,--,12:50:44 PM,6/21/2025,
1460,29.1,gf,1.540,mm,OK,--,12:50:44 PM,6/21/2025,
1461,29.1,gf,1.535,mm,OK,--,12:50:44 PM,6/21/2025,
1462,29.0,gf,1.530,mm,OK,--,12:50:44 PM,6/21/2025,
1463,29.2,gf,1.530,mm,OK,--,12:50:44 PM,6/21/2025,
1464,29.5,gf,1.525,mm,OK,--,12:50:44 PM,6/21/2025,
1465,29.6,gf,1.520,mm,OK,--,12:50:44 PM,6/21/2025,
1466,29.7,gf,1.520,mm,OK,--,12:50:44 PM,6/21/2025,
1467,29.8,gf,1.515,mm,OK,--,12:50:44 PM,6/21/2025,
1468,29.8,gf,1.515,mm,OK,--,12:50:45 PM,6/21/2025,
1469,29.8,gf,1.510,mm,OK,--,12:50:45 PM,6/21/2025,
1470,29.9,gf,1.510,mm,OK,--,12:50:45 PM,6/21/2025,
1471,29.9,gf,1.510,mm,OK,--,12:50:45 PM,6/21/2025,
1472,30.0,gf,1.505,mm,OK,--,12:50:45 PM,6/21/2025,
1473,30.1,gf,1.505,mm,OK,--,12:50:45 PM,6/21/2025,
1474,30.2,gf,1.500,mm,OK,--,12:50:45 PM,6/21/2025,
1475,30.3,gf,1.500,mm,OK,--,12:50:45 PM,6/21/2025,
1476,30.4,gf,1.495,mm,OK,--,12:50:45 PM,6/21/2025,
1477,30.4,gf,1.495,mm,OK,--,12:50:45 PM,6/21/2025,
1478,30.5,gf,1.490,mm,OK,--,12:50:46 PM,6/21/2025,
1479,30.6,gf,1.490,mm,OK,--,12:50:46 PM,6/21/2025,
1480,30.6,gf,1.490,mm,OK,--,12:50:46 PM,6/21/2025,
1481,30.7,gf,1.485,mm,OK,--,12:50:46 PM,6/21/2025,
1482,30.8,gf,1.485,mm,OK,--,12:50:46 PM,6/21/2025,
1483,30.8,gf,1.485,mm,OK,--,12:50:46 PM,6/21/2025,
1484,30.8,gf,1.480,mm,OK,--,12:50:46 PM,6/21/2025,
1485,30.7,gf,1.480,mm,OK,--,12:50:46 PM,6/21/2025,
1486,30.8,gf,1.475,mm,OK,--,12:50:46 PM,6/21/2025,
1487,30.9,gf,1.475,mm,OK,--,12:50:46 PM,6/21/2025,
1488,31.0,gf,1.470,mm,OK,--,12:50:47 PM,6/21/2025,
1489,31.3,gf,1.470,mm,OK,--,12:50:47 PM,6/21/2025,
1490,31.4,gf,1.465,mm,OK,--,12:50:47 PM,6/21/2025,
1491,31.5,gf,1.465,mm,OK,--,12:50:47 PM,6/21/2025,
1492,31.6,gf,1.465,mm,OK,--,12:50:47 PM,6/21/2025,
1493,31.6,gf,1.460,mm,OK,--,12:50:47 PM,6/21/2025,
1494,31.6,gf,1.460,mm,OK,--,12:50:47 PM,6/21/2025,
1495,31.7,gf,1.455,mm,OK,--,12:50:47 PM,6/21/2025,
1496,31.8,gf,1.455,mm,OK,--,12:50:47 PM,6/21/2025,
1497,31.9,gf,1.450,mm,OK,--,12:50:47 PM,6/21/2025,
1498,31.9,gf,1.450,mm,OK,--,12:50:48 PM,6/21/2025,
1499,31.9,gf,1.450,mm,OK,--,12:50:48 PM,6/21/2025,
1500,32.0,gf,1.445,mm,OK,--,12:50:48 PM,6/21/2025,
1501,31.9,gf,1.445,mm,OK,--,12:50:48 PM,6/21/2025,
1502,32.0,gf,1.440,mm,OK,--,12:50:48 PM,6/21/2025,
1503,32.2,gf,1.435,mm,OK,--,12:50:48 PM,6/21/2025,
1504,32.3,gf,1.435,mm,OK,--,12:50:48 PM,6/21/2025,
1505,32.4,gf,1.430,mm,OK,--,12:50:48 PM,6/21/2025,
1506,32.4,gf,1.430,mm,OK,--,12:50:48 PM,6/21/2025,
1507,32.4,gf,1.425,mm,OK,--,12:50:48 PM,6/21/2025,
1508,32.2,gf,1.425,mm,OK,--,12:50:49 PM,6/21/2025,
1509,32.3,gf,1.420,mm,OK,--,12:50:49 PM,6/21/2025,
1510,32.4,gf,1.415,mm,OK,--,12:50:49 PM,6/21/2025,
1511,32.5,gf,1.415,mm,OK,--,12:50:49 PM,6/21/2025,
1512,32.7,gf,1.410,mm,OK,--,12:50:49 PM,6/21/2025,
1513,32.7,gf,1.405,mm,OK,--,12:50:49 PM,6/21/2025,
1514,32.8,gf,1.405,mm,OK,--,12:50:49 PM,6/21/2025,
1515,32.8,gf,1.400,mm,OK,--,12:50:49 PM,6/21/2025,
1516,32.9,gf,1.400,mm,OK,--,12:50:49 PM,6/21/2025,
1517,33.1,gf,1.395,mm,OK,--,12:50:49 PM,6/21/2025,
1518,33.1,gf,1.395,mm,OK,--,12:50:50 PM,6/21/2025,
1519,33.1,gf,1.390,mm,OK,--,12:50:50 PM,6/21/2025,
1520,33.2,gf,1.390,mm,OK,--,12:50:50 PM,6/21/2025,
1521,33.3,gf,1.385,mm,OK,--,12:50:50 PM,6/21/2025,
1522,33.4,gf,1.385,mm,OK,--,12:50:50 PM,6/21/2025,
1523,33.3,gf,1.380,mm,OK,--,12:50:50 PM,6/21/2025,
1524,33.5,gf,1.380,mm,OK,--,12:50:50 PM,6/21/2025,
1525,33.6,gf,1.375,mm,OK,--,12:50:50 PM,6/21/2025,
1526,33.6,gf,1.375,mm,OK,--,12:50:50 PM,6/21/2025,
1527,33.7,gf,1.370,mm,OK,--,12:50:50 PM,6/21/2025,
1528,33.7,gf,1.365,mm,OK,--,12:50:51 PM,6/21/2025,
1529,33.9,gf,1.365,mm,OK,--,12:50:51 PM,6/21/2025,
1530,34.1,gf,1.360,mm,OK,--,12:50:51 PM,6/21/2025,
1531,34.3,gf,1.355,mm,OK,--,12:50:51 PM,6/21/2025,
1532,34.4,gf,1.355,mm,OK,--,12:50:51 PM,6/21/2025,
1533,34.5,gf,1.350,mm,OK,--,12:50:51 PM,6/21/2025,
1534,34.5,gf,1.345,mm,OK,--,12:50:51 PM,6/21/2025,
1535,34.6,gf,1.345,mm,OK,--,12:50:51 PM,6/21/2025,
1536,34.8,gf,1.340,mm,OK,--,12:50:51 PM,6/21/2025,
1537,35.0,gf,1.335,mm,OK,--,12:50:51 PM,6/21/2025,
1538,35.0,gf,1.335,mm,OK,--,12:50:52 PM,6/21/2025,
1539,35.1,gf,1.330,mm,OK,--,12:50:52 PM,6/21/2025,
1540,35.2,gf,1.330,mm,OK,--,12:50:52 PM,6/21/2025,
1541,35.3,gf,1.325,mm,OK,--,12:50:52 PM,6/21/2025,
1542,35.5,gf,1.320,mm,OK,--,12:50:52 PM,6/21/2025,
1543,35.5,gf,1.320,mm,OK,--,12:50:52 PM,6/21/2025,
1544,35.6,gf,1.315,mm,OK,--,12:50:52 PM,6/21/2025,
1545,35.8,gf,1.310,mm,OK,--,12:50:52 PM,6/21/2025,
1546,35.9,gf,1.305,mm,OK,--,12:50:52 PM,6/21/2025,
1547,35.9,gf,1.305,mm,OK,--,12:50:52 PM,6/21/2025,
1548,36.0,gf,1.305,mm,OK,--,12:50:53 PM,6/21/2025,
1549,36.2,gf,1.300,mm,OK,--,12:50:53 PM,6/21/2025,
1550,36.2,gf,1.300,mm,OK,--,12:50:53 PM,6/21/2025,
1551,36.1,gf,1.295,mm,OK,--,12:50:53 PM,6/21/2025,
1552,36.1,gf,1.295,mm,OK,--,12:50:53 PM,6/21/2025,
1553,36.3,gf,1.295,mm,OK,--,12:50:53 PM,6/21/2025,
1554,36.4,gf,1.290,mm,OK,--,12:50:53 PM,6/21/2025,
1555,36.4,gf,1.290,mm,OK,--,12:50:53 PM,6/21/2025,
1556,36.2,gf,1.290,mm,OK,--,12:50:53 PM,6/21/2025,
1557,36.1,gf,1.285,mm,OK,--,12:50:53 PM,6/21/2025,
1558,36.2,gf,1.285,mm,OK,--,12:50:54 PM,6/21/2025,
1559,36.3,gf,1.280,mm,OK,--,12:50:54 PM,6/21/2025,
1560,36.5,gf,1.280,mm,OK,--,12:50:54 PM,6/21/2025,
1561,36.6,gf,1.275,mm,OK,--,12:50:54 PM,6/21/2025,
1562,36.6,gf,1.270,mm,OK,--,12:50:54 PM,6/21/2025,
1563,36.9,gf,1.265,mm,OK,--,12:50:54 PM,6/21/2025,
1564,37.0,gf,1.265,mm,OK,--,12:50:54 PM,6/21/2025,
1565,37.0,gf,1.265,mm,OK,--,12:50:54 PM,6/21/2025,
1566,37.1,gf,1.260,mm,OK,--,12:50:54 PM,6/21/2025,
1567,37.2,gf,1.260,mm,OK,--,12:50:54 PM,6/21/2025,
1568,37.2,gf,1.255,mm,OK,--,12:50:55 PM,6/21/2025,
1569,37.3,gf,1.255,mm,OK,--,12:50:55 PM,6/21/2025,
1570,37.4,gf,1.250,mm,OK,--,12:50:55 PM,6/21/2025,
1571,37.5,gf,1.250,mm,OK,--,12:50:55 PM,6/21/2025,
1572,37.3,gf,1.250,mm,OK,--,12:50:55 PM,6/21/2025,
1573,37.3,gf,1.245,mm,OK,--,12:50:55 PM,6/21/2025,
1574,37.3,gf,1.245,mm,OK,--,12:50:55 PM,6/21/2025,
1575,37.4,gf,1.245,mm,OK,--,12:50:55 PM,6/21/2025,
1576,37.5,gf,1.240,mm,OK,--,12:50:55 PM,6/21/2025,
1577,37.5,gf,1.240,mm,OK,--,12:50:55 PM,6/21/2025,
1578,37.4,gf,1.240,mm,OK,--,12:50:56 PM,6/21/2025,
1579,37.3,gf,1.240,mm,OK,--,12:50:56 PM,6/21/2025,
1580,37.3,gf,1.235,mm,OK,--,12:50:56 PM,6/21/2025,
1581,37.5,gf,1.235,mm,OK,--,12:50:56 PM,6/21/2025,
1582,37.6,gf,1.235,mm,OK,--,12:50:56 PM,6/21/2025,
1583,37.7,gf,1.230,mm,OK,--,12:50:56 PM,6/21/2025,
1584,37.7,gf,1.230,mm,OK,--,12:50:56 PM,6/21/2025,
1585,37.6,gf,1.230,mm,OK,--,12:50:56 PM,6/21/2025,
1586,37.6,gf,1.230,mm,OK,--,12:50:56 PM,6/21/2025,
1587,37.7,gf,1.230,mm,OK,--,12:50:56 PM,6/21/2025,
1588,37.7,gf,1.225,mm,OK,--,12:50:57 PM,6/21/2025,
1589,37.6,gf,1.225,mm,OK,--,12:50:57 PM,6/21/2025,
1590,37.6,gf,1.225,mm,OK,--,12:50:57 PM,6/21/2025,
1591,37.4,gf,1.225,mm,OK,--,12:50:57 PM,6/21/2025,
1592,37.3,gf,1.220,mm,OK,--,12:50:57 PM,6/21/2025,
1593,37.4,gf,1.220,mm,OK,--,12:50:57 PM,6/21/2025,
1594,37.5,gf,1.215,mm,OK,--,12:50:57 PM,6/21/2025,
1595,37.7,gf,1.215,mm,OK,--,12:50:57 PM,6/21/2025,
1596,37.8,gf,1.210,mm,OK,--,12:50:57 PM,6/21/2025,
1597,37.9,gf,1.210,mm,OK,--,12:50:57 PM,6/21/2025,
1598,38.0,gf,1.210,mm,OK,--,12:50:58 PM,6/21/2025,
1599,38.1,gf,1.210,mm,OK,--,12:50:58 PM,6/21/2025,
1600,38.1,gf,1.205,mm,OK,--,12:50:58 PM,6/21/2025,
1601,38.1,gf,1.205,mm,OK,--,12:50:58 PM,6/21/2025,
1602,38.0,gf,1.205,mm,OK,--,12:50:58 PM,6/21/2025,
1603,37.8,gf,1.205,mm,OK,--,12:50:58 PM,6/21/2025,
1604,37.8,gf,1.200,mm,OK,--,12:50:58 PM,6/21/2025,
1605,38.0,gf,1.200,mm,OK,--,12:50:58 PM,6/21/2025,
1606,38.1,gf,1.200,mm,OK,--,12:50:58 PM,6/21/2025,
1607,38.1,gf,1.195,mm,OK,--,12:50:58 PM,6/21/2025,
1608,38.0,gf,1.195,mm,OK,--,12:50:59 PM,6/21/2025,
1609,38.1,gf,1.190,mm,OK,--,12:50:59 PM,6/21/2025,
1610,38.3,gf,1.190,mm,OK,--,12:50:59 PM,6/21/2025,
1611,38.1,gf,1.185,mm,OK,--,12:50:59 PM,6/21/2025,
1612,38.2,gf,1.185,mm,OK,--,12:50:59 PM,6/21/2025,
1613,38.3,gf,1.180,mm,OK,--,12:50:59 PM,6/21/2025,
1614,38.5,gf,1.175,mm,OK,--,12:50:59 PM,6/21/2025,
1615,38.5,gf,1.175,mm,OK,--,12:50:59 PM,6/21/2025,
1616,38.6,gf,1.170,mm,OK,--,12:50:59 PM,6/21/2025,
1617,38.7,gf,1.165,mm,OK,--,12:50:59 PM,6/21/2025,
1618,38.7,gf,1.160,mm,OK,--,12:51:00 PM,6/21/2025,
1619,38.9,gf,1.160,mm,OK,--,12:51:00 PM,6/21/2025,
1620,39.0,gf,1.155,mm,OK,--,12:51:00 PM,6/21/2025,
1621,38.9,gf,1.150,mm,OK,--,12:51:00 PM,6/21/2025,
1622,39.1,gf,1.145,mm,OK,--,12:51:00 PM,6/21/2025,
1623,39.1,gf,1.140,mm,OK,--,12:51:00 PM,6/21/2025,
1624,39.2,gf,1.140,mm,OK,--,12:51:00 PM,6/21/2025,
1625,39.2,gf,1.135,mm,OK,--,12:51:00 PM,6/21/2025,
1626,39.4,gf,1.130,mm,OK,--,12:51:00 PM,6/21/2025,
1627,39.4,gf,1.130,mm,OK,--,12:51:00 PM,6/21/2025,
1628,39.5,gf,1.125,mm,OK,--,12:51:01 PM,6/21/2025,
1629,39.5,gf,1.125,mm,OK,--,12:51:01 PM,6/21/2025,
1630,39.4,gf,1.120,mm,OK,--,12:51:01 PM,6/21/2025,
1631,39.3,gf,1.115,mm,OK,--,12:51:01 PM,6/21/2025,
1632,39.3,gf,1.110,mm,OK,--,12:51:01 PM,6/21/2025,
1633,39.5,gf,1.100,mm,OK,--,12:51:01 PM,6/21/2025,
1634,39.5,gf,1.090,mm,OK,--,12:51:01 PM,6/21/2025,
1635,39.7,gf,1.085,mm,OK,--,12:51:01 PM,6/21/2025,
1636,39.8,gf,1.075,mm,OK,--,12:51:01 PM,6/21/2025,
1637,39.9,gf,1.070,mm,OK,--,12:51:01 PM,6/21/2025,
1638,40.1,gf,1.065,mm,OK,--,12:51:02 PM,6/21/2025,
1639,40.2,gf,1.065,mm,OK,--,12:51:02 PM,6/21/2025,
1640,39.9,gf,1.065,mm,OK,--,12:51:02 PM,6/21/2025,
1641,39.8,gf,1.060,mm,OK,--,12:51:02 PM,6/21/2025,
1642,39.5,gf,1.055,mm,OK,--,12:51:02 PM,6/21/2025,
1643,39.7,gf,1.050,mm,OK,--,12:51:02 PM,6/21/2025,
1644,39.7,gf,1.045,mm,OK,--,12:51:02 PM,6/21/2025,
1645,39.7,gf,1.040,mm,OK,--,12:51:02 PM,6/21/2025,
1646,39.7,gf,1.030,mm,OK,--,12:51:02 PM,6/21/2025,
1647,39.9,gf,1.025,mm,OK,--,12:51:02 PM,6/21/2025,
1648,39.8,gf,1.020,mm,OK,--,12:51:03 PM,6/21/2025,
1649,39.9,gf,1.015,mm,OK,--,12:51:03 PM,6/21/2025,
1650,40.0,gf,1.015,mm,OK,--,12:51:03 PM,6/21/2025,
1651,39.9,gf,1.010,mm,OK,--,12:51:03 PM,6/21/2025,
1652,39.9,gf,1.010,mm,OK,--,12:51:03 PM,6/21/2025,
1653,39.9,gf,1.005,mm,OK,--,12:51:03 PM,6/21/2025,
1654,39.7,gf,1.005,mm,OK,--,12:51:03 PM,6/21/2025,
1655,39.6,gf,1.005,mm,OK,--,12:51:03 PM,6/21/2025,
1656,39.7,gf,1.000,mm,OK,--,12:51:03 PM,6/21/2025,
1657,39.8,gf,1.000,mm,OK,--,12:51:03 PM,6/21/2025,
1658,39.7,gf,0.995,mm,OK,--,12:51:04 PM,6/21/2025,
1659,39.5,gf,0.995,mm,OK,--,12:51:04 PM,6/21/2025,
1660,39.6,gf,0.990,mm,OK,--,12:51:04 PM,6/21/2025,
1661,39.6,gf,0.985,mm,OK,--,12:51:04 PM,6/21/2025,
1662,39.6,gf,0.985,mm,OK,--,12:51:04 PM,6/21/2025,
1663,39.6,gf,0.985,mm,OK,--,12:51:04 PM,6/21/2025,
1664,39.6,gf,0.980,mm,OK,--,12:51:04 PM,6/21/2025,
1665,39.6,gf,0.980,mm,OK,--,12:51:04 PM,6/21/2025,
1666,39.6,gf,0.980,mm,OK,--,12:51:04 PM,6/21/2025,
1667,39.3,gf,0.975,mm,OK,--,12:51:04 PM,6/21/2025,
1668,39.3,gf,0.975,mm,OK,--,12:51:05 PM,6/21/2025,
1669,39.2,gf,0.970,mm,OK,--,12:51:05 PM,6/21/2025,
1670,39.4,gf,0.965,mm,OK,--,12:51:05 PM,6/21/2025,
1671,39.4,gf,0.965,mm,OK,--,12:51:05 PM,6/21/2025,
1672,39.3,gf,0.960,mm,OK,--,12:51:05 PM,6/21/2025,
1673,39.7,gf,0.960,mm,OK,--,12:51:05 PM,6/21/2025,
1674,39.8,gf,0.960,mm,OK,--,12:51:05 PM,6/21/2025,
1675,39.5,gf,0.955,mm,OK,--,12:51:05 PM,6/21/2025,
1676,39.4,gf,0.955,mm,OK,--,12:51:05 PM,6/21/2025,
1677,39.5,gf,0.955,mm,OK,--,12:51:05 PM,6/21/2025,
1678,39.3,gf,0.950,mm,OK,--,12:51:06 PM,6/21/2025,
1679,39.4,gf,0.950,mm,OK,--,12:51:06 PM,6/21/2025,
1680,39.1,gf,0.945,mm,OK,--,12:51:06 PM,6/21/2025,
1681,39.1,gf,0.940,mm,OK,--,12:51:06 PM,6/21/2025,
1682,39.2,gf,0.940,mm,OK,--,12:51:06 PM,6/21/2025,
1683,39.4,gf,0.935,mm,OK,--,12:51:06 PM,6/21/2025,
1684,39.3,gf,0.935,mm,OK,--,12:51:06 PM,6/21/2025,
1685,39.0,gf,0.930,mm,OK,--,12:51:06 PM,6/21/2025,
1686,39.1,gf,0.925,mm,OK,--,12:51:06 PM,6/21/2025,
1687,39.1,gf,0.915,mm,OK,--,12:51:06 PM,6/21/2025,
1688,39.4,gf,0.905,mm,OK,--,12:51:07 PM,6/21/2025,
1689,39.6,gf,0.900,mm,OK,--,12:51:07 PM,6/21/2025,
1690,39.4,gf,0.895,mm,OK,--,12:51:07 PM,6/21/2025,
1691,39.5,gf,0.890,mm,OK,--,12:51:07 PM,6/21/2025,
1692,39.7,gf,0.885,mm,OK,--,12:51:07 PM,6/21/2025,
1693,39.4,gf,0.880,mm,OK,--,12:51:07 PM,6/21/2025,
1694,39.3,gf,0.875,mm,OK,--,12:51:07 PM,6/21/2025,
1695,39.5,gf,0.865,mm,OK,--,12:51:07 PM,6/21/2025,
1696,39.5,gf,0.860,mm,OK,--,12:51:07 PM,6/21/2025,
1697,39.4,gf,0.850,mm,OK,--,12:51:07 PM,6/21/2025,
1698,39.4,gf,0.840,mm,OK,--,12:51:08 PM,6/21/2025,
1699,39.4,gf,0.835,mm,OK,--,12:51:08 PM,6/21/2025,
1700,39.3,gf,0.825,mm,OK,--,12:51:08 PM,6/21/2025,
1701,39.4,gf,0.815,mm,OK,--,12:51:08 PM,6/21/2025,
1702,39.8,gf,0.805,mm,OK,--,12:51:08 PM,6/21/2025,
1703,40.0,gf,0.795,mm,OK,--,12:51:08 PM,6/21/2025,
1704,40.1,gf,0.785,mm,OK,--,12:51:08 PM,6/21/2025,
1705,40.4,gf,0.775,mm,OK,--,12:51:08 PM,6/21/2025,
1706,40.4,gf,0.765,mm,OK,--,12:51:08 PM,6/21/2025,
1707,40.8,gf,0.750,mm,OK,--,12:51:08 PM,6/21/2025,
1708,41.4,gf,0.740,mm,OK,--,12:51:09 PM,6/21/2025,
1709,41.1,gf,0.735,mm,OK,--,12:51:09 PM,6/21/2025,
1710,41.2,gf,0.730,mm,OK,--,12:51:09 PM,6/21/2025,
1711,41.3,gf,0.720,mm,OK,--,12:51:09 PM,6/21/2025,
1712,41.1,gf,0.720,mm,OK,--,12:51:09 PM,6/21/2025,
1713,41.2,gf,0.710,mm,OK,--,12:51:09 PM,6/21/2025,
1714,41.2,gf,0.705,mm,OK,--,12:51:09 PM,6/21/2025,
1715,41.3,gf,0.700,mm,OK,--,12:51:09 PM,6/21/2025,
1716,41.4,gf,0.690,mm,OK,--,12:51:09 PM,6/21/2025,
1717,41.8,gf,0.685,mm,OK,--,12:51:09 PM,6/21/2025,
1718,42.0,gf,0.685,mm,OK,--,12:51:10 PM,6/21/2025,
1719,42.0,gf,0.680,mm,OK,--,12:51:10 PM,6/21/2025,
1720,42.1,gf,0.675,mm,OK,--,12:51:10 PM,6/21/2025,
1721,41.9,gf,0.670,mm,OK,--,12:51:10 PM,6/21/2025,
1722,42.3,gf,0.665,mm,OK,--,12:51:10 PM,6/21/2025,
1723,42.7,gf,0.660,mm,OK,--,12:51:10 PM,6/21/2025,
1724,42.7,gf,0.660,mm,OK,--,12:51:10 PM,6/21/2025,
1725,42.7,gf,0.655,mm,OK,--,12:51:10 PM,6/21/2025,
1726,42.7,gf,0.655,mm,OK,--,12:51:10 PM,6/21/2025,
1727,42.7,gf,0.650,mm,OK,--,12:51:10 PM,6/21/2025,
1728,42.8,gf,0.650,mm,OK,--,12:51:11 PM,6/21/2025,
1729,42.9,gf,0.645,mm,OK,--,12:51:11 PM,6/21/2025,
1730,43.0,gf,0.645,mm,OK,--,12:51:11 PM,6/21/2025,
1731,43.0,gf,0.640,mm,OK,--,12:51:11 PM,6/21/2025,
1732,43.1,gf,0.635,mm,OK,--,12:51:11 PM,6/21/2025,
1733,43.2,gf,0.630,mm,OK,--,12:51:11 PM,6/21/2025,
1734,43.4,gf,0.625,mm,OK,--,12:51:11 PM,6/21/2025,
1735,43.6,gf,0.620,mm,OK,--,12:51:11 PM,6/21/2025,
1736,43.7,gf,0.615,mm,OK,--,12:51:11 PM,6/21/2025,
1737,43.7,gf,0.610,mm,OK,--,12:51:11 PM,6/21/2025,
1738,43.7,gf,0.610,mm,OK,--,12:51:12 PM,6/21/2025,
1739,43.8,gf,0.605,mm,OK,--,12:51:12 PM,6/21/2025,
1740,43.9,gf,0.600,mm,OK,--,12:51:12 PM,6/21/2025,
1741,44.0,gf,0.595,mm,OK,--,12:51:12 PM,6/21/2025,
1742,44.0,gf,0.595,mm,OK,--,12:51:12 PM,6/21/2025,
1743,44.0,gf,0.590,mm,OK,--,12:51:12 PM,6/21/2025,
1744,43.9,gf,0.585,mm,OK,--,12:51:12 PM,6/21/2025,
1745,44.1,gf,0.585,mm,OK,--,12:51:12 PM,6/21/2025,
1746,44.2,gf,0.580,mm,OK,--,12:51:12 PM,6/21/2025,
1747,44.4,gf,0.575,mm,OK,--,12:51:12 PM,6/21/2025,
1748,44.6,gf,0.570,mm,OK,--,12:51:13 PM,6/21/2025,
1749,44.6,gf,0.570,mm,OK,--,12:51:13 PM,6/21/2025,
1750,44.8,gf,0.565,mm,OK,--,12:51:13 PM,6/21/2025,
1751,44.8,gf,0.560,mm,OK,--,12:51:13 PM,6/21/2025,
1752,44.9,gf,0.560,mm,OK,--,12:51:13 PM,6/21/2025,
1753,45.0,gf,0.555,mm,OK,--,12:51:13 PM,6/21/2025,
1754,45.0,gf,0.555,mm,OK,--,12:51:13 PM,6/21/2025,
1755,45.0,gf,0.550,mm,OK,--,12:51:13 PM,6/21/2025,
1756,45.1,gf,0.550,mm,OK,--,12:51:13 PM,6/21/2025,
1757,45.2,gf,0.545,mm,OK,--,12:51:13 PM,6/21/2025,
1758,45.3,gf,0.545,mm,OK,--,12:51:14 PM,6/21/2025,
1759,45.4,gf,0.540,mm,OK,--,12:51:14 PM,6/21/2025,
1760,45.4,gf,0.540,mm,OK,--,12:51:14 PM,6/21/2025,
1761,45.4,gf,0.535,mm,OK,--,12:51:14 PM,6/21/2025,
1762,45.5,gf,0.535,mm,OK,--,12:51:14 PM,6/21/2025,
1763,45.6,gf,0.530,mm,OK,--,12:51:14 PM,6/21/2025,
1764,45.6,gf,0.525,mm,OK,--,12:51:14 PM,6/21/2025,
1765,45.7,gf,0.520,mm,OK,--,12:51:14 PM,6/21/2025,
1766,45.9,gf,0.520,mm,OK,--,12:51:14 PM,6/21/2025,
1767,46.1,gf,0.515,mm,OK,--,12:51:14 PM,6/21/2025,
1768,46.3,gf,0.510,mm,OK,--,12:51:15 PM,6/21/2025,
1769,46.4,gf,0.510,mm,OK,--,12:51:15 PM,6/21/2025,
1770,46.6,gf,0.505,mm,OK,--,12:51:15 PM,6/21/2025,
1771,46.6,gf,0.505,mm,OK,--,12:51:15 PM,6/21/2025,
1772,46.8,gf,0.500,mm,OK,--,12:51:15 PM,6/21/2025,
1773,46.7,gf,0.500,mm,OK,--,12:51:15 PM,6/21/2025,
1774,46.7,gf,0.495,mm,OK,--,12:51:15 PM,6/21/2025,
1775,46.6,gf,0.490,mm,OK,--,12:51:15 PM,6/21/2025,
1776,47.0,gf,0.485,mm,OK,--,12:51:15 PM,6/21/2025,
1777,47.2,gf,0.485,mm,OK,--,12:51:15 PM,6/21/2025,
1778,47.1,gf,0.480,mm,OK,--,12:51:16 PM,6/21/2025,
1779,47.0,gf,0.480,mm,OK,--,12:51:16 PM,6/21/2025,
1780,47.0,gf,0.475,mm,OK,--,12:51:16 PM,6/21/2025,
1781,47.1,gf,0.470,mm,OK,--,12:51:16 PM,6/21/2025,
1782,47.2,gf,0.465,mm,OK,--,12:51:16 PM,6/21/2025,
1783,47.3,gf,0.460,mm,OK,--,12:51:16 PM,6/21/2025,
1784,47.5,gf,0.450,mm,OK,--,12:51:16 PM,6/21/2025,
1785,47.5,gf,0.445,mm,OK,--,12:51:16 PM,6/21/2025,
1786,47.5,gf,0.440,mm,OK,--,12:51:16 PM,6/21/2025,
1787,47.7,gf,0.435,mm,OK,--,12:51:16 PM,6/21/2025,
1788,47.7,gf,0.430,mm,OK,--,12:51:17 PM,6/21/2025,
1789,47.7,gf,0.430,mm,OK,--,12:51:17 PM,6/21/2025,
1790,47.8,gf,0.425,mm,OK,--,12:51:17 PM,6/21/2025,
1791,47.7,gf,0.425,mm,OK,--,12:51:17 PM,6/21/2025,
1792,47.7,gf,0.425,mm,OK,--,12:51:17 PM,6/21/2025,
1793,47.5,gf,0.420,mm,OK,--,12:51:17 PM,6/21/2025,
1794,47.5,gf,0.420,mm,OK,--,12:51:17 PM,6/21/2025,
1795,47.6,gf,0.415,mm,OK,--,12:51:17 PM,6/21/2025,
1796,47.6,gf,0.415,mm,OK,--,12:51:17 PM,6/21/2025,
1797,47.6,gf,0.410,mm,OK,--,12:51:17 PM,6/21/2025,
1798,47.6,gf,0.410,mm,OK,--,12:51:18 PM,6/21/2025,
1799,47.7,gf,0.405,mm,OK,--,12:51:18 PM,6/21/2025,
1800,47.7,gf,0.405,mm,OK,--,12:51:18 PM,6/21/2025,
1801,47.8,gf,0.405,mm,OK,--,12:51:18 PM,6/21/2025,
1802,47.8,gf,0.400,mm,OK,--,12:51:18 PM,6/21/2025,
1803,48.0,gf,0.400,mm,OK,--,12:51:18 PM,6/21/2025,
1804,47.9,gf,0.400,mm,OK,--,12:51:18 PM,6/21/2025,
1805,47.6,gf,0.395,mm,OK,--,12:51:18 PM,6/21/2025,
1806,47.8,gf,0.395,mm,OK,--,12:51:18 PM,6/21/2025,
1807,47.9,gf,0.390,mm,OK,--,12:51:18 PM,6/21/2025,
1808,48.0,gf,0.390,mm,OK,--,12:51:19 PM,6/21/2025,
1809,47.8,gf,0.385,mm,OK,--,12:51:19 PM,6/21/2025,
1810,48.0,gf,0.380,mm,OK,--,12:51:19 PM,6/21/2025,
1811,48.2,gf,0.375,mm,OK,--,12:51:19 PM,6/21/2025,
1812,48.4,gf,0.370,mm,OK,--,12:51:19 PM,6/21/2025,
1813,48.7,gf,0.365,mm,OK,--,12:51:19 PM,6/21/2025,
1814,48.9,gf,0.365,mm,OK,--,12:51:19 PM,6/21/2025,
1815,48.7,gf,0.360,mm,OK,--,12:51:19 PM,6/21/2025,
1816,49.1,gf,0.355,mm,OK,--,12:51:19 PM,6/21/2025,
1817,49.1,gf,0.355,mm,OK,--,12:51:19 PM,6/21/2025,
1818,49.0,gf,0.350,mm,OK,--,12:51:20 PM,6/21/2025,
1819,49.1,gf,0.350,mm,OK,--,12:51:20 PM,6/21/2025,
1820,49.1,gf,0.345,mm,OK,--,12:51:20 PM,6/21/2025,
1821,49.2,gf,0.345,mm,OK,--,12:51:20 PM,6/21/2025,
1822,49.2,gf,0.345,mm,OK,--,12:51:20 PM,6/21/2025,
1823,48.8,gf,0.340,mm,OK,--,12:51:20 PM,6/21/2025,
1824,48.7,gf,0.335,mm,OK,--,12:51:20 PM,6/21/2025,
1825,48.8,gf,0.330,mm,OK,--,12:51:20 PM,6/21/2025,
1826,48.8,gf,0.325,mm,OK,--,12:51:20 PM,6/21/2025,
1827,48.5,gf,0.315,mm,OK,--,12:51:20 PM,6/21/2025,
1828,48.5,gf,0.310,mm,OK,--,12:51:21 PM,6/21/2025,
1829,48.5,gf,0.305,mm,OK,--,12:51:21 PM,6/21/2025,
1830,48.5,gf,0.305,mm,OK,--,12:51:21 PM,6/21/2025,
1831,48.2,gf,0.300,mm,OK,--,12:51:21 PM,6/21/2025,
1832,48.1,gf,0.295,mm,OK,--,12:51:21 PM,6/21/2025,
1833,48.1,gf,0.295,mm,OK,--,12:51:21 PM,6/21/2025,
1834,48.1,gf,0.290,mm,OK,--,12:51:21 PM,6/21/2025,
1835,48.0,gf,0.285,mm,OK,--,12:51:21 PM,6/21/2025,
1836,47.9,gf,0.280,mm,OK,--,12:51:21 PM,6/21/2025,
1837,47.9,gf,0.280,mm,OK,--,12:51:21 PM,6/21/2025,
1838,47.8,gf,0.275,mm,OK,--,12:51:22 PM,6/21/2025,
1839,47.6,gf,0.270,mm,OK,--,12:51:22 PM,6/21/2025,
1840,47.4,gf,0.265,mm,OK,--,12:51:22 PM,6/21/2025,
1841,47.1,gf,0.260,mm,OK,--,12:51:22 PM,6/21/2025,
1842,46.8,gf,0.255,mm,OK,--,12:51:22 PM,6/21/2025,
1843,46.8,gf,0.240,mm,OK,--,12:51:22 PM,6/21/2025,
1844,46.5,gf,0.235,mm,OK,--,12:51:22 PM,6/21/2025,
1845,46.3,gf,0.225,mm,OK,--,12:51:22 PM,6/21/2025,
1846,45.9,gf,0.220,mm,OK,--,12:51:22 PM,6/21/2025,
1847,45.5,gf,0.210,mm,OK,--,12:51:22 PM,6/21/2025,
1848,45.0,gf,0.205,mm,OK,--,12:51:23 PM,6/21/2025,
1849,40.5,gf,0.200,mm,OK,--,12:51:23 PM,6/21/2025,
1850,35.8,gf,0.190,mm,OK,--,12:51:23 PM,6/21/2025,
1851,31.3,gf,0.185,mm,OK,--,12:51:23 PM,6/21/2025,
1852,28.2,gf,0.175,mm,OK,--,12:51:23 PM,6/21/2025,
1853,22.8,gf,0.170,mm,OK,--,12:51:23 PM,6/21/2025,
1854,17.5,gf,0.165,mm,OK,--,12:51:23 PM,6/21/2025,
1855,11.9,gf,0.160,mm,OK,--,12:51:23 PM,6/21/2025,
1856,6.0,gf,0.150,mm,OK,--,12:51:23 PM,6/21/2025,
1857,2.0,gf,0.145,mm,OK,--,12:51:23 PM,6/21/2025,
1858,0.1,gf,0.140,mm,OK,--,12:51:24 PM,6/21/2025,
1859,0.1,gf,0.130,mm,OK,--,12:51:24 PM,6/21/2025,
1860,0.0,gf,0.120,mm,OK,--,12:51:24 PM,6/21/2025,
1861,0.1,gf,0.110,mm,OK,--,12:51:24 PM,6/21/2025,
1862,0.1,gf,0.100,mm,OK,--,12:51:24 PM,6/21/2025,
1863,0.1,gf,0.090,mm,OK,--,12:51:24 PM,6/21/2025,
1864,0.0,gf,0.080,mm,OK,--,12:51:24 PM,6/21/2025,
1865,0.1,gf,0.070,mm,OK,--,12:51:24 PM,6/21/2025,
1866,0.1,gf,0.055,mm,OK,--,12:51:24 PM,6/21/2025,
1867,0.0,gf,0.045,mm,OK,--,12:51:24 PM,6/21/2025,
1868,0.0,gf,0.035,mm,OK,--,12:51:25 PM,6/21/2025,
1869,0.1,gf,0.035,mm,OK,--,12:51:25 PM,6/21/2025,
1870,-0.1,gf,0.025,mm,OK,--,12:51:25 PM,6/21/2025,
1871,0.0,gf,0.020,mm,OK,--,12:51:25 PM,6/21/2025,
1872,0.0,gf,0.010,mm,OK,--,12:51:25 PM,6/21/2025,
1873,0.1,gf,0.000,mm,OK,--,12:51:25 PM,6/21/2025,
1874,0.0,gf,-0.010,mm,OK,--,12:51:25 PM,6/21/2025,
1875,0.1,gf,-0.020,mm,OK,--,12:51:25 PM,6/21/2025,
1876,0.0,gf,-0.025,mm,OK,--,12:51:25 PM,6/21/2025,
1877,0.1,gf,-0.025,mm,OK,--,12:51:25 PM,6/21/2025,
1878,0.0,gf,-0.025,mm,OK,--,12:51:26 PM,6/21/2025,
1879,0.1,gf,-0.025,mm,OK,--,12:51:26 PM,6/21/2025,
1880,0.0,gf,-0.025,mm,OK,--,12:51:26 PM,6/21/2025,
1881,0.0,gf,-0.025,mm,OK,--,12:51:26 PM,6/21/2025,
1882,0.0,gf,-0.025,mm,OK,--,12:51:26 PM,6/21/2025,
1883,0.0,gf,-0.025,mm,OK,--,12:51:26 PM,6/21/2025,
1884,0.2,gf,-0.025,mm,OK,--,12:51:26 PM,6/21/2025,
1885,0.0,gf,-0.025,mm,OK,--,12:51:26 PM,6/21/2025,
1886,0.0,gf,-0.020,mm,OK,--,12:51:26 PM,6/21/2025,
1887,0.0,gf,-0.020,mm,OK,--,12:51:26 PM,6/21/2025,
1888,0.0,gf,-0.020,mm,OK,--,12:51:27 PM,6/21/2025,
1889,0.1,gf,-0.020,mm,OK,--,12:51:27 PM,6/21/2025,
1890,0.0,gf,-0.020,mm,OK,--,12:51:27 PM,6/21/2025,
1891,0.0,gf,-0.015,mm,OK,--,12:51:27 PM,6/21/2025,
1892,0.0,gf,-0.015,mm,OK,--,12:51:27 PM,6/21/2025,
1893,0.0,gf,-0.015,mm,OK,--,12:51:27 PM,6/21/2025,
1894,0.0,gf,-0.015,mm,OK,--,12:51:27 PM,6/21/2025,
1895,0.0,gf,-0.015,mm,OK,--,12:51:27 PM,6/21/2025,
1896,0.0,gf,-0.015,mm,OK,--,12:51:27 PM,6/21/2025,
1897,0.0,gf,-0.015,mm,OK,--,12:51:27 PM,6/21/2025,
1898,0.0,gf,-0.015,mm,OK,--,12:51:28 PM,6/21/2025,
1899,0.1,gf,-0.015,mm,OK,--,12:51:28 PM,6/21/2025,
