Maximum,191.8,@,No.927,,,,,,
Minimum,-0.2,@,No.1,,,,,,
Average,50.06,,,,,,,,
Data Quantity,1849,,,,,,,,
Number of NG,0,,,,,,,,
No.,Force,Unit,Displacement,Unit,Judge,Position,Time,Date,
1,-0.2,gf,0.000,mm,OK,--,3:40:05 PM,11/28/2025,
2,0.0,gf,0.000,mm,OK,--,3:40:05 PM,11/28/2025,
3,0.1,gf,0.000,mm,OK,--,3:40:05 PM,11/28/2025,
4,-0.1,gf,0.000,mm,OK,--,3:40:05 PM,11/28/2025,
5,-0.1,gf,0.000,mm,OK,--,3:40:05 PM,11/28/2025,
6,0.0,gf,0.000,mm,OK,--,3:40:05 PM,11/28/2025,
7,0.1,gf,0.000,mm,OK,--,3:40:05 PM,11/28/2025,
8,0.0,gf,0.000,mm,OK,--,3:40:05 PM,11/28/2025,
9,-0.2,gf,0.000,mm,OK,--,3:40:05 PM,11/28/2025,
10,0.1,gf,0.000,mm,OK,--,3:40:05 PM,11/28/2025,
11,0.0,gf,0.000,mm,OK,--,3:40:06 PM,11/28/2025,
12,0.0,gf,0.000,mm,OK,--,3:40:06 PM,11/28/2025,
13,0.0,gf,0.000,mm,OK,--,3:40:06 PM,11/28/2025,
14,0.1,gf,0.000,mm,OK,--,3:40:06 PM,11/28/2025,
15,0.2,gf,0.000,mm,OK,--,3:40:06 PM,11/28/2025,
16,0.0,gf,0.000,mm,OK,--,3:40:06 PM,11/28/2025,
17,-0.1,gf,0.000,mm,OK,--,3:40:06 PM,11/28/2025,
18,0.2,gf,0.000,mm,OK,--,3:40:06 PM,11/28/2025,
19,0.1,gf,0.000,mm,OK,--,3:40:06 PM,11/28/2025,
20,-0.1,gf,0.000,mm,OK,--,3:40:06 PM,11/28/2025,
21,-0.1,gf,0.005,mm,OK,--,3:40:07 PM,11/28/2025,
22,0.1,gf,0.005,mm,OK,--,3:40:07 PM,11/28/2025,
23,0.1,gf,0.005,mm,OK,--,3:40:07 PM,11/28/2025,
24,-0.1,gf,0.005,mm,OK,--,3:40:07 PM,11/28/2025,
25,0.0,gf,0.005,mm,OK,--,3:40:07 PM,11/28/2025,
26,0.2,gf,0.005,mm,OK,--,3:40:07 PM,11/28/2025,
27,0.0,gf,0.005,mm,OK,--,3:40:07 PM,11/28/2025,
28,-0.1,gf,0.005,mm,OK,--,3:40:07 PM,11/28/2025,
29,0.0,gf,0.005,mm,OK,--,3:40:07 PM,11/28/2025,
30,0.1,gf,0.005,mm,OK,--,3:40:07 PM,11/28/2025,
31,-0.1,gf,0.005,mm,OK,--,3:40:08 PM,11/28/2025,
32,-0.1,gf,0.005,mm,OK,--,3:40:08 PM,11/28/2025,
33,0.1,gf,0.010,mm,OK,--,3:40:08 PM,11/28/2025,
34,0.1,gf,0.010,mm,OK,--,3:40:08 PM,11/28/2025,
35,0.0,gf,0.010,mm,OK,--,3:40:08 PM,11/28/2025,
36,-0.1,gf,0.015,mm,OK,--,3:40:08 PM,11/28/2025,
37,0.1,gf,0.020,mm,OK,--,3:40:08 PM,11/28/2025,
38,0.2,gf,0.025,mm,OK,--,3:40:08 PM,11/28/2025,
39,-0.1,gf,0.030,mm,OK,--,3:40:08 PM,11/28/2025,
40,0.0,gf,0.040,mm,OK,--,3:40:08 PM,11/28/2025,
41,0.2,gf,0.045,mm,OK,--,3:40:09 PM,11/28/2025,
42,0.0,gf,0.055,mm,OK,--,3:40:09 PM,11/28/2025,
43,0.0,gf,0.060,mm,OK,--,3:40:09 PM,11/28/2025,
44,0.0,gf,0.070,mm,OK,--,3:40:09 PM,11/28/2025,
45,0.2,gf,0.075,mm,OK,--,3:40:09 PM,11/28/2025,
46,0.0,gf,0.085,mm,OK,--,3:40:09 PM,11/28/2025,
47,-0.1,gf,0.090,mm,OK,--,3:40:09 PM,11/28/2025,
48,0.1,gf,0.095,mm,OK,--,3:40:09 PM,11/28/2025,
49,0.1,gf,0.105,mm,OK,--,3:40:09 PM,11/28/2025,
50,0.0,gf,0.115,mm,OK,--,3:40:09 PM,11/28/2025,
51,0.0,gf,0.120,mm,OK,--,3:40:10 PM,11/28/2025,
52,0.1,gf,0.130,mm,OK,--,3:40:10 PM,11/28/2025,
53,0.1,gf,0.135,mm,OK,--,3:40:10 PM,11/28/2025,
54,-0.1,gf,0.140,mm,OK,--,3:40:10 PM,11/28/2025,
55,0.9,gf,0.145,mm,OK,--,3:40:10 PM,11/28/2025,
56,5.1,gf,0.150,mm,OK,--,3:40:10 PM,11/28/2025,
57,9.7,gf,0.155,mm,OK,--,3:40:10 PM,11/28/2025,
58,13.3,gf,0.160,mm,OK,--,3:40:10 PM,11/28/2025,
59,16.1,gf,0.160,mm,OK,--,3:40:10 PM,11/28/2025,
60,18.5,gf,0.165,mm,OK,--,3:40:10 PM,11/28/2025,
61,20.7,gf,0.165,mm,OK,--,3:40:11 PM,11/28/2025,
62,22.9,gf,0.170,mm,OK,--,3:40:11 PM,11/28/2025,
63,24.7,gf,0.170,mm,OK,--,3:40:11 PM,11/28/2025,
64,26.9,gf,0.170,mm,OK,--,3:40:11 PM,11/28/2025,
65,29.9,gf,0.175,mm,OK,--,3:40:11 PM,11/28/2025,
66,32.3,gf,0.180,mm,OK,--,3:40:11 PM,11/28/2025,
67,34.1,gf,0.180,mm,OK,--,3:40:11 PM,11/28/2025,
68,36.0,gf,0.180,mm,OK,--,3:40:11 PM,11/28/2025,
69,36.9,gf,0.185,mm,OK,--,3:40:11 PM,11/28/2025,
70,37.9,gf,0.190,mm,OK,--,3:40:11 PM,11/28/2025,
71,38.2,gf,0.190,mm,OK,--,3:40:12 PM,11/28/2025,
72,38.7,gf,0.190,mm,OK,--,3:40:12 PM,11/28/2025,
73,39.1,gf,0.195,mm,OK,--,3:40:12 PM,11/28/2025,
74,39.5,gf,0.195,mm,OK,--,3:40:12 PM,11/28/2025,
75,39.8,gf,0.200,mm,OK,--,3:40:12 PM,11/28/2025,
76,39.8,gf,0.200,mm,OK,--,3:40:12 PM,11/28/2025,
77,39.8,gf,0.200,mm,OK,--,3:40:12 PM,11/28/2025,
78,38.9,gf,0.205,mm,OK,--,3:40:12 PM,11/28/2025,
79,38.8,gf,0.205,mm,OK,--,3:40:12 PM,11/28/2025,
80,38.8,gf,0.210,mm,OK,--,3:40:12 PM,11/28/2025,
81,38.6,gf,0.210,mm,OK,--,3:40:13 PM,11/28/2025,
82,38.6,gf,0.215,mm,OK,--,3:40:13 PM,11/28/2025,
83,38.6,gf,0.220,mm,OK,--,3:40:13 PM,11/28/2025,
84,38.7,gf,0.225,mm,OK,--,3:40:13 PM,11/28/2025,
85,38.8,gf,0.225,mm,OK,--,3:40:13 PM,11/28/2025,
86,38.8,gf,0.225,mm,OK,--,3:40:13 PM,11/28/2025,
87,38.8,gf,0.230,mm,OK,--,3:40:13 PM,11/28/2025,
88,38.9,gf,0.230,mm,OK,--,3:40:13 PM,11/28/2025,
89,39.0,gf,0.230,mm,OK,--,3:40:13 PM,11/28/2025,
90,39.1,gf,0.230,mm,OK,--,3:40:13 PM,11/28/2025,
91,39.0,gf,0.235,mm,OK,--,3:40:14 PM,11/28/2025,
92,39.1,gf,0.235,mm,OK,--,3:40:14 PM,11/28/2025,
93,39.1,gf,0.235,mm,OK,--,3:40:14 PM,11/28/2025,
94,39.2,gf,0.235,mm,OK,--,3:40:14 PM,11/28/2025,
95,39.1,gf,0.240,mm,OK,--,3:40:14 PM,11/28/2025,
96,39.2,gf,0.240,mm,OK,--,3:40:14 PM,11/28/2025,
97,39.1,gf,0.240,mm,OK,--,3:40:14 PM,11/28/2025,
98,38.9,gf,0.245,mm,OK,--,3:40:14 PM,11/28/2025,
99,39.1,gf,0.245,mm,OK,--,3:40:14 PM,11/28/2025,
100,39.2,gf,0.245,mm,OK,--,3:40:14 PM,11/28/2025,
101,39.2,gf,0.250,mm,OK,--,3:40:15 PM,11/28/2025,
102,39.3,gf,0.255,mm,OK,--,3:40:15 PM,11/28/2025,
103,39.3,gf,0.260,mm,OK,--,3:40:15 PM,11/28/2025,
104,39.4,gf,0.265,mm,OK,--,3:40:15 PM,11/28/2025,
105,39.7,gf,0.270,mm,OK,--,3:40:15 PM,11/28/2025,
106,39.7,gf,0.275,mm,OK,--,3:40:15 PM,11/28/2025,
107,39.6,gf,0.280,mm,OK,--,3:40:15 PM,11/28/2025,
108,39.7,gf,0.280,mm,OK,--,3:40:15 PM,11/28/2025,
109,39.7,gf,0.285,mm,OK,--,3:40:15 PM,11/28/2025,
110,39.7,gf,0.285,mm,OK,--,3:40:15 PM,11/28/2025,
111,39.8,gf,0.290,mm,OK,--,3:40:16 PM,11/28/2025,
112,39.7,gf,0.290,mm,OK,--,3:40:16 PM,11/28/2025,
113,39.7,gf,0.295,mm,OK,--,3:40:16 PM,11/28/2025,
114,39.7,gf,0.300,mm,OK,--,3:40:16 PM,11/28/2025,
115,39.6,gf,0.300,mm,OK,--,3:40:16 PM,11/28/2025,
116,39.6,gf,0.300,mm,OK,--,3:40:16 PM,11/28/2025,
117,39.6,gf,0.305,mm,OK,--,3:40:16 PM,11/28/2025,
118,39.5,gf,0.305,mm,OK,--,3:40:16 PM,11/28/2025,
119,39.5,gf,0.310,mm,OK,--,3:40:16 PM,11/28/2025,
120,39.4,gf,0.310,mm,OK,--,3:40:16 PM,11/28/2025,
121,39.4,gf,0.310,mm,OK,--,3:40:17 PM,11/28/2025,
122,39.4,gf,0.315,mm,OK,--,3:40:17 PM,11/28/2025,
123,39.3,gf,0.315,mm,OK,--,3:40:17 PM,11/28/2025,
124,39.3,gf,0.320,mm,OK,--,3:40:17 PM,11/28/2025,
125,39.1,gf,0.320,mm,OK,--,3:40:17 PM,11/28/2025,
126,39.2,gf,0.325,mm,OK,--,3:40:17 PM,11/28/2025,
127,39.1,gf,0.325,mm,OK,--,3:40:17 PM,11/28/2025,
128,39.2,gf,0.325,mm,OK,--,3:40:17 PM,11/28/2025,
129,39.3,gf,0.330,mm,OK,--,3:40:17 PM,11/28/2025,
130,39.1,gf,0.330,mm,OK,--,3:40:17 PM,11/28/2025,
131,39.3,gf,0.330,mm,OK,--,3:40:18 PM,11/28/2025,
132,39.3,gf,0.335,mm,OK,--,3:40:18 PM,11/28/2025,
133,39.3,gf,0.335,mm,OK,--,3:40:18 PM,11/28/2025,
134,39.2,gf,0.335,mm,OK,--,3:40:18 PM,11/28/2025,
135,39.3,gf,0.340,mm,OK,--,3:40:18 PM,11/28/2025,
136,39.2,gf,0.340,mm,OK,--,3:40:18 PM,11/28/2025,
137,39.1,gf,0.345,mm,OK,--,3:40:18 PM,11/28/2025,
138,39.1,gf,0.345,mm,OK,--,3:40:18 PM,11/28/2025,
139,39.1,gf,0.350,mm,OK,--,3:40:18 PM,11/28/2025,
140,39.1,gf,0.350,mm,OK,--,3:40:18 PM,11/28/2025,
141,39.1,gf,0.350,mm,OK,--,3:40:19 PM,11/28/2025,
142,39.1,gf,0.355,mm,OK,--,3:40:19 PM,11/28/2025,
143,39.2,gf,0.355,mm,OK,--,3:40:19 PM,11/28/2025,
144,39.2,gf,0.360,mm,OK,--,3:40:19 PM,11/28/2025,
145,39.2,gf,0.360,mm,OK,--,3:40:19 PM,11/28/2025,
146,39.3,gf,0.360,mm,OK,--,3:40:19 PM,11/28/2025,
147,39.3,gf,0.365,mm,OK,--,3:40:19 PM,11/28/2025,
148,39.2,gf,0.365,mm,OK,--,3:40:19 PM,11/28/2025,
149,39.3,gf,0.370,mm,OK,--,3:40:19 PM,11/28/2025,
150,39.3,gf,0.375,mm,OK,--,3:40:19 PM,11/28/2025,
151,39.3,gf,0.375,mm,OK,--,3:40:20 PM,11/28/2025,
152,39.3,gf,0.380,mm,OK,--,3:40:20 PM,11/28/2025,
153,39.4,gf,0.385,mm,OK,--,3:40:20 PM,11/28/2025,
154,39.3,gf,0.390,mm,OK,--,3:40:20 PM,11/28/2025,
155,39.3,gf,0.395,mm,OK,--,3:40:20 PM,11/28/2025,
156,39.3,gf,0.405,mm,OK,--,3:40:20 PM,11/28/2025,
157,39.4,gf,0.410,mm,OK,--,3:40:20 PM,11/28/2025,
158,39.4,gf,0.420,mm,OK,--,3:40:20 PM,11/28/2025,
159,39.6,gf,0.425,mm,OK,--,3:40:20 PM,11/28/2025,
160,39.6,gf,0.435,mm,OK,--,3:40:20 PM,11/28/2025,
161,39.5,gf,0.440,mm,OK,--,3:40:21 PM,11/28/2025,
162,39.6,gf,0.450,mm,OK,--,3:40:21 PM,11/28/2025,
163,39.7,gf,0.455,mm,OK,--,3:40:21 PM,11/28/2025,
164,39.5,gf,0.455,mm,OK,--,3:40:21 PM,11/28/2025,
165,39.6,gf,0.460,mm,OK,--,3:40:21 PM,11/28/2025,
166,39.6,gf,0.465,mm,OK,--,3:40:21 PM,11/28/2025,
167,39.6,gf,0.470,mm,OK,--,3:40:21 PM,11/28/2025,
168,39.7,gf,0.475,mm,OK,--,3:40:21 PM,11/28/2025,
169,39.7,gf,0.480,mm,OK,--,3:40:21 PM,11/28/2025,
170,39.7,gf,0.485,mm,OK,--,3:40:21 PM,11/28/2025,
171,39.8,gf,0.485,mm,OK,--,3:40:22 PM,11/28/2025,
172,39.8,gf,0.490,mm,OK,--,3:40:22 PM,11/28/2025,
173,39.7,gf,0.490,mm,OK,--,3:40:22 PM,11/28/2025,
174,39.8,gf,0.495,mm,OK,--,3:40:22 PM,11/28/2025,
175,39.7,gf,0.500,mm,OK,--,3:40:22 PM,11/28/2025,
176,39.7,gf,0.500,mm,OK,--,3:40:22 PM,11/28/2025,
177,39.8,gf,0.500,mm,OK,--,3:40:22 PM,11/28/2025,
178,39.8,gf,0.505,mm,OK,--,3:40:22 PM,11/28/2025,
179,39.7,gf,0.505,mm,OK,--,3:40:22 PM,11/28/2025,
180,39.7,gf,0.505,mm,OK,--,3:40:22 PM,11/28/2025,
181,39.7,gf,0.510,mm,OK,--,3:40:23 PM,11/28/2025,
182,39.6,gf,0.510,mm,OK,--,3:40:23 PM,11/28/2025,
183,39.9,gf,0.510,mm,OK,--,3:40:23 PM,11/28/2025,
184,39.7,gf,0.515,mm,OK,--,3:40:23 PM,11/28/2025,
185,39.8,gf,0.520,mm,OK,--,3:40:23 PM,11/28/2025,
186,39.8,gf,0.520,mm,OK,--,3:40:23 PM,11/28/2025,
187,39.8,gf,0.525,mm,OK,--,3:40:23 PM,11/28/2025,
188,39.8,gf,0.525,mm,OK,--,3:40:23 PM,11/28/2025,
189,39.7,gf,0.530,mm,OK,--,3:40:23 PM,11/28/2025,
190,39.7,gf,0.530,mm,OK,--,3:40:23 PM,11/28/2025,
191,39.7,gf,0.535,mm,OK,--,3:40:24 PM,11/28/2025,
192,39.8,gf,0.535,mm,OK,--,3:40:24 PM,11/28/2025,
193,39.8,gf,0.540,mm,OK,--,3:40:24 PM,11/28/2025,
194,39.8,gf,0.540,mm,OK,--,3:40:24 PM,11/28/2025,
195,39.7,gf,0.545,mm,OK,--,3:40:24 PM,11/28/2025,
196,39.9,gf,0.545,mm,OK,--,3:40:24 PM,11/28/2025,
197,39.8,gf,0.550,mm,OK,--,3:40:24 PM,11/28/2025,
198,39.8,gf,0.555,mm,OK,--,3:40:24 PM,11/28/2025,
199,39.8,gf,0.560,mm,OK,--,3:40:24 PM,11/28/2025,
200,39.8,gf,0.565,mm,OK,--,3:40:24 PM,11/28/2025,
201,39.8,gf,0.570,mm,OK,--,3:40:25 PM,11/28/2025,
202,39.9,gf,0.580,mm,OK,--,3:40:25 PM,11/28/2025,
203,39.9,gf,0.585,mm,OK,--,3:40:25 PM,11/28/2025,
204,39.9,gf,0.590,mm,OK,--,3:40:25 PM,11/28/2025,
205,40.0,gf,0.595,mm,OK,--,3:40:25 PM,11/28/2025,
206,40.1,gf,0.600,mm,OK,--,3:40:25 PM,11/28/2025,
207,40.1,gf,0.610,mm,OK,--,3:40:25 PM,11/28/2025,
208,40.1,gf,0.615,mm,OK,--,3:40:25 PM,11/28/2025,
209,40.0,gf,0.620,mm,OK,--,3:40:25 PM,11/28/2025,
210,40.0,gf,0.625,mm,OK,--,3:40:25 PM,11/28/2025,
211,40.2,gf,0.630,mm,OK,--,3:40:26 PM,11/28/2025,
212,40.1,gf,0.635,mm,OK,--,3:40:26 PM,11/28/2025,
213,40.1,gf,0.640,mm,OK,--,3:40:26 PM,11/28/2025,
214,40.3,gf,0.640,mm,OK,--,3:40:26 PM,11/28/2025,
215,40.2,gf,0.645,mm,OK,--,3:40:26 PM,11/28/2025,
216,40.2,gf,0.650,mm,OK,--,3:40:26 PM,11/28/2025,
217,40.2,gf,0.655,mm,OK,--,3:40:26 PM,11/28/2025,
218,40.2,gf,0.660,mm,OK,--,3:40:26 PM,11/28/2025,
219,40.2,gf,0.665,mm,OK,--,3:40:26 PM,11/28/2025,
220,40.3,gf,0.665,mm,OK,--,3:40:26 PM,11/28/2025,
221,40.3,gf,0.670,mm,OK,--,3:40:27 PM,11/28/2025,
222,40.3,gf,0.675,mm,OK,--,3:40:27 PM,11/28/2025,
223,40.2,gf,0.680,mm,OK,--,3:40:27 PM,11/28/2025,
224,40.2,gf,0.685,mm,OK,--,3:40:27 PM,11/28/2025,
225,40.2,gf,0.690,mm,OK,--,3:40:27 PM,11/28/2025,
226,40.2,gf,0.695,mm,OK,--,3:40:27 PM,11/28/2025,
227,40.3,gf,0.700,mm,OK,--,3:40:27 PM,11/28/2025,
228,40.4,gf,0.705,mm,OK,--,3:40:27 PM,11/28/2025,
229,40.4,gf,0.710,mm,OK,--,3:40:27 PM,11/28/2025,
230,40.4,gf,0.715,mm,OK,--,3:40:27 PM,11/28/2025,
231,40.4,gf,0.720,mm,OK,--,3:40:28 PM,11/28/2025,
232,40.5,gf,0.725,mm,OK,--,3:40:28 PM,11/28/2025,
233,40.6,gf,0.735,mm,OK,--,3:40:28 PM,11/28/2025,
234,40.6,gf,0.740,mm,OK,--,3:40:28 PM,11/28/2025,
235,40.5,gf,0.745,mm,OK,--,3:40:28 PM,11/28/2025,
236,40.6,gf,0.750,mm,OK,--,3:40:28 PM,11/28/2025,
237,40.6,gf,0.755,mm,OK,--,3:40:28 PM,11/28/2025,
238,40.7,gf,0.765,mm,OK,--,3:40:28 PM,11/28/2025,
239,40.6,gf,0.775,mm,OK,--,3:40:28 PM,11/28/2025,
240,40.6,gf,0.785,mm,OK,--,3:40:28 PM,11/28/2025,
241,40.7,gf,0.790,mm,OK,--,3:40:29 PM,11/28/2025,
242,40.8,gf,0.795,mm,OK,--,3:40:29 PM,11/28/2025,
243,40.9,gf,0.805,mm,OK,--,3:40:29 PM,11/28/2025,
244,40.9,gf,0.805,mm,OK,--,3:40:29 PM,11/28/2025,
245,40.9,gf,0.810,mm,OK,--,3:40:29 PM,11/28/2025,
246,41.0,gf,0.815,mm,OK,--,3:40:29 PM,11/28/2025,
247,40.9,gf,0.815,mm,OK,--,3:40:29 PM,11/28/2025,
248,41.0,gf,0.820,mm,OK,--,3:40:29 PM,11/28/2025,
249,41.1,gf,0.820,mm,OK,--,3:40:29 PM,11/28/2025,
250,41.1,gf,0.825,mm,OK,--,3:40:29 PM,11/28/2025,
251,41.2,gf,0.830,mm,OK,--,3:40:30 PM,11/28/2025,
252,41.2,gf,0.835,mm,OK,--,3:40:30 PM,11/28/2025,
253,41.2,gf,0.835,mm,OK,--,3:40:30 PM,11/28/2025,
254,41.1,gf,0.840,mm,OK,--,3:40:30 PM,11/28/2025,
255,41.1,gf,0.845,mm,OK,--,3:40:30 PM,11/28/2025,
256,41.2,gf,0.855,mm,OK,--,3:40:30 PM,11/28/2025,
257,41.1,gf,0.860,mm,OK,--,3:40:30 PM,11/28/2025,
258,41.1,gf,0.870,mm,OK,--,3:40:30 PM,11/28/2025,
259,41.1,gf,0.875,mm,OK,--,3:40:30 PM,11/28/2025,
260,41.2,gf,0.880,mm,OK,--,3:40:30 PM,11/28/2025,
261,41.2,gf,0.885,mm,OK,--,3:40:31 PM,11/28/2025,
262,41.2,gf,0.890,mm,OK,--,3:40:31 PM,11/28/2025,
263,41.2,gf,0.895,mm,OK,--,3:40:31 PM,11/28/2025,
264,41.3,gf,0.900,mm,OK,--,3:40:31 PM,11/28/2025,
265,41.4,gf,0.905,mm,OK,--,3:40:31 PM,11/28/2025,
266,41.3,gf,0.910,mm,OK,--,3:40:31 PM,11/28/2025,
267,41.3,gf,0.915,mm,OK,--,3:40:31 PM,11/28/2025,
268,41.3,gf,0.915,mm,OK,--,3:40:31 PM,11/28/2025,
269,41.4,gf,0.920,mm,OK,--,3:40:31 PM,11/28/2025,
270,41.3,gf,0.925,mm,OK,--,3:40:31 PM,11/28/2025,
271,41.3,gf,0.930,mm,OK,--,3:40:32 PM,11/28/2025,
272,41.4,gf,0.930,mm,OK,--,3:40:32 PM,11/28/2025,
273,41.6,gf,0.935,mm,OK,--,3:40:32 PM,11/28/2025,
274,41.5,gf,0.935,mm,OK,--,3:40:32 PM,11/28/2025,
275,41.5,gf,0.940,mm,OK,--,3:40:32 PM,11/28/2025,
276,41.5,gf,0.940,mm,OK,--,3:40:32 PM,11/28/2025,
277,41.6,gf,0.945,mm,OK,--,3:40:32 PM,11/28/2025,
278,41.7,gf,0.945,mm,OK,--,3:40:32 PM,11/28/2025,
279,41.8,gf,0.950,mm,OK,--,3:40:32 PM,11/28/2025,
280,41.7,gf,0.955,mm,OK,--,3:40:32 PM,11/28/2025,
281,41.6,gf,0.960,mm,OK,--,3:40:33 PM,11/28/2025,
282,41.6,gf,0.960,mm,OK,--,3:40:33 PM,11/28/2025,
283,41.6,gf,0.965,mm,OK,--,3:40:33 PM,11/28/2025,
284,41.6,gf,0.970,mm,OK,--,3:40:33 PM,11/28/2025,
285,41.6,gf,0.970,mm,OK,--,3:40:33 PM,11/28/2025,
286,41.7,gf,0.975,mm,OK,--,3:40:33 PM,11/28/2025,
287,41.7,gf,0.975,mm,OK,--,3:40:33 PM,11/28/2025,
288,41.6,gf,0.980,mm,OK,--,3:40:33 PM,11/28/2025,
289,41.7,gf,0.985,mm,OK,--,3:40:33 PM,11/28/2025,
290,41.7,gf,0.990,mm,OK,--,3:40:33 PM,11/28/2025,
291,41.7,gf,0.990,mm,OK,--,3:40:34 PM,11/28/2025,
292,41.6,gf,0.995,mm,OK,--,3:40:34 PM,11/28/2025,
293,41.7,gf,1.000,mm,OK,--,3:40:34 PM,11/28/2025,
294,41.7,gf,1.000,mm,OK,--,3:40:34 PM,11/28/2025,
295,41.7,gf,1.000,mm,OK,--,3:40:34 PM,11/28/2025,
296,41.5,gf,1.005,mm,OK,--,3:40:34 PM,11/28/2025,
297,41.6,gf,1.005,mm,OK,--,3:40:34 PM,11/28/2025,
298,41.7,gf,1.005,mm,OK,--,3:40:34 PM,11/28/2025,
299,41.7,gf,1.005,mm,OK,--,3:40:34 PM,11/28/2025,
300,41.6,gf,1.005,mm,OK,--,3:40:34 PM,11/28/2025,
301,41.7,gf,1.005,mm,OK,--,3:40:35 PM,11/28/2025,
302,41.8,gf,1.010,mm,OK,--,3:40:35 PM,11/28/2025,
303,41.7,gf,1.010,mm,OK,--,3:40:35 PM,11/28/2025,
304,41.7,gf,1.015,mm,OK,--,3:40:35 PM,11/28/2025,
305,41.8,gf,1.020,mm,OK,--,3:40:35 PM,11/28/2025,
306,41.9,gf,1.020,mm,OK,--,3:40:35 PM,11/28/2025,
307,41.9,gf,1.025,mm,OK,--,3:40:35 PM,11/28/2025,
308,41.9,gf,1.030,mm,OK,--,3:40:35 PM,11/28/2025,
309,41.9,gf,1.035,mm,OK,--,3:40:35 PM,11/28/2025,
310,41.9,gf,1.040,mm,OK,--,3:40:35 PM,11/28/2025,
311,42.0,gf,1.040,mm,OK,--,3:40:36 PM,11/28/2025,
312,41.9,gf,1.050,mm,OK,--,3:40:36 PM,11/28/2025,
313,42.0,gf,1.055,mm,OK,--,3:40:36 PM,11/28/2025,
314,41.9,gf,1.065,mm,OK,--,3:40:36 PM,11/28/2025,
315,41.9,gf,1.065,mm,OK,--,3:40:36 PM,11/28/2025,
316,42.0,gf,1.070,mm,OK,--,3:40:36 PM,11/28/2025,
317,42.1,gf,1.080,mm,OK,--,3:40:36 PM,11/28/2025,
318,42.0,gf,1.085,mm,OK,--,3:40:36 PM,11/28/2025,
319,42.2,gf,1.090,mm,OK,--,3:40:36 PM,11/28/2025,
320,42.4,gf,1.090,mm,OK,--,3:40:36 PM,11/28/2025,
321,42.1,gf,1.095,mm,OK,--,3:40:37 PM,11/28/2025,
322,42.2,gf,1.095,mm,OK,--,3:40:37 PM,11/28/2025,
323,42.4,gf,1.100,mm,OK,--,3:40:37 PM,11/28/2025,
324,42.4,gf,1.100,mm,OK,--,3:40:37 PM,11/28/2025,
325,42.3,gf,1.105,mm,OK,--,3:40:37 PM,11/28/2025,
326,42.3,gf,1.110,mm,OK,--,3:40:37 PM,11/28/2025,
327,42.4,gf,1.110,mm,OK,--,3:40:37 PM,11/28/2025,
328,42.4,gf,1.115,mm,OK,--,3:40:37 PM,11/28/2025,
329,42.4,gf,1.115,mm,OK,--,3:40:37 PM,11/28/2025,
330,42.4,gf,1.120,mm,OK,--,3:40:37 PM,11/28/2025,
331,42.5,gf,1.120,mm,OK,--,3:40:38 PM,11/28/2025,
332,42.5,gf,1.125,mm,OK,--,3:40:38 PM,11/28/2025,
333,42.5,gf,1.130,mm,OK,--,3:40:38 PM,11/28/2025,
334,42.5,gf,1.135,mm,OK,--,3:40:38 PM,11/28/2025,
335,42.5,gf,1.140,mm,OK,--,3:40:38 PM,11/28/2025,
336,42.5,gf,1.145,mm,OK,--,3:40:38 PM,11/28/2025,
337,42.5,gf,1.150,mm,OK,--,3:40:38 PM,11/28/2025,
338,42.4,gf,1.150,mm,OK,--,3:40:38 PM,11/28/2025,
339,42.3,gf,1.155,mm,OK,--,3:40:38 PM,11/28/2025,
340,42.3,gf,1.155,mm,OK,--,3:40:38 PM,11/28/2025,
341,42.3,gf,1.160,mm,OK,--,3:40:39 PM,11/28/2025,
342,42.4,gf,1.160,mm,OK,--,3:40:39 PM,11/28/2025,
343,42.3,gf,1.165,mm,OK,--,3:40:39 PM,11/28/2025,
344,42.4,gf,1.175,mm,OK,--,3:40:39 PM,11/28/2025,
345,42.3,gf,1.180,mm,OK,--,3:40:39 PM,11/28/2025,
346,42.4,gf,1.180,mm,OK,--,3:40:39 PM,11/28/2025,
347,42.4,gf,1.185,mm,OK,--,3:40:39 PM,11/28/2025,
348,42.4,gf,1.195,mm,OK,--,3:40:39 PM,11/28/2025,
349,42.5,gf,1.195,mm,OK,--,3:40:39 PM,11/28/2025,
350,42.6,gf,1.205,mm,OK,--,3:40:39 PM,11/28/2025,
351,42.6,gf,1.210,mm,OK,--,3:40:40 PM,11/28/2025,
352,42.6,gf,1.210,mm,OK,--,3:40:40 PM,11/28/2025,
353,42.5,gf,1.215,mm,OK,--,3:40:40 PM,11/28/2025,
354,42.6,gf,1.215,mm,OK,--,3:40:40 PM,11/28/2025,
355,42.7,gf,1.215,mm,OK,--,3:40:40 PM,11/28/2025,
356,42.6,gf,1.220,mm,OK,--,3:40:40 PM,11/28/2025,
357,42.6,gf,1.225,mm,OK,--,3:40:40 PM,11/28/2025,
358,42.7,gf,1.225,mm,OK,--,3:40:40 PM,11/28/2025,
359,42.7,gf,1.230,mm,OK,--,3:40:40 PM,11/28/2025,
360,42.7,gf,1.235,mm,OK,--,3:40:40 PM,11/28/2025,
361,42.7,gf,1.240,mm,OK,--,3:40:41 PM,11/28/2025,
362,42.8,gf,1.240,mm,OK,--,3:40:41 PM,11/28/2025,
363,42.8,gf,1.245,mm,OK,--,3:40:41 PM,11/28/2025,
364,42.8,gf,1.250,mm,OK,--,3:40:41 PM,11/28/2025,
365,42.8,gf,1.250,mm,OK,--,3:40:41 PM,11/28/2025,
366,42.8,gf,1.255,mm,OK,--,3:40:41 PM,11/28/2025,
367,42.8,gf,1.255,mm,OK,--,3:40:41 PM,11/28/2025,
368,42.9,gf,1.260,mm,OK,--,3:40:41 PM,11/28/2025,
369,42.8,gf,1.260,mm,OK,--,3:40:41 PM,11/28/2025,
370,42.9,gf,1.265,mm,OK,--,3:40:41 PM,11/28/2025,
371,43.0,gf,1.265,mm,OK,--,3:40:42 PM,11/28/2025,
372,42.9,gf,1.270,mm,OK,--,3:40:42 PM,11/28/2025,
373,42.9,gf,1.275,mm,OK,--,3:40:42 PM,11/28/2025,
374,43.0,gf,1.285,mm,OK,--,3:40:42 PM,11/28/2025,
375,43.0,gf,1.290,mm,OK,--,3:40:42 PM,11/28/2025,
376,42.9,gf,1.295,mm,OK,--,3:40:42 PM,11/28/2025,
377,42.9,gf,1.300,mm,OK,--,3:40:42 PM,11/28/2025,
378,43.0,gf,1.305,mm,OK,--,3:40:42 PM,11/28/2025,
379,43.2,gf,1.315,mm,OK,--,3:40:42 PM,11/28/2025,
380,43.2,gf,1.325,mm,OK,--,3:40:42 PM,11/28/2025,
381,43.2,gf,1.335,mm,OK,--,3:40:43 PM,11/28/2025,
382,43.3,gf,1.345,mm,OK,--,3:40:43 PM,11/28/2025,
383,43.3,gf,1.355,mm,OK,--,3:40:43 PM,11/28/2025,
384,43.3,gf,1.365,mm,OK,--,3:40:43 PM,11/28/2025,
385,43.4,gf,1.370,mm,OK,--,3:40:43 PM,11/28/2025,
386,43.4,gf,1.380,mm,OK,--,3:40:43 PM,11/28/2025,
387,43.5,gf,1.390,mm,OK,--,3:40:43 PM,11/28/2025,
388,43.5,gf,1.395,mm,OK,--,3:40:43 PM,11/28/2025,
389,43.5,gf,1.400,mm,OK,--,3:40:43 PM,11/28/2025,
390,43.5,gf,1.410,mm,OK,--,3:40:43 PM,11/28/2025,
391,43.6,gf,1.415,mm,OK,--,3:40:44 PM,11/28/2025,
392,43.6,gf,1.420,mm,OK,--,3:40:44 PM,11/28/2025,
393,43.6,gf,1.420,mm,OK,--,3:40:44 PM,11/28/2025,
394,43.6,gf,1.425,mm,OK,--,3:40:44 PM,11/28/2025,
395,43.6,gf,1.430,mm,OK,--,3:40:44 PM,11/28/2025,
396,43.6,gf,1.430,mm,OK,--,3:40:44 PM,11/28/2025,
397,43.6,gf,1.435,mm,OK,--,3:40:44 PM,11/28/2025,
398,43.6,gf,1.440,mm,OK,--,3:40:44 PM,11/28/2025,
399,43.6,gf,1.445,mm,OK,--,3:40:44 PM,11/28/2025,
400,43.5,gf,1.450,mm,OK,--,3:40:44 PM,11/28/2025,
401,43.5,gf,1.455,mm,OK,--,3:40:45 PM,11/28/2025,
402,43.4,gf,1.460,mm,OK,--,3:40:45 PM,11/28/2025,
403,43.3,gf,1.470,mm,OK,--,3:40:45 PM,11/28/2025,
404,43.2,gf,1.475,mm,OK,--,3:40:45 PM,11/28/2025,
405,43.1,gf,1.480,mm,OK,--,3:40:45 PM,11/28/2025,
406,43.1,gf,1.485,mm,OK,--,3:40:45 PM,11/28/2025,
407,43.1,gf,1.490,mm,OK,--,3:40:45 PM,11/28/2025,
408,43.1,gf,1.495,mm,OK,--,3:40:45 PM,11/28/2025,
409,43.1,gf,1.505,mm,OK,--,3:40:45 PM,11/28/2025,
410,43.0,gf,1.510,mm,OK,--,3:40:45 PM,11/28/2025,
411,43.0,gf,1.515,mm,OK,--,3:40:46 PM,11/28/2025,
412,43.0,gf,1.520,mm,OK,--,3:40:46 PM,11/28/2025,
413,43.0,gf,1.525,mm,OK,--,3:40:46 PM,11/28/2025,
414,42.9,gf,1.530,mm,OK,--,3:40:46 PM,11/28/2025,
415,42.9,gf,1.535,mm,OK,--,3:40:46 PM,11/28/2025,
416,42.9,gf,1.540,mm,OK,--,3:40:46 PM,11/28/2025,
417,42.9,gf,1.545,mm,OK,--,3:40:46 PM,11/28/2025,
418,42.9,gf,1.545,mm,OK,--,3:40:46 PM,11/28/2025,
419,42.9,gf,1.550,mm,OK,--,3:40:46 PM,11/28/2025,
420,42.9,gf,1.560,mm,OK,--,3:40:46 PM,11/28/2025,
421,42.9,gf,1.565,mm,OK,--,3:40:47 PM,11/28/2025,
422,42.9,gf,1.570,mm,OK,--,3:40:47 PM,11/28/2025,
423,42.9,gf,1.575,mm,OK,--,3:40:47 PM,11/28/2025,
424,42.9,gf,1.580,mm,OK,--,3:40:47 PM,11/28/2025,
425,42.9,gf,1.585,mm,OK,--,3:40:47 PM,11/28/2025,
426,42.9,gf,1.590,mm,OK,--,3:40:47 PM,11/28/2025,
427,42.9,gf,1.595,mm,OK,--,3:40:47 PM,11/28/2025,
428,42.9,gf,1.605,mm,OK,--,3:40:47 PM,11/28/2025,
429,42.9,gf,1.610,mm,OK,--,3:40:47 PM,11/28/2025,
430,43.1,gf,1.615,mm,OK,--,3:40:47 PM,11/28/2025,
431,43.1,gf,1.625,mm,OK,--,3:40:48 PM,11/28/2025,
432,43.1,gf,1.630,mm,OK,--,3:40:48 PM,11/28/2025,
433,43.1,gf,1.635,mm,OK,--,3:40:48 PM,11/28/2025,
434,43.0,gf,1.635,mm,OK,--,3:40:48 PM,11/28/2025,
435,43.0,gf,1.640,mm,OK,--,3:40:48 PM,11/28/2025,
436,43.0,gf,1.645,mm,OK,--,3:40:48 PM,11/28/2025,
437,43.0,gf,1.650,mm,OK,--,3:40:48 PM,11/28/2025,
438,43.0,gf,1.655,mm,OK,--,3:40:48 PM,11/28/2025,
439,43.0,gf,1.660,mm,OK,--,3:40:48 PM,11/28/2025,
440,43.1,gf,1.665,mm,OK,--,3:40:48 PM,11/28/2025,
441,43.1,gf,1.670,mm,OK,--,3:40:49 PM,11/28/2025,
442,43.1,gf,1.680,mm,OK,--,3:40:49 PM,11/28/2025,
443,43.2,gf,1.680,mm,OK,--,3:40:49 PM,11/28/2025,
444,43.2,gf,1.685,mm,OK,--,3:40:49 PM,11/28/2025,
445,43.2,gf,1.690,mm,OK,--,3:40:49 PM,11/28/2025,
446,43.2,gf,1.695,mm,OK,--,3:40:49 PM,11/28/2025,
447,43.2,gf,1.700,mm,OK,--,3:40:49 PM,11/28/2025,
448,43.3,gf,1.700,mm,OK,--,3:40:49 PM,11/28/2025,
449,43.3,gf,1.705,mm,OK,--,3:40:49 PM,11/28/2025,
450,43.3,gf,1.710,mm,OK,--,3:40:49 PM,11/28/2025,
451,43.4,gf,1.715,mm,OK,--,3:40:50 PM,11/28/2025,
452,43.4,gf,1.720,mm,OK,--,3:40:50 PM,11/28/2025,
453,43.3,gf,1.720,mm,OK,--,3:40:50 PM,11/28/2025,
454,43.4,gf,1.725,mm,OK,--,3:40:50 PM,11/28/2025,
455,43.4,gf,1.730,mm,OK,--,3:40:50 PM,11/28/2025,
456,43.4,gf,1.735,mm,OK,--,3:40:50 PM,11/28/2025,
457,43.4,gf,1.740,mm,OK,--,3:40:50 PM,11/28/2025,
458,43.4,gf,1.745,mm,OK,--,3:40:50 PM,11/28/2025,
459,43.4,gf,1.750,mm,OK,--,3:40:50 PM,11/28/2025,
460,43.5,gf,1.755,mm,OK,--,3:40:50 PM,11/28/2025,
461,43.6,gf,1.755,mm,OK,--,3:40:51 PM,11/28/2025,
462,43.6,gf,1.760,mm,OK,--,3:40:51 PM,11/28/2025,
463,43.7,gf,1.760,mm,OK,--,3:40:51 PM,11/28/2025,
464,43.7,gf,1.765,mm,OK,--,3:40:51 PM,11/28/2025,
465,43.7,gf,1.765,mm,OK,--,3:40:51 PM,11/28/2025,
466,43.7,gf,1.770,mm,OK,--,3:40:51 PM,11/28/2025,
467,43.7,gf,1.770,mm,OK,--,3:40:51 PM,11/28/2025,
468,43.7,gf,1.770,mm,OK,--,3:40:51 PM,11/28/2025,
469,43.7,gf,1.775,mm,OK,--,3:40:51 PM,11/28/2025,
470,43.7,gf,1.775,mm,OK,--,3:40:51 PM,11/28/2025,
471,43.7,gf,1.775,mm,OK,--,3:40:52 PM,11/28/2025,
472,43.7,gf,1.780,mm,OK,--,3:40:52 PM,11/28/2025,
473,43.7,gf,1.780,mm,OK,--,3:40:52 PM,11/28/2025,
474,43.5,gf,1.785,mm,OK,--,3:40:52 PM,11/28/2025,
475,43.6,gf,1.785,mm,OK,--,3:40:52 PM,11/28/2025,
476,43.5,gf,1.785,mm,OK,--,3:40:52 PM,11/28/2025,
477,43.6,gf,1.785,mm,OK,--,3:40:52 PM,11/28/2025,
478,43.6,gf,1.790,mm,OK,--,3:40:52 PM,11/28/2025,
479,43.6,gf,1.795,mm,OK,--,3:40:52 PM,11/28/2025,
480,43.7,gf,1.795,mm,OK,--,3:40:52 PM,11/28/2025,
481,43.7,gf,1.800,mm,OK,--,3:40:53 PM,11/28/2025,
482,43.7,gf,1.800,mm,OK,--,3:40:53 PM,11/28/2025,
483,43.7,gf,1.805,mm,OK,--,3:40:53 PM,11/28/2025,
484,43.7,gf,1.805,mm,OK,--,3:40:53 PM,11/28/2025,
485,43.7,gf,1.810,mm,OK,--,3:40:53 PM,11/28/2025,
486,43.7,gf,1.810,mm,OK,--,3:40:53 PM,11/28/2025,
487,43.8,gf,1.810,mm,OK,--,3:40:53 PM,11/28/2025,
488,43.8,gf,1.810,mm,OK,--,3:40:53 PM,11/28/2025,
489,43.8,gf,1.815,mm,OK,--,3:40:53 PM,11/28/2025,
490,43.8,gf,1.815,mm,OK,--,3:40:53 PM,11/28/2025,
491,43.8,gf,1.815,mm,OK,--,3:40:54 PM,11/28/2025,
492,43.8,gf,1.820,mm,OK,--,3:40:54 PM,11/28/2025,
493,43.8,gf,1.820,mm,OK,--,3:40:54 PM,11/28/2025,
494,43.8,gf,1.820,mm,OK,--,3:40:54 PM,11/28/2025,
495,43.8,gf,1.820,mm,OK,--,3:40:54 PM,11/28/2025,
496,43.8,gf,1.825,mm,OK,--,3:40:54 PM,11/28/2025,
497,43.8,gf,1.825,mm,OK,--,3:40:54 PM,11/28/2025,
498,43.8,gf,1.830,mm,OK,--,3:40:54 PM,11/28/2025,
499,43.9,gf,1.830,mm,OK,--,3:40:54 PM,11/28/2025,
500,43.9,gf,1.835,mm,OK,--,3:40:54 PM,11/28/2025,
501,43.9,gf,1.840,mm,OK,--,3:40:55 PM,11/28/2025,
502,43.9,gf,1.840,mm,OK,--,3:40:55 PM,11/28/2025,
503,43.9,gf,1.845,mm,OK,--,3:40:55 PM,11/28/2025,
504,43.9,gf,1.845,mm,OK,--,3:40:55 PM,11/28/2025,
505,43.9,gf,1.850,mm,OK,--,3:40:55 PM,11/28/2025,
506,43.9,gf,1.855,mm,OK,--,3:40:55 PM,11/28/2025,
507,43.9,gf,1.860,mm,OK,--,3:40:55 PM,11/28/2025,
508,43.9,gf,1.865,mm,OK,--,3:40:55 PM,11/28/2025,
509,44.1,gf,1.875,mm,OK,--,3:40:55 PM,11/28/2025,
510,44.1,gf,1.880,mm,OK,--,3:40:55 PM,11/28/2025,
511,44.2,gf,1.890,mm,OK,--,3:40:56 PM,11/28/2025,
512,44.2,gf,1.900,mm,OK,--,3:40:56 PM,11/28/2025,
513,44.3,gf,1.905,mm,OK,--,3:40:56 PM,11/28/2025,
514,44.4,gf,1.915,mm,OK,--,3:40:56 PM,11/28/2025,
515,44.6,gf,1.920,mm,OK,--,3:40:56 PM,11/28/2025,
516,44.6,gf,1.930,mm,OK,--,3:40:56 PM,11/28/2025,
517,44.6,gf,1.940,mm,OK,--,3:40:56 PM,11/28/2025,
518,44.6,gf,1.950,mm,OK,--,3:40:56 PM,11/28/2025,
519,44.6,gf,1.955,mm,OK,--,3:40:56 PM,11/28/2025,
520,44.5,gf,1.965,mm,OK,--,3:40:56 PM,11/28/2025,
521,44.6,gf,1.970,mm,OK,--,3:40:57 PM,11/28/2025,
522,44.6,gf,1.975,mm,OK,--,3:40:57 PM,11/28/2025,
523,44.6,gf,1.980,mm,OK,--,3:40:57 PM,11/28/2025,
524,44.6,gf,1.980,mm,OK,--,3:40:57 PM,11/28/2025,
525,44.7,gf,1.985,mm,OK,--,3:40:57 PM,11/28/2025,
526,44.7,gf,1.990,mm,OK,--,3:40:57 PM,11/28/2025,
527,44.8,gf,1.995,mm,OK,--,3:40:57 PM,11/28/2025,
528,44.8,gf,2.000,mm,OK,--,3:40:57 PM,11/28/2025,
529,44.7,gf,2.005,mm,OK,--,3:40:57 PM,11/28/2025,
530,44.8,gf,2.015,mm,OK,--,3:40:57 PM,11/28/2025,
531,44.8,gf,2.020,mm,OK,--,3:40:58 PM,11/28/2025,
532,44.8,gf,2.025,mm,OK,--,3:40:58 PM,11/28/2025,
533,44.8,gf,2.030,mm,OK,--,3:40:58 PM,11/28/2025,
534,44.8,gf,2.040,mm,OK,--,3:40:58 PM,11/28/2025,
535,44.9,gf,2.045,mm,OK,--,3:40:58 PM,11/28/2025,
536,44.9,gf,2.050,mm,OK,--,3:40:58 PM,11/28/2025,
537,44.9,gf,2.060,mm,OK,--,3:40:58 PM,11/28/2025,
538,44.9,gf,2.060,mm,OK,--,3:40:58 PM,11/28/2025,
539,45.0,gf,2.065,mm,OK,--,3:40:58 PM,11/28/2025,
540,45.0,gf,2.070,mm,OK,--,3:40:58 PM,11/28/2025,
541,45.1,gf,2.080,mm,OK,--,3:40:59 PM,11/28/2025,
542,45.1,gf,2.085,mm,OK,--,3:40:59 PM,11/28/2025,
543,45.1,gf,2.090,mm,OK,--,3:40:59 PM,11/28/2025,
544,45.1,gf,2.095,mm,OK,--,3:40:59 PM,11/28/2025,
545,45.1,gf,2.100,mm,OK,--,3:40:59 PM,11/28/2025,
546,45.1,gf,2.105,mm,OK,--,3:40:59 PM,11/28/2025,
547,45.1,gf,2.110,mm,OK,--,3:40:59 PM,11/28/2025,
548,45.2,gf,2.115,mm,OK,--,3:40:59 PM,11/28/2025,
549,45.2,gf,2.120,mm,OK,--,3:40:59 PM,11/28/2025,
550,45.2,gf,2.125,mm,OK,--,3:40:59 PM,11/28/2025,
551,45.2,gf,2.130,mm,OK,--,3:41:00 PM,11/28/2025,
552,45.3,gf,2.130,mm,OK,--,3:41:00 PM,11/28/2025,
553,45.3,gf,2.135,mm,OK,--,3:41:00 PM,11/28/2025,
554,45.3,gf,2.140,mm,OK,--,3:41:00 PM,11/28/2025,
555,45.3,gf,2.140,mm,OK,--,3:41:00 PM,11/28/2025,
556,45.3,gf,2.145,mm,OK,--,3:41:00 PM,11/28/2025,
557,45.3,gf,2.150,mm,OK,--,3:41:00 PM,11/28/2025,
558,45.4,gf,2.150,mm,OK,--,3:41:00 PM,11/28/2025,
559,45.4,gf,2.150,mm,OK,--,3:41:00 PM,11/28/2025,
560,45.5,gf,2.155,mm,OK,--,3:41:00 PM,11/28/2025,
561,45.4,gf,2.160,mm,OK,--,3:41:01 PM,11/28/2025,
562,45.5,gf,2.160,mm,OK,--,3:41:01 PM,11/28/2025,
563,45.5,gf,2.160,mm,OK,--,3:41:01 PM,11/28/2025,
564,45.5,gf,2.165,mm,OK,--,3:41:01 PM,11/28/2025,
565,45.5,gf,2.165,mm,OK,--,3:41:01 PM,11/28/2025,
566,45.5,gf,2.170,mm,OK,--,3:41:01 PM,11/28/2025,
567,45.5,gf,2.170,mm,OK,--,3:41:01 PM,11/28/2025,
568,45.5,gf,2.170,mm,OK,--,3:41:01 PM,11/28/2025,
569,45.5,gf,2.175,mm,OK,--,3:41:01 PM,11/28/2025,
570,45.5,gf,2.175,mm,OK,--,3:41:01 PM,11/28/2025,
571,45.6,gf,2.175,mm,OK,--,3:41:02 PM,11/28/2025,
572,45.6,gf,2.180,mm,OK,--,3:41:02 PM,11/28/2025,
573,45.6,gf,2.180,mm,OK,--,3:41:02 PM,11/28/2025,
574,45.6,gf,2.185,mm,OK,--,3:41:02 PM,11/28/2025,
575,45.6,gf,2.190,mm,OK,--,3:41:02 PM,11/28/2025,
576,45.6,gf,2.190,mm,OK,--,3:41:02 PM,11/28/2025,
577,45.6,gf,2.195,mm,OK,--,3:41:02 PM,11/28/2025,
578,45.7,gf,2.200,mm,OK,--,3:41:02 PM,11/28/2025,
579,45.7,gf,2.205,mm,OK,--,3:41:02 PM,11/28/2025,
580,45.8,gf,2.205,mm,OK,--,3:41:02 PM,11/28/2025,
581,45.8,gf,2.210,mm,OK,--,3:41:03 PM,11/28/2025,
582,45.8,gf,2.210,mm,OK,--,3:41:03 PM,11/28/2025,
583,45.8,gf,2.215,mm,OK,--,3:41:03 PM,11/28/2025,
584,45.9,gf,2.215,mm,OK,--,3:41:03 PM,11/28/2025,
585,45.9,gf,2.220,mm,OK,--,3:41:03 PM,11/28/2025,
586,45.9,gf,2.220,mm,OK,--,3:41:03 PM,11/28/2025,
587,45.9,gf,2.225,mm,OK,--,3:41:03 PM,11/28/2025,
588,45.9,gf,2.225,mm,OK,--,3:41:03 PM,11/28/2025,
589,46.0,gf,2.230,mm,OK,--,3:41:03 PM,11/28/2025,
590,46.0,gf,2.235,mm,OK,--,3:41:03 PM,11/28/2025,
591,46.0,gf,2.235,mm,OK,--,3:41:04 PM,11/28/2025,
592,46.0,gf,2.235,mm,OK,--,3:41:04 PM,11/28/2025,
593,46.0,gf,2.240,mm,OK,--,3:41:04 PM,11/28/2025,
594,46.0,gf,2.240,mm,OK,--,3:41:04 PM,11/28/2025,
595,46.0,gf,2.245,mm,OK,--,3:41:04 PM,11/28/2025,
596,46.0,gf,2.250,mm,OK,--,3:41:04 PM,11/28/2025,
597,46.1,gf,2.255,mm,OK,--,3:41:04 PM,11/28/2025,
598,46.1,gf,2.260,mm,OK,--,3:41:04 PM,11/28/2025,
599,46.1,gf,2.265,mm,OK,--,3:41:04 PM,11/28/2025,
600,46.1,gf,2.270,mm,OK,--,3:41:04 PM,11/28/2025,
601,46.1,gf,2.270,mm,OK,--,3:41:05 PM,11/28/2025,
602,46.1,gf,2.275,mm,OK,--,3:41:05 PM,11/28/2025,
603,46.1,gf,2.280,mm,OK,--,3:41:05 PM,11/28/2025,
604,46.1,gf,2.285,mm,OK,--,3:41:05 PM,11/28/2025,
605,46.2,gf,2.290,mm,OK,--,3:41:05 PM,11/28/2025,
606,46.3,gf,2.295,mm,OK,--,3:41:05 PM,11/28/2025,
607,46.3,gf,2.300,mm,OK,--,3:41:05 PM,11/28/2025,
608,46.2,gf,2.305,mm,OK,--,3:41:05 PM,11/28/2025,
609,46.3,gf,2.315,mm,OK,--,3:41:05 PM,11/28/2025,
610,46.3,gf,2.320,mm,OK,--,3:41:05 PM,11/28/2025,
611,46.3,gf,2.330,mm,OK,--,3:41:06 PM,11/28/2025,
612,46.3,gf,2.340,mm,OK,--,3:41:06 PM,11/28/2025,
613,46.5,gf,2.350,mm,OK,--,3:41:06 PM,11/28/2025,
614,46.5,gf,2.365,mm,OK,--,3:41:06 PM,11/28/2025,
615,46.5,gf,2.380,mm,OK,--,3:41:06 PM,11/28/2025,
616,46.6,gf,2.385,mm,OK,--,3:41:06 PM,11/28/2025,
617,46.6,gf,2.395,mm,OK,--,3:41:06 PM,11/28/2025,
618,46.6,gf,2.400,mm,OK,--,3:41:06 PM,11/28/2025,
619,46.7,gf,2.410,mm,OK,--,3:41:06 PM,11/28/2025,
620,46.7,gf,2.415,mm,OK,--,3:41:06 PM,11/28/2025,
621,46.8,gf,2.420,mm,OK,--,3:41:07 PM,11/28/2025,
622,46.7,gf,2.430,mm,OK,--,3:41:07 PM,11/28/2025,
623,46.8,gf,2.440,mm,OK,--,3:41:07 PM,11/28/2025,
624,46.9,gf,2.450,mm,OK,--,3:41:07 PM,11/28/2025,
625,46.9,gf,2.465,mm,OK,--,3:41:07 PM,11/28/2025,
626,47.0,gf,2.475,mm,OK,--,3:41:07 PM,11/28/2025,
627,46.9,gf,2.485,mm,OK,--,3:41:07 PM,11/28/2025,
628,47.0,gf,2.500,mm,OK,--,3:41:07 PM,11/28/2025,
629,47.2,gf,2.515,mm,OK,--,3:41:07 PM,11/28/2025,
630,47.2,gf,2.525,mm,OK,--,3:41:07 PM,11/28/2025,
631,47.3,gf,2.540,mm,OK,--,3:41:08 PM,11/28/2025,
632,47.3,gf,2.550,mm,OK,--,3:41:08 PM,11/28/2025,
633,47.3,gf,2.560,mm,OK,--,3:41:08 PM,11/28/2025,
634,47.4,gf,2.570,mm,OK,--,3:41:08 PM,11/28/2025,
635,47.4,gf,2.580,mm,OK,--,3:41:08 PM,11/28/2025,
636,47.5,gf,2.590,mm,OK,--,3:41:08 PM,11/28/2025,
637,47.5,gf,2.600,mm,OK,--,3:41:08 PM,11/28/2025,
638,47.6,gf,2.610,mm,OK,--,3:41:08 PM,11/28/2025,
639,47.6,gf,2.620,mm,OK,--,3:41:08 PM,11/28/2025,
640,47.7,gf,2.630,mm,OK,--,3:41:08 PM,11/28/2025,
641,47.7,gf,2.640,mm,OK,--,3:41:09 PM,11/28/2025,
642,47.8,gf,2.650,mm,OK,--,3:41:09 PM,11/28/2025,
643,47.9,gf,2.660,mm,OK,--,3:41:09 PM,11/28/2025,
644,47.9,gf,2.670,mm,OK,--,3:41:09 PM,11/28/2025,
645,47.9,gf,2.680,mm,OK,--,3:41:09 PM,11/28/2025,
646,48.0,gf,2.685,mm,OK,--,3:41:09 PM,11/28/2025,
647,48.0,gf,2.695,mm,OK,--,3:41:09 PM,11/28/2025,
648,48.0,gf,2.700,mm,OK,--,3:41:09 PM,11/28/2025,
649,48.1,gf,2.710,mm,OK,--,3:41:09 PM,11/28/2025,
650,48.1,gf,2.720,mm,OK,--,3:41:09 PM,11/28/2025,
651,48.1,gf,2.730,mm,OK,--,3:41:10 PM,11/28/2025,
652,48.2,gf,2.735,mm,OK,--,3:41:10 PM,11/28/2025,
653,48.3,gf,2.745,mm,OK,--,3:41:10 PM,11/28/2025,
654,48.3,gf,2.755,mm,OK,--,3:41:10 PM,11/28/2025,
655,48.3,gf,2.765,mm,OK,--,3:41:10 PM,11/28/2025,
656,48.4,gf,2.775,mm,OK,--,3:41:10 PM,11/28/2025,
657,48.5,gf,2.785,mm,OK,--,3:41:10 PM,11/28/2025,
658,48.5,gf,2.795,mm,OK,--,3:41:10 PM,11/28/2025,
659,48.4,gf,2.805,mm,OK,--,3:41:10 PM,11/28/2025,
660,48.6,gf,2.810,mm,OK,--,3:41:10 PM,11/28/2025,
661,48.6,gf,2.815,mm,OK,--,3:41:11 PM,11/28/2025,
662,48.5,gf,2.820,mm,OK,--,3:41:11 PM,11/28/2025,
663,48.6,gf,2.825,mm,OK,--,3:41:11 PM,11/28/2025,
664,48.6,gf,2.835,mm,OK,--,3:41:11 PM,11/28/2025,
665,48.6,gf,2.840,mm,OK,--,3:41:11 PM,11/28/2025,
666,48.6,gf,2.845,mm,OK,--,3:41:11 PM,11/28/2025,
667,48.7,gf,2.850,mm,OK,--,3:41:11 PM,11/28/2025,
668,48.7,gf,2.855,mm,OK,--,3:41:11 PM,11/28/2025,
669,48.7,gf,2.855,mm,OK,--,3:41:11 PM,11/28/2025,
670,48.7,gf,2.860,mm,OK,--,3:41:11 PM,11/28/2025,
671,48.7,gf,2.865,mm,OK,--,3:41:12 PM,11/28/2025,
672,48.8,gf,2.865,mm,OK,--,3:41:12 PM,11/28/2025,
673,48.8,gf,2.870,mm,OK,--,3:41:12 PM,11/28/2025,
674,48.8,gf,2.870,mm,OK,--,3:41:12 PM,11/28/2025,
675,48.8,gf,2.875,mm,OK,--,3:41:12 PM,11/28/2025,
676,48.8,gf,2.875,mm,OK,--,3:41:12 PM,11/28/2025,
677,48.8,gf,2.875,mm,OK,--,3:41:12 PM,11/28/2025,
678,48.8,gf,2.880,mm,OK,--,3:41:12 PM,11/28/2025,
679,48.9,gf,2.885,mm,OK,--,3:41:12 PM,11/28/2025,
680,48.9,gf,2.890,mm,OK,--,3:41:12 PM,11/28/2025,
681,48.9,gf,2.895,mm,OK,--,3:41:13 PM,11/28/2025,
682,48.9,gf,2.905,mm,OK,--,3:41:13 PM,11/28/2025,
683,48.9,gf,2.910,mm,OK,--,3:41:13 PM,11/28/2025,
684,48.9,gf,2.920,mm,OK,--,3:41:13 PM,11/28/2025,
685,49.0,gf,2.925,mm,OK,--,3:41:13 PM,11/28/2025,
686,49.0,gf,2.935,mm,OK,--,3:41:13 PM,11/28/2025,
687,49.1,gf,2.940,mm,OK,--,3:41:13 PM,11/28/2025,
688,49.1,gf,2.945,mm,OK,--,3:41:13 PM,11/28/2025,
689,49.1,gf,2.950,mm,OK,--,3:41:13 PM,11/28/2025,
690,49.1,gf,2.950,mm,OK,--,3:41:13 PM,11/28/2025,
691,49.2,gf,2.955,mm,OK,--,3:41:14 PM,11/28/2025,
692,49.2,gf,2.955,mm,OK,--,3:41:14 PM,11/28/2025,
693,49.2,gf,2.960,mm,OK,--,3:41:14 PM,11/28/2025,
694,49.2,gf,2.960,mm,OK,--,3:41:14 PM,11/28/2025,
695,49.2,gf,2.965,mm,OK,--,3:41:14 PM,11/28/2025,
696,49.2,gf,2.965,mm,OK,--,3:41:14 PM,11/28/2025,
697,49.2,gf,2.970,mm,OK,--,3:41:14 PM,11/28/2025,
698,49.2,gf,2.975,mm,OK,--,3:41:14 PM,11/28/2025,
699,49.3,gf,2.975,mm,OK,--,3:41:14 PM,11/28/2025,
700,49.3,gf,2.980,mm,OK,--,3:41:14 PM,11/28/2025,
701,49.3,gf,2.980,mm,OK,--,3:41:15 PM,11/28/2025,
702,49.3,gf,2.985,mm,OK,--,3:41:15 PM,11/28/2025,
703,49.3,gf,2.985,mm,OK,--,3:41:15 PM,11/28/2025,
704,49.3,gf,2.990,mm,OK,--,3:41:15 PM,11/28/2025,
705,49.4,gf,2.995,mm,OK,--,3:41:15 PM,11/28/2025,
706,49.4,gf,2.995,mm,OK,--,3:41:15 PM,11/28/2025,
707,49.4,gf,3.000,mm,OK,--,3:41:15 PM,11/28/2025,
708,49.4,gf,3.000,mm,OK,--,3:41:15 PM,11/28/2025,
709,49.4,gf,3.005,mm,OK,--,3:41:15 PM,11/28/2025,
710,49.4,gf,3.010,mm,OK,--,3:41:15 PM,11/28/2025,
711,49.5,gf,3.010,mm,OK,--,3:41:16 PM,11/28/2025,
712,49.6,gf,3.015,mm,OK,--,3:41:16 PM,11/28/2025,
713,49.6,gf,3.015,mm,OK,--,3:41:16 PM,11/28/2025,
714,49.6,gf,3.020,mm,OK,--,3:41:16 PM,11/28/2025,
715,49.7,gf,3.020,mm,OK,--,3:41:16 PM,11/28/2025,
716,49.7,gf,3.025,mm,OK,--,3:41:16 PM,11/28/2025,
717,49.7,gf,3.030,mm,OK,--,3:41:16 PM,11/28/2025,
718,49.8,gf,3.035,mm,OK,--,3:41:16 PM,11/28/2025,
719,49.8,gf,3.035,mm,OK,--,3:41:16 PM,11/28/2025,
720,49.8,gf,3.040,mm,OK,--,3:41:16 PM,11/28/2025,
721,49.9,gf,3.045,mm,OK,--,3:41:17 PM,11/28/2025,
722,49.8,gf,3.045,mm,OK,--,3:41:17 PM,11/28/2025,
723,49.7,gf,3.045,mm,OK,--,3:41:17 PM,11/28/2025,
724,49.7,gf,3.050,mm,OK,--,3:41:17 PM,11/28/2025,
725,49.7,gf,3.050,mm,OK,--,3:41:17 PM,11/28/2025,
726,49.7,gf,3.050,mm,OK,--,3:41:17 PM,11/28/2025,
727,49.7,gf,3.055,mm,OK,--,3:41:17 PM,11/28/2025,
728,49.8,gf,3.055,mm,OK,--,3:41:17 PM,11/28/2025,
729,49.8,gf,3.055,mm,OK,--,3:41:17 PM,11/28/2025,
730,49.8,gf,3.060,mm,OK,--,3:41:17 PM,11/28/2025,
731,49.8,gf,3.060,mm,OK,--,3:41:18 PM,11/28/2025,
732,49.8,gf,3.065,mm,OK,--,3:41:18 PM,11/28/2025,
733,49.8,gf,3.070,mm,OK,--,3:41:18 PM,11/28/2025,
734,49.8,gf,3.070,mm,OK,--,3:41:18 PM,11/28/2025,
735,49.8,gf,3.075,mm,OK,--,3:41:18 PM,11/28/2025,
736,49.8,gf,3.080,mm,OK,--,3:41:18 PM,11/28/2025,
737,49.8,gf,3.085,mm,OK,--,3:41:18 PM,11/28/2025,
738,49.8,gf,3.090,mm,OK,--,3:41:18 PM,11/28/2025,
739,49.9,gf,3.095,mm,OK,--,3:41:18 PM,11/28/2025,
740,49.8,gf,3.100,mm,OK,--,3:41:18 PM,11/28/2025,
741,49.9,gf,3.105,mm,OK,--,3:41:19 PM,11/28/2025,
742,49.9,gf,3.105,mm,OK,--,3:41:19 PM,11/28/2025,
743,49.9,gf,3.110,mm,OK,--,3:41:19 PM,11/28/2025,
744,49.9,gf,3.120,mm,OK,--,3:41:19 PM,11/28/2025,
745,50.0,gf,3.125,mm,OK,--,3:41:19 PM,11/28/2025,
746,49.9,gf,3.130,mm,OK,--,3:41:19 PM,11/28/2025,
747,50.0,gf,3.140,mm,OK,--,3:41:19 PM,11/28/2025,
748,50.0,gf,3.145,mm,OK,--,3:41:19 PM,11/28/2025,
749,50.0,gf,3.145,mm,OK,--,3:41:19 PM,11/28/2025,
750,50.1,gf,3.150,mm,OK,--,3:41:19 PM,11/28/2025,
751,50.0,gf,3.160,mm,OK,--,3:41:20 PM,11/28/2025,
752,50.1,gf,3.160,mm,OK,--,3:41:20 PM,11/28/2025,
753,50.1,gf,3.165,mm,OK,--,3:41:20 PM,11/28/2025,
754,50.1,gf,3.170,mm,OK,--,3:41:20 PM,11/28/2025,
755,50.2,gf,3.180,mm,OK,--,3:41:20 PM,11/28/2025,
756,50.2,gf,3.185,mm,OK,--,3:41:20 PM,11/28/2025,
757,50.2,gf,3.195,mm,OK,--,3:41:20 PM,11/28/2025,
758,50.3,gf,3.200,mm,OK,--,3:41:20 PM,11/28/2025,
759,50.3,gf,3.210,mm,OK,--,3:41:20 PM,11/28/2025,
760,50.3,gf,3.215,mm,OK,--,3:41:20 PM,11/28/2025,
761,50.3,gf,3.225,mm,OK,--,3:41:21 PM,11/28/2025,
762,50.4,gf,3.230,mm,OK,--,3:41:21 PM,11/28/2025,
763,50.4,gf,3.240,mm,OK,--,3:41:21 PM,11/28/2025,
764,50.5,gf,3.250,mm,OK,--,3:41:21 PM,11/28/2025,
765,50.5,gf,3.265,mm,OK,--,3:41:21 PM,11/28/2025,
766,50.5,gf,3.270,mm,OK,--,3:41:21 PM,11/28/2025,
767,50.5,gf,3.280,mm,OK,--,3:41:21 PM,11/28/2025,
768,50.6,gf,3.285,mm,OK,--,3:41:21 PM,11/28/2025,
769,50.6,gf,3.295,mm,OK,--,3:41:21 PM,11/28/2025,
770,50.7,gf,3.300,mm,OK,--,3:41:21 PM,11/28/2025,
771,50.8,gf,3.305,mm,OK,--,3:41:22 PM,11/28/2025,
772,50.7,gf,3.310,mm,OK,--,3:41:22 PM,11/28/2025,
773,50.8,gf,3.320,mm,OK,--,3:41:22 PM,11/28/2025,
774,50.8,gf,3.325,mm,OK,--,3:41:22 PM,11/28/2025,
775,50.8,gf,3.330,mm,OK,--,3:41:22 PM,11/28/2025,
776,50.9,gf,3.335,mm,OK,--,3:41:22 PM,11/28/2025,
777,50.9,gf,3.345,mm,OK,--,3:41:22 PM,11/28/2025,
778,50.9,gf,3.350,mm,OK,--,3:41:22 PM,11/28/2025,
779,50.9,gf,3.355,mm,OK,--,3:41:22 PM,11/28/2025,
780,51.0,gf,3.360,mm,OK,--,3:41:22 PM,11/28/2025,
781,51.0,gf,3.365,mm,OK,--,3:41:23 PM,11/28/2025,
782,51.0,gf,3.370,mm,OK,--,3:41:23 PM,11/28/2025,
783,51.0,gf,3.375,mm,OK,--,3:41:23 PM,11/28/2025,
784,51.0,gf,3.380,mm,OK,--,3:41:23 PM,11/28/2025,
785,51.0,gf,3.380,mm,OK,--,3:41:23 PM,11/28/2025,
786,51.0,gf,3.385,mm,OK,--,3:41:23 PM,11/28/2025,
787,51.1,gf,3.390,mm,OK,--,3:41:23 PM,11/28/2025,
788,51.1,gf,3.390,mm,OK,--,3:41:23 PM,11/28/2025,
789,51.1,gf,3.395,mm,OK,--,3:41:23 PM,11/28/2025,
790,51.1,gf,3.400,mm,OK,--,3:41:23 PM,11/28/2025,
791,51.1,gf,3.405,mm,OK,--,3:41:24 PM,11/28/2025,
792,51.1,gf,3.410,mm,OK,--,3:41:24 PM,11/28/2025,
793,51.2,gf,3.420,mm,OK,--,3:41:24 PM,11/28/2025,
794,51.3,gf,3.430,mm,OK,--,3:41:24 PM,11/28/2025,
795,51.3,gf,3.440,mm,OK,--,3:41:24 PM,11/28/2025,
796,51.4,gf,3.445,mm,OK,--,3:41:24 PM,11/28/2025,
797,51.4,gf,3.445,mm,OK,--,3:41:24 PM,11/28/2025,
798,51.4,gf,3.450,mm,OK,--,3:41:24 PM,11/28/2025,
799,51.4,gf,3.455,mm,OK,--,3:41:24 PM,11/28/2025,
800,51.4,gf,3.455,mm,OK,--,3:41:24 PM,11/28/2025,
801,51.4,gf,3.460,mm,OK,--,3:41:25 PM,11/28/2025,
802,51.4,gf,3.460,mm,OK,--,3:41:25 PM,11/28/2025,
803,51.5,gf,3.460,mm,OK,--,3:41:25 PM,11/28/2025,
804,51.5,gf,3.465,mm,OK,--,3:41:25 PM,11/28/2025,
805,51.5,gf,3.465,mm,OK,--,3:41:25 PM,11/28/2025,
806,51.5,gf,3.465,mm,OK,--,3:41:25 PM,11/28/2025,
807,51.5,gf,3.465,mm,OK,--,3:41:25 PM,11/28/2025,
808,51.5,gf,3.470,mm,OK,--,3:41:25 PM,11/28/2025,
809,51.5,gf,3.470,mm,OK,--,3:41:25 PM,11/28/2025,
810,51.5,gf,3.475,mm,OK,--,3:41:25 PM,11/28/2025,
811,51.5,gf,3.475,mm,OK,--,3:41:26 PM,11/28/2025,
812,51.5,gf,3.480,mm,OK,--,3:41:26 PM,11/28/2025,
813,51.5,gf,3.480,mm,OK,--,3:41:26 PM,11/28/2025,
814,51.5,gf,3.485,mm,OK,--,3:41:26 PM,11/28/2025,
815,51.6,gf,3.485,mm,OK,--,3:41:26 PM,11/28/2025,
816,51.6,gf,3.490,mm,OK,--,3:41:26 PM,11/28/2025,
817,51.6,gf,3.495,mm,OK,--,3:41:26 PM,11/28/2025,
818,51.6,gf,3.495,mm,OK,--,3:41:26 PM,11/28/2025,
819,51.6,gf,3.500,mm,OK,--,3:41:26 PM,11/28/2025,
820,51.6,gf,3.505,mm,OK,--,3:41:26 PM,11/28/2025,
821,51.6,gf,3.505,mm,OK,--,3:41:27 PM,11/28/2025,
822,51.7,gf,3.510,mm,OK,--,3:41:27 PM,11/28/2025,
823,51.7,gf,3.510,mm,OK,--,3:41:27 PM,11/28/2025,
824,51.7,gf,3.510,mm,OK,--,3:41:27 PM,11/28/2025,
825,51.7,gf,3.515,mm,OK,--,3:41:27 PM,11/28/2025,
826,51.7,gf,3.515,mm,OK,--,3:41:27 PM,11/28/2025,
827,51.7,gf,3.520,mm,OK,--,3:41:27 PM,11/28/2025,
828,51.7,gf,3.520,mm,OK,--,3:41:27 PM,11/28/2025,
829,51.7,gf,3.520,mm,OK,--,3:41:27 PM,11/28/2025,
830,51.7,gf,3.525,mm,OK,--,3:41:27 PM,11/28/2025,
831,51.7,gf,3.525,mm,OK,--,3:41:28 PM,11/28/2025,
832,51.7,gf,3.525,mm,OK,--,3:41:28 PM,11/28/2025,
833,51.8,gf,3.530,mm,OK,--,3:41:28 PM,11/28/2025,
834,51.8,gf,3.530,mm,OK,--,3:41:28 PM,11/28/2025,
835,51.8,gf,3.535,mm,OK,--,3:41:28 PM,11/28/2025,
836,51.8,gf,3.535,mm,OK,--,3:41:28 PM,11/28/2025,
837,51.8,gf,3.540,mm,OK,--,3:41:28 PM,11/28/2025,
838,51.8,gf,3.545,mm,OK,--,3:41:28 PM,11/28/2025,
839,51.8,gf,3.545,mm,OK,--,3:41:28 PM,11/28/2025,
840,51.8,gf,3.550,mm,OK,--,3:41:28 PM,11/28/2025,
841,51.8,gf,3.550,mm,OK,--,3:41:29 PM,11/28/2025,
842,51.9,gf,3.555,mm,OK,--,3:41:29 PM,11/28/2025,
843,51.9,gf,3.555,mm,OK,--,3:41:29 PM,11/28/2025,
844,51.9,gf,3.555,mm,OK,--,3:41:29 PM,11/28/2025,
845,51.9,gf,3.560,mm,OK,--,3:41:29 PM,11/28/2025,
846,51.9,gf,3.560,mm,OK,--,3:41:29 PM,11/28/2025,
847,51.9,gf,3.560,mm,OK,--,3:41:29 PM,11/28/2025,
848,51.9,gf,3.565,mm,OK,--,3:41:29 PM,11/28/2025,
849,51.9,gf,3.565,mm,OK,--,3:41:29 PM,11/28/2025,
850,51.9,gf,3.565,mm,OK,--,3:41:29 PM,11/28/2025,
851,51.9,gf,3.565,mm,OK,--,3:41:30 PM,11/28/2025,
852,52.0,gf,3.565,mm,OK,--,3:41:30 PM,11/28/2025,
853,52.0,gf,3.570,mm,OK,--,3:41:30 PM,11/28/2025,
854,51.9,gf,3.570,mm,OK,--,3:41:30 PM,11/28/2025,
855,52.0,gf,3.570,mm,OK,--,3:41:30 PM,11/28/2025,
856,52.0,gf,3.570,mm,OK,--,3:41:30 PM,11/28/2025,
857,52.0,gf,3.575,mm,OK,--,3:41:30 PM,11/28/2025,
858,52.0,gf,3.575,mm,OK,--,3:41:30 PM,11/28/2025,
859,52.0,gf,3.575,mm,OK,--,3:41:30 PM,11/28/2025,
860,52.0,gf,3.575,mm,OK,--,3:41:30 PM,11/28/2025,
861,52.0,gf,3.580,mm,OK,--,3:41:31 PM,11/28/2025,
862,52.0,gf,3.580,mm,OK,--,3:41:31 PM,11/28/2025,
863,52.0,gf,3.585,mm,OK,--,3:41:31 PM,11/28/2025,
864,54.9,gf,3.590,mm,OK,--,3:41:31 PM,11/28/2025,
865,58.0,gf,3.590,mm,OK,--,3:41:31 PM,11/28/2025,
866,61.7,gf,3.595,mm,OK,--,3:41:31 PM,11/28/2025,
867,66.0,gf,3.600,mm,OK,--,3:41:31 PM,11/28/2025,
868,74.5,gf,3.610,mm,OK,--,3:41:31 PM,11/28/2025,
869,82.0,gf,3.615,mm,OK,--,3:41:31 PM,11/28/2025,
870,88.2,gf,3.625,mm,OK,--,3:41:31 PM,11/28/2025,
871,93.5,gf,3.630,mm,OK,--,3:41:32 PM,11/28/2025,
872,98.7,gf,3.635,mm,OK,--,3:41:32 PM,11/28/2025,
873,104.2,gf,3.640,mm,OK,--,3:41:32 PM,11/28/2025,
874,108.6,gf,3.645,mm,OK,--,3:41:32 PM,11/28/2025,
875,111.6,gf,3.645,mm,OK,--,3:41:32 PM,11/28/2025,
876,115.1,gf,3.650,mm,OK,--,3:41:32 PM,11/28/2025,
877,118.4,gf,3.655,mm,OK,--,3:41:32 PM,11/28/2025,
878,121.1,gf,3.655,mm,OK,--,3:41:32 PM,11/28/2025,
879,123.5,gf,3.660,mm,OK,--,3:41:32 PM,11/28/2025,
880,126.2,gf,3.660,mm,OK,--,3:41:32 PM,11/28/2025,
881,129.6,gf,3.665,mm,OK,--,3:41:33 PM,11/28/2025,
882,133.3,gf,3.665,mm,OK,--,3:41:33 PM,11/28/2025,
883,136.8,gf,3.670,mm,OK,--,3:41:33 PM,11/28/2025,
884,139.7,gf,3.675,mm,OK,--,3:41:33 PM,11/28/2025,
885,143.0,gf,3.675,mm,OK,--,3:41:33 PM,11/28/2025,
886,146.3,gf,3.680,mm,OK,--,3:41:33 PM,11/28/2025,
887,149.0,gf,3.680,mm,OK,--,3:41:33 PM,11/28/2025,
888,151.2,gf,3.685,mm,OK,--,3:41:33 PM,11/28/2025,
889,152.8,gf,3.685,mm,OK,--,3:41:33 PM,11/28/2025,
890,154.3,gf,3.690,mm,OK,--,3:41:33 PM,11/28/2025,
891,156.0,gf,3.690,mm,OK,--,3:41:34 PM,11/28/2025,
892,157.5,gf,3.690,mm,OK,--,3:41:34 PM,11/28/2025,
893,159.0,gf,3.690,mm,OK,--,3:41:34 PM,11/28/2025,
894,160.2,gf,3.695,mm,OK,--,3:41:34 PM,11/28/2025,
895,161.4,gf,3.695,mm,OK,--,3:41:34 PM,11/28/2025,
896,162.6,gf,3.695,mm,OK,--,3:41:34 PM,11/28/2025,
897,163.7,gf,3.695,mm,OK,--,3:41:34 PM,11/28/2025,
898,165.0,gf,3.700,mm,OK,--,3:41:34 PM,11/28/2025,
899,166.3,gf,3.700,mm,OK,--,3:41:34 PM,11/28/2025,
900,167.3,gf,3.700,mm,OK,--,3:41:34 PM,11/28/2025,
901,168.4,gf,3.700,mm,OK,--,3:41:35 PM,11/28/2025,
902,169.6,gf,3.705,mm,OK,--,3:41:35 PM,11/28/2025,
903,170.5,gf,3.705,mm,OK,--,3:41:35 PM,11/28/2025,
904,171.3,gf,3.705,mm,OK,--,3:41:35 PM,11/28/2025,
905,171.9,gf,3.705,mm,OK,--,3:41:35 PM,11/28/2025,
906,172.3,gf,3.705,mm,OK,--,3:41:35 PM,11/28/2025,
907,172.5,gf,3.705,mm,OK,--,3:41:35 PM,11/28/2025,
908,173.0,gf,3.705,mm,OK,--,3:41:35 PM,11/28/2025,
909,173.5,gf,3.705,mm,OK,--,3:41:35 PM,11/28/2025,
910,174.3,gf,3.710,mm,OK,--,3:41:35 PM,11/28/2025,
911,175.4,gf,3.710,mm,OK,--,3:41:36 PM,11/28/2025,
912,176.5,gf,3.710,mm,OK,--,3:41:36 PM,11/28/2025,
913,177.7,gf,3.710,mm,OK,--,3:41:36 PM,11/28/2025,
914,178.8,gf,3.715,mm,OK,--,3:41:36 PM,11/28/2025,
915,179.8,gf,3.715,mm,OK,--,3:41:36 PM,11/28/2025,
916,180.7,gf,3.715,mm,OK,--,3:41:36 PM,11/28/2025,
917,181.8,gf,3.715,mm,OK,--,3:41:36 PM,11/28/2025,
918,182.7,gf,3.715,mm,OK,--,3:41:36 PM,11/28/2025,
919,183.8,gf,3.720,mm,OK,--,3:41:36 PM,11/28/2025,
920,184.9,gf,3.720,mm,OK,--,3:41:36 PM,11/28/2025,
921,186.1,gf,3.720,mm,OK,--,3:41:37 PM,11/28/2025,
922,187.5,gf,3.720,mm,OK,--,3:41:37 PM,11/28/2025,
923,188.4,gf,3.720,mm,OK,--,3:41:37 PM,11/28/2025,
924,189.3,gf,3.725,mm,OK,--,3:41:37 PM,11/28/2025,
925,189.8,gf,3.725,mm,OK,--,3:41:37 PM,11/28/2025,
926,190.7,gf,3.725,mm,OK,--,3:41:37 PM,11/28/2025,
927,191.8,gf,3.725,mm,OK,--,3:41:37 PM,11/28/2025,
928,191.8,gf,3.725,mm,OK,--,3:41:37 PM,11/28/2025,
929,191.8,gf,3.725,mm,OK,--,3:41:37 PM,11/28/2025,
930,191.6,gf,3.725,mm,OK,--,3:41:37 PM,11/28/2025,
931,191.5,gf,3.725,mm,OK,--,3:41:38 PM,11/28/2025,
932,191.6,gf,3.725,mm,OK,--,3:41:38 PM,11/28/2025,
933,191.6,gf,3.725,mm,OK,--,3:41:38 PM,11/28/2025,
934,191.6,gf,3.725,mm,OK,--,3:41:38 PM,11/28/2025,
935,191.5,gf,3.725,mm,OK,--,3:41:38 PM,11/28/2025,
936,191.5,gf,3.725,mm,OK,--,3:41:38 PM,11/28/2025,
937,191.5,gf,3.725,mm,OK,--,3:41:38 PM,11/28/2025,
938,191.5,gf,3.725,mm,OK,--,3:41:38 PM,11/28/2025,
939,191.5,gf,3.725,mm,OK,--,3:41:38 PM,11/28/2025,
940,191.3,gf,3.725,mm,OK,--,3:41:38 PM,11/28/2025,
941,191.2,gf,3.725,mm,OK,--,3:41:39 PM,11/28/2025,
942,190.9,gf,3.725,mm,OK,--,3:41:39 PM,11/28/2025,
943,190.6,gf,3.725,mm,OK,--,3:41:39 PM,11/28/2025,
944,190.5,gf,3.725,mm,OK,--,3:41:39 PM,11/28/2025,
945,190.4,gf,3.725,mm,OK,--,3:41:39 PM,11/28/2025,
946,190.2,gf,3.725,mm,OK,--,3:41:39 PM,11/28/2025,
947,190.1,gf,3.725,mm,OK,--,3:41:39 PM,11/28/2025,
948,189.6,gf,3.725,mm,OK,--,3:41:39 PM,11/28/2025,
949,188.8,gf,3.725,mm,OK,--,3:41:39 PM,11/28/2025,
950,187.2,gf,3.725,mm,OK,--,3:41:39 PM,11/28/2025,
951,186.7,gf,3.725,mm,OK,--,3:41:40 PM,11/28/2025,
952,186.3,gf,3.725,mm,OK,--,3:41:40 PM,11/28/2025,
953,185.7,gf,3.720,mm,OK,--,3:41:40 PM,11/28/2025,
954,181.3,gf,3.720,mm,OK,--,3:41:40 PM,11/28/2025,
955,176.0,gf,3.715,mm,OK,--,3:41:40 PM,11/28/2025,
956,172.0,gf,3.710,mm,OK,--,3:41:40 PM,11/28/2025,
957,170.6,gf,3.710,mm,OK,--,3:41:40 PM,11/28/2025,
958,170.4,gf,3.705,mm,OK,--,3:41:40 PM,11/28/2025,
959,170.4,gf,3.705,mm,OK,--,3:41:40 PM,11/28/2025,
960,170.4,gf,3.705,mm,OK,--,3:41:40 PM,11/28/2025,
961,170.3,gf,3.705,mm,OK,--,3:41:41 PM,11/28/2025,
962,170.1,gf,3.705,mm,OK,--,3:41:41 PM,11/28/2025,
963,169.7,gf,3.705,mm,OK,--,3:41:41 PM,11/28/2025,
964,169.2,gf,3.705,mm,OK,--,3:41:41 PM,11/28/2025,
965,168.7,gf,3.705,mm,OK,--,3:41:41 PM,11/28/2025,
966,168.6,gf,3.705,mm,OK,--,3:41:41 PM,11/28/2025,
967,168.4,gf,3.705,mm,OK,--,3:41:41 PM,11/28/2025,
968,168.3,gf,3.705,mm,OK,--,3:41:41 PM,11/28/2025,
969,168.2,gf,3.705,mm,OK,--,3:41:41 PM,11/28/2025,
970,168.0,gf,3.705,mm,OK,--,3:41:41 PM,11/28/2025,
971,167.7,gf,3.705,mm,OK,--,3:41:42 PM,11/28/2025,
972,167.3,gf,3.705,mm,OK,--,3:41:42 PM,11/28/2025,
973,167.1,gf,3.705,mm,OK,--,3:41:42 PM,11/28/2025,
974,166.8,gf,3.705,mm,OK,--,3:41:42 PM,11/28/2025,
975,166.6,gf,3.705,mm,OK,--,3:41:42 PM,11/28/2025,
976,166.4,gf,3.705,mm,OK,--,3:41:42 PM,11/28/2025,
977,166.3,gf,3.705,mm,OK,--,3:41:42 PM,11/28/2025,
978,166.1,gf,3.705,mm,OK,--,3:41:42 PM,11/28/2025,
979,165.8,gf,3.705,mm,OK,--,3:41:42 PM,11/28/2025,
980,165.3,gf,3.700,mm,OK,--,3:41:42 PM,11/28/2025,
981,164.5,gf,3.700,mm,OK,--,3:41:43 PM,11/28/2025,
982,163.6,gf,3.700,mm,OK,--,3:41:43 PM,11/28/2025,
983,163.0,gf,3.700,mm,OK,--,3:41:43 PM,11/28/2025,
984,162.7,gf,3.700,mm,OK,--,3:41:43 PM,11/28/2025,
985,162.3,gf,3.700,mm,OK,--,3:41:43 PM,11/28/2025,
986,161.9,gf,3.700,mm,OK,--,3:41:43 PM,11/28/2025,
987,161.4,gf,3.700,mm,OK,--,3:41:43 PM,11/28/2025,
988,160.7,gf,3.700,mm,OK,--,3:41:43 PM,11/28/2025,
989,158.9,gf,3.695,mm,OK,--,3:41:43 PM,11/28/2025,
990,157.0,gf,3.695,mm,OK,--,3:41:43 PM,11/28/2025,
991,156.0,gf,3.695,mm,OK,--,3:41:44 PM,11/28/2025,
992,153.6,gf,3.690,mm,OK,--,3:41:44 PM,11/28/2025,
993,152.1,gf,3.690,mm,OK,--,3:41:44 PM,11/28/2025,
994,151.7,gf,3.690,mm,OK,--,3:41:44 PM,11/28/2025,
995,151.2,gf,3.690,mm,OK,--,3:41:44 PM,11/28/2025,
996,150.8,gf,3.690,mm,OK,--,3:41:44 PM,11/28/2025,
997,150.4,gf,3.690,mm,OK,--,3:41:44 PM,11/28/2025,
998,149.8,gf,3.685,mm,OK,--,3:41:44 PM,11/28/2025,
999,149.3,gf,3.685,mm,OK,--,3:41:44 PM,11/28/2025,
1000,148.8,gf,3.685,mm,OK,--,3:41:44 PM,11/28/2025,
1001,148.4,gf,3.685,mm,OK,--,3:41:45 PM,11/28/2025,
1002,147.7,gf,3.685,mm,OK,--,3:41:45 PM,11/28/2025,
1003,146.8,gf,3.685,mm,OK,--,3:41:45 PM,11/28/2025,
1004,146.2,gf,3.685,mm,OK,--,3:41:45 PM,11/28/2025,
1005,145.9,gf,3.685,mm,OK,--,3:41:45 PM,11/28/2025,
1006,145.5,gf,3.685,mm,OK,--,3:41:45 PM,11/28/2025,
1007,145.2,gf,3.685,mm,OK,--,3:41:45 PM,11/28/2025,
1008,144.8,gf,3.685,mm,OK,--,3:41:45 PM,11/28/2025,
1009,144.4,gf,3.680,mm,OK,--,3:41:45 PM,11/28/2025,
1010,143.9,gf,3.680,mm,OK,--,3:41:45 PM,11/28/2025,
1011,143.5,gf,3.680,mm,OK,--,3:41:46 PM,11/28/2025,
1012,143.0,gf,3.680,mm,OK,--,3:41:46 PM,11/28/2025,
1013,142.4,gf,3.680,mm,OK,--,3:41:46 PM,11/28/2025,
1014,141.8,gf,3.680,mm,OK,--,3:41:46 PM,11/28/2025,
1015,141.5,gf,3.680,mm,OK,--,3:41:46 PM,11/28/2025,
1016,141.2,gf,3.680,mm,OK,--,3:41:46 PM,11/28/2025,
1017,140.5,gf,3.680,mm,OK,--,3:41:46 PM,11/28/2025,
1018,139.3,gf,3.675,mm,OK,--,3:41:46 PM,11/28/2025,
1019,138.3,gf,3.675,mm,OK,--,3:41:46 PM,11/28/2025,
1020,137.4,gf,3.675,mm,OK,--,3:41:46 PM,11/28/2025,
1021,136.8,gf,3.675,mm,OK,--,3:41:47 PM,11/28/2025,
1022,135.7,gf,3.675,mm,OK,--,3:41:47 PM,11/28/2025,
1023,134.2,gf,3.670,mm,OK,--,3:41:47 PM,11/28/2025,
1024,132.6,gf,3.670,mm,OK,--,3:41:47 PM,11/28/2025,
1025,131.2,gf,3.670,mm,OK,--,3:41:47 PM,11/28/2025,
1026,129.6,gf,3.670,mm,OK,--,3:41:47 PM,11/28/2025,
1027,127.6,gf,3.665,mm,OK,--,3:41:47 PM,11/28/2025,
1028,125.8,gf,3.665,mm,OK,--,3:41:47 PM,11/28/2025,
1029,124.1,gf,3.665,mm,OK,--,3:41:47 PM,11/28/2025,
1030,122.5,gf,3.660,mm,OK,--,3:41:47 PM,11/28/2025,
1031,120.2,gf,3.660,mm,OK,--,3:41:48 PM,11/28/2025,
1032,117.5,gf,3.655,mm,OK,--,3:41:48 PM,11/28/2025,
1033,114.7,gf,3.655,mm,OK,--,3:41:48 PM,11/28/2025,
1034,111.9,gf,3.650,mm,OK,--,3:41:48 PM,11/28/2025,
1035,109.5,gf,3.650,mm,OK,--,3:41:48 PM,11/28/2025,
1036,107.5,gf,3.645,mm,OK,--,3:41:48 PM,11/28/2025,
1037,105.7,gf,3.645,mm,OK,--,3:41:48 PM,11/28/2025,
1038,104.0,gf,3.645,mm,OK,--,3:41:48 PM,11/28/2025,
1039,102.3,gf,3.640,mm,OK,--,3:41:48 PM,11/28/2025,
1040,101.0,gf,3.640,mm,OK,--,3:41:48 PM,11/28/2025,
1041,99.8,gf,3.640,mm,OK,--,3:41:49 PM,11/28/2025,
1042,98.9,gf,3.640,mm,OK,--,3:41:49 PM,11/28/2025,
1043,98.1,gf,3.640,mm,OK,--,3:41:49 PM,11/28/2025,
1044,97.3,gf,3.635,mm,OK,--,3:41:49 PM,11/28/2025,
1045,96.5,gf,3.635,mm,OK,--,3:41:49 PM,11/28/2025,
1046,95.1,gf,3.635,mm,OK,--,3:41:49 PM,11/28/2025,
1047,93.2,gf,3.635,mm,OK,--,3:41:49 PM,11/28/2025,
1048,91.8,gf,3.630,mm,OK,--,3:41:49 PM,11/28/2025,
1049,90.6,gf,3.630,mm,OK,--,3:41:49 PM,11/28/2025,
1050,89.3,gf,3.630,mm,OK,--,3:41:49 PM,11/28/2025,
1051,87.2,gf,3.625,mm,OK,--,3:41:50 PM,11/28/2025,
1052,84.2,gf,3.625,mm,OK,--,3:41:50 PM,11/28/2025,
1053,82.1,gf,3.620,mm,OK,--,3:41:50 PM,11/28/2025,
1054,79.6,gf,3.620,mm,OK,--,3:41:50 PM,11/28/2025,
1055,76.9,gf,3.615,mm,OK,--,3:41:50 PM,11/28/2025,
1056,74.4,gf,3.615,mm,OK,--,3:41:50 PM,11/28/2025,
1057,72.1,gf,3.610,mm,OK,--,3:41:50 PM,11/28/2025,
1058,70.0,gf,3.610,mm,OK,--,3:41:50 PM,11/28/2025,
1059,68.3,gf,3.605,mm,OK,--,3:41:50 PM,11/28/2025,
1060,66.5,gf,3.605,mm,OK,--,3:41:50 PM,11/28/2025,
1061,64.1,gf,3.605,mm,OK,--,3:41:51 PM,11/28/2025,
1062,62.2,gf,3.600,mm,OK,--,3:41:51 PM,11/28/2025,
1063,60.2,gf,3.600,mm,OK,--,3:41:51 PM,11/28/2025,
1064,58.1,gf,3.595,mm,OK,--,3:41:51 PM,11/28/2025,
1065,55.9,gf,3.595,mm,OK,--,3:41:51 PM,11/28/2025,
1066,53.7,gf,3.590,mm,OK,--,3:41:51 PM,11/28/2025,
1067,51.9,gf,3.590,mm,OK,--,3:41:51 PM,11/28/2025,
1068,50.6,gf,3.590,mm,OK,--,3:41:51 PM,11/28/2025,
1069,50.7,gf,3.590,mm,OK,--,3:41:51 PM,11/28/2025,
1070,50.7,gf,3.585,mm,OK,--,3:41:51 PM,11/28/2025,
1071,50.6,gf,3.585,mm,OK,--,3:41:52 PM,11/28/2025,
1072,50.7,gf,3.585,mm,OK,--,3:41:52 PM,11/28/2025,
1073,50.7,gf,3.580,mm,OK,--,3:41:52 PM,11/28/2025,
1074,50.6,gf,3.580,mm,OK,--,3:41:52 PM,11/28/2025,
1075,50.6,gf,3.575,mm,OK,--,3:41:52 PM,11/28/2025,
1076,50.6,gf,3.570,mm,OK,--,3:41:52 PM,11/28/2025,
1077,50.6,gf,3.565,mm,OK,--,3:41:52 PM,11/28/2025,
1078,50.6,gf,3.560,mm,OK,--,3:41:52 PM,11/28/2025,
1079,50.5,gf,3.555,mm,OK,--,3:41:52 PM,11/28/2025,
1080,50.6,gf,3.550,mm,OK,--,3:41:52 PM,11/28/2025,
1081,50.5,gf,3.550,mm,OK,--,3:41:53 PM,11/28/2025,
1082,50.5,gf,3.545,mm,OK,--,3:41:53 PM,11/28/2025,
1083,50.5,gf,3.540,mm,OK,--,3:41:53 PM,11/28/2025,
1084,50.5,gf,3.535,mm,OK,--,3:41:53 PM,11/28/2025,
1085,50.5,gf,3.530,mm,OK,--,3:41:53 PM,11/28/2025,
1086,50.4,gf,3.520,mm,OK,--,3:41:53 PM,11/28/2025,
1087,50.4,gf,3.515,mm,OK,--,3:41:53 PM,11/28/2025,
1088,50.3,gf,3.510,mm,OK,--,3:41:53 PM,11/28/2025,
1089,50.3,gf,3.505,mm,OK,--,3:41:53 PM,11/28/2025,
1090,50.3,gf,3.500,mm,OK,--,3:41:53 PM,11/28/2025,
1091,50.3,gf,3.495,mm,OK,--,3:41:54 PM,11/28/2025,
1092,50.3,gf,3.490,mm,OK,--,3:41:54 PM,11/28/2025,
1093,50.3,gf,3.485,mm,OK,--,3:41:54 PM,11/28/2025,
1094,50.2,gf,3.485,mm,OK,--,3:41:54 PM,11/28/2025,
1095,50.2,gf,3.480,mm,OK,--,3:41:54 PM,11/28/2025,
1096,50.2,gf,3.470,mm,OK,--,3:41:54 PM,11/28/2025,
1097,50.1,gf,3.460,mm,OK,--,3:41:54 PM,11/28/2025,
1098,50.1,gf,3.450,mm,OK,--,3:41:54 PM,11/28/2025,
1099,50.1,gf,3.445,mm,OK,--,3:41:54 PM,11/28/2025,
1100,50.0,gf,3.435,mm,OK,--,3:41:54 PM,11/28/2025,
1101,50.0,gf,3.430,mm,OK,--,3:41:55 PM,11/28/2025,
1102,50.0,gf,3.425,mm,OK,--,3:41:55 PM,11/28/2025,
1103,50.0,gf,3.420,mm,OK,--,3:41:55 PM,11/28/2025,
1104,49.9,gf,3.410,mm,OK,--,3:41:55 PM,11/28/2025,
1105,49.9,gf,3.400,mm,OK,--,3:41:55 PM,11/28/2025,
1106,49.9,gf,3.395,mm,OK,--,3:41:55 PM,11/28/2025,
1107,49.9,gf,3.385,mm,OK,--,3:41:55 PM,11/28/2025,
1108,49.8,gf,3.375,mm,OK,--,3:41:55 PM,11/28/2025,
1109,49.7,gf,3.365,mm,OK,--,3:41:55 PM,11/28/2025,
1110,49.7,gf,3.360,mm,OK,--,3:41:55 PM,11/28/2025,
1111,49.7,gf,3.355,mm,OK,--,3:41:56 PM,11/28/2025,
1112,49.7,gf,3.350,mm,OK,--,3:41:56 PM,11/28/2025,
1113,49.6,gf,3.345,mm,OK,--,3:41:56 PM,11/28/2025,
1114,49.6,gf,3.340,mm,OK,--,3:41:56 PM,11/28/2025,
1115,49.5,gf,3.335,mm,OK,--,3:41:56 PM,11/28/2025,
1116,49.5,gf,3.325,mm,OK,--,3:41:56 PM,11/28/2025,
1117,49.6,gf,3.315,mm,OK,--,3:41:56 PM,11/28/2025,
1118,49.5,gf,3.305,mm,OK,--,3:41:56 PM,11/28/2025,
1119,49.4,gf,3.300,mm,OK,--,3:41:56 PM,11/28/2025,
1120,49.4,gf,3.290,mm,OK,--,3:41:56 PM,11/28/2025,
1121,49.4,gf,3.280,mm,OK,--,3:41:57 PM,11/28/2025,
1122,49.3,gf,3.270,mm,OK,--,3:41:57 PM,11/28/2025,
1123,49.3,gf,3.265,mm,OK,--,3:41:57 PM,11/28/2025,
1124,49.2,gf,3.255,mm,OK,--,3:41:57 PM,11/28/2025,
1125,49.2,gf,3.245,mm,OK,--,3:41:57 PM,11/28/2025,
1126,49.2,gf,3.240,mm,OK,--,3:41:57 PM,11/28/2025,
1127,49.2,gf,3.235,mm,OK,--,3:41:57 PM,11/28/2025,
1128,49.2,gf,3.225,mm,OK,--,3:41:57 PM,11/28/2025,
1129,49.1,gf,3.220,mm,OK,--,3:41:57 PM,11/28/2025,
1130,49.1,gf,3.210,mm,OK,--,3:41:57 PM,11/28/2025,
1131,49.1,gf,3.205,mm,OK,--,3:41:58 PM,11/28/2025,
1132,49.0,gf,3.200,mm,OK,--,3:41:58 PM,11/28/2025,
1133,49.0,gf,3.195,mm,OK,--,3:41:58 PM,11/28/2025,
1134,49.0,gf,3.190,mm,OK,--,3:41:58 PM,11/28/2025,
1135,48.9,gf,3.185,mm,OK,--,3:41:58 PM,11/28/2025,
1136,48.9,gf,3.180,mm,OK,--,3:41:58 PM,11/28/2025,
1137,48.9,gf,3.175,mm,OK,--,3:41:58 PM,11/28/2025,
1138,48.9,gf,3.165,mm,OK,--,3:41:58 PM,11/28/2025,
1139,48.9,gf,3.160,mm,OK,--,3:41:58 PM,11/28/2025,
1140,48.9,gf,3.150,mm,OK,--,3:41:58 PM,11/28/2025,
1141,48.9,gf,3.140,mm,OK,--,3:41:59 PM,11/28/2025,
1142,48.9,gf,3.135,mm,OK,--,3:41:59 PM,11/28/2025,
1143,48.9,gf,3.125,mm,OK,--,3:41:59 PM,11/28/2025,
1144,48.8,gf,3.120,mm,OK,--,3:41:59 PM,11/28/2025,
1145,48.8,gf,3.115,mm,OK,--,3:41:59 PM,11/28/2025,
1146,48.8,gf,3.105,mm,OK,--,3:41:59 PM,11/28/2025,
1147,48.8,gf,3.105,mm,OK,--,3:41:59 PM,11/28/2025,
1148,48.7,gf,3.100,mm,OK,--,3:41:59 PM,11/28/2025,
1149,48.7,gf,3.095,mm,OK,--,3:41:59 PM,11/28/2025,
1150,48.7,gf,3.090,mm,OK,--,3:41:59 PM,11/28/2025,
1151,48.7,gf,3.085,mm,OK,--,3:42:00 PM,11/28/2025,
1152,48.7,gf,3.080,mm,OK,--,3:42:00 PM,11/28/2025,
1153,48.7,gf,3.075,mm,OK,--,3:42:00 PM,11/28/2025,
1154,48.7,gf,3.070,mm,OK,--,3:42:00 PM,11/28/2025,
1155,48.6,gf,3.065,mm,OK,--,3:42:00 PM,11/28/2025,
1156,48.6,gf,3.055,mm,OK,--,3:42:00 PM,11/28/2025,
1157,48.6,gf,3.045,mm,OK,--,3:42:00 PM,11/28/2025,
1158,48.4,gf,3.035,mm,OK,--,3:42:00 PM,11/28/2025,
1159,48.4,gf,3.025,mm,OK,--,3:42:00 PM,11/28/2025,
1160,48.4,gf,3.010,mm,OK,--,3:42:00 PM,11/28/2025,
1161,48.3,gf,2.995,mm,OK,--,3:42:01 PM,11/28/2025,
1162,48.2,gf,2.990,mm,OK,--,3:42:01 PM,11/28/2025,
1163,48.2,gf,2.985,mm,OK,--,3:42:01 PM,11/28/2025,
1164,48.2,gf,2.975,mm,OK,--,3:42:01 PM,11/28/2025,
1165,48.1,gf,2.970,mm,OK,--,3:42:01 PM,11/28/2025,
1166,48.0,gf,2.955,mm,OK,--,3:42:01 PM,11/28/2025,
1167,48.0,gf,2.945,mm,OK,--,3:42:01 PM,11/28/2025,
1168,48.0,gf,2.940,mm,OK,--,3:42:01 PM,11/28/2025,
1169,47.9,gf,2.930,mm,OK,--,3:42:01 PM,11/28/2025,
1170,47.8,gf,2.920,mm,OK,--,3:42:01 PM,11/28/2025,
1171,47.7,gf,2.910,mm,OK,--,3:42:02 PM,11/28/2025,
1172,47.7,gf,2.900,mm,OK,--,3:42:02 PM,11/28/2025,
1173,47.7,gf,2.885,mm,OK,--,3:42:02 PM,11/28/2025,
1174,47.6,gf,2.875,mm,OK,--,3:42:02 PM,11/28/2025,
1175,47.5,gf,2.865,mm,OK,--,3:42:02 PM,11/28/2025,
1176,47.5,gf,2.855,mm,OK,--,3:42:02 PM,11/28/2025,
1177,47.4,gf,2.850,mm,OK,--,3:42:02 PM,11/28/2025,
1178,47.4,gf,2.840,mm,OK,--,3:42:02 PM,11/28/2025,
1179,47.3,gf,2.825,mm,OK,--,3:42:02 PM,11/28/2025,
1180,47.3,gf,2.805,mm,OK,--,3:42:02 PM,11/28/2025,
1181,47.3,gf,2.795,mm,OK,--,3:42:03 PM,11/28/2025,
1182,47.2,gf,2.790,mm,OK,--,3:42:03 PM,11/28/2025,
1183,47.1,gf,2.780,mm,OK,--,3:42:03 PM,11/28/2025,
1184,47.0,gf,2.770,mm,OK,--,3:42:03 PM,11/28/2025,
1185,46.9,gf,2.755,mm,OK,--,3:42:03 PM,11/28/2025,
1186,46.9,gf,2.735,mm,OK,--,3:42:03 PM,11/28/2025,
1187,46.9,gf,2.725,mm,OK,--,3:42:03 PM,11/28/2025,
1188,46.9,gf,2.715,mm,OK,--,3:42:03 PM,11/28/2025,
1189,46.8,gf,2.710,mm,OK,--,3:42:03 PM,11/28/2025,
1190,46.8,gf,2.700,mm,OK,--,3:42:03 PM,11/28/2025,
1191,46.8,gf,2.695,mm,OK,--,3:42:04 PM,11/28/2025,
1192,46.7,gf,2.685,mm,OK,--,3:42:04 PM,11/28/2025,
1193,46.7,gf,2.675,mm,OK,--,3:42:04 PM,11/28/2025,
1194,46.6,gf,2.665,mm,OK,--,3:42:04 PM,11/28/2025,
1195,46.5,gf,2.650,mm,OK,--,3:42:04 PM,11/28/2025,
1196,46.6,gf,2.635,mm,OK,--,3:42:04 PM,11/28/2025,
1197,46.5,gf,2.625,mm,OK,--,3:42:04 PM,11/28/2025,
1198,46.3,gf,2.620,mm,OK,--,3:42:04 PM,11/28/2025,
1199,46.3,gf,2.610,mm,OK,--,3:42:04 PM,11/28/2025,
1200,46.3,gf,2.605,mm,OK,--,3:42:04 PM,11/28/2025,
1201,46.3,gf,2.600,mm,OK,--,3:42:05 PM,11/28/2025,
1202,46.2,gf,2.590,mm,OK,--,3:42:05 PM,11/28/2025,
1203,46.2,gf,2.585,mm,OK,--,3:42:05 PM,11/28/2025,
1204,46.0,gf,2.575,mm,OK,--,3:42:05 PM,11/28/2025,
1205,46.0,gf,2.565,mm,OK,--,3:42:05 PM,11/28/2025,
1206,46.0,gf,2.560,mm,OK,--,3:42:05 PM,11/28/2025,
1207,46.0,gf,2.550,mm,OK,--,3:42:05 PM,11/28/2025,
1208,46.0,gf,2.540,mm,OK,--,3:42:05 PM,11/28/2025,
1209,45.9,gf,2.535,mm,OK,--,3:42:05 PM,11/28/2025,
1210,45.8,gf,2.525,mm,OK,--,3:42:05 PM,11/28/2025,
1211,45.8,gf,2.515,mm,OK,--,3:42:06 PM,11/28/2025,
1212,45.7,gf,2.505,mm,OK,--,3:42:06 PM,11/28/2025,
1213,45.7,gf,2.490,mm,OK,--,3:42:06 PM,11/28/2025,
1214,45.6,gf,2.480,mm,OK,--,3:42:06 PM,11/28/2025,
1215,45.6,gf,2.460,mm,OK,--,3:42:06 PM,11/28/2025,
1216,45.6,gf,2.445,mm,OK,--,3:42:06 PM,11/28/2025,
1217,45.5,gf,2.430,mm,OK,--,3:42:06 PM,11/28/2025,
1218,45.5,gf,2.410,mm,OK,--,3:42:06 PM,11/28/2025,
1219,45.5,gf,2.400,mm,OK,--,3:42:06 PM,11/28/2025,
1220,45.4,gf,2.385,mm,OK,--,3:42:06 PM,11/28/2025,
1221,45.3,gf,2.370,mm,OK,--,3:42:07 PM,11/28/2025,
1222,45.4,gf,2.355,mm,OK,--,3:42:07 PM,11/28/2025,
1223,45.3,gf,2.340,mm,OK,--,3:42:07 PM,11/28/2025,
1224,45.2,gf,2.320,mm,OK,--,3:42:07 PM,11/28/2025,
1225,45.2,gf,2.310,mm,OK,--,3:42:07 PM,11/28/2025,
1226,45.1,gf,2.300,mm,OK,--,3:42:07 PM,11/28/2025,
1227,45.1,gf,2.290,mm,OK,--,3:42:07 PM,11/28/2025,
1228,45.1,gf,2.285,mm,OK,--,3:42:07 PM,11/28/2025,
1229,45.0,gf,2.270,mm,OK,--,3:42:07 PM,11/28/2025,
1230,44.9,gf,2.255,mm,OK,--,3:42:07 PM,11/28/2025,
1231,44.9,gf,2.245,mm,OK,--,3:42:08 PM,11/28/2025,
1232,44.9,gf,2.235,mm,OK,--,3:42:08 PM,11/28/2025,
1233,44.8,gf,2.235,mm,OK,--,3:42:08 PM,11/28/2025,
1234,44.8,gf,2.225,mm,OK,--,3:42:08 PM,11/28/2025,
1235,44.8,gf,2.225,mm,OK,--,3:42:08 PM,11/28/2025,
1236,44.7,gf,2.220,mm,OK,--,3:42:08 PM,11/28/2025,
1237,44.7,gf,2.220,mm,OK,--,3:42:08 PM,11/28/2025,
1238,44.7,gf,2.215,mm,OK,--,3:42:08 PM,11/28/2025,
1239,44.6,gf,2.210,mm,OK,--,3:42:08 PM,11/28/2025,
1240,44.6,gf,2.205,mm,OK,--,3:42:08 PM,11/28/2025,
1241,44.6,gf,2.200,mm,OK,--,3:42:09 PM,11/28/2025,
1242,44.5,gf,2.195,mm,OK,--,3:42:09 PM,11/28/2025,
1243,44.5,gf,2.195,mm,OK,--,3:42:09 PM,11/28/2025,
1244,44.5,gf,2.190,mm,OK,--,3:42:09 PM,11/28/2025,
1245,44.4,gf,2.190,mm,OK,--,3:42:09 PM,11/28/2025,
1246,44.5,gf,2.185,mm,OK,--,3:42:09 PM,11/28/2025,
1247,44.4,gf,2.185,mm,OK,--,3:42:09 PM,11/28/2025,
1248,44.3,gf,2.175,mm,OK,--,3:42:09 PM,11/28/2025,
1249,44.3,gf,2.170,mm,OK,--,3:42:09 PM,11/28/2025,
1250,44.3,gf,2.170,mm,OK,--,3:42:09 PM,11/28/2025,
1251,44.3,gf,2.165,mm,OK,--,3:42:10 PM,11/28/2025,
1252,44.3,gf,2.165,mm,OK,--,3:42:10 PM,11/28/2025,
1253,44.3,gf,2.165,mm,OK,--,3:42:10 PM,11/28/2025,
1254,44.3,gf,2.165,mm,OK,--,3:42:10 PM,11/28/2025,
1255,44.3,gf,2.165,mm,OK,--,3:42:10 PM,11/28/2025,
1256,44.2,gf,2.165,mm,OK,--,3:42:10 PM,11/28/2025,
1257,44.2,gf,2.160,mm,OK,--,3:42:10 PM,11/28/2025,
1258,44.2,gf,2.150,mm,OK,--,3:42:10 PM,11/28/2025,
1259,44.2,gf,2.145,mm,OK,--,3:42:10 PM,11/28/2025,
1260,44.0,gf,2.135,mm,OK,--,3:42:10 PM,11/28/2025,
1261,44.0,gf,2.130,mm,OK,--,3:42:11 PM,11/28/2025,
1262,44.0,gf,2.125,mm,OK,--,3:42:11 PM,11/28/2025,
1263,44.0,gf,2.120,mm,OK,--,3:42:11 PM,11/28/2025,
1264,43.9,gf,2.115,mm,OK,--,3:42:11 PM,11/28/2025,
1265,43.9,gf,2.105,mm,OK,--,3:42:11 PM,11/28/2025,
1266,43.9,gf,2.095,mm,OK,--,3:42:11 PM,11/28/2025,
1267,43.7,gf,2.075,mm,OK,--,3:42:11 PM,11/28/2025,
1268,43.6,gf,2.060,mm,OK,--,3:42:11 PM,11/28/2025,
1269,43.7,gf,2.060,mm,OK,--,3:42:11 PM,11/28/2025,
1270,43.6,gf,2.060,mm,OK,--,3:42:11 PM,11/28/2025,
1271,43.6,gf,2.055,mm,OK,--,3:42:12 PM,11/28/2025,
1272,43.5,gf,2.055,mm,OK,--,3:42:12 PM,11/28/2025,
1273,43.4,gf,2.050,mm,OK,--,3:42:12 PM,11/28/2025,
1274,43.5,gf,2.050,mm,OK,--,3:42:12 PM,11/28/2025,
1275,43.6,gf,2.045,mm,OK,--,3:42:12 PM,11/28/2025,
1276,43.6,gf,2.040,mm,OK,--,3:42:12 PM,11/28/2025,
1277,43.5,gf,2.030,mm,OK,--,3:42:12 PM,11/28/2025,
1278,43.5,gf,2.030,mm,OK,--,3:42:12 PM,11/28/2025,
1279,43.5,gf,2.025,mm,OK,--,3:42:12 PM,11/28/2025,
1280,43.4,gf,2.025,mm,OK,--,3:42:12 PM,11/28/2025,
1281,43.4,gf,2.025,mm,OK,--,3:42:13 PM,11/28/2025,
1282,43.4,gf,2.025,mm,OK,--,3:42:13 PM,11/28/2025,
1283,43.4,gf,2.025,mm,OK,--,3:42:13 PM,11/28/2025,
1284,43.4,gf,2.025,mm,OK,--,3:42:13 PM,11/28/2025,
1285,43.4,gf,2.020,mm,OK,--,3:42:13 PM,11/28/2025,
1286,43.4,gf,2.015,mm,OK,--,3:42:13 PM,11/28/2025,
1287,43.4,gf,2.010,mm,OK,--,3:42:13 PM,11/28/2025,
1288,43.4,gf,2.000,mm,OK,--,3:42:13 PM,11/28/2025,
1289,43.2,gf,1.995,mm,OK,--,3:42:13 PM,11/28/2025,
1290,43.2,gf,1.990,mm,OK,--,3:42:13 PM,11/28/2025,
1291,43.2,gf,1.985,mm,OK,--,3:42:14 PM,11/28/2025,
1292,43.1,gf,1.980,mm,OK,--,3:42:14 PM,11/28/2025,
1293,43.1,gf,1.975,mm,OK,--,3:42:14 PM,11/28/2025,
1294,42.8,gf,1.970,mm,OK,--,3:42:14 PM,11/28/2025,
1295,42.6,gf,1.960,mm,OK,--,3:42:14 PM,11/28/2025,
1296,42.3,gf,1.950,mm,OK,--,3:42:14 PM,11/28/2025,
1297,42.1,gf,1.940,mm,OK,--,3:42:14 PM,11/28/2025,
1298,42.1,gf,1.930,mm,OK,--,3:42:14 PM,11/28/2025,
1299,42.1,gf,1.920,mm,OK,--,3:42:14 PM,11/28/2025,
1300,42.1,gf,1.905,mm,OK,--,3:42:14 PM,11/28/2025,
1301,42.2,gf,1.900,mm,OK,--,3:42:15 PM,11/28/2025,
1302,42.3,gf,1.895,mm,OK,--,3:42:15 PM,11/28/2025,
1303,42.3,gf,1.890,mm,OK,--,3:42:15 PM,11/28/2025,
1304,42.2,gf,1.880,mm,OK,--,3:42:15 PM,11/28/2025,
1305,42.1,gf,1.860,mm,OK,--,3:42:15 PM,11/28/2025,
1306,42.2,gf,1.845,mm,OK,--,3:42:15 PM,11/28/2025,
1307,42.2,gf,1.835,mm,OK,--,3:42:15 PM,11/28/2025,
1308,42.3,gf,1.830,mm,OK,--,3:42:15 PM,11/28/2025,
1309,42.3,gf,1.820,mm,OK,--,3:42:15 PM,11/28/2025,
1310,42.3,gf,1.815,mm,OK,--,3:42:15 PM,11/28/2025,
1311,42.3,gf,1.810,mm,OK,--,3:42:16 PM,11/28/2025,
1312,42.2,gf,1.805,mm,OK,--,3:42:16 PM,11/28/2025,
1313,42.3,gf,1.800,mm,OK,--,3:42:16 PM,11/28/2025,
1314,42.2,gf,1.795,mm,OK,--,3:42:16 PM,11/28/2025,
1315,42.2,gf,1.785,mm,OK,--,3:42:16 PM,11/28/2025,
1316,42.1,gf,1.775,mm,OK,--,3:42:16 PM,11/28/2025,
1317,42.1,gf,1.760,mm,OK,--,3:42:16 PM,11/28/2025,
1318,42.0,gf,1.745,mm,OK,--,3:42:16 PM,11/28/2025,
1319,42.0,gf,1.740,mm,OK,--,3:42:16 PM,11/28/2025,
1320,42.0,gf,1.735,mm,OK,--,3:42:16 PM,11/28/2025,
1321,42.0,gf,1.725,mm,OK,--,3:42:17 PM,11/28/2025,
1322,41.9,gf,1.720,mm,OK,--,3:42:17 PM,11/28/2025,
1323,41.9,gf,1.715,mm,OK,--,3:42:17 PM,11/28/2025,
1324,41.9,gf,1.710,mm,OK,--,3:42:17 PM,11/28/2025,
1325,41.9,gf,1.710,mm,OK,--,3:42:17 PM,11/28/2025,
1326,41.8,gf,1.705,mm,OK,--,3:42:17 PM,11/28/2025,
1327,41.8,gf,1.700,mm,OK,--,3:42:17 PM,11/28/2025,
1328,41.8,gf,1.695,mm,OK,--,3:42:17 PM,11/28/2025,
1329,41.8,gf,1.690,mm,OK,--,3:42:17 PM,11/28/2025,
1330,41.7,gf,1.685,mm,OK,--,3:42:17 PM,11/28/2025,
1331,41.7,gf,1.685,mm,OK,--,3:42:18 PM,11/28/2025,
1332,41.7,gf,1.680,mm,OK,--,3:42:18 PM,11/28/2025,
1333,41.7,gf,1.675,mm,OK,--,3:42:18 PM,11/28/2025,
1334,41.6,gf,1.675,mm,OK,--,3:42:18 PM,11/28/2025,
1335,41.6,gf,1.670,mm,OK,--,3:42:18 PM,11/28/2025,
1336,41.6,gf,1.670,mm,OK,--,3:42:18 PM,11/28/2025,
1337,41.5,gf,1.665,mm,OK,--,3:42:18 PM,11/28/2025,
1338,41.5,gf,1.660,mm,OK,--,3:42:18 PM,11/28/2025,
1339,41.4,gf,1.655,mm,OK,--,3:42:18 PM,11/28/2025,
1340,41.4,gf,1.650,mm,OK,--,3:42:18 PM,11/28/2025,
1341,41.3,gf,1.645,mm,OK,--,3:42:19 PM,11/28/2025,
1342,41.3,gf,1.640,mm,OK,--,3:42:19 PM,11/28/2025,
1343,41.2,gf,1.635,mm,OK,--,3:42:19 PM,11/28/2025,
1344,41.2,gf,1.630,mm,OK,--,3:42:19 PM,11/28/2025,
1345,41.1,gf,1.625,mm,OK,--,3:42:19 PM,11/28/2025,
1346,41.0,gf,1.620,mm,OK,--,3:42:19 PM,11/28/2025,
1347,40.9,gf,1.615,mm,OK,--,3:42:19 PM,11/28/2025,
1348,40.8,gf,1.605,mm,OK,--,3:42:19 PM,11/28/2025,
1349,40.7,gf,1.600,mm,OK,--,3:42:19 PM,11/28/2025,
1350,40.6,gf,1.595,mm,OK,--,3:42:19 PM,11/28/2025,
1351,40.6,gf,1.590,mm,OK,--,3:42:20 PM,11/28/2025,
1352,40.4,gf,1.585,mm,OK,--,3:42:20 PM,11/28/2025,
1353,40.4,gf,1.585,mm,OK,--,3:42:20 PM,11/28/2025,
1354,40.4,gf,1.580,mm,OK,--,3:42:20 PM,11/28/2025,
1355,40.3,gf,1.575,mm,OK,--,3:42:20 PM,11/28/2025,
1356,40.2,gf,1.575,mm,OK,--,3:42:20 PM,11/28/2025,
1357,40.0,gf,1.565,mm,OK,--,3:42:20 PM,11/28/2025,
1358,39.8,gf,1.560,mm,OK,--,3:42:20 PM,11/28/2025,
1359,39.7,gf,1.555,mm,OK,--,3:42:20 PM,11/28/2025,
1360,39.7,gf,1.550,mm,OK,--,3:42:20 PM,11/28/2025,
1361,39.5,gf,1.545,mm,OK,--,3:42:21 PM,11/28/2025,
1362,39.5,gf,1.540,mm,OK,--,3:42:21 PM,11/28/2025,
1363,39.4,gf,1.535,mm,OK,--,3:42:21 PM,11/28/2025,
1364,39.4,gf,1.535,mm,OK,--,3:42:21 PM,11/28/2025,
1365,39.4,gf,1.530,mm,OK,--,3:42:21 PM,11/28/2025,
1366,39.3,gf,1.525,mm,OK,--,3:42:21 PM,11/28/2025,
1367,39.3,gf,1.520,mm,OK,--,3:42:21 PM,11/28/2025,
1368,39.3,gf,1.520,mm,OK,--,3:42:21 PM,11/28/2025,
1369,39.2,gf,1.515,mm,OK,--,3:42:21 PM,11/28/2025,
1370,39.2,gf,1.510,mm,OK,--,3:42:21 PM,11/28/2025,
1371,39.0,gf,1.505,mm,OK,--,3:42:22 PM,11/28/2025,
1372,38.8,gf,1.505,mm,OK,--,3:42:22 PM,11/28/2025,
1373,38.7,gf,1.495,mm,OK,--,3:42:22 PM,11/28/2025,
1374,38.4,gf,1.490,mm,OK,--,3:42:22 PM,11/28/2025,
1375,38.3,gf,1.485,mm,OK,--,3:42:22 PM,11/28/2025,
1376,38.1,gf,1.480,mm,OK,--,3:42:22 PM,11/28/2025,
1377,37.9,gf,1.475,mm,OK,--,3:42:22 PM,11/28/2025,
1378,37.9,gf,1.475,mm,OK,--,3:42:22 PM,11/28/2025,
1379,37.8,gf,1.470,mm,OK,--,3:42:22 PM,11/28/2025,
1380,37.7,gf,1.470,mm,OK,--,3:42:22 PM,11/28/2025,
1381,37.8,gf,1.465,mm,OK,--,3:42:23 PM,11/28/2025,
1382,37.7,gf,1.465,mm,OK,--,3:42:23 PM,11/28/2025,
1383,37.7,gf,1.460,mm,OK,--,3:42:23 PM,11/28/2025,
1384,37.7,gf,1.455,mm,OK,--,3:42:23 PM,11/28/2025,
1385,37.6,gf,1.450,mm,OK,--,3:42:23 PM,11/28/2025,
1386,37.4,gf,1.445,mm,OK,--,3:42:23 PM,11/28/2025,
1387,37.3,gf,1.445,mm,OK,--,3:42:23 PM,11/28/2025,
1388,37.1,gf,1.440,mm,OK,--,3:42:23 PM,11/28/2025,
1389,37.0,gf,1.435,mm,OK,--,3:42:23 PM,11/28/2025,
1390,37.0,gf,1.435,mm,OK,--,3:42:23 PM,11/28/2025,
1391,36.8,gf,1.430,mm,OK,--,3:42:24 PM,11/28/2025,
1392,36.7,gf,1.425,mm,OK,--,3:42:24 PM,11/28/2025,
1393,36.6,gf,1.425,mm,OK,--,3:42:24 PM,11/28/2025,
1394,36.5,gf,1.420,mm,OK,--,3:42:24 PM,11/28/2025,
1395,36.3,gf,1.420,mm,OK,--,3:42:24 PM,11/28/2025,
1396,36.3,gf,1.415,mm,OK,--,3:42:24 PM,11/28/2025,
1397,36.2,gf,1.415,mm,OK,--,3:42:24 PM,11/28/2025,
1398,36.0,gf,1.410,mm,OK,--,3:42:24 PM,11/28/2025,
1399,35.9,gf,1.405,mm,OK,--,3:42:24 PM,11/28/2025,
1400,35.8,gf,1.405,mm,OK,--,3:42:24 PM,11/28/2025,
1401,35.7,gf,1.400,mm,OK,--,3:42:25 PM,11/28/2025,
1402,35.5,gf,1.395,mm,OK,--,3:42:25 PM,11/28/2025,
1403,35.4,gf,1.390,mm,OK,--,3:42:25 PM,11/28/2025,
1404,35.2,gf,1.385,mm,OK,--,3:42:25 PM,11/28/2025,
1405,35.2,gf,1.385,mm,OK,--,3:42:25 PM,11/28/2025,
1406,35.1,gf,1.380,mm,OK,--,3:42:25 PM,11/28/2025,
1407,35.0,gf,1.375,mm,OK,--,3:42:25 PM,11/28/2025,
1408,35.0,gf,1.375,mm,OK,--,3:42:25 PM,11/28/2025,
1409,35.0,gf,1.370,mm,OK,--,3:42:25 PM,11/28/2025,
1410,34.8,gf,1.370,mm,OK,--,3:42:25 PM,11/28/2025,
1411,34.8,gf,1.365,mm,OK,--,3:42:26 PM,11/28/2025,
1412,34.8,gf,1.365,mm,OK,--,3:42:26 PM,11/28/2025,
1413,34.8,gf,1.360,mm,OK,--,3:42:26 PM,11/28/2025,
1414,35.0,gf,1.360,mm,OK,--,3:42:26 PM,11/28/2025,
1415,34.9,gf,1.355,mm,OK,--,3:42:26 PM,11/28/2025,
1416,34.9,gf,1.355,mm,OK,--,3:42:26 PM,11/28/2025,
1417,34.8,gf,1.350,mm,OK,--,3:42:26 PM,11/28/2025,
1418,34.9,gf,1.350,mm,OK,--,3:42:26 PM,11/28/2025,
1419,34.8,gf,1.345,mm,OK,--,3:42:26 PM,11/28/2025,
1420,34.6,gf,1.345,mm,OK,--,3:42:26 PM,11/28/2025,
1421,34.7,gf,1.345,mm,OK,--,3:42:27 PM,11/28/2025,
1422,34.8,gf,1.340,mm,OK,--,3:42:27 PM,11/28/2025,
1423,34.8,gf,1.340,mm,OK,--,3:42:27 PM,11/28/2025,
1424,34.5,gf,1.340,mm,OK,--,3:42:27 PM,11/28/2025,
1425,34.5,gf,1.340,mm,OK,--,3:42:27 PM,11/28/2025,
1426,34.6,gf,1.335,mm,OK,--,3:42:27 PM,11/28/2025,
1427,34.6,gf,1.335,mm,OK,--,3:42:27 PM,11/28/2025,
1428,34.6,gf,1.335,mm,OK,--,3:42:27 PM,11/28/2025,
1429,34.6,gf,1.330,mm,OK,--,3:42:27 PM,11/28/2025,
1430,34.6,gf,1.330,mm,OK,--,3:42:27 PM,11/28/2025,
1431,34.6,gf,1.330,mm,OK,--,3:42:28 PM,11/28/2025,
1432,34.4,gf,1.325,mm,OK,--,3:42:28 PM,11/28/2025,
1433,34.5,gf,1.325,mm,OK,--,3:42:28 PM,11/28/2025,
1434,34.5,gf,1.320,mm,OK,--,3:42:28 PM,11/28/2025,
1435,34.5,gf,1.320,mm,OK,--,3:42:28 PM,11/28/2025,
1436,34.5,gf,1.315,mm,OK,--,3:42:28 PM,11/28/2025,
1437,34.5,gf,1.315,mm,OK,--,3:42:28 PM,11/28/2025,
1438,34.4,gf,1.315,mm,OK,--,3:42:28 PM,11/28/2025,
1439,34.3,gf,1.310,mm,OK,--,3:42:28 PM,11/28/2025,
1440,34.2,gf,1.310,mm,OK,--,3:42:28 PM,11/28/2025,
1441,34.1,gf,1.305,mm,OK,--,3:42:29 PM,11/28/2025,
1442,34.1,gf,1.305,mm,OK,--,3:42:29 PM,11/28/2025,
1443,34.0,gf,1.300,mm,OK,--,3:42:29 PM,11/28/2025,
1444,34.0,gf,1.300,mm,OK,--,3:42:29 PM,11/28/2025,
1445,34.2,gf,1.295,mm,OK,--,3:42:29 PM,11/28/2025,
1446,34.1,gf,1.295,mm,OK,--,3:42:29 PM,11/28/2025,
1447,34.1,gf,1.295,mm,OK,--,3:42:29 PM,11/28/2025,
1448,33.9,gf,1.290,mm,OK,--,3:42:29 PM,11/28/2025,
1449,33.9,gf,1.285,mm,OK,--,3:42:29 PM,11/28/2025,
1450,33.9,gf,1.285,mm,OK,--,3:42:29 PM,11/28/2025,
1451,33.9,gf,1.280,mm,OK,--,3:42:30 PM,11/28/2025,
1452,33.9,gf,1.275,mm,OK,--,3:42:30 PM,11/28/2025,
1453,33.7,gf,1.275,mm,OK,--,3:42:30 PM,11/28/2025,
1454,33.7,gf,1.270,mm,OK,--,3:42:30 PM,11/28/2025,
1455,33.6,gf,1.265,mm,OK,--,3:42:30 PM,11/28/2025,
1456,33.8,gf,1.260,mm,OK,--,3:42:30 PM,11/28/2025,
1457,34.0,gf,1.255,mm,OK,--,3:42:30 PM,11/28/2025,
1458,34.1,gf,1.250,mm,OK,--,3:42:30 PM,11/28/2025,
1459,33.9,gf,1.245,mm,OK,--,3:42:30 PM,11/28/2025,
1460,33.7,gf,1.240,mm,OK,--,3:42:30 PM,11/28/2025,
1461,33.7,gf,1.235,mm,OK,--,3:42:31 PM,11/28/2025,
1462,33.7,gf,1.230,mm,OK,--,3:42:31 PM,11/28/2025,
1463,33.9,gf,1.230,mm,OK,--,3:42:31 PM,11/28/2025,
1464,33.8,gf,1.225,mm,OK,--,3:42:31 PM,11/28/2025,
1465,33.8,gf,1.220,mm,OK,--,3:42:31 PM,11/28/2025,
1466,33.7,gf,1.215,mm,OK,--,3:42:31 PM,11/28/2025,
1467,33.6,gf,1.215,mm,OK,--,3:42:31 PM,11/28/2025,
1468,33.6,gf,1.210,mm,OK,--,3:42:31 PM,11/28/2025,
1469,33.6,gf,1.205,mm,OK,--,3:42:31 PM,11/28/2025,
1470,33.6,gf,1.205,mm,OK,--,3:42:31 PM,11/28/2025,
1471,33.5,gf,1.200,mm,OK,--,3:42:32 PM,11/28/2025,
1472,33.5,gf,1.200,mm,OK,--,3:42:32 PM,11/28/2025,
1473,33.4,gf,1.195,mm,OK,--,3:42:32 PM,11/28/2025,
1474,33.5,gf,1.190,mm,OK,--,3:42:32 PM,11/28/2025,
1475,33.6,gf,1.190,mm,OK,--,3:42:32 PM,11/28/2025,
1476,33.4,gf,1.185,mm,OK,--,3:42:32 PM,11/28/2025,
1477,33.4,gf,1.180,mm,OK,--,3:42:32 PM,11/28/2025,
1478,33.4,gf,1.180,mm,OK,--,3:42:32 PM,11/28/2025,
1479,33.4,gf,1.180,mm,OK,--,3:42:32 PM,11/28/2025,
1480,33.3,gf,1.175,mm,OK,--,3:42:32 PM,11/28/2025,
1481,33.4,gf,1.170,mm,OK,--,3:42:33 PM,11/28/2025,
1482,33.6,gf,1.170,mm,OK,--,3:42:33 PM,11/28/2025,
1483,33.5,gf,1.165,mm,OK,--,3:42:33 PM,11/28/2025,
1484,33.5,gf,1.160,mm,OK,--,3:42:33 PM,11/28/2025,
1485,33.5,gf,1.160,mm,OK,--,3:42:33 PM,11/28/2025,
1486,33.5,gf,1.155,mm,OK,--,3:42:33 PM,11/28/2025,
1487,33.5,gf,1.150,mm,OK,--,3:42:33 PM,11/28/2025,
1488,33.5,gf,1.150,mm,OK,--,3:42:33 PM,11/28/2025,
1489,33.2,gf,1.145,mm,OK,--,3:42:33 PM,11/28/2025,
1490,33.1,gf,1.140,mm,OK,--,3:42:33 PM,11/28/2025,
1491,33.3,gf,1.135,mm,OK,--,3:42:34 PM,11/28/2025,
1492,33.3,gf,1.130,mm,OK,--,3:42:34 PM,11/28/2025,
1493,33.2,gf,1.130,mm,OK,--,3:42:34 PM,11/28/2025,
1494,33.1,gf,1.125,mm,OK,--,3:42:34 PM,11/28/2025,
1495,33.2,gf,1.120,mm,OK,--,3:42:34 PM,11/28/2025,
1496,32.9,gf,1.120,mm,OK,--,3:42:34 PM,11/28/2025,
1497,32.9,gf,1.115,mm,OK,--,3:42:34 PM,11/28/2025,
1498,32.8,gf,1.110,mm,OK,--,3:42:34 PM,11/28/2025,
1499,32.8,gf,1.105,mm,OK,--,3:42:34 PM,11/28/2025,
1500,32.9,gf,1.105,mm,OK,--,3:42:34 PM,11/28/2025,
1501,32.7,gf,1.100,mm,OK,--,3:42:35 PM,11/28/2025,
1502,32.7,gf,1.100,mm,OK,--,3:42:35 PM,11/28/2025,
1503,32.5,gf,1.095,mm,OK,--,3:42:35 PM,11/28/2025,
1504,32.4,gf,1.095,mm,OK,--,3:42:35 PM,11/28/2025,
1505,32.4,gf,1.090,mm,OK,--,3:42:35 PM,11/28/2025,
1506,32.4,gf,1.085,mm,OK,--,3:42:35 PM,11/28/2025,
1507,32.4,gf,1.085,mm,OK,--,3:42:35 PM,11/28/2025,
1508,32.2,gf,1.085,mm,OK,--,3:42:35 PM,11/28/2025,
1509,32.2,gf,1.080,mm,OK,--,3:42:35 PM,11/28/2025,
1510,32.2,gf,1.080,mm,OK,--,3:42:35 PM,11/28/2025,
1511,32.3,gf,1.080,mm,OK,--,3:42:36 PM,11/28/2025,
1512,32.1,gf,1.075,mm,OK,--,3:42:36 PM,11/28/2025,
1513,32.2,gf,1.075,mm,OK,--,3:42:36 PM,11/28/2025,
1514,32.2,gf,1.070,mm,OK,--,3:42:36 PM,11/28/2025,
1515,32.2,gf,1.070,mm,OK,--,3:42:36 PM,11/28/2025,
1516,32.3,gf,1.065,mm,OK,--,3:42:36 PM,11/28/2025,
1517,32.4,gf,1.060,mm,OK,--,3:42:36 PM,11/28/2025,
1518,32.5,gf,1.060,mm,OK,--,3:42:36 PM,11/28/2025,
1519,32.5,gf,1.060,mm,OK,--,3:42:36 PM,11/28/2025,
1520,32.4,gf,1.055,mm,OK,--,3:42:36 PM,11/28/2025,
1521,32.6,gf,1.050,mm,OK,--,3:42:37 PM,11/28/2025,
1522,32.6,gf,1.050,mm,OK,--,3:42:37 PM,11/28/2025,
1523,32.6,gf,1.050,mm,OK,--,3:42:37 PM,11/28/2025,
1524,32.7,gf,1.045,mm,OK,--,3:42:37 PM,11/28/2025,
1525,32.8,gf,1.045,mm,OK,--,3:42:37 PM,11/28/2025,
1526,32.7,gf,1.045,mm,OK,--,3:42:37 PM,11/28/2025,
1527,32.7,gf,1.040,mm,OK,--,3:42:37 PM,11/28/2025,
1528,32.7,gf,1.040,mm,OK,--,3:42:37 PM,11/28/2025,
1529,32.7,gf,1.035,mm,OK,--,3:42:37 PM,11/28/2025,
1530,32.6,gf,1.035,mm,OK,--,3:42:37 PM,11/28/2025,
1531,32.4,gf,1.030,mm,OK,--,3:42:38 PM,11/28/2025,
1532,32.4,gf,1.030,mm,OK,--,3:42:38 PM,11/28/2025,
1533,32.4,gf,1.030,mm,OK,--,3:42:38 PM,11/28/2025,
1534,32.5,gf,1.025,mm,OK,--,3:42:38 PM,11/28/2025,
1535,32.4,gf,1.025,mm,OK,--,3:42:38 PM,11/28/2025,
1536,32.2,gf,1.025,mm,OK,--,3:42:38 PM,11/28/2025,
1537,32.2,gf,1.025,mm,OK,--,3:42:38 PM,11/28/2025,
1538,32.3,gf,1.020,mm,OK,--,3:42:38 PM,11/28/2025,
1539,32.4,gf,1.020,mm,OK,--,3:42:38 PM,11/28/2025,
1540,32.3,gf,1.015,mm,OK,--,3:42:38 PM,11/28/2025,
1541,32.4,gf,1.015,mm,OK,--,3:42:39 PM,11/28/2025,
1542,32.5,gf,1.010,mm,OK,--,3:42:39 PM,11/28/2025,
1543,32.3,gf,1.010,mm,OK,--,3:42:39 PM,11/28/2025,
1544,32.5,gf,1.005,mm,OK,--,3:42:39 PM,11/28/2025,
1545,32.5,gf,1.005,mm,OK,--,3:42:39 PM,11/28/2025,
1546,32.4,gf,1.000,mm,OK,--,3:42:39 PM,11/28/2025,
1547,32.4,gf,1.000,mm,OK,--,3:42:39 PM,11/28/2025,
1548,32.4,gf,0.995,mm,OK,--,3:42:39 PM,11/28/2025,
1549,32.3,gf,0.995,mm,OK,--,3:42:39 PM,11/28/2025,
1550,32.2,gf,0.995,mm,OK,--,3:42:39 PM,11/28/2025,
1551,32.1,gf,0.990,mm,OK,--,3:42:40 PM,11/28/2025,
1552,32.2,gf,0.990,mm,OK,--,3:42:40 PM,11/28/2025,
1553,32.1,gf,0.985,mm,OK,--,3:42:40 PM,11/28/2025,
1554,32.0,gf,0.985,mm,OK,--,3:42:40 PM,11/28/2025,
1555,32.1,gf,0.980,mm,OK,--,3:42:40 PM,11/28/2025,
1556,32.1,gf,0.980,mm,OK,--,3:42:40 PM,11/28/2025,
1557,32.1,gf,0.980,mm,OK,--,3:42:40 PM,11/28/2025,
1558,31.8,gf,0.975,mm,OK,--,3:42:40 PM,11/28/2025,
1559,32.0,gf,0.970,mm,OK,--,3:42:40 PM,11/28/2025,
1560,32.1,gf,0.965,mm,OK,--,3:42:40 PM,11/28/2025,
1561,32.0,gf,0.960,mm,OK,--,3:42:41 PM,11/28/2025,
1562,32.0,gf,0.960,mm,OK,--,3:42:41 PM,11/28/2025,
1563,32.1,gf,0.955,mm,OK,--,3:42:41 PM,11/28/2025,
1564,31.9,gf,0.950,mm,OK,--,3:42:41 PM,11/28/2025,
1565,31.9,gf,0.950,mm,OK,--,3:42:41 PM,11/28/2025,
1566,31.8,gf,0.945,mm,OK,--,3:42:41 PM,11/28/2025,
1567,31.8,gf,0.940,mm,OK,--,3:42:41 PM,11/28/2025,
1568,31.8,gf,0.940,mm,OK,--,3:42:41 PM,11/28/2025,
1569,31.8,gf,0.935,mm,OK,--,3:42:41 PM,11/28/2025,
1570,31.8,gf,0.935,mm,OK,--,3:42:41 PM,11/28/2025,
1571,31.7,gf,0.935,mm,OK,--,3:42:42 PM,11/28/2025,
1572,31.7,gf,0.930,mm,OK,--,3:42:42 PM,11/28/2025,
1573,31.7,gf,0.925,mm,OK,--,3:42:42 PM,11/28/2025,
1574,31.6,gf,0.925,mm,OK,--,3:42:42 PM,11/28/2025,
1575,31.4,gf,0.920,mm,OK,--,3:42:42 PM,11/28/2025,
1576,31.4,gf,0.920,mm,OK,--,3:42:42 PM,11/28/2025,
1577,31.3,gf,0.920,mm,OK,--,3:42:42 PM,11/28/2025,
1578,31.3,gf,0.915,mm,OK,--,3:42:42 PM,11/28/2025,
1579,31.2,gf,0.915,mm,OK,--,3:42:42 PM,11/28/2025,
1580,31.3,gf,0.910,mm,OK,--,3:42:42 PM,11/28/2025,
1581,31.2,gf,0.910,mm,OK,--,3:42:43 PM,11/28/2025,
1582,31.2,gf,0.905,mm,OK,--,3:42:43 PM,11/28/2025,
1583,31.4,gf,0.900,mm,OK,--,3:42:43 PM,11/28/2025,
1584,31.4,gf,0.900,mm,OK,--,3:42:43 PM,11/28/2025,
1585,31.3,gf,0.895,mm,OK,--,3:42:43 PM,11/28/2025,
1586,31.4,gf,0.890,mm,OK,--,3:42:43 PM,11/28/2025,
1587,31.6,gf,0.885,mm,OK,--,3:42:43 PM,11/28/2025,
1588,31.6,gf,0.885,mm,OK,--,3:42:43 PM,11/28/2025,
1589,31.5,gf,0.880,mm,OK,--,3:42:43 PM,11/28/2025,
1590,31.5,gf,0.880,mm,OK,--,3:42:43 PM,11/28/2025,
1591,31.4,gf,0.875,mm,OK,--,3:42:44 PM,11/28/2025,
1592,31.4,gf,0.875,mm,OK,--,3:42:44 PM,11/28/2025,
1593,31.3,gf,0.870,mm,OK,--,3:42:44 PM,11/28/2025,
1594,31.3,gf,0.870,mm,OK,--,3:42:44 PM,11/28/2025,
1595,31.2,gf,0.865,mm,OK,--,3:42:44 PM,11/28/2025,
1596,31.3,gf,0.865,mm,OK,--,3:42:44 PM,11/28/2025,
1597,31.2,gf,0.860,mm,OK,--,3:42:44 PM,11/28/2025,
1598,31.2,gf,0.860,mm,OK,--,3:42:44 PM,11/28/2025,
1599,31.1,gf,0.855,mm,OK,--,3:42:44 PM,11/28/2025,
1600,31.0,gf,0.850,mm,OK,--,3:42:44 PM,11/28/2025,
1601,30.9,gf,0.845,mm,OK,--,3:42:45 PM,11/28/2025,
1602,30.9,gf,0.840,mm,OK,--,3:42:45 PM,11/28/2025,
1603,31.0,gf,0.835,mm,OK,--,3:42:45 PM,11/28/2025,
1604,31.0,gf,0.835,mm,OK,--,3:42:45 PM,11/28/2025,
1605,31.0,gf,0.830,mm,OK,--,3:42:45 PM,11/28/2025,
1606,30.9,gf,0.830,mm,OK,--,3:42:45 PM,11/28/2025,
1607,30.8,gf,0.825,mm,OK,--,3:42:45 PM,11/28/2025,
1608,30.9,gf,0.825,mm,OK,--,3:42:45 PM,11/28/2025,
1609,30.8,gf,0.825,mm,OK,--,3:42:45 PM,11/28/2025,
1610,30.9,gf,0.820,mm,OK,--,3:42:45 PM,11/28/2025,
1611,30.9,gf,0.820,mm,OK,--,3:42:46 PM,11/28/2025,
1612,30.8,gf,0.820,mm,OK,--,3:42:46 PM,11/28/2025,
1613,30.9,gf,0.820,mm,OK,--,3:42:46 PM,11/28/2025,
1614,30.7,gf,0.815,mm,OK,--,3:42:46 PM,11/28/2025,
1615,30.6,gf,0.815,mm,OK,--,3:42:46 PM,11/28/2025,
1616,30.7,gf,0.815,mm,OK,--,3:42:46 PM,11/28/2025,
1617,30.7,gf,0.810,mm,OK,--,3:42:46 PM,11/28/2025,
1618,30.6,gf,0.810,mm,OK,--,3:42:46 PM,11/28/2025,
1619,30.5,gf,0.810,mm,OK,--,3:42:46 PM,11/28/2025,
1620,30.6,gf,0.805,mm,OK,--,3:42:46 PM,11/28/2025,
1621,30.6,gf,0.805,mm,OK,--,3:42:47 PM,11/28/2025,
1622,30.3,gf,0.805,mm,OK,--,3:42:47 PM,11/28/2025,
1623,30.4,gf,0.800,mm,OK,--,3:42:47 PM,11/28/2025,
1624,30.4,gf,0.800,mm,OK,--,3:42:47 PM,11/28/2025,
1625,30.4,gf,0.800,mm,OK,--,3:42:47 PM,11/28/2025,
1626,30.5,gf,0.795,mm,OK,--,3:42:47 PM,11/28/2025,
1627,30.6,gf,0.795,mm,OK,--,3:42:47 PM,11/28/2025,
1628,30.5,gf,0.795,mm,OK,--,3:42:47 PM,11/28/2025,
1629,30.4,gf,0.790,mm,OK,--,3:42:47 PM,11/28/2025,
1630,30.4,gf,0.790,mm,OK,--,3:42:47 PM,11/28/2025,
1631,30.7,gf,0.785,mm,OK,--,3:42:48 PM,11/28/2025,
1632,30.5,gf,0.785,mm,OK,--,3:42:48 PM,11/28/2025,
1633,30.5,gf,0.780,mm,OK,--,3:42:48 PM,11/28/2025,
1634,30.5,gf,0.780,mm,OK,--,3:42:48 PM,11/28/2025,
1635,30.5,gf,0.775,mm,OK,--,3:42:48 PM,11/28/2025,
1636,30.4,gf,0.775,mm,OK,--,3:42:48 PM,11/28/2025,
1637,30.4,gf,0.770,mm,OK,--,3:42:48 PM,11/28/2025,
1638,30.5,gf,0.770,mm,OK,--,3:42:48 PM,11/28/2025,
1639,30.5,gf,0.770,mm,OK,--,3:42:48 PM,11/28/2025,
1640,30.4,gf,0.765,mm,OK,--,3:42:48 PM,11/28/2025,
1641,30.3,gf,0.760,mm,OK,--,3:42:49 PM,11/28/2025,
1642,30.4,gf,0.760,mm,OK,--,3:42:49 PM,11/28/2025,
1643,30.2,gf,0.755,mm,OK,--,3:42:49 PM,11/28/2025,
1644,30.4,gf,0.750,mm,OK,--,3:42:49 PM,11/28/2025,
1645,30.4,gf,0.750,mm,OK,--,3:42:49 PM,11/28/2025,
1646,30.3,gf,0.745,mm,OK,--,3:42:49 PM,11/28/2025,
1647,30.2,gf,0.745,mm,OK,--,3:42:49 PM,11/28/2025,
1648,30.2,gf,0.745,mm,OK,--,3:42:49 PM,11/28/2025,
1649,30.3,gf,0.740,mm,OK,--,3:42:49 PM,11/28/2025,
1650,30.2,gf,0.735,mm,OK,--,3:42:49 PM,11/28/2025,
1651,30.2,gf,0.730,mm,OK,--,3:42:50 PM,11/28/2025,
1652,30.2,gf,0.725,mm,OK,--,3:42:50 PM,11/28/2025,
1653,30.3,gf,0.725,mm,OK,--,3:42:50 PM,11/28/2025,
1654,30.1,gf,0.720,mm,OK,--,3:42:50 PM,11/28/2025,
1655,29.9,gf,0.715,mm,OK,--,3:42:50 PM,11/28/2025,
1656,30.1,gf,0.710,mm,OK,--,3:42:50 PM,11/28/2025,
1657,30.0,gf,0.705,mm,OK,--,3:42:50 PM,11/28/2025,
1658,30.1,gf,0.700,mm,OK,--,3:42:50 PM,11/28/2025,
1659,30.1,gf,0.695,mm,OK,--,3:42:50 PM,11/28/2025,
1660,30.1,gf,0.695,mm,OK,--,3:42:50 PM,11/28/2025,
1661,29.9,gf,0.690,mm,OK,--,3:42:51 PM,11/28/2025,
1662,29.9,gf,0.685,mm,OK,--,3:42:51 PM,11/28/2025,
1663,29.8,gf,0.685,mm,OK,--,3:42:51 PM,11/28/2025,
1664,29.5,gf,0.680,mm,OK,--,3:42:51 PM,11/28/2025,
1665,29.6,gf,0.675,mm,OK,--,3:42:51 PM,11/28/2025,
1666,29.5,gf,0.675,mm,OK,--,3:42:51 PM,11/28/2025,
1667,29.6,gf,0.670,mm,OK,--,3:42:51 PM,11/28/2025,
1668,29.6,gf,0.670,mm,OK,--,3:42:51 PM,11/28/2025,
1669,29.4,gf,0.665,mm,OK,--,3:42:51 PM,11/28/2025,
1670,29.4,gf,0.665,mm,OK,--,3:42:51 PM,11/28/2025,
1671,29.2,gf,0.665,mm,OK,--,3:42:52 PM,11/28/2025,
1672,29.4,gf,0.660,mm,OK,--,3:42:52 PM,11/28/2025,
1673,29.4,gf,0.655,mm,OK,--,3:42:52 PM,11/28/2025,
1674,29.4,gf,0.655,mm,OK,--,3:42:52 PM,11/28/2025,
1675,29.4,gf,0.650,mm,OK,--,3:42:52 PM,11/28/2025,
1676,29.4,gf,0.650,mm,OK,--,3:42:52 PM,11/28/2025,
1677,29.4,gf,0.645,mm,OK,--,3:42:52 PM,11/28/2025,
1678,29.3,gf,0.640,mm,OK,--,3:42:52 PM,11/28/2025,
1679,29.5,gf,0.630,mm,OK,--,3:42:52 PM,11/28/2025,
1680,29.5,gf,0.630,mm,OK,--,3:42:52 PM,11/28/2025,
1681,29.5,gf,0.625,mm,OK,--,3:42:53 PM,11/28/2025,
1682,29.4,gf,0.625,mm,OK,--,3:42:53 PM,11/28/2025,
1683,29.4,gf,0.620,mm,OK,--,3:42:53 PM,11/28/2025,
1684,29.4,gf,0.620,mm,OK,--,3:42:53 PM,11/28/2025,
1685,29.2,gf,0.615,mm,OK,--,3:42:53 PM,11/28/2025,
1686,29.3,gf,0.610,mm,OK,--,3:42:53 PM,11/28/2025,
1687,29.4,gf,0.605,mm,OK,--,3:42:53 PM,11/28/2025,
1688,29.2,gf,0.605,mm,OK,--,3:42:53 PM,11/28/2025,
1689,29.3,gf,0.600,mm,OK,--,3:42:53 PM,11/28/2025,
1690,29.4,gf,0.600,mm,OK,--,3:42:53 PM,11/28/2025,
1691,29.3,gf,0.595,mm,OK,--,3:42:54 PM,11/28/2025,
1692,29.2,gf,0.595,mm,OK,--,3:42:54 PM,11/28/2025,
1693,29.2,gf,0.590,mm,OK,--,3:42:54 PM,11/28/2025,
1694,29.2,gf,0.590,mm,OK,--,3:42:54 PM,11/28/2025,
1695,29.3,gf,0.585,mm,OK,--,3:42:54 PM,11/28/2025,
1696,29.3,gf,0.585,mm,OK,--,3:42:54 PM,11/28/2025,
1697,29.1,gf,0.585,mm,OK,--,3:42:54 PM,11/28/2025,
1698,29.1,gf,0.585,mm,OK,--,3:42:54 PM,11/28/2025,
1699,29.1,gf,0.580,mm,OK,--,3:42:54 PM,11/28/2025,
1700,29.0,gf,0.580,mm,OK,--,3:42:54 PM,11/28/2025,
1701,29.1,gf,0.575,mm,OK,--,3:42:55 PM,11/28/2025,
1702,29.2,gf,0.575,mm,OK,--,3:42:55 PM,11/28/2025,
1703,29.1,gf,0.575,mm,OK,--,3:42:55 PM,11/28/2025,
1704,29.1,gf,0.575,mm,OK,--,3:42:55 PM,11/28/2025,
1705,29.1,gf,0.570,mm,OK,--,3:42:55 PM,11/28/2025,
1706,28.8,gf,0.570,mm,OK,--,3:42:55 PM,11/28/2025,
1707,28.8,gf,0.570,mm,OK,--,3:42:55 PM,11/28/2025,
1708,28.7,gf,0.565,mm,OK,--,3:42:55 PM,11/28/2025,
1709,28.7,gf,0.565,mm,OK,--,3:42:55 PM,11/28/2025,
1710,28.9,gf,0.560,mm,OK,--,3:42:55 PM,11/28/2025,
1711,28.9,gf,0.555,mm,OK,--,3:42:56 PM,11/28/2025,
1712,28.9,gf,0.550,mm,OK,--,3:42:56 PM,11/28/2025,
1713,28.9,gf,0.545,mm,OK,--,3:42:56 PM,11/28/2025,
1714,28.7,gf,0.535,mm,OK,--,3:42:56 PM,11/28/2025,
1715,28.7,gf,0.530,mm,OK,--,3:42:56 PM,11/28/2025,
1716,28.7,gf,0.525,mm,OK,--,3:42:56 PM,11/28/2025,
1717,28.6,gf,0.520,mm,OK,--,3:42:56 PM,11/28/2025,
1718,28.6,gf,0.515,mm,OK,--,3:42:56 PM,11/28/2025,
1719,28.7,gf,0.515,mm,OK,--,3:42:56 PM,11/28/2025,
1720,28.5,gf,0.510,mm,OK,--,3:42:56 PM,11/28/2025,
1721,28.6,gf,0.505,mm,OK,--,3:42:57 PM,11/28/2025,
1722,28.5,gf,0.500,mm,OK,--,3:42:57 PM,11/28/2025,
1723,28.4,gf,0.495,mm,OK,--,3:42:57 PM,11/28/2025,
1724,28.5,gf,0.490,mm,OK,--,3:42:57 PM,11/28/2025,
1725,28.5,gf,0.490,mm,OK,--,3:42:57 PM,11/28/2025,
1726,28.5,gf,0.485,mm,OK,--,3:42:57 PM,11/28/2025,
1727,28.3,gf,0.480,mm,OK,--,3:42:57 PM,11/28/2025,
1728,28.5,gf,0.480,mm,OK,--,3:42:57 PM,11/28/2025,
1729,28.3,gf,0.475,mm,OK,--,3:42:57 PM,11/28/2025,
1730,28.4,gf,0.470,mm,OK,--,3:42:57 PM,11/28/2025,
1731,28.3,gf,0.465,mm,OK,--,3:42:58 PM,11/28/2025,
1732,28.4,gf,0.465,mm,OK,--,3:42:58 PM,11/28/2025,
1733,28.4,gf,0.460,mm,OK,--,3:42:58 PM,11/28/2025,
1734,28.3,gf,0.460,mm,OK,--,3:42:58 PM,11/28/2025,
1735,28.3,gf,0.455,mm,OK,--,3:42:58 PM,11/28/2025,
1736,28.3,gf,0.450,mm,OK,--,3:42:58 PM,11/28/2025,
1737,28.3,gf,0.445,mm,OK,--,3:42:58 PM,11/28/2025,
1738,28.3,gf,0.435,mm,OK,--,3:42:58 PM,11/28/2025,
1739,28.4,gf,0.430,mm,OK,--,3:42:58 PM,11/28/2025,
1740,28.1,gf,0.420,mm,OK,--,3:42:58 PM,11/28/2025,
1741,28.3,gf,0.410,mm,OK,--,3:42:59 PM,11/28/2025,
1742,28.3,gf,0.405,mm,OK,--,3:42:59 PM,11/28/2025,
1743,28.4,gf,0.400,mm,OK,--,3:42:59 PM,11/28/2025,
1744,28.2,gf,0.395,mm,OK,--,3:42:59 PM,11/28/2025,
1745,28.1,gf,0.390,mm,OK,--,3:42:59 PM,11/28/2025,
1746,28.1,gf,0.385,mm,OK,--,3:42:59 PM,11/28/2025,
1747,28.0,gf,0.380,mm,OK,--,3:42:59 PM,11/28/2025,
1748,28.0,gf,0.370,mm,OK,--,3:42:59 PM,11/28/2025,
1749,28.1,gf,0.365,mm,OK,--,3:42:59 PM,11/28/2025,
1750,28.0,gf,0.360,mm,OK,--,3:42:59 PM,11/28/2025,
1751,28.1,gf,0.355,mm,OK,--,3:43:00 PM,11/28/2025,
1752,28.0,gf,0.350,mm,OK,--,3:43:00 PM,11/28/2025,
1753,27.9,gf,0.350,mm,OK,--,3:43:00 PM,11/28/2025,
1754,28.0,gf,0.345,mm,OK,--,3:43:00 PM,11/28/2025,
1755,28.0,gf,0.340,mm,OK,--,3:43:00 PM,11/28/2025,
1756,27.9,gf,0.335,mm,OK,--,3:43:00 PM,11/28/2025,
1757,27.8,gf,0.330,mm,OK,--,3:43:00 PM,11/28/2025,
1758,28.1,gf,0.330,mm,OK,--,3:43:00 PM,11/28/2025,
1759,27.9,gf,0.325,mm,OK,--,3:43:00 PM,11/28/2025,
1760,27.9,gf,0.320,mm,OK,--,3:43:00 PM,11/28/2025,
1761,28.1,gf,0.320,mm,OK,--,3:43:01 PM,11/28/2025,
1762,28.1,gf,0.315,mm,OK,--,3:43:01 PM,11/28/2025,
1763,28.1,gf,0.315,mm,OK,--,3:43:01 PM,11/28/2025,
1764,28.3,gf,0.315,mm,OK,--,3:43:01 PM,11/28/2025,
1765,28.2,gf,0.310,mm,OK,--,3:43:01 PM,11/28/2025,
1766,28.0,gf,0.310,mm,OK,--,3:43:01 PM,11/28/2025,
1767,28.0,gf,0.305,mm,OK,--,3:43:01 PM,11/28/2025,
1768,28.2,gf,0.305,mm,OK,--,3:43:01 PM,11/28/2025,
1769,28.1,gf,0.300,mm,OK,--,3:43:01 PM,11/28/2025,
1770,28.1,gf,0.300,mm,OK,--,3:43:01 PM,11/28/2025,
1771,28.1,gf,0.295,mm,OK,--,3:43:02 PM,11/28/2025,
1772,28.1,gf,0.290,mm,OK,--,3:43:02 PM,11/28/2025,
1773,28.4,gf,0.280,mm,OK,--,3:43:02 PM,11/28/2025,
1774,28.5,gf,0.265,mm,OK,--,3:43:02 PM,11/28/2025,
1775,28.4,gf,0.255,mm,OK,--,3:43:02 PM,11/28/2025,
1776,28.3,gf,0.245,mm,OK,--,3:43:02 PM,11/28/2025,
1777,28.4,gf,0.240,mm,OK,--,3:43:02 PM,11/28/2025,
1778,28.3,gf,0.235,mm,OK,--,3:43:02 PM,11/28/2025,
1779,28.3,gf,0.235,mm,OK,--,3:43:02 PM,11/28/2025,
1780,28.1,gf,0.230,mm,OK,--,3:43:02 PM,11/28/2025,
1781,28.0,gf,0.225,mm,OK,--,3:43:03 PM,11/28/2025,
1782,27.9,gf,0.220,mm,OK,--,3:43:03 PM,11/28/2025,
1783,28.0,gf,0.215,mm,OK,--,3:43:03 PM,11/28/2025,
1784,27.6,gf,0.215,mm,OK,--,3:43:03 PM,11/28/2025,
1785,27.4,gf,0.210,mm,OK,--,3:43:03 PM,11/28/2025,
1786,27.2,gf,0.210,mm,OK,--,3:43:03 PM,11/28/2025,
1787,27.1,gf,0.205,mm,OK,--,3:43:03 PM,11/28/2025,
1788,26.8,gf,0.205,mm,OK,--,3:43:03 PM,11/28/2025,
1789,26.6,gf,0.200,mm,OK,--,3:43:03 PM,11/28/2025,
1790,26.4,gf,0.200,mm,OK,--,3:43:03 PM,11/28/2025,
1791,26.3,gf,0.200,mm,OK,--,3:43:04 PM,11/28/2025,
1792,26.2,gf,0.195,mm,OK,--,3:43:04 PM,11/28/2025,
1793,26.0,gf,0.190,mm,OK,--,3:43:04 PM,11/28/2025,
1794,26.0,gf,0.190,mm,OK,--,3:43:04 PM,11/28/2025,
1795,26.1,gf,0.185,mm,OK,--,3:43:04 PM,11/28/2025,
1796,24.2,gf,0.180,mm,OK,--,3:43:04 PM,11/28/2025,
1797,11.6,gf,0.160,mm,OK,--,3:43:04 PM,11/28/2025,
1798,4.0,gf,0.155,mm,OK,--,3:43:04 PM,11/28/2025,
1799,-0.1,gf,0.150,mm,OK,--,3:43:04 PM,11/28/2025,
1800,0.1,gf,0.140,mm,OK,--,3:43:04 PM,11/28/2025,
1801,0.0,gf,0.140,mm,OK,--,3:43:05 PM,11/28/2025,
1802,0.1,gf,0.135,mm,OK,--,3:43:05 PM,11/28/2025,
1803,-0.1,gf,0.135,mm,OK,--,3:43:05 PM,11/28/2025,
1804,0.2,gf,0.125,mm,OK,--,3:43:05 PM,11/28/2025,
1805,0.0,gf,0.115,mm,OK,--,3:43:05 PM,11/28/2025,
1806,-0.1,gf,0.115,mm,OK,--,3:43:05 PM,11/28/2025,
1807,-0.1,gf,0.110,mm,OK,--,3:43:05 PM,11/28/2025,
1808,0.1,gf,0.105,mm,OK,--,3:43:05 PM,11/28/2025,
1809,0.1,gf,0.100,mm,OK,--,3:43:05 PM,11/28/2025,
1810,-0.1,gf,0.100,mm,OK,--,3:43:05 PM,11/28/2025,
1811,-0.1,gf,0.095,mm,OK,--,3:43:06 PM,11/28/2025,
1812,0.1,gf,0.095,mm,OK,--,3:43:06 PM,11/28/2025,
1813,0.0,gf,0.090,mm,OK,--,3:43:06 PM,11/28/2025,
1814,-0.1,gf,0.085,mm,OK,--,3:43:06 PM,11/28/2025,
1815,0.1,gf,0.080,mm,OK,--,3:43:06 PM,11/28/2025,
1816,0.2,gf,0.075,mm,OK,--,3:43:06 PM,11/28/2025,
1817,0.1,gf,0.070,mm,OK,--,3:43:06 PM,11/28/2025,
1818,-0.1,gf,0.055,mm,OK,--,3:43:06 PM,11/28/2025,
1819,0.1,gf,0.030,mm,OK,--,3:43:06 PM,11/28/2025,
1820,0.2,gf,0.025,mm,OK,--,3:43:06 PM,11/28/2025,
1821,0.0,gf,0.010,mm,OK,--,3:43:07 PM,11/28/2025,
1822,-0.1,gf,-0.005,mm,OK,--,3:43:07 PM,11/28/2025,
1823,0.0,gf,-0.020,mm,OK,--,3:43:07 PM,11/28/2025,
1824,0.0,gf,-0.020,mm,OK,--,3:43:07 PM,11/28/2025,
1825,0.1,gf,-0.025,mm,OK,--,3:43:07 PM,11/28/2025,
1826,-0.1,gf,-0.025,mm,OK,--,3:43:07 PM,11/28/2025,
1827,0.0,gf,-0.030,mm,OK,--,3:43:07 PM,11/28/2025,
1828,0.0,gf,-0.030,mm,OK,--,3:43:07 PM,11/28/2025,
1829,-0.1,gf,-0.030,mm,OK,--,3:43:07 PM,11/28/2025,
1830,0.1,gf,-0.030,mm,OK,--,3:43:07 PM,11/28/2025,
1831,0.1,gf,-0.030,mm,OK,--,3:43:08 PM,11/28/2025,
1832,-0.1,gf,-0.030,mm,OK,--,3:43:08 PM,11/28/2025,
1833,-0.1,gf,-0.030,mm,OK,--,3:43:08 PM,11/28/2025,
1834,0.1,gf,-0.025,mm,OK,--,3:43:08 PM,11/28/2025,
1835,0.0,gf,-0.020,mm,OK,--,3:43:08 PM,11/28/2025,
1836,-0.1,gf,-0.020,mm,OK,--,3:43:08 PM,11/28/2025,
1837,0.1,gf,-0.015,mm,OK,--,3:43:08 PM,11/28/2025,
1838,0.1,gf,-0.010,mm,OK,--,3:43:08 PM,11/28/2025,
1839,0.0,gf,-0.010,mm,OK,--,3:43:08 PM,11/28/2025,
1840,-0.1,gf,-0.005,mm,OK,--,3:43:08 PM,11/28/2025,
1841,0.1,gf,0.000,mm,OK,--,3:43:09 PM,11/28/2025,
1842,0.2,gf,0.000,mm,OK,--,3:43:09 PM,11/28/2025,
1843,0.1,gf,0.005,mm,OK,--,3:43:09 PM,11/28/2025,
1844,-0.1,gf,0.010,mm,OK,--,3:43:09 PM,11/28/2025,
1845,0.1,gf,0.010,mm,OK,--,3:43:09 PM,11/28/2025,
1846,0.1,gf,0.015,mm,OK,--,3:43:09 PM,11/28/2025,
1847,-0.1,gf,0.020,mm,OK,--,3:43:09 PM,11/28/2025,
1848,0.0,gf,0.020,mm,OK,--,3:43:09 PM,11/28/2025,
1849,0.2,gf,0.025,mm,OK,--,3:43:09 PM,11/28/2025,
