Maximum,198.4,@,No.1007,,,,,,
Minimum,-0.1,@,No.51,,,,,,
Average,51.33,,,,,,,,
Data Quantity,1910,,,,,,,,
Number of NG,0,,,,,,,,
No.,Force,Unit,Displacement,Unit,Judge,Position,Time,Date,
1,0.0,gf,0.005,mm,OK,--,12:36:47 PM,7/3/2025,
2,0.0,gf,0.005,mm,OK,--,12:36:47 PM,7/3/2025,
3,0.0,gf,0.005,mm,OK,--,12:36:47 PM,7/3/2025,
4,0.0,gf,0.005,mm,OK,--,12:36:48 PM,7/3/2025,
5,0.0,gf,0.005,mm,OK,--,12:36:48 PM,7/3/2025,
6,0.0,gf,0.005,mm,OK,--,12:36:48 PM,7/3/2025,
7,0.0,gf,0.005,mm,OK,--,12:36:48 PM,7/3/2025,
8,0.0,gf,0.005,mm,OK,--,12:36:48 PM,7/3/2025,
9,0.0,gf,0.005,mm,OK,--,12:36:48 PM,7/3/2025,
10,0.0,gf,0.005,mm,OK,--,12:36:48 PM,7/3/2025,
11,0.0,gf,0.005,mm,OK,--,12:36:48 PM,7/3/2025,
12,0.0,gf,0.005,mm,OK,--,12:36:48 PM,7/3/2025,
13,0.0,gf,0.005,mm,OK,--,12:36:48 PM,7/3/2025,
14,0.0,gf,0.005,mm,OK,--,12:36:49 PM,7/3/2025,
15,0.0,gf,0.005,mm,OK,--,12:36:49 PM,7/3/2025,
16,0.0,gf,0.005,mm,OK,--,12:36:49 PM,7/3/2025,
17,0.0,gf,0.010,mm,OK,--,12:36:49 PM,7/3/2025,
18,0.1,gf,0.010,mm,OK,--,12:36:49 PM,7/3/2025,
19,0.0,gf,0.010,mm,OK,--,12:36:49 PM,7/3/2025,
20,0.0,gf,0.010,mm,OK,--,12:36:49 PM,7/3/2025,
21,0.0,gf,0.015,mm,OK,--,12:36:49 PM,7/3/2025,
22,0.0,gf,0.015,mm,OK,--,12:36:49 PM,7/3/2025,
23,0.0,gf,0.015,mm,OK,--,12:36:49 PM,7/3/2025,
24,0.0,gf,0.015,mm,OK,--,12:36:50 PM,7/3/2025,
25,0.0,gf,0.020,mm,OK,--,12:36:50 PM,7/3/2025,
26,0.0,gf,0.020,mm,OK,--,12:36:50 PM,7/3/2025,
27,0.0,gf,0.025,mm,OK,--,12:36:50 PM,7/3/2025,
28,0.0,gf,0.025,mm,OK,--,12:36:50 PM,7/3/2025,
29,0.0,gf,0.030,mm,OK,--,12:36:50 PM,7/3/2025,
30,0.0,gf,0.030,mm,OK,--,12:36:50 PM,7/3/2025,
31,0.0,gf,0.035,mm,OK,--,12:36:50 PM,7/3/2025,
32,0.0,gf,0.040,mm,OK,--,12:36:50 PM,7/3/2025,
33,0.0,gf,0.040,mm,OK,--,12:36:50 PM,7/3/2025,
34,0.0,gf,0.045,mm,OK,--,12:36:51 PM,7/3/2025,
35,0.0,gf,0.045,mm,OK,--,12:36:51 PM,7/3/2025,
36,0.0,gf,0.050,mm,OK,--,12:36:51 PM,7/3/2025,
37,0.0,gf,0.050,mm,OK,--,12:36:51 PM,7/3/2025,
38,0.1,gf,0.055,mm,OK,--,12:36:51 PM,7/3/2025,
39,0.0,gf,0.055,mm,OK,--,12:36:51 PM,7/3/2025,
40,0.0,gf,0.055,mm,OK,--,12:36:51 PM,7/3/2025,
41,0.0,gf,0.055,mm,OK,--,12:36:51 PM,7/3/2025,
42,0.0,gf,0.060,mm,OK,--,12:36:51 PM,7/3/2025,
43,0.0,gf,0.060,mm,OK,--,12:36:51 PM,7/3/2025,
44,0.0,gf,0.060,mm,OK,--,12:36:52 PM,7/3/2025,
45,0.0,gf,0.065,mm,OK,--,12:36:52 PM,7/3/2025,
46,0.0,gf,0.065,mm,OK,--,12:36:52 PM,7/3/2025,
47,0.0,gf,0.070,mm,OK,--,12:36:52 PM,7/3/2025,
48,0.0,gf,0.070,mm,OK,--,12:36:52 PM,7/3/2025,
49,0.0,gf,0.075,mm,OK,--,12:36:52 PM,7/3/2025,
50,0.0,gf,0.075,mm,OK,--,12:36:52 PM,7/3/2025,
51,-0.1,gf,0.075,mm,OK,--,12:36:52 PM,7/3/2025,
52,0.0,gf,0.075,mm,OK,--,12:36:52 PM,7/3/2025,
53,0.1,gf,0.075,mm,OK,--,12:36:52 PM,7/3/2025,
54,0.0,gf,0.080,mm,OK,--,12:36:53 PM,7/3/2025,
55,0.0,gf,0.080,mm,OK,--,12:36:53 PM,7/3/2025,
56,0.0,gf,0.085,mm,OK,--,12:36:53 PM,7/3/2025,
57,0.0,gf,0.085,mm,OK,--,12:36:53 PM,7/3/2025,
58,0.0,gf,0.090,mm,OK,--,12:36:53 PM,7/3/2025,
59,-0.1,gf,0.090,mm,OK,--,12:36:53 PM,7/3/2025,
60,0.0,gf,0.095,mm,OK,--,12:36:53 PM,7/3/2025,
61,0.0,gf,0.100,mm,OK,--,12:36:53 PM,7/3/2025,
62,-0.1,gf,0.110,mm,OK,--,12:36:53 PM,7/3/2025,
63,0.1,gf,0.115,mm,OK,--,12:36:53 PM,7/3/2025,
64,0.0,gf,0.115,mm,OK,--,12:36:54 PM,7/3/2025,
65,0.0,gf,0.120,mm,OK,--,12:36:54 PM,7/3/2025,
66,0.0,gf,0.125,mm,OK,--,12:36:54 PM,7/3/2025,
67,0.0,gf,0.130,mm,OK,--,12:36:54 PM,7/3/2025,
68,0.0,gf,0.135,mm,OK,--,12:36:54 PM,7/3/2025,
69,0.0,gf,0.140,mm,OK,--,12:36:54 PM,7/3/2025,
70,0.0,gf,0.145,mm,OK,--,12:36:54 PM,7/3/2025,
71,0.0,gf,0.150,mm,OK,--,12:36:54 PM,7/3/2025,
72,-0.1,gf,0.155,mm,OK,--,12:36:54 PM,7/3/2025,
73,0.1,gf,0.160,mm,OK,--,12:36:54 PM,7/3/2025,
74,0.0,gf,0.165,mm,OK,--,12:36:55 PM,7/3/2025,
75,0.0,gf,0.175,mm,OK,--,12:36:55 PM,7/3/2025,
76,3.8,gf,0.180,mm,OK,--,12:36:55 PM,7/3/2025,
77,7.4,gf,0.185,mm,OK,--,12:36:55 PM,7/3/2025,
78,10.5,gf,0.190,mm,OK,--,12:36:55 PM,7/3/2025,
79,13.2,gf,0.195,mm,OK,--,12:36:55 PM,7/3/2025,
80,16.1,gf,0.200,mm,OK,--,12:36:55 PM,7/3/2025,
81,18.9,gf,0.200,mm,OK,--,12:36:55 PM,7/3/2025,
82,21.5,gf,0.205,mm,OK,--,12:36:55 PM,7/3/2025,
83,24.7,gf,0.210,mm,OK,--,12:36:55 PM,7/3/2025,
84,26.0,gf,0.215,mm,OK,--,12:36:56 PM,7/3/2025,
85,26.2,gf,0.220,mm,OK,--,12:36:56 PM,7/3/2025,
86,26.1,gf,0.225,mm,OK,--,12:36:56 PM,7/3/2025,
87,26.1,gf,0.225,mm,OK,--,12:36:56 PM,7/3/2025,
88,26.3,gf,0.230,mm,OK,--,12:36:56 PM,7/3/2025,
89,27.0,gf,0.230,mm,OK,--,12:36:56 PM,7/3/2025,
90,27.8,gf,0.235,mm,OK,--,12:36:56 PM,7/3/2025,
91,28.7,gf,0.235,mm,OK,--,12:36:56 PM,7/3/2025,
92,29.3,gf,0.235,mm,OK,--,12:36:56 PM,7/3/2025,
93,27.5,gf,0.240,mm,OK,--,12:36:56 PM,7/3/2025,
94,28.0,gf,0.240,mm,OK,--,12:36:57 PM,7/3/2025,
95,27.8,gf,0.245,mm,OK,--,12:36:57 PM,7/3/2025,
96,27.9,gf,0.250,mm,OK,--,12:36:57 PM,7/3/2025,
97,27.8,gf,0.250,mm,OK,--,12:36:57 PM,7/3/2025,
98,28.1,gf,0.255,mm,OK,--,12:36:57 PM,7/3/2025,
99,28.1,gf,0.255,mm,OK,--,12:36:57 PM,7/3/2025,
100,28.0,gf,0.260,mm,OK,--,12:36:57 PM,7/3/2025,
101,28.7,gf,0.265,mm,OK,--,12:36:57 PM,7/3/2025,
102,29.8,gf,0.265,mm,OK,--,12:36:57 PM,7/3/2025,
103,30.3,gf,0.270,mm,OK,--,12:36:57 PM,7/3/2025,
104,30.9,gf,0.275,mm,OK,--,12:36:58 PM,7/3/2025,
105,31.7,gf,0.275,mm,OK,--,12:36:58 PM,7/3/2025,
106,31.9,gf,0.275,mm,OK,--,12:36:58 PM,7/3/2025,
107,31.9,gf,0.280,mm,OK,--,12:36:58 PM,7/3/2025,
108,31.9,gf,0.280,mm,OK,--,12:36:58 PM,7/3/2025,
109,31.9,gf,0.285,mm,OK,--,12:36:58 PM,7/3/2025,
110,31.9,gf,0.290,mm,OK,--,12:36:58 PM,7/3/2025,
111,31.9,gf,0.290,mm,OK,--,12:36:58 PM,7/3/2025,
112,32.0,gf,0.300,mm,OK,--,12:36:58 PM,7/3/2025,
113,32.0,gf,0.305,mm,OK,--,12:36:58 PM,7/3/2025,
114,32.1,gf,0.310,mm,OK,--,12:36:59 PM,7/3/2025,
115,32.1,gf,0.310,mm,OK,--,12:36:59 PM,7/3/2025,
116,32.1,gf,0.315,mm,OK,--,12:36:59 PM,7/3/2025,
117,32.2,gf,0.320,mm,OK,--,12:36:59 PM,7/3/2025,
118,32.3,gf,0.330,mm,OK,--,12:36:59 PM,7/3/2025,
119,32.2,gf,0.330,mm,OK,--,12:36:59 PM,7/3/2025,
120,32.2,gf,0.335,mm,OK,--,12:36:59 PM,7/3/2025,
121,32.3,gf,0.340,mm,OK,--,12:36:59 PM,7/3/2025,
122,32.4,gf,0.345,mm,OK,--,12:36:59 PM,7/3/2025,
123,32.4,gf,0.350,mm,OK,--,12:36:59 PM,7/3/2025,
124,32.4,gf,0.350,mm,OK,--,12:37:00 PM,7/3/2025,
125,32.5,gf,0.355,mm,OK,--,12:37:00 PM,7/3/2025,
126,32.6,gf,0.360,mm,OK,--,12:37:00 PM,7/3/2025,
127,32.6,gf,0.365,mm,OK,--,12:37:00 PM,7/3/2025,
128,32.7,gf,0.370,mm,OK,--,12:37:00 PM,7/3/2025,
129,32.7,gf,0.375,mm,OK,--,12:37:00 PM,7/3/2025,
130,32.8,gf,0.380,mm,OK,--,12:37:00 PM,7/3/2025,
131,32.9,gf,0.385,mm,OK,--,12:37:00 PM,7/3/2025,
132,32.9,gf,0.390,mm,OK,--,12:37:00 PM,7/3/2025,
133,33.0,gf,0.395,mm,OK,--,12:37:00 PM,7/3/2025,
134,33.0,gf,0.400,mm,OK,--,12:37:01 PM,7/3/2025,
135,32.9,gf,0.405,mm,OK,--,12:37:01 PM,7/3/2025,
136,32.9,gf,0.410,mm,OK,--,12:37:01 PM,7/3/2025,
137,33.0,gf,0.415,mm,OK,--,12:37:01 PM,7/3/2025,
138,33.1,gf,0.420,mm,OK,--,12:37:01 PM,7/3/2025,
139,33.1,gf,0.420,mm,OK,--,12:37:01 PM,7/3/2025,
140,33.1,gf,0.425,mm,OK,--,12:37:01 PM,7/3/2025,
141,33.1,gf,0.430,mm,OK,--,12:37:01 PM,7/3/2025,
142,33.1,gf,0.435,mm,OK,--,12:37:01 PM,7/3/2025,
143,33.2,gf,0.440,mm,OK,--,12:37:01 PM,7/3/2025,
144,33.2,gf,0.445,mm,OK,--,12:37:02 PM,7/3/2025,
145,33.2,gf,0.450,mm,OK,--,12:37:02 PM,7/3/2025,
146,33.3,gf,0.455,mm,OK,--,12:37:02 PM,7/3/2025,
147,33.3,gf,0.460,mm,OK,--,12:37:02 PM,7/3/2025,
148,33.3,gf,0.465,mm,OK,--,12:37:02 PM,7/3/2025,
149,33.2,gf,0.470,mm,OK,--,12:37:02 PM,7/3/2025,
150,33.3,gf,0.475,mm,OK,--,12:37:02 PM,7/3/2025,
151,33.3,gf,0.480,mm,OK,--,12:37:02 PM,7/3/2025,
152,33.3,gf,0.485,mm,OK,--,12:37:02 PM,7/3/2025,
153,33.3,gf,0.490,mm,OK,--,12:37:02 PM,7/3/2025,
154,33.2,gf,0.495,mm,OK,--,12:37:03 PM,7/3/2025,
155,33.3,gf,0.500,mm,OK,--,12:37:03 PM,7/3/2025,
156,33.3,gf,0.505,mm,OK,--,12:37:03 PM,7/3/2025,
157,33.3,gf,0.510,mm,OK,--,12:37:03 PM,7/3/2025,
158,33.4,gf,0.520,mm,OK,--,12:37:03 PM,7/3/2025,
159,33.4,gf,0.525,mm,OK,--,12:37:03 PM,7/3/2025,
160,33.4,gf,0.530,mm,OK,--,12:37:03 PM,7/3/2025,
161,33.4,gf,0.535,mm,OK,--,12:37:03 PM,7/3/2025,
162,33.4,gf,0.540,mm,OK,--,12:37:03 PM,7/3/2025,
163,33.4,gf,0.545,mm,OK,--,12:37:03 PM,7/3/2025,
164,33.5,gf,0.550,mm,OK,--,12:37:04 PM,7/3/2025,
165,33.5,gf,0.555,mm,OK,--,12:37:04 PM,7/3/2025,
166,33.5,gf,0.560,mm,OK,--,12:37:04 PM,7/3/2025,
167,33.5,gf,0.565,mm,OK,--,12:37:04 PM,7/3/2025,
168,33.5,gf,0.570,mm,OK,--,12:37:04 PM,7/3/2025,
169,33.5,gf,0.580,mm,OK,--,12:37:04 PM,7/3/2025,
170,33.6,gf,0.585,mm,OK,--,12:37:04 PM,7/3/2025,
171,33.6,gf,0.595,mm,OK,--,12:37:04 PM,7/3/2025,
172,33.6,gf,0.600,mm,OK,--,12:37:04 PM,7/3/2025,
173,33.5,gf,0.610,mm,OK,--,12:37:04 PM,7/3/2025,
174,33.7,gf,0.615,mm,OK,--,12:37:05 PM,7/3/2025,
175,33.7,gf,0.625,mm,OK,--,12:37:05 PM,7/3/2025,
176,33.7,gf,0.630,mm,OK,--,12:37:05 PM,7/3/2025,
177,33.6,gf,0.640,mm,OK,--,12:37:05 PM,7/3/2025,
178,33.6,gf,0.645,mm,OK,--,12:37:05 PM,7/3/2025,
179,33.6,gf,0.650,mm,OK,--,12:37:05 PM,7/3/2025,
180,33.6,gf,0.650,mm,OK,--,12:37:05 PM,7/3/2025,
181,33.6,gf,0.655,mm,OK,--,12:37:05 PM,7/3/2025,
182,33.7,gf,0.660,mm,OK,--,12:37:05 PM,7/3/2025,
183,33.7,gf,0.660,mm,OK,--,12:37:05 PM,7/3/2025,
184,33.7,gf,0.665,mm,OK,--,12:37:06 PM,7/3/2025,
185,33.8,gf,0.670,mm,OK,--,12:37:06 PM,7/3/2025,
186,33.8,gf,0.675,mm,OK,--,12:37:06 PM,7/3/2025,
187,33.8,gf,0.675,mm,OK,--,12:37:06 PM,7/3/2025,
188,33.8,gf,0.680,mm,OK,--,12:37:06 PM,7/3/2025,
189,33.8,gf,0.685,mm,OK,--,12:37:06 PM,7/3/2025,
190,33.8,gf,0.690,mm,OK,--,12:37:06 PM,7/3/2025,
191,33.8,gf,0.695,mm,OK,--,12:37:06 PM,7/3/2025,
192,33.7,gf,0.700,mm,OK,--,12:37:06 PM,7/3/2025,
193,33.7,gf,0.705,mm,OK,--,12:37:06 PM,7/3/2025,
194,33.8,gf,0.710,mm,OK,--,12:37:07 PM,7/3/2025,
195,33.9,gf,0.715,mm,OK,--,12:37:07 PM,7/3/2025,
196,33.9,gf,0.720,mm,OK,--,12:37:07 PM,7/3/2025,
197,33.8,gf,0.720,mm,OK,--,12:37:07 PM,7/3/2025,
198,33.9,gf,0.725,mm,OK,--,12:37:07 PM,7/3/2025,
199,33.9,gf,0.725,mm,OK,--,12:37:07 PM,7/3/2025,
200,34.0,gf,0.725,mm,OK,--,12:37:07 PM,7/3/2025,
201,34.0,gf,0.730,mm,OK,--,12:37:07 PM,7/3/2025,
202,34.0,gf,0.735,mm,OK,--,12:37:07 PM,7/3/2025,
203,34.0,gf,0.740,mm,OK,--,12:37:07 PM,7/3/2025,
204,34.0,gf,0.745,mm,OK,--,12:37:08 PM,7/3/2025,
205,33.9,gf,0.750,mm,OK,--,12:37:08 PM,7/3/2025,
206,34.0,gf,0.755,mm,OK,--,12:37:08 PM,7/3/2025,
207,34.0,gf,0.760,mm,OK,--,12:37:08 PM,7/3/2025,
208,34.1,gf,0.765,mm,OK,--,12:37:08 PM,7/3/2025,
209,34.0,gf,0.765,mm,OK,--,12:37:08 PM,7/3/2025,
210,34.1,gf,0.770,mm,OK,--,12:37:08 PM,7/3/2025,
211,34.1,gf,0.770,mm,OK,--,12:37:08 PM,7/3/2025,
212,34.1,gf,0.775,mm,OK,--,12:37:08 PM,7/3/2025,
213,34.1,gf,0.780,mm,OK,--,12:37:08 PM,7/3/2025,
214,34.1,gf,0.785,mm,OK,--,12:37:09 PM,7/3/2025,
215,34.1,gf,0.790,mm,OK,--,12:37:09 PM,7/3/2025,
216,34.1,gf,0.790,mm,OK,--,12:37:09 PM,7/3/2025,
217,34.1,gf,0.795,mm,OK,--,12:37:09 PM,7/3/2025,
218,34.2,gf,0.800,mm,OK,--,12:37:09 PM,7/3/2025,
219,34.2,gf,0.805,mm,OK,--,12:37:09 PM,7/3/2025,
220,34.2,gf,0.810,mm,OK,--,12:37:09 PM,7/3/2025,
221,34.2,gf,0.815,mm,OK,--,12:37:09 PM,7/3/2025,
222,34.2,gf,0.820,mm,OK,--,12:37:09 PM,7/3/2025,
223,34.2,gf,0.825,mm,OK,--,12:37:09 PM,7/3/2025,
224,34.2,gf,0.830,mm,OK,--,12:37:10 PM,7/3/2025,
225,34.2,gf,0.835,mm,OK,--,12:37:10 PM,7/3/2025,
226,34.2,gf,0.840,mm,OK,--,12:37:10 PM,7/3/2025,
227,34.4,gf,0.845,mm,OK,--,12:37:10 PM,7/3/2025,
228,34.3,gf,0.850,mm,OK,--,12:37:10 PM,7/3/2025,
229,34.3,gf,0.860,mm,OK,--,12:37:10 PM,7/3/2025,
230,34.3,gf,0.865,mm,OK,--,12:37:10 PM,7/3/2025,
231,34.4,gf,0.870,mm,OK,--,12:37:10 PM,7/3/2025,
232,34.4,gf,0.880,mm,OK,--,12:37:10 PM,7/3/2025,
233,34.4,gf,0.885,mm,OK,--,12:37:10 PM,7/3/2025,
234,34.4,gf,0.890,mm,OK,--,12:37:11 PM,7/3/2025,
235,34.4,gf,0.895,mm,OK,--,12:37:11 PM,7/3/2025,
236,34.4,gf,0.900,mm,OK,--,12:37:11 PM,7/3/2025,
237,34.4,gf,0.905,mm,OK,--,12:37:11 PM,7/3/2025,
238,34.4,gf,0.910,mm,OK,--,12:37:11 PM,7/3/2025,
239,34.5,gf,0.920,mm,OK,--,12:37:11 PM,7/3/2025,
240,34.5,gf,0.925,mm,OK,--,12:37:11 PM,7/3/2025,
241,34.5,gf,0.935,mm,OK,--,12:37:11 PM,7/3/2025,
242,34.5,gf,0.940,mm,OK,--,12:37:11 PM,7/3/2025,
243,34.5,gf,0.945,mm,OK,--,12:37:11 PM,7/3/2025,
244,34.7,gf,0.950,mm,OK,--,12:37:12 PM,7/3/2025,
245,34.6,gf,0.960,mm,OK,--,12:37:12 PM,7/3/2025,
246,34.6,gf,0.965,mm,OK,--,12:37:12 PM,7/3/2025,
247,34.6,gf,0.970,mm,OK,--,12:37:12 PM,7/3/2025,
248,34.5,gf,0.975,mm,OK,--,12:37:12 PM,7/3/2025,
249,34.7,gf,0.980,mm,OK,--,12:37:12 PM,7/3/2025,
250,34.6,gf,0.985,mm,OK,--,12:37:12 PM,7/3/2025,
251,34.6,gf,0.985,mm,OK,--,12:37:12 PM,7/3/2025,
252,34.7,gf,0.990,mm,OK,--,12:37:12 PM,7/3/2025,
253,34.7,gf,0.990,mm,OK,--,12:37:12 PM,7/3/2025,
254,34.8,gf,0.995,mm,OK,--,12:37:13 PM,7/3/2025,
255,34.7,gf,1.000,mm,OK,--,12:37:13 PM,7/3/2025,
256,34.7,gf,1.000,mm,OK,--,12:37:13 PM,7/3/2025,
257,34.8,gf,1.005,mm,OK,--,12:37:13 PM,7/3/2025,
258,34.8,gf,1.005,mm,OK,--,12:37:13 PM,7/3/2025,
259,34.8,gf,1.010,mm,OK,--,12:37:13 PM,7/3/2025,
260,34.8,gf,1.015,mm,OK,--,12:37:13 PM,7/3/2025,
261,34.8,gf,1.015,mm,OK,--,12:37:13 PM,7/3/2025,
262,34.8,gf,1.020,mm,OK,--,12:37:13 PM,7/3/2025,
263,34.8,gf,1.020,mm,OK,--,12:37:13 PM,7/3/2025,
264,34.8,gf,1.025,mm,OK,--,12:37:14 PM,7/3/2025,
265,34.8,gf,1.030,mm,OK,--,12:37:14 PM,7/3/2025,
266,34.7,gf,1.030,mm,OK,--,12:37:14 PM,7/3/2025,
267,34.7,gf,1.035,mm,OK,--,12:37:14 PM,7/3/2025,
268,34.8,gf,1.040,mm,OK,--,12:37:14 PM,7/3/2025,
269,34.9,gf,1.040,mm,OK,--,12:37:14 PM,7/3/2025,
270,34.9,gf,1.045,mm,OK,--,12:37:14 PM,7/3/2025,
271,34.9,gf,1.045,mm,OK,--,12:37:14 PM,7/3/2025,
272,34.8,gf,1.050,mm,OK,--,12:37:14 PM,7/3/2025,
273,34.8,gf,1.050,mm,OK,--,12:37:14 PM,7/3/2025,
274,34.9,gf,1.050,mm,OK,--,12:37:15 PM,7/3/2025,
275,34.9,gf,1.055,mm,OK,--,12:37:15 PM,7/3/2025,
276,35.0,gf,1.055,mm,OK,--,12:37:15 PM,7/3/2025,
277,34.9,gf,1.055,mm,OK,--,12:37:15 PM,7/3/2025,
278,34.9,gf,1.060,mm,OK,--,12:37:15 PM,7/3/2025,
279,35.0,gf,1.060,mm,OK,--,12:37:15 PM,7/3/2025,
280,35.0,gf,1.060,mm,OK,--,12:37:15 PM,7/3/2025,
281,35.0,gf,1.065,mm,OK,--,12:37:15 PM,7/3/2025,
282,35.0,gf,1.070,mm,OK,--,12:37:15 PM,7/3/2025,
283,34.9,gf,1.070,mm,OK,--,12:37:15 PM,7/3/2025,
284,34.8,gf,1.075,mm,OK,--,12:37:16 PM,7/3/2025,
285,34.8,gf,1.075,mm,OK,--,12:37:16 PM,7/3/2025,
286,34.8,gf,1.075,mm,OK,--,12:37:16 PM,7/3/2025,
287,34.9,gf,1.080,mm,OK,--,12:37:16 PM,7/3/2025,
288,34.9,gf,1.080,mm,OK,--,12:37:16 PM,7/3/2025,
289,34.9,gf,1.085,mm,OK,--,12:37:16 PM,7/3/2025,
290,34.9,gf,1.085,mm,OK,--,12:37:16 PM,7/3/2025,
291,34.9,gf,1.090,mm,OK,--,12:37:16 PM,7/3/2025,
292,34.9,gf,1.090,mm,OK,--,12:37:16 PM,7/3/2025,
293,35.1,gf,1.095,mm,OK,--,12:37:16 PM,7/3/2025,
294,35.1,gf,1.095,mm,OK,--,12:37:17 PM,7/3/2025,
295,35.2,gf,1.100,mm,OK,--,12:37:17 PM,7/3/2025,
296,35.2,gf,1.105,mm,OK,--,12:37:17 PM,7/3/2025,
297,35.2,gf,1.110,mm,OK,--,12:37:17 PM,7/3/2025,
298,35.2,gf,1.115,mm,OK,--,12:37:17 PM,7/3/2025,
299,35.1,gf,1.120,mm,OK,--,12:37:17 PM,7/3/2025,
300,35.2,gf,1.130,mm,OK,--,12:37:17 PM,7/3/2025,
301,35.2,gf,1.135,mm,OK,--,12:37:17 PM,7/3/2025,
302,35.2,gf,1.140,mm,OK,--,12:37:17 PM,7/3/2025,
303,35.2,gf,1.150,mm,OK,--,12:37:17 PM,7/3/2025,
304,35.3,gf,1.155,mm,OK,--,12:37:18 PM,7/3/2025,
305,35.3,gf,1.160,mm,OK,--,12:37:18 PM,7/3/2025,
306,35.3,gf,1.160,mm,OK,--,12:37:18 PM,7/3/2025,
307,35.2,gf,1.165,mm,OK,--,12:37:18 PM,7/3/2025,
308,35.3,gf,1.170,mm,OK,--,12:37:18 PM,7/3/2025,
309,35.3,gf,1.170,mm,OK,--,12:37:18 PM,7/3/2025,
310,35.3,gf,1.175,mm,OK,--,12:37:18 PM,7/3/2025,
311,35.3,gf,1.175,mm,OK,--,12:37:18 PM,7/3/2025,
312,35.3,gf,1.180,mm,OK,--,12:37:18 PM,7/3/2025,
313,35.4,gf,1.180,mm,OK,--,12:37:18 PM,7/3/2025,
314,35.4,gf,1.185,mm,OK,--,12:37:19 PM,7/3/2025,
315,35.3,gf,1.190,mm,OK,--,12:37:19 PM,7/3/2025,
316,35.5,gf,1.195,mm,OK,--,12:37:19 PM,7/3/2025,
317,35.5,gf,1.200,mm,OK,--,12:37:19 PM,7/3/2025,
318,35.5,gf,1.205,mm,OK,--,12:37:19 PM,7/3/2025,
319,35.5,gf,1.210,mm,OK,--,12:37:19 PM,7/3/2025,
320,35.4,gf,1.220,mm,OK,--,12:37:19 PM,7/3/2025,
321,35.4,gf,1.220,mm,OK,--,12:37:19 PM,7/3/2025,
322,35.4,gf,1.225,mm,OK,--,12:37:19 PM,7/3/2025,
323,35.4,gf,1.230,mm,OK,--,12:37:19 PM,7/3/2025,
324,35.4,gf,1.235,mm,OK,--,12:37:20 PM,7/3/2025,
325,35.4,gf,1.235,mm,OK,--,12:37:20 PM,7/3/2025,
326,35.4,gf,1.240,mm,OK,--,12:37:20 PM,7/3/2025,
327,35.4,gf,1.245,mm,OK,--,12:37:20 PM,7/3/2025,
328,35.4,gf,1.245,mm,OK,--,12:37:20 PM,7/3/2025,
329,35.5,gf,1.250,mm,OK,--,12:37:20 PM,7/3/2025,
330,35.6,gf,1.250,mm,OK,--,12:37:20 PM,7/3/2025,
331,35.7,gf,1.255,mm,OK,--,12:37:20 PM,7/3/2025,
332,35.7,gf,1.255,mm,OK,--,12:37:20 PM,7/3/2025,
333,35.7,gf,1.260,mm,OK,--,12:37:20 PM,7/3/2025,
334,35.7,gf,1.265,mm,OK,--,12:37:21 PM,7/3/2025,
335,35.6,gf,1.265,mm,OK,--,12:37:21 PM,7/3/2025,
336,35.6,gf,1.270,mm,OK,--,12:37:21 PM,7/3/2025,
337,35.6,gf,1.270,mm,OK,--,12:37:21 PM,7/3/2025,
338,35.7,gf,1.275,mm,OK,--,12:37:21 PM,7/3/2025,
339,35.7,gf,1.280,mm,OK,--,12:37:21 PM,7/3/2025,
340,35.6,gf,1.285,mm,OK,--,12:37:21 PM,7/3/2025,
341,35.6,gf,1.285,mm,OK,--,12:37:21 PM,7/3/2025,
342,35.7,gf,1.290,mm,OK,--,12:37:21 PM,7/3/2025,
343,35.7,gf,1.295,mm,OK,--,12:37:21 PM,7/3/2025,
344,35.7,gf,1.300,mm,OK,--,12:37:22 PM,7/3/2025,
345,35.8,gf,1.305,mm,OK,--,12:37:22 PM,7/3/2025,
346,35.9,gf,1.315,mm,OK,--,12:37:22 PM,7/3/2025,
347,35.8,gf,1.325,mm,OK,--,12:37:22 PM,7/3/2025,
348,35.9,gf,1.335,mm,OK,--,12:37:22 PM,7/3/2025,
349,35.9,gf,1.340,mm,OK,--,12:37:22 PM,7/3/2025,
350,35.9,gf,1.345,mm,OK,--,12:37:22 PM,7/3/2025,
351,35.9,gf,1.350,mm,OK,--,12:37:22 PM,7/3/2025,
352,35.9,gf,1.355,mm,OK,--,12:37:22 PM,7/3/2025,
353,36.1,gf,1.365,mm,OK,--,12:37:22 PM,7/3/2025,
354,36.0,gf,1.375,mm,OK,--,12:37:23 PM,7/3/2025,
355,35.9,gf,1.385,mm,OK,--,12:37:23 PM,7/3/2025,
356,36.1,gf,1.390,mm,OK,--,12:37:23 PM,7/3/2025,
357,36.1,gf,1.395,mm,OK,--,12:37:23 PM,7/3/2025,
358,36.1,gf,1.405,mm,OK,--,12:37:23 PM,7/3/2025,
359,36.1,gf,1.410,mm,OK,--,12:37:23 PM,7/3/2025,
360,36.2,gf,1.415,mm,OK,--,12:37:23 PM,7/3/2025,
361,36.2,gf,1.420,mm,OK,--,12:37:23 PM,7/3/2025,
362,36.2,gf,1.430,mm,OK,--,12:37:23 PM,7/3/2025,
363,36.2,gf,1.435,mm,OK,--,12:37:23 PM,7/3/2025,
364,36.3,gf,1.445,mm,OK,--,12:37:24 PM,7/3/2025,
365,36.2,gf,1.450,mm,OK,--,12:37:24 PM,7/3/2025,
366,36.2,gf,1.455,mm,OK,--,12:37:24 PM,7/3/2025,
367,36.2,gf,1.455,mm,OK,--,12:37:24 PM,7/3/2025,
368,36.2,gf,1.460,mm,OK,--,12:37:24 PM,7/3/2025,
369,36.3,gf,1.465,mm,OK,--,12:37:24 PM,7/3/2025,
370,36.3,gf,1.470,mm,OK,--,12:37:24 PM,7/3/2025,
371,36.2,gf,1.470,mm,OK,--,12:37:24 PM,7/3/2025,
372,36.3,gf,1.475,mm,OK,--,12:37:24 PM,7/3/2025,
373,36.2,gf,1.475,mm,OK,--,12:37:24 PM,7/3/2025,
374,36.3,gf,1.480,mm,OK,--,12:37:25 PM,7/3/2025,
375,36.3,gf,1.480,mm,OK,--,12:37:25 PM,7/3/2025,
376,36.3,gf,1.480,mm,OK,--,12:37:25 PM,7/3/2025,
377,36.3,gf,1.485,mm,OK,--,12:37:25 PM,7/3/2025,
378,36.4,gf,1.490,mm,OK,--,12:37:25 PM,7/3/2025,
379,36.4,gf,1.490,mm,OK,--,12:37:25 PM,7/3/2025,
380,36.4,gf,1.495,mm,OK,--,12:37:25 PM,7/3/2025,
381,36.4,gf,1.500,mm,OK,--,12:37:25 PM,7/3/2025,
382,36.4,gf,1.500,mm,OK,--,12:37:25 PM,7/3/2025,
383,36.5,gf,1.505,mm,OK,--,12:37:25 PM,7/3/2025,
384,36.5,gf,1.505,mm,OK,--,12:37:26 PM,7/3/2025,
385,36.5,gf,1.510,mm,OK,--,12:37:26 PM,7/3/2025,
386,36.6,gf,1.515,mm,OK,--,12:37:26 PM,7/3/2025,
387,36.6,gf,1.520,mm,OK,--,12:37:26 PM,7/3/2025,
388,36.6,gf,1.525,mm,OK,--,12:37:26 PM,7/3/2025,
389,36.6,gf,1.525,mm,OK,--,12:37:26 PM,7/3/2025,
390,36.6,gf,1.530,mm,OK,--,12:37:26 PM,7/3/2025,
391,36.6,gf,1.535,mm,OK,--,12:37:26 PM,7/3/2025,
392,36.7,gf,1.540,mm,OK,--,12:37:26 PM,7/3/2025,
393,36.6,gf,1.540,mm,OK,--,12:37:26 PM,7/3/2025,
394,36.6,gf,1.545,mm,OK,--,12:37:27 PM,7/3/2025,
395,36.6,gf,1.550,mm,OK,--,12:37:27 PM,7/3/2025,
396,36.6,gf,1.550,mm,OK,--,12:37:27 PM,7/3/2025,
397,36.6,gf,1.555,mm,OK,--,12:37:27 PM,7/3/2025,
398,36.6,gf,1.555,mm,OK,--,12:37:27 PM,7/3/2025,
399,36.7,gf,1.560,mm,OK,--,12:37:27 PM,7/3/2025,
400,36.7,gf,1.565,mm,OK,--,12:37:27 PM,7/3/2025,
401,36.7,gf,1.565,mm,OK,--,12:37:27 PM,7/3/2025,
402,36.8,gf,1.570,mm,OK,--,12:37:27 PM,7/3/2025,
403,36.8,gf,1.570,mm,OK,--,12:37:27 PM,7/3/2025,
404,36.8,gf,1.575,mm,OK,--,12:37:28 PM,7/3/2025,
405,36.8,gf,1.580,mm,OK,--,12:37:28 PM,7/3/2025,
406,36.8,gf,1.580,mm,OK,--,12:37:28 PM,7/3/2025,
407,36.8,gf,1.585,mm,OK,--,12:37:28 PM,7/3/2025,
408,36.8,gf,1.590,mm,OK,--,12:37:28 PM,7/3/2025,
409,36.8,gf,1.590,mm,OK,--,12:37:28 PM,7/3/2025,
410,36.8,gf,1.595,mm,OK,--,12:37:28 PM,7/3/2025,
411,36.8,gf,1.600,mm,OK,--,12:37:28 PM,7/3/2025,
412,36.9,gf,1.600,mm,OK,--,12:37:28 PM,7/3/2025,
413,36.9,gf,1.605,mm,OK,--,12:37:28 PM,7/3/2025,
414,37.0,gf,1.610,mm,OK,--,12:37:29 PM,7/3/2025,
415,37.0,gf,1.615,mm,OK,--,12:37:29 PM,7/3/2025,
416,37.0,gf,1.620,mm,OK,--,12:37:29 PM,7/3/2025,
417,37.0,gf,1.625,mm,OK,--,12:37:29 PM,7/3/2025,
418,37.0,gf,1.630,mm,OK,--,12:37:29 PM,7/3/2025,
419,37.0,gf,1.635,mm,OK,--,12:37:29 PM,7/3/2025,
420,37.1,gf,1.640,mm,OK,--,12:37:29 PM,7/3/2025,
421,37.2,gf,1.645,mm,OK,--,12:37:29 PM,7/3/2025,
422,37.3,gf,1.650,mm,OK,--,12:37:29 PM,7/3/2025,
423,37.2,gf,1.655,mm,OK,--,12:37:29 PM,7/3/2025,
424,37.3,gf,1.660,mm,OK,--,12:37:30 PM,7/3/2025,
425,37.2,gf,1.665,mm,OK,--,12:37:30 PM,7/3/2025,
426,37.2,gf,1.670,mm,OK,--,12:37:30 PM,7/3/2025,
427,37.2,gf,1.675,mm,OK,--,12:37:30 PM,7/3/2025,
428,37.2,gf,1.680,mm,OK,--,12:37:30 PM,7/3/2025,
429,37.1,gf,1.685,mm,OK,--,12:37:30 PM,7/3/2025,
430,37.2,gf,1.690,mm,OK,--,12:37:30 PM,7/3/2025,
431,37.2,gf,1.695,mm,OK,--,12:37:30 PM,7/3/2025,
432,37.2,gf,1.705,mm,OK,--,12:37:30 PM,7/3/2025,
433,37.2,gf,1.710,mm,OK,--,12:37:30 PM,7/3/2025,
434,37.3,gf,1.715,mm,OK,--,12:37:31 PM,7/3/2025,
435,37.3,gf,1.715,mm,OK,--,12:37:31 PM,7/3/2025,
436,37.3,gf,1.720,mm,OK,--,12:37:31 PM,7/3/2025,
437,37.4,gf,1.725,mm,OK,--,12:37:31 PM,7/3/2025,
438,37.4,gf,1.730,mm,OK,--,12:37:31 PM,7/3/2025,
439,37.4,gf,1.735,mm,OK,--,12:37:31 PM,7/3/2025,
440,37.4,gf,1.740,mm,OK,--,12:37:31 PM,7/3/2025,
441,37.4,gf,1.745,mm,OK,--,12:37:31 PM,7/3/2025,
442,37.4,gf,1.750,mm,OK,--,12:37:31 PM,7/3/2025,
443,37.4,gf,1.755,mm,OK,--,12:37:31 PM,7/3/2025,
444,37.4,gf,1.760,mm,OK,--,12:37:32 PM,7/3/2025,
445,37.5,gf,1.770,mm,OK,--,12:37:32 PM,7/3/2025,
446,37.6,gf,1.775,mm,OK,--,12:37:32 PM,7/3/2025,
447,37.6,gf,1.780,mm,OK,--,12:37:32 PM,7/3/2025,
448,37.7,gf,1.790,mm,OK,--,12:37:32 PM,7/3/2025,
449,37.8,gf,1.795,mm,OK,--,12:37:32 PM,7/3/2025,
450,37.9,gf,1.805,mm,OK,--,12:37:32 PM,7/3/2025,
451,38.0,gf,1.815,mm,OK,--,12:37:32 PM,7/3/2025,
452,38.0,gf,1.825,mm,OK,--,12:37:32 PM,7/3/2025,
453,38.1,gf,1.830,mm,OK,--,12:37:32 PM,7/3/2025,
454,38.1,gf,1.840,mm,OK,--,12:37:33 PM,7/3/2025,
455,38.1,gf,1.845,mm,OK,--,12:37:33 PM,7/3/2025,
456,38.0,gf,1.855,mm,OK,--,12:37:33 PM,7/3/2025,
457,38.1,gf,1.860,mm,OK,--,12:37:33 PM,7/3/2025,
458,38.2,gf,1.865,mm,OK,--,12:37:33 PM,7/3/2025,
459,38.1,gf,1.870,mm,OK,--,12:37:33 PM,7/3/2025,
460,38.2,gf,1.875,mm,OK,--,12:37:33 PM,7/3/2025,
461,38.2,gf,1.880,mm,OK,--,12:37:33 PM,7/3/2025,
462,38.2,gf,1.885,mm,OK,--,12:37:33 PM,7/3/2025,
463,38.2,gf,1.885,mm,OK,--,12:37:33 PM,7/3/2025,
464,38.2,gf,1.895,mm,OK,--,12:37:34 PM,7/3/2025,
465,38.3,gf,1.900,mm,OK,--,12:37:34 PM,7/3/2025,
466,38.3,gf,1.905,mm,OK,--,12:37:34 PM,7/3/2025,
467,38.3,gf,1.910,mm,OK,--,12:37:34 PM,7/3/2025,
468,38.3,gf,1.920,mm,OK,--,12:37:34 PM,7/3/2025,
469,38.3,gf,1.925,mm,OK,--,12:37:34 PM,7/3/2025,
470,38.3,gf,1.935,mm,OK,--,12:37:34 PM,7/3/2025,
471,38.3,gf,1.940,mm,OK,--,12:37:34 PM,7/3/2025,
472,38.5,gf,1.945,mm,OK,--,12:37:34 PM,7/3/2025,
473,38.4,gf,1.955,mm,OK,--,12:37:34 PM,7/3/2025,
474,38.5,gf,1.960,mm,OK,--,12:37:35 PM,7/3/2025,
475,38.5,gf,1.970,mm,OK,--,12:37:35 PM,7/3/2025,
476,38.6,gf,1.975,mm,OK,--,12:37:35 PM,7/3/2025,
477,38.7,gf,1.985,mm,OK,--,12:37:35 PM,7/3/2025,
478,38.6,gf,1.995,mm,OK,--,12:37:35 PM,7/3/2025,
479,38.6,gf,2.000,mm,OK,--,12:37:35 PM,7/3/2025,
480,38.6,gf,2.005,mm,OK,--,12:37:35 PM,7/3/2025,
481,38.7,gf,2.010,mm,OK,--,12:37:35 PM,7/3/2025,
482,38.7,gf,2.020,mm,OK,--,12:37:35 PM,7/3/2025,
483,38.7,gf,2.025,mm,OK,--,12:37:35 PM,7/3/2025,
484,38.7,gf,2.030,mm,OK,--,12:37:36 PM,7/3/2025,
485,38.7,gf,2.035,mm,OK,--,12:37:36 PM,7/3/2025,
486,38.7,gf,2.040,mm,OK,--,12:37:36 PM,7/3/2025,
487,38.8,gf,2.050,mm,OK,--,12:37:36 PM,7/3/2025,
488,38.8,gf,2.055,mm,OK,--,12:37:36 PM,7/3/2025,
489,38.7,gf,2.060,mm,OK,--,12:37:36 PM,7/3/2025,
490,38.7,gf,2.065,mm,OK,--,12:37:36 PM,7/3/2025,
491,38.8,gf,2.065,mm,OK,--,12:37:36 PM,7/3/2025,
492,38.8,gf,2.075,mm,OK,--,12:37:36 PM,7/3/2025,
493,38.8,gf,2.080,mm,OK,--,12:37:36 PM,7/3/2025,
494,38.9,gf,2.090,mm,OK,--,12:37:37 PM,7/3/2025,
495,38.9,gf,2.100,mm,OK,--,12:37:37 PM,7/3/2025,
496,38.9,gf,2.105,mm,OK,--,12:37:37 PM,7/3/2025,
497,39.0,gf,2.115,mm,OK,--,12:37:37 PM,7/3/2025,
498,39.0,gf,2.120,mm,OK,--,12:37:37 PM,7/3/2025,
499,39.0,gf,2.125,mm,OK,--,12:37:37 PM,7/3/2025,
500,38.9,gf,2.130,mm,OK,--,12:37:37 PM,7/3/2025,
501,38.9,gf,2.135,mm,OK,--,12:37:37 PM,7/3/2025,
502,38.9,gf,2.140,mm,OK,--,12:37:37 PM,7/3/2025,
503,39.1,gf,2.145,mm,OK,--,12:37:37 PM,7/3/2025,
504,39.1,gf,2.150,mm,OK,--,12:37:38 PM,7/3/2025,
505,39.1,gf,2.155,mm,OK,--,12:37:38 PM,7/3/2025,
506,39.1,gf,2.160,mm,OK,--,12:37:38 PM,7/3/2025,
507,39.1,gf,2.165,mm,OK,--,12:37:38 PM,7/3/2025,
508,39.2,gf,2.165,mm,OK,--,12:37:38 PM,7/3/2025,
509,39.2,gf,2.170,mm,OK,--,12:37:38 PM,7/3/2025,
510,39.2,gf,2.175,mm,OK,--,12:37:38 PM,7/3/2025,
511,39.2,gf,2.185,mm,OK,--,12:37:38 PM,7/3/2025,
512,39.3,gf,2.190,mm,OK,--,12:37:38 PM,7/3/2025,
513,39.3,gf,2.195,mm,OK,--,12:37:38 PM,7/3/2025,
514,39.3,gf,2.200,mm,OK,--,12:37:39 PM,7/3/2025,
515,39.3,gf,2.205,mm,OK,--,12:37:39 PM,7/3/2025,
516,39.3,gf,2.210,mm,OK,--,12:37:39 PM,7/3/2025,
517,39.3,gf,2.215,mm,OK,--,12:37:39 PM,7/3/2025,
518,39.3,gf,2.220,mm,OK,--,12:37:39 PM,7/3/2025,
519,39.3,gf,2.225,mm,OK,--,12:37:39 PM,7/3/2025,
520,39.4,gf,2.235,mm,OK,--,12:37:39 PM,7/3/2025,
521,39.5,gf,2.240,mm,OK,--,12:37:39 PM,7/3/2025,
522,39.4,gf,2.250,mm,OK,--,12:37:39 PM,7/3/2025,
523,39.4,gf,2.255,mm,OK,--,12:37:39 PM,7/3/2025,
524,39.5,gf,2.260,mm,OK,--,12:37:40 PM,7/3/2025,
525,39.6,gf,2.265,mm,OK,--,12:37:40 PM,7/3/2025,
526,39.5,gf,2.275,mm,OK,--,12:37:40 PM,7/3/2025,
527,39.5,gf,2.285,mm,OK,--,12:37:40 PM,7/3/2025,
528,39.6,gf,2.290,mm,OK,--,12:37:40 PM,7/3/2025,
529,39.6,gf,2.305,mm,OK,--,12:37:40 PM,7/3/2025,
530,39.6,gf,2.315,mm,OK,--,12:37:40 PM,7/3/2025,
531,39.5,gf,2.325,mm,OK,--,12:37:40 PM,7/3/2025,
532,39.6,gf,2.330,mm,OK,--,12:37:40 PM,7/3/2025,
533,39.6,gf,2.340,mm,OK,--,12:37:40 PM,7/3/2025,
534,39.5,gf,2.340,mm,OK,--,12:37:41 PM,7/3/2025,
535,39.6,gf,2.345,mm,OK,--,12:37:41 PM,7/3/2025,
536,39.6,gf,2.350,mm,OK,--,12:37:41 PM,7/3/2025,
537,39.6,gf,2.350,mm,OK,--,12:37:41 PM,7/3/2025,
538,39.6,gf,2.355,mm,OK,--,12:37:41 PM,7/3/2025,
539,39.6,gf,2.355,mm,OK,--,12:37:41 PM,7/3/2025,
540,39.7,gf,2.360,mm,OK,--,12:37:41 PM,7/3/2025,
541,39.7,gf,2.360,mm,OK,--,12:37:41 PM,7/3/2025,
542,39.7,gf,2.365,mm,OK,--,12:37:41 PM,7/3/2025,
543,39.8,gf,2.370,mm,OK,--,12:37:41 PM,7/3/2025,
544,39.8,gf,2.370,mm,OK,--,12:37:42 PM,7/3/2025,
545,39.8,gf,2.375,mm,OK,--,12:37:42 PM,7/3/2025,
546,39.8,gf,2.375,mm,OK,--,12:37:42 PM,7/3/2025,
547,39.8,gf,2.375,mm,OK,--,12:37:42 PM,7/3/2025,
548,39.8,gf,2.380,mm,OK,--,12:37:42 PM,7/3/2025,
549,39.8,gf,2.380,mm,OK,--,12:37:42 PM,7/3/2025,
550,39.8,gf,2.385,mm,OK,--,12:37:42 PM,7/3/2025,
551,39.7,gf,2.385,mm,OK,--,12:37:42 PM,7/3/2025,
552,39.7,gf,2.385,mm,OK,--,12:37:42 PM,7/3/2025,
553,39.9,gf,2.385,mm,OK,--,12:37:42 PM,7/3/2025,
554,39.9,gf,2.390,mm,OK,--,12:37:43 PM,7/3/2025,
555,39.9,gf,2.390,mm,OK,--,12:37:43 PM,7/3/2025,
556,39.9,gf,2.395,mm,OK,--,12:37:43 PM,7/3/2025,
557,39.8,gf,2.400,mm,OK,--,12:37:43 PM,7/3/2025,
558,39.9,gf,2.400,mm,OK,--,12:37:43 PM,7/3/2025,
559,40.0,gf,2.400,mm,OK,--,12:37:43 PM,7/3/2025,
560,39.9,gf,2.405,mm,OK,--,12:37:43 PM,7/3/2025,
561,39.9,gf,2.405,mm,OK,--,12:37:43 PM,7/3/2025,
562,39.9,gf,2.405,mm,OK,--,12:37:43 PM,7/3/2025,
563,40.0,gf,2.405,mm,OK,--,12:37:43 PM,7/3/2025,
564,40.0,gf,2.410,mm,OK,--,12:37:44 PM,7/3/2025,
565,40.0,gf,2.410,mm,OK,--,12:37:44 PM,7/3/2025,
566,40.0,gf,2.410,mm,OK,--,12:37:44 PM,7/3/2025,
567,40.0,gf,2.415,mm,OK,--,12:37:44 PM,7/3/2025,
568,40.0,gf,2.415,mm,OK,--,12:37:44 PM,7/3/2025,
569,40.0,gf,2.415,mm,OK,--,12:37:44 PM,7/3/2025,
570,40.0,gf,2.420,mm,OK,--,12:37:44 PM,7/3/2025,
571,40.0,gf,2.420,mm,OK,--,12:37:44 PM,7/3/2025,
572,40.1,gf,2.425,mm,OK,--,12:37:44 PM,7/3/2025,
573,40.0,gf,2.425,mm,OK,--,12:37:44 PM,7/3/2025,
574,40.1,gf,2.430,mm,OK,--,12:37:45 PM,7/3/2025,
575,40.1,gf,2.430,mm,OK,--,12:37:45 PM,7/3/2025,
576,40.1,gf,2.435,mm,OK,--,12:37:45 PM,7/3/2025,
577,40.2,gf,2.440,mm,OK,--,12:37:45 PM,7/3/2025,
578,40.1,gf,2.445,mm,OK,--,12:37:45 PM,7/3/2025,
579,40.1,gf,2.450,mm,OK,--,12:37:45 PM,7/3/2025,
580,40.2,gf,2.460,mm,OK,--,12:37:45 PM,7/3/2025,
581,40.2,gf,2.465,mm,OK,--,12:37:45 PM,7/3/2025,
582,40.1,gf,2.475,mm,OK,--,12:37:45 PM,7/3/2025,
583,40.1,gf,2.480,mm,OK,--,12:37:45 PM,7/3/2025,
584,40.1,gf,2.485,mm,OK,--,12:37:46 PM,7/3/2025,
585,40.1,gf,2.490,mm,OK,--,12:37:46 PM,7/3/2025,
586,40.1,gf,2.495,mm,OK,--,12:37:46 PM,7/3/2025,
587,40.3,gf,2.500,mm,OK,--,12:37:46 PM,7/3/2025,
588,40.3,gf,2.505,mm,OK,--,12:37:46 PM,7/3/2025,
589,40.3,gf,2.515,mm,OK,--,12:37:46 PM,7/3/2025,
590,40.3,gf,2.520,mm,OK,--,12:37:46 PM,7/3/2025,
591,40.3,gf,2.525,mm,OK,--,12:37:46 PM,7/3/2025,
592,40.3,gf,2.530,mm,OK,--,12:37:46 PM,7/3/2025,
593,40.2,gf,2.535,mm,OK,--,12:37:46 PM,7/3/2025,
594,40.2,gf,2.540,mm,OK,--,12:37:47 PM,7/3/2025,
595,40.2,gf,2.545,mm,OK,--,12:37:47 PM,7/3/2025,
596,40.3,gf,2.550,mm,OK,--,12:37:47 PM,7/3/2025,
597,40.3,gf,2.555,mm,OK,--,12:37:47 PM,7/3/2025,
598,40.4,gf,2.555,mm,OK,--,12:37:47 PM,7/3/2025,
599,40.4,gf,2.560,mm,OK,--,12:37:47 PM,7/3/2025,
600,40.4,gf,2.565,mm,OK,--,12:37:47 PM,7/3/2025,
601,40.5,gf,2.565,mm,OK,--,12:37:47 PM,7/3/2025,
602,40.4,gf,2.570,mm,OK,--,12:37:47 PM,7/3/2025,
603,40.4,gf,2.575,mm,OK,--,12:37:47 PM,7/3/2025,
604,40.4,gf,2.575,mm,OK,--,12:37:48 PM,7/3/2025,
605,40.5,gf,2.580,mm,OK,--,12:37:48 PM,7/3/2025,
606,40.5,gf,2.580,mm,OK,--,12:37:48 PM,7/3/2025,
607,40.5,gf,2.585,mm,OK,--,12:37:48 PM,7/3/2025,
608,40.5,gf,2.590,mm,OK,--,12:37:48 PM,7/3/2025,
609,40.5,gf,2.590,mm,OK,--,12:37:48 PM,7/3/2025,
610,40.5,gf,2.595,mm,OK,--,12:37:48 PM,7/3/2025,
611,40.6,gf,2.600,mm,OK,--,12:37:48 PM,7/3/2025,
612,40.6,gf,2.605,mm,OK,--,12:37:48 PM,7/3/2025,
613,40.5,gf,2.605,mm,OK,--,12:37:48 PM,7/3/2025,
614,40.6,gf,2.610,mm,OK,--,12:37:49 PM,7/3/2025,
615,40.6,gf,2.615,mm,OK,--,12:37:49 PM,7/3/2025,
616,40.7,gf,2.620,mm,OK,--,12:37:49 PM,7/3/2025,
617,40.7,gf,2.625,mm,OK,--,12:37:49 PM,7/3/2025,
618,40.7,gf,2.630,mm,OK,--,12:37:49 PM,7/3/2025,
619,40.7,gf,2.640,mm,OK,--,12:37:49 PM,7/3/2025,
620,40.8,gf,2.645,mm,OK,--,12:37:49 PM,7/3/2025,
621,40.8,gf,2.650,mm,OK,--,12:37:49 PM,7/3/2025,
622,40.8,gf,2.655,mm,OK,--,12:37:49 PM,7/3/2025,
623,40.9,gf,2.655,mm,OK,--,12:37:49 PM,7/3/2025,
624,40.9,gf,2.660,mm,OK,--,12:37:50 PM,7/3/2025,
625,40.9,gf,2.665,mm,OK,--,12:37:50 PM,7/3/2025,
626,40.9,gf,2.665,mm,OK,--,12:37:50 PM,7/3/2025,
627,40.9,gf,2.670,mm,OK,--,12:37:50 PM,7/3/2025,
628,40.9,gf,2.675,mm,OK,--,12:37:50 PM,7/3/2025,
629,40.9,gf,2.675,mm,OK,--,12:37:50 PM,7/3/2025,
630,40.9,gf,2.675,mm,OK,--,12:37:50 PM,7/3/2025,
631,40.9,gf,2.680,mm,OK,--,12:37:50 PM,7/3/2025,
632,41.0,gf,2.680,mm,OK,--,12:37:50 PM,7/3/2025,
633,41.0,gf,2.680,mm,OK,--,12:37:50 PM,7/3/2025,
634,41.0,gf,2.685,mm,OK,--,12:37:51 PM,7/3/2025,
635,41.0,gf,2.685,mm,OK,--,12:37:51 PM,7/3/2025,
636,41.0,gf,2.690,mm,OK,--,12:37:51 PM,7/3/2025,
637,41.0,gf,2.690,mm,OK,--,12:37:51 PM,7/3/2025,
638,41.0,gf,2.690,mm,OK,--,12:37:51 PM,7/3/2025,
639,41.0,gf,2.695,mm,OK,--,12:37:51 PM,7/3/2025,
640,41.0,gf,2.695,mm,OK,--,12:37:51 PM,7/3/2025,
641,41.0,gf,2.700,mm,OK,--,12:37:51 PM,7/3/2025,
642,41.0,gf,2.700,mm,OK,--,12:37:51 PM,7/3/2025,
643,41.0,gf,2.700,mm,OK,--,12:37:51 PM,7/3/2025,
644,41.0,gf,2.705,mm,OK,--,12:37:52 PM,7/3/2025,
645,41.0,gf,2.710,mm,OK,--,12:37:52 PM,7/3/2025,
646,41.1,gf,2.710,mm,OK,--,12:37:52 PM,7/3/2025,
647,41.1,gf,2.715,mm,OK,--,12:37:52 PM,7/3/2025,
648,41.1,gf,2.715,mm,OK,--,12:37:52 PM,7/3/2025,
649,41.1,gf,2.720,mm,OK,--,12:37:52 PM,7/3/2025,
650,41.1,gf,2.720,mm,OK,--,12:37:52 PM,7/3/2025,
651,41.1,gf,2.725,mm,OK,--,12:37:52 PM,7/3/2025,
652,41.1,gf,2.725,mm,OK,--,12:37:52 PM,7/3/2025,
653,41.1,gf,2.725,mm,OK,--,12:37:52 PM,7/3/2025,
654,41.1,gf,2.730,mm,OK,--,12:37:53 PM,7/3/2025,
655,41.1,gf,2.730,mm,OK,--,12:37:53 PM,7/3/2025,
656,41.1,gf,2.730,mm,OK,--,12:37:53 PM,7/3/2025,
657,41.1,gf,2.735,mm,OK,--,12:37:53 PM,7/3/2025,
658,41.1,gf,2.740,mm,OK,--,12:37:53 PM,7/3/2025,
659,41.1,gf,2.740,mm,OK,--,12:37:53 PM,7/3/2025,
660,41.2,gf,2.745,mm,OK,--,12:37:53 PM,7/3/2025,
661,41.2,gf,2.750,mm,OK,--,12:37:53 PM,7/3/2025,
662,41.3,gf,2.755,mm,OK,--,12:37:53 PM,7/3/2025,
663,41.3,gf,2.760,mm,OK,--,12:37:53 PM,7/3/2025,
664,41.3,gf,2.765,mm,OK,--,12:37:54 PM,7/3/2025,
665,41.3,gf,2.765,mm,OK,--,12:37:54 PM,7/3/2025,
666,41.4,gf,2.770,mm,OK,--,12:37:54 PM,7/3/2025,
667,41.4,gf,2.775,mm,OK,--,12:37:54 PM,7/3/2025,
668,41.4,gf,2.780,mm,OK,--,12:37:54 PM,7/3/2025,
669,41.4,gf,2.785,mm,OK,--,12:37:54 PM,7/3/2025,
670,41.4,gf,2.785,mm,OK,--,12:37:54 PM,7/3/2025,
671,41.5,gf,2.790,mm,OK,--,12:37:54 PM,7/3/2025,
672,41.6,gf,2.795,mm,OK,--,12:37:54 PM,7/3/2025,
673,41.5,gf,2.805,mm,OK,--,12:37:54 PM,7/3/2025,
674,41.5,gf,2.810,mm,OK,--,12:37:55 PM,7/3/2025,
675,41.5,gf,2.815,mm,OK,--,12:37:55 PM,7/3/2025,
676,41.6,gf,2.820,mm,OK,--,12:37:55 PM,7/3/2025,
677,41.7,gf,2.825,mm,OK,--,12:37:55 PM,7/3/2025,
678,41.8,gf,2.835,mm,OK,--,12:37:55 PM,7/3/2025,
679,41.8,gf,2.840,mm,OK,--,12:37:55 PM,7/3/2025,
680,41.7,gf,2.845,mm,OK,--,12:37:55 PM,7/3/2025,
681,41.7,gf,2.850,mm,OK,--,12:37:55 PM,7/3/2025,
682,41.8,gf,2.855,mm,OK,--,12:37:55 PM,7/3/2025,
683,41.8,gf,2.860,mm,OK,--,12:37:55 PM,7/3/2025,
684,41.9,gf,2.865,mm,OK,--,12:37:56 PM,7/3/2025,
685,41.9,gf,2.870,mm,OK,--,12:37:56 PM,7/3/2025,
686,41.9,gf,2.880,mm,OK,--,12:37:56 PM,7/3/2025,
687,41.9,gf,2.885,mm,OK,--,12:37:56 PM,7/3/2025,
688,42.0,gf,2.890,mm,OK,--,12:37:56 PM,7/3/2025,
689,42.0,gf,2.895,mm,OK,--,12:37:56 PM,7/3/2025,
690,42.0,gf,2.900,mm,OK,--,12:37:56 PM,7/3/2025,
691,42.0,gf,2.905,mm,OK,--,12:37:56 PM,7/3/2025,
692,42.0,gf,2.910,mm,OK,--,12:37:56 PM,7/3/2025,
693,42.0,gf,2.910,mm,OK,--,12:37:56 PM,7/3/2025,
694,42.0,gf,2.915,mm,OK,--,12:37:57 PM,7/3/2025,
695,42.0,gf,2.920,mm,OK,--,12:37:57 PM,7/3/2025,
696,42.0,gf,2.925,mm,OK,--,12:37:57 PM,7/3/2025,
697,42.0,gf,2.925,mm,OK,--,12:37:57 PM,7/3/2025,
698,42.1,gf,2.930,mm,OK,--,12:37:57 PM,7/3/2025,
699,42.2,gf,2.930,mm,OK,--,12:37:57 PM,7/3/2025,
700,42.2,gf,2.935,mm,OK,--,12:37:57 PM,7/3/2025,
701,42.2,gf,2.940,mm,OK,--,12:37:57 PM,7/3/2025,
702,42.3,gf,2.940,mm,OK,--,12:37:57 PM,7/3/2025,
703,42.2,gf,2.945,mm,OK,--,12:37:57 PM,7/3/2025,
704,42.3,gf,2.950,mm,OK,--,12:37:58 PM,7/3/2025,
705,42.3,gf,2.950,mm,OK,--,12:37:58 PM,7/3/2025,
706,42.2,gf,2.955,mm,OK,--,12:37:58 PM,7/3/2025,
707,42.3,gf,2.955,mm,OK,--,12:37:58 PM,7/3/2025,
708,42.4,gf,2.960,mm,OK,--,12:37:58 PM,7/3/2025,
709,42.4,gf,2.960,mm,OK,--,12:37:58 PM,7/3/2025,
710,42.4,gf,2.965,mm,OK,--,12:37:58 PM,7/3/2025,
711,42.3,gf,2.970,mm,OK,--,12:37:58 PM,7/3/2025,
712,42.3,gf,2.970,mm,OK,--,12:37:58 PM,7/3/2025,
713,42.3,gf,2.975,mm,OK,--,12:37:58 PM,7/3/2025,
714,42.3,gf,2.975,mm,OK,--,12:37:59 PM,7/3/2025,
715,42.3,gf,2.980,mm,OK,--,12:37:59 PM,7/3/2025,
716,42.3,gf,2.980,mm,OK,--,12:37:59 PM,7/3/2025,
717,42.5,gf,2.985,mm,OK,--,12:37:59 PM,7/3/2025,
718,42.4,gf,2.990,mm,OK,--,12:37:59 PM,7/3/2025,
719,42.5,gf,2.990,mm,OK,--,12:37:59 PM,7/3/2025,
720,42.5,gf,2.995,mm,OK,--,12:37:59 PM,7/3/2025,
721,42.4,gf,3.000,mm,OK,--,12:37:59 PM,7/3/2025,
722,42.5,gf,3.000,mm,OK,--,12:37:59 PM,7/3/2025,
723,42.5,gf,3.005,mm,OK,--,12:37:59 PM,7/3/2025,
724,42.4,gf,3.005,mm,OK,--,12:38:00 PM,7/3/2025,
725,42.4,gf,3.005,mm,OK,--,12:38:00 PM,7/3/2025,
726,42.4,gf,3.010,mm,OK,--,12:38:00 PM,7/3/2025,
727,42.5,gf,3.010,mm,OK,--,12:38:00 PM,7/3/2025,
728,42.5,gf,3.010,mm,OK,--,12:38:00 PM,7/3/2025,
729,42.5,gf,3.015,mm,OK,--,12:38:00 PM,7/3/2025,
730,42.5,gf,3.015,mm,OK,--,12:38:00 PM,7/3/2025,
731,42.5,gf,3.020,mm,OK,--,12:38:00 PM,7/3/2025,
732,42.5,gf,3.020,mm,OK,--,12:38:00 PM,7/3/2025,
733,42.6,gf,3.020,mm,OK,--,12:38:00 PM,7/3/2025,
734,42.6,gf,3.025,mm,OK,--,12:38:01 PM,7/3/2025,
735,42.6,gf,3.025,mm,OK,--,12:38:01 PM,7/3/2025,
736,42.5,gf,3.030,mm,OK,--,12:38:01 PM,7/3/2025,
737,42.5,gf,3.030,mm,OK,--,12:38:01 PM,7/3/2025,
738,42.6,gf,3.035,mm,OK,--,12:38:01 PM,7/3/2025,
739,42.6,gf,3.035,mm,OK,--,12:38:01 PM,7/3/2025,
740,42.6,gf,3.040,mm,OK,--,12:38:01 PM,7/3/2025,
741,42.6,gf,3.045,mm,OK,--,12:38:01 PM,7/3/2025,
742,42.6,gf,3.055,mm,OK,--,12:38:01 PM,7/3/2025,
743,42.6,gf,3.060,mm,OK,--,12:38:01 PM,7/3/2025,
744,42.7,gf,3.065,mm,OK,--,12:38:02 PM,7/3/2025,
745,42.6,gf,3.070,mm,OK,--,12:38:02 PM,7/3/2025,
746,42.8,gf,3.075,mm,OK,--,12:38:02 PM,7/3/2025,
747,42.9,gf,3.080,mm,OK,--,12:38:02 PM,7/3/2025,
748,42.9,gf,3.085,mm,OK,--,12:38:02 PM,7/3/2025,
749,42.9,gf,3.090,mm,OK,--,12:38:02 PM,7/3/2025,
750,42.9,gf,3.095,mm,OK,--,12:38:02 PM,7/3/2025,
751,43.0,gf,3.095,mm,OK,--,12:38:02 PM,7/3/2025,
752,43.0,gf,3.100,mm,OK,--,12:38:02 PM,7/3/2025,
753,43.0,gf,3.105,mm,OK,--,12:38:02 PM,7/3/2025,
754,43.1,gf,3.110,mm,OK,--,12:38:03 PM,7/3/2025,
755,43.0,gf,3.110,mm,OK,--,12:38:03 PM,7/3/2025,
756,43.0,gf,3.115,mm,OK,--,12:38:03 PM,7/3/2025,
757,43.0,gf,3.120,mm,OK,--,12:38:03 PM,7/3/2025,
758,43.0,gf,3.120,mm,OK,--,12:38:03 PM,7/3/2025,
759,43.0,gf,3.125,mm,OK,--,12:38:03 PM,7/3/2025,
760,43.0,gf,3.130,mm,OK,--,12:38:03 PM,7/3/2025,
761,43.1,gf,3.135,mm,OK,--,12:38:03 PM,7/3/2025,
762,43.2,gf,3.140,mm,OK,--,12:38:03 PM,7/3/2025,
763,43.1,gf,3.145,mm,OK,--,12:38:03 PM,7/3/2025,
764,43.2,gf,3.150,mm,OK,--,12:38:04 PM,7/3/2025,
765,43.2,gf,3.155,mm,OK,--,12:38:04 PM,7/3/2025,
766,43.2,gf,3.160,mm,OK,--,12:38:04 PM,7/3/2025,
767,43.3,gf,3.170,mm,OK,--,12:38:04 PM,7/3/2025,
768,43.3,gf,3.175,mm,OK,--,12:38:04 PM,7/3/2025,
769,43.4,gf,3.185,mm,OK,--,12:38:04 PM,7/3/2025,
770,43.3,gf,3.190,mm,OK,--,12:38:04 PM,7/3/2025,
771,43.3,gf,3.200,mm,OK,--,12:38:04 PM,7/3/2025,
772,43.3,gf,3.205,mm,OK,--,12:38:04 PM,7/3/2025,
773,43.3,gf,3.215,mm,OK,--,12:38:04 PM,7/3/2025,
774,43.4,gf,3.225,mm,OK,--,12:38:05 PM,7/3/2025,
775,43.4,gf,3.230,mm,OK,--,12:38:05 PM,7/3/2025,
776,43.4,gf,3.240,mm,OK,--,12:38:05 PM,7/3/2025,
777,43.4,gf,3.245,mm,OK,--,12:38:05 PM,7/3/2025,
778,43.5,gf,3.250,mm,OK,--,12:38:05 PM,7/3/2025,
779,43.6,gf,3.260,mm,OK,--,12:38:05 PM,7/3/2025,
780,43.5,gf,3.265,mm,OK,--,12:38:05 PM,7/3/2025,
781,43.5,gf,3.275,mm,OK,--,12:38:05 PM,7/3/2025,
782,43.7,gf,3.285,mm,OK,--,12:38:05 PM,7/3/2025,
783,43.6,gf,3.295,mm,OK,--,12:38:05 PM,7/3/2025,
784,43.6,gf,3.305,mm,OK,--,12:38:06 PM,7/3/2025,
785,43.7,gf,3.315,mm,OK,--,12:38:06 PM,7/3/2025,
786,43.7,gf,3.325,mm,OK,--,12:38:06 PM,7/3/2025,
787,43.7,gf,3.330,mm,OK,--,12:38:06 PM,7/3/2025,
788,43.7,gf,3.340,mm,OK,--,12:38:06 PM,7/3/2025,
789,43.8,gf,3.345,mm,OK,--,12:38:06 PM,7/3/2025,
790,43.8,gf,3.350,mm,OK,--,12:38:06 PM,7/3/2025,
791,43.8,gf,3.355,mm,OK,--,12:38:06 PM,7/3/2025,
792,43.8,gf,3.360,mm,OK,--,12:38:06 PM,7/3/2025,
793,43.8,gf,3.365,mm,OK,--,12:38:06 PM,7/3/2025,
794,43.8,gf,3.365,mm,OK,--,12:38:07 PM,7/3/2025,
795,43.8,gf,3.370,mm,OK,--,12:38:07 PM,7/3/2025,
796,43.8,gf,3.375,mm,OK,--,12:38:07 PM,7/3/2025,
797,43.9,gf,3.375,mm,OK,--,12:38:07 PM,7/3/2025,
798,44.0,gf,3.380,mm,OK,--,12:38:07 PM,7/3/2025,
799,44.0,gf,3.385,mm,OK,--,12:38:07 PM,7/3/2025,
800,44.0,gf,3.390,mm,OK,--,12:38:07 PM,7/3/2025,
801,44.0,gf,3.390,mm,OK,--,12:38:07 PM,7/3/2025,
802,44.0,gf,3.395,mm,OK,--,12:38:07 PM,7/3/2025,
803,44.0,gf,3.400,mm,OK,--,12:38:07 PM,7/3/2025,
804,44.1,gf,3.405,mm,OK,--,12:38:08 PM,7/3/2025,
805,44.1,gf,3.410,mm,OK,--,12:38:08 PM,7/3/2025,
806,44.1,gf,3.415,mm,OK,--,12:38:08 PM,7/3/2025,
807,44.0,gf,3.425,mm,OK,--,12:38:08 PM,7/3/2025,
808,44.1,gf,3.430,mm,OK,--,12:38:08 PM,7/3/2025,
809,44.1,gf,3.440,mm,OK,--,12:38:08 PM,7/3/2025,
810,44.1,gf,3.450,mm,OK,--,12:38:08 PM,7/3/2025,
811,44.1,gf,3.455,mm,OK,--,12:38:08 PM,7/3/2025,
812,44.1,gf,3.460,mm,OK,--,12:38:08 PM,7/3/2025,
813,44.3,gf,3.465,mm,OK,--,12:38:08 PM,7/3/2025,
814,44.2,gf,3.470,mm,OK,--,12:38:09 PM,7/3/2025,
815,44.2,gf,3.475,mm,OK,--,12:38:09 PM,7/3/2025,
816,44.3,gf,3.480,mm,OK,--,12:38:09 PM,7/3/2025,
817,44.3,gf,3.485,mm,OK,--,12:38:09 PM,7/3/2025,
818,44.4,gf,3.490,mm,OK,--,12:38:09 PM,7/3/2025,
819,44.4,gf,3.495,mm,OK,--,12:38:09 PM,7/3/2025,
820,44.4,gf,3.500,mm,OK,--,12:38:09 PM,7/3/2025,
821,44.4,gf,3.505,mm,OK,--,12:38:09 PM,7/3/2025,
822,44.4,gf,3.510,mm,OK,--,12:38:09 PM,7/3/2025,
823,44.4,gf,3.515,mm,OK,--,12:38:09 PM,7/3/2025,
824,44.5,gf,3.520,mm,OK,--,12:38:10 PM,7/3/2025,
825,44.5,gf,3.525,mm,OK,--,12:38:10 PM,7/3/2025,
826,44.5,gf,3.530,mm,OK,--,12:38:10 PM,7/3/2025,
827,44.5,gf,3.535,mm,OK,--,12:38:10 PM,7/3/2025,
828,44.5,gf,3.540,mm,OK,--,12:38:10 PM,7/3/2025,
829,44.6,gf,3.545,mm,OK,--,12:38:10 PM,7/3/2025,
830,44.6,gf,3.545,mm,OK,--,12:38:10 PM,7/3/2025,
831,44.6,gf,3.555,mm,OK,--,12:38:10 PM,7/3/2025,
832,44.6,gf,3.560,mm,OK,--,12:38:10 PM,7/3/2025,
833,44.7,gf,3.565,mm,OK,--,12:38:10 PM,7/3/2025,
834,44.7,gf,3.570,mm,OK,--,12:38:11 PM,7/3/2025,
835,44.7,gf,3.575,mm,OK,--,12:38:11 PM,7/3/2025,
836,44.7,gf,3.580,mm,OK,--,12:38:11 PM,7/3/2025,
837,44.7,gf,3.585,mm,OK,--,12:38:11 PM,7/3/2025,
838,44.8,gf,3.590,mm,OK,--,12:38:11 PM,7/3/2025,
839,44.8,gf,3.590,mm,OK,--,12:38:11 PM,7/3/2025,
840,44.8,gf,3.595,mm,OK,--,12:38:11 PM,7/3/2025,
841,44.8,gf,3.600,mm,OK,--,12:38:11 PM,7/3/2025,
842,44.8,gf,3.605,mm,OK,--,12:38:11 PM,7/3/2025,
843,44.8,gf,3.610,mm,OK,--,12:38:11 PM,7/3/2025,
844,44.9,gf,3.610,mm,OK,--,12:38:12 PM,7/3/2025,
845,44.9,gf,3.615,mm,OK,--,12:38:12 PM,7/3/2025,
846,45.0,gf,3.620,mm,OK,--,12:38:12 PM,7/3/2025,
847,44.9,gf,3.625,mm,OK,--,12:38:12 PM,7/3/2025,
848,44.9,gf,3.625,mm,OK,--,12:38:12 PM,7/3/2025,
849,44.9,gf,3.630,mm,OK,--,12:38:12 PM,7/3/2025,
850,45.0,gf,3.635,mm,OK,--,12:38:12 PM,7/3/2025,
851,45.0,gf,3.635,mm,OK,--,12:38:12 PM,7/3/2025,
852,46.5,gf,3.640,mm,OK,--,12:38:12 PM,7/3/2025,
853,48.6,gf,3.640,mm,OK,--,12:38:12 PM,7/3/2025,
854,50.5,gf,3.645,mm,OK,--,12:38:13 PM,7/3/2025,
855,52.3,gf,3.645,mm,OK,--,12:38:13 PM,7/3/2025,
856,54.1,gf,3.645,mm,OK,--,12:38:13 PM,7/3/2025,
857,55.8,gf,3.650,mm,OK,--,12:38:13 PM,7/3/2025,
858,57.2,gf,3.650,mm,OK,--,12:38:13 PM,7/3/2025,
859,58.5,gf,3.650,mm,OK,--,12:38:13 PM,7/3/2025,
860,60.0,gf,3.650,mm,OK,--,12:38:13 PM,7/3/2025,
861,61.4,gf,3.655,mm,OK,--,12:38:13 PM,7/3/2025,
862,62.6,gf,3.655,mm,OK,--,12:38:13 PM,7/3/2025,
863,63.9,gf,3.655,mm,OK,--,12:38:13 PM,7/3/2025,
864,65.5,gf,3.655,mm,OK,--,12:38:14 PM,7/3/2025,
865,66.9,gf,3.660,mm,OK,--,12:38:14 PM,7/3/2025,
866,68.1,gf,3.660,mm,OK,--,12:38:14 PM,7/3/2025,
867,69.4,gf,3.660,mm,OK,--,12:38:14 PM,7/3/2025,
868,70.6,gf,3.660,mm,OK,--,12:38:14 PM,7/3/2025,
869,71.5,gf,3.665,mm,OK,--,12:38:14 PM,7/3/2025,
870,72.6,gf,3.665,mm,OK,--,12:38:14 PM,7/3/2025,
871,73.8,gf,3.665,mm,OK,--,12:38:14 PM,7/3/2025,
872,74.9,gf,3.665,mm,OK,--,12:38:14 PM,7/3/2025,
873,76.0,gf,3.665,mm,OK,--,12:38:14 PM,7/3/2025,
874,76.9,gf,3.670,mm,OK,--,12:38:15 PM,7/3/2025,
875,78.0,gf,3.670,mm,OK,--,12:38:15 PM,7/3/2025,
876,79.1,gf,3.670,mm,OK,--,12:38:15 PM,7/3/2025,
877,80.2,gf,3.670,mm,OK,--,12:38:15 PM,7/3/2025,
878,81.2,gf,3.675,mm,OK,--,12:38:15 PM,7/3/2025,
879,82.1,gf,3.675,mm,OK,--,12:38:15 PM,7/3/2025,
880,83.0,gf,3.675,mm,OK,--,12:38:15 PM,7/3/2025,
881,83.8,gf,3.675,mm,OK,--,12:38:15 PM,7/3/2025,
882,84.7,gf,3.675,mm,OK,--,12:38:15 PM,7/3/2025,
883,85.6,gf,3.680,mm,OK,--,12:38:15 PM,7/3/2025,
884,86.6,gf,3.680,mm,OK,--,12:38:16 PM,7/3/2025,
885,87.5,gf,3.680,mm,OK,--,12:38:16 PM,7/3/2025,
886,88.4,gf,3.680,mm,OK,--,12:38:16 PM,7/3/2025,
887,89.4,gf,3.680,mm,OK,--,12:38:16 PM,7/3/2025,
888,90.3,gf,3.680,mm,OK,--,12:38:16 PM,7/3/2025,
889,91.5,gf,3.685,mm,OK,--,12:38:16 PM,7/3/2025,
890,92.8,gf,3.685,mm,OK,--,12:38:16 PM,7/3/2025,
891,94.1,gf,3.685,mm,OK,--,12:38:16 PM,7/3/2025,
892,95.1,gf,3.685,mm,OK,--,12:38:16 PM,7/3/2025,
893,96.2,gf,3.690,mm,OK,--,12:38:16 PM,7/3/2025,
894,97.5,gf,3.690,mm,OK,--,12:38:17 PM,7/3/2025,
895,98.9,gf,3.690,mm,OK,--,12:38:17 PM,7/3/2025,
896,100.5,gf,3.690,mm,OK,--,12:38:17 PM,7/3/2025,
897,102.1,gf,3.695,mm,OK,--,12:38:17 PM,7/3/2025,
898,103.5,gf,3.695,mm,OK,--,12:38:17 PM,7/3/2025,
899,105.0,gf,3.695,mm,OK,--,12:38:17 PM,7/3/2025,
900,106.2,gf,3.700,mm,OK,--,12:38:17 PM,7/3/2025,
901,107.7,gf,3.700,mm,OK,--,12:38:17 PM,7/3/2025,
902,109.1,gf,3.700,mm,OK,--,12:38:17 PM,7/3/2025,
903,110.4,gf,3.700,mm,OK,--,12:38:17 PM,7/3/2025,
904,111.4,gf,3.705,mm,OK,--,12:38:18 PM,7/3/2025,
905,112.6,gf,3.705,mm,OK,--,12:38:18 PM,7/3/2025,
906,113.7,gf,3.705,mm,OK,--,12:38:18 PM,7/3/2025,
907,114.9,gf,3.705,mm,OK,--,12:38:18 PM,7/3/2025,
908,116.0,gf,3.705,mm,OK,--,12:38:18 PM,7/3/2025,
909,117.0,gf,3.710,mm,OK,--,12:38:18 PM,7/3/2025,
910,118.0,gf,3.710,mm,OK,--,12:38:18 PM,7/3/2025,
911,119.0,gf,3.710,mm,OK,--,12:38:18 PM,7/3/2025,
912,119.9,gf,3.710,mm,OK,--,12:38:18 PM,7/3/2025,
913,120.9,gf,3.710,mm,OK,--,12:38:18 PM,7/3/2025,
914,122.0,gf,3.715,mm,OK,--,12:38:19 PM,7/3/2025,
915,123.3,gf,3.715,mm,OK,--,12:38:19 PM,7/3/2025,
916,124.6,gf,3.715,mm,OK,--,12:38:19 PM,7/3/2025,
917,125.8,gf,3.715,mm,OK,--,12:38:19 PM,7/3/2025,
918,126.9,gf,3.720,mm,OK,--,12:38:19 PM,7/3/2025,
919,128.1,gf,3.720,mm,OK,--,12:38:19 PM,7/3/2025,
920,129.1,gf,3.720,mm,OK,--,12:38:19 PM,7/3/2025,
921,130.1,gf,3.720,mm,OK,--,12:38:19 PM,7/3/2025,
922,131.0,gf,3.720,mm,OK,--,12:38:19 PM,7/3/2025,
923,132.0,gf,3.720,mm,OK,--,12:38:19 PM,7/3/2025,
924,132.9,gf,3.725,mm,OK,--,12:38:20 PM,7/3/2025,
925,133.8,gf,3.725,mm,OK,--,12:38:20 PM,7/3/2025,
926,134.6,gf,3.725,mm,OK,--,12:38:20 PM,7/3/2025,
927,135.3,gf,3.725,mm,OK,--,12:38:20 PM,7/3/2025,
928,136.1,gf,3.725,mm,OK,--,12:38:20 PM,7/3/2025,
929,136.9,gf,3.725,mm,OK,--,12:38:20 PM,7/3/2025,
930,137.8,gf,3.730,mm,OK,--,12:38:20 PM,7/3/2025,
931,138.5,gf,3.730,mm,OK,--,12:38:20 PM,7/3/2025,
932,139.6,gf,3.730,mm,OK,--,12:38:20 PM,7/3/2025,
933,140.5,gf,3.730,mm,OK,--,12:38:20 PM,7/3/2025,
934,141.4,gf,3.730,mm,OK,--,12:38:21 PM,7/3/2025,
935,141.9,gf,3.730,mm,OK,--,12:38:21 PM,7/3/2025,
936,142.4,gf,3.730,mm,OK,--,12:38:21 PM,7/3/2025,
937,142.9,gf,3.735,mm,OK,--,12:38:21 PM,7/3/2025,
938,143.4,gf,3.735,mm,OK,--,12:38:21 PM,7/3/2025,
939,143.9,gf,3.735,mm,OK,--,12:38:21 PM,7/3/2025,
940,144.3,gf,3.735,mm,OK,--,12:38:21 PM,7/3/2025,
941,144.8,gf,3.735,mm,OK,--,12:38:21 PM,7/3/2025,
942,145.4,gf,3.735,mm,OK,--,12:38:21 PM,7/3/2025,
943,145.8,gf,3.735,mm,OK,--,12:38:21 PM,7/3/2025,
944,146.3,gf,3.735,mm,OK,--,12:38:22 PM,7/3/2025,
945,146.9,gf,3.735,mm,OK,--,12:38:22 PM,7/3/2025,
946,147.3,gf,3.735,mm,OK,--,12:38:22 PM,7/3/2025,
947,147.8,gf,3.735,mm,OK,--,12:38:22 PM,7/3/2025,
948,148.2,gf,3.740,mm,OK,--,12:38:22 PM,7/3/2025,
949,148.7,gf,3.740,mm,OK,--,12:38:22 PM,7/3/2025,
950,149.2,gf,3.740,mm,OK,--,12:38:22 PM,7/3/2025,
951,149.7,gf,3.740,mm,OK,--,12:38:22 PM,7/3/2025,
952,150.1,gf,3.740,mm,OK,--,12:38:22 PM,7/3/2025,
953,150.5,gf,3.740,mm,OK,--,12:38:22 PM,7/3/2025,
954,151.0,gf,3.740,mm,OK,--,12:38:23 PM,7/3/2025,
955,151.5,gf,3.740,mm,OK,--,12:38:23 PM,7/3/2025,
956,152.0,gf,3.740,mm,OK,--,12:38:23 PM,7/3/2025,
957,152.5,gf,3.740,mm,OK,--,12:38:23 PM,7/3/2025,
958,153.1,gf,3.740,mm,OK,--,12:38:23 PM,7/3/2025,
959,153.5,gf,3.745,mm,OK,--,12:38:23 PM,7/3/2025,
960,154.1,gf,3.745,mm,OK,--,12:38:23 PM,7/3/2025,
961,154.9,gf,3.745,mm,OK,--,12:38:23 PM,7/3/2025,
962,155.8,gf,3.745,mm,OK,--,12:38:23 PM,7/3/2025,
963,156.4,gf,3.745,mm,OK,--,12:38:23 PM,7/3/2025,
964,156.9,gf,3.745,mm,OK,--,12:38:24 PM,7/3/2025,
965,157.5,gf,3.745,mm,OK,--,12:38:24 PM,7/3/2025,
966,158.1,gf,3.745,mm,OK,--,12:38:24 PM,7/3/2025,
967,158.6,gf,3.750,mm,OK,--,12:38:24 PM,7/3/2025,
968,159.1,gf,3.750,mm,OK,--,12:38:24 PM,7/3/2025,
969,159.8,gf,3.750,mm,OK,--,12:38:24 PM,7/3/2025,
970,160.3,gf,3.750,mm,OK,--,12:38:24 PM,7/3/2025,
971,160.9,gf,3.750,mm,OK,--,12:38:24 PM,7/3/2025,
972,161.5,gf,3.750,mm,OK,--,12:38:24 PM,7/3/2025,
973,162.0,gf,3.750,mm,OK,--,12:38:24 PM,7/3/2025,
974,162.8,gf,3.750,mm,OK,--,12:38:25 PM,7/3/2025,
975,163.6,gf,3.750,mm,OK,--,12:38:25 PM,7/3/2025,
976,164.3,gf,3.755,mm,OK,--,12:38:25 PM,7/3/2025,
977,164.9,gf,3.755,mm,OK,--,12:38:25 PM,7/3/2025,
978,165.7,gf,3.755,mm,OK,--,12:38:25 PM,7/3/2025,
979,166.4,gf,3.755,mm,OK,--,12:38:25 PM,7/3/2025,
980,167.1,gf,3.755,mm,OK,--,12:38:25 PM,7/3/2025,
981,167.7,gf,3.755,mm,OK,--,12:38:25 PM,7/3/2025,
982,168.3,gf,3.755,mm,OK,--,12:38:25 PM,7/3/2025,
983,169.0,gf,3.760,mm,OK,--,12:38:25 PM,7/3/2025,
984,169.7,gf,3.760,mm,OK,--,12:38:26 PM,7/3/2025,
985,170.4,gf,3.760,mm,OK,--,12:38:26 PM,7/3/2025,
986,171.2,gf,3.760,mm,OK,--,12:38:26 PM,7/3/2025,
987,171.9,gf,3.760,mm,OK,--,12:38:26 PM,7/3/2025,
988,172.6,gf,3.760,mm,OK,--,12:38:26 PM,7/3/2025,
989,173.6,gf,3.760,mm,OK,--,12:38:26 PM,7/3/2025,
990,174.5,gf,3.765,mm,OK,--,12:38:26 PM,7/3/2025,
991,175.5,gf,3.765,mm,OK,--,12:38:26 PM,7/3/2025,
992,177.0,gf,3.765,mm,OK,--,12:38:26 PM,7/3/2025,
993,178.2,gf,3.765,mm,OK,--,12:38:26 PM,7/3/2025,
994,179.2,gf,3.770,mm,OK,--,12:38:27 PM,7/3/2025,
995,180.1,gf,3.770,mm,OK,--,12:38:27 PM,7/3/2025,
996,181.7,gf,3.770,mm,OK,--,12:38:27 PM,7/3/2025,
997,183.7,gf,3.770,mm,OK,--,12:38:27 PM,7/3/2025,
998,184.7,gf,3.775,mm,OK,--,12:38:27 PM,7/3/2025,
999,185.1,gf,3.775,mm,OK,--,12:38:27 PM,7/3/2025,
1000,185.7,gf,3.775,mm,OK,--,12:38:27 PM,7/3/2025,
1001,186.1,gf,3.775,mm,OK,--,12:38:27 PM,7/3/2025,
1002,188.0,gf,3.775,mm,OK,--,12:38:27 PM,7/3/2025,
1003,191.7,gf,3.780,mm,OK,--,12:38:27 PM,7/3/2025,
1004,195.7,gf,3.785,mm,OK,--,12:38:28 PM,7/3/2025,
1005,197.5,gf,3.785,mm,OK,--,12:38:28 PM,7/3/2025,
1006,198.3,gf,3.785,mm,OK,--,12:38:28 PM,7/3/2025,
1007,198.4,gf,3.785,mm,OK,--,12:38:28 PM,7/3/2025,
1008,198.2,gf,3.785,mm,OK,--,12:38:28 PM,7/3/2025,
1009,198.2,gf,3.785,mm,OK,--,12:38:28 PM,7/3/2025,
1010,198.2,gf,3.785,mm,OK,--,12:38:28 PM,7/3/2025,
1011,198.2,gf,3.785,mm,OK,--,12:38:28 PM,7/3/2025,
1012,198.2,gf,3.785,mm,OK,--,12:38:28 PM,7/3/2025,
1013,198.2,gf,3.785,mm,OK,--,12:38:28 PM,7/3/2025,
1014,198.2,gf,3.785,mm,OK,--,12:38:29 PM,7/3/2025,
1015,198.2,gf,3.785,mm,OK,--,12:38:29 PM,7/3/2025,
1016,198.2,gf,3.785,mm,OK,--,12:38:29 PM,7/3/2025,
1017,197.9,gf,3.785,mm,OK,--,12:38:29 PM,7/3/2025,
1018,197.8,gf,3.785,mm,OK,--,12:38:29 PM,7/3/2025,
1019,197.6,gf,3.785,mm,OK,--,12:38:29 PM,7/3/2025,
1020,197.5,gf,3.785,mm,OK,--,12:38:29 PM,7/3/2025,
1021,197.4,gf,3.785,mm,OK,--,12:38:29 PM,7/3/2025,
1022,197.2,gf,3.785,mm,OK,--,12:38:29 PM,7/3/2025,
1023,197.0,gf,3.785,mm,OK,--,12:38:29 PM,7/3/2025,
1024,196.7,gf,3.785,mm,OK,--,12:38:30 PM,7/3/2025,
1025,196.0,gf,3.785,mm,OK,--,12:38:30 PM,7/3/2025,
1026,194.6,gf,3.785,mm,OK,--,12:38:30 PM,7/3/2025,
1027,193.0,gf,3.785,mm,OK,--,12:38:30 PM,7/3/2025,
1028,191.7,gf,3.780,mm,OK,--,12:38:30 PM,7/3/2025,
1029,189.4,gf,3.780,mm,OK,--,12:38:30 PM,7/3/2025,
1030,186.9,gf,3.780,mm,OK,--,12:38:30 PM,7/3/2025,
1031,183.1,gf,3.775,mm,OK,--,12:38:30 PM,7/3/2025,
1032,181.8,gf,3.775,mm,OK,--,12:38:30 PM,7/3/2025,
1033,181.0,gf,3.770,mm,OK,--,12:38:30 PM,7/3/2025,
1034,180.3,gf,3.770,mm,OK,--,12:38:31 PM,7/3/2025,
1035,180.2,gf,3.770,mm,OK,--,12:38:31 PM,7/3/2025,
1036,179.9,gf,3.770,mm,OK,--,12:38:31 PM,7/3/2025,
1037,179.2,gf,3.770,mm,OK,--,12:38:31 PM,7/3/2025,
1038,178.0,gf,3.770,mm,OK,--,12:38:31 PM,7/3/2025,
1039,176.9,gf,3.770,mm,OK,--,12:38:31 PM,7/3/2025,
1040,176.0,gf,3.765,mm,OK,--,12:38:31 PM,7/3/2025,
1041,175.2,gf,3.765,mm,OK,--,12:38:31 PM,7/3/2025,
1042,174.5,gf,3.765,mm,OK,--,12:38:31 PM,7/3/2025,
1043,173.8,gf,3.765,mm,OK,--,12:38:31 PM,7/3/2025,
1044,172.8,gf,3.765,mm,OK,--,12:38:32 PM,7/3/2025,
1045,172.0,gf,3.765,mm,OK,--,12:38:32 PM,7/3/2025,
1046,171.7,gf,3.765,mm,OK,--,12:38:32 PM,7/3/2025,
1047,171.3,gf,3.765,mm,OK,--,12:38:32 PM,7/3/2025,
1048,171.0,gf,3.765,mm,OK,--,12:38:32 PM,7/3/2025,
1049,170.8,gf,3.760,mm,OK,--,12:38:32 PM,7/3/2025,
1050,170.4,gf,3.760,mm,OK,--,12:38:32 PM,7/3/2025,
1051,170.0,gf,3.760,mm,OK,--,12:38:32 PM,7/3/2025,
1052,169.6,gf,3.760,mm,OK,--,12:38:32 PM,7/3/2025,
1053,169.4,gf,3.760,mm,OK,--,12:38:32 PM,7/3/2025,
1054,169.2,gf,3.760,mm,OK,--,12:38:33 PM,7/3/2025,
1055,169.0,gf,3.760,mm,OK,--,12:38:33 PM,7/3/2025,
1056,168.7,gf,3.760,mm,OK,--,12:38:33 PM,7/3/2025,
1057,168.4,gf,3.760,mm,OK,--,12:38:33 PM,7/3/2025,
1058,168.0,gf,3.760,mm,OK,--,12:38:33 PM,7/3/2025,
1059,167.5,gf,3.760,mm,OK,--,12:38:33 PM,7/3/2025,
1060,167.0,gf,3.760,mm,OK,--,12:38:33 PM,7/3/2025,
1061,166.6,gf,3.760,mm,OK,--,12:38:33 PM,7/3/2025,
1062,166.3,gf,3.760,mm,OK,--,12:38:33 PM,7/3/2025,
1063,165.9,gf,3.760,mm,OK,--,12:38:33 PM,7/3/2025,
1064,165.5,gf,3.755,mm,OK,--,12:38:34 PM,7/3/2025,
1065,165.2,gf,3.755,mm,OK,--,12:38:34 PM,7/3/2025,
1066,165.0,gf,3.755,mm,OK,--,12:38:34 PM,7/3/2025,
1067,164.7,gf,3.755,mm,OK,--,12:38:34 PM,7/3/2025,
1068,164.5,gf,3.755,mm,OK,--,12:38:34 PM,7/3/2025,
1069,164.2,gf,3.755,mm,OK,--,12:38:34 PM,7/3/2025,
1070,163.9,gf,3.755,mm,OK,--,12:38:34 PM,7/3/2025,
1071,163.5,gf,3.755,mm,OK,--,12:38:34 PM,7/3/2025,
1072,162.8,gf,3.755,mm,OK,--,12:38:34 PM,7/3/2025,
1073,162.3,gf,3.755,mm,OK,--,12:38:34 PM,7/3/2025,
1074,161.7,gf,3.755,mm,OK,--,12:38:35 PM,7/3/2025,
1075,161.1,gf,3.755,mm,OK,--,12:38:35 PM,7/3/2025,
1076,160.6,gf,3.755,mm,OK,--,12:38:35 PM,7/3/2025,
1077,160.0,gf,3.750,mm,OK,--,12:38:35 PM,7/3/2025,
1078,159.3,gf,3.750,mm,OK,--,12:38:35 PM,7/3/2025,
1079,158.4,gf,3.750,mm,OK,--,12:38:35 PM,7/3/2025,
1080,157.4,gf,3.750,mm,OK,--,12:38:35 PM,7/3/2025,
1081,156.3,gf,3.750,mm,OK,--,12:38:35 PM,7/3/2025,
1082,155.1,gf,3.745,mm,OK,--,12:38:35 PM,7/3/2025,
1083,154.0,gf,3.745,mm,OK,--,12:38:35 PM,7/3/2025,
1084,153.0,gf,3.745,mm,OK,--,12:38:36 PM,7/3/2025,
1085,151.8,gf,3.745,mm,OK,--,12:38:36 PM,7/3/2025,
1086,150.7,gf,3.745,mm,OK,--,12:38:36 PM,7/3/2025,
1087,149.5,gf,3.740,mm,OK,--,12:38:36 PM,7/3/2025,
1088,148.2,gf,3.740,mm,OK,--,12:38:36 PM,7/3/2025,
1089,147.1,gf,3.740,mm,OK,--,12:38:36 PM,7/3/2025,
1090,146.3,gf,3.740,mm,OK,--,12:38:36 PM,7/3/2025,
1091,145.5,gf,3.740,mm,OK,--,12:38:36 PM,7/3/2025,
1092,145.0,gf,3.740,mm,OK,--,12:38:36 PM,7/3/2025,
1093,144.3,gf,3.735,mm,OK,--,12:38:36 PM,7/3/2025,
1094,143.7,gf,3.735,mm,OK,--,12:38:37 PM,7/3/2025,
1095,143.1,gf,3.735,mm,OK,--,12:38:37 PM,7/3/2025,
1096,142.6,gf,3.735,mm,OK,--,12:38:37 PM,7/3/2025,
1097,142.0,gf,3.735,mm,OK,--,12:38:37 PM,7/3/2025,
1098,141.5,gf,3.735,mm,OK,--,12:38:37 PM,7/3/2025,
1099,140.9,gf,3.735,mm,OK,--,12:38:37 PM,7/3/2025,
1100,140.0,gf,3.735,mm,OK,--,12:38:37 PM,7/3/2025,
1101,139.2,gf,3.730,mm,OK,--,12:38:37 PM,7/3/2025,
1102,138.4,gf,3.730,mm,OK,--,12:38:37 PM,7/3/2025,
1103,137.8,gf,3.730,mm,OK,--,12:38:37 PM,7/3/2025,
1104,137.5,gf,3.730,mm,OK,--,12:38:38 PM,7/3/2025,
1105,136.8,gf,3.730,mm,OK,--,12:38:38 PM,7/3/2025,
1106,135.8,gf,3.730,mm,OK,--,12:38:38 PM,7/3/2025,
1107,134.2,gf,3.730,mm,OK,--,12:38:38 PM,7/3/2025,
1108,132.8,gf,3.725,mm,OK,--,12:38:38 PM,7/3/2025,
1109,131.0,gf,3.725,mm,OK,--,12:38:38 PM,7/3/2025,
1110,128.2,gf,3.720,mm,OK,--,12:38:38 PM,7/3/2025,
1111,126.9,gf,3.720,mm,OK,--,12:38:38 PM,7/3/2025,
1112,126.1,gf,3.720,mm,OK,--,12:38:38 PM,7/3/2025,
1113,125.5,gf,3.720,mm,OK,--,12:38:38 PM,7/3/2025,
1114,125.1,gf,3.720,mm,OK,--,12:38:39 PM,7/3/2025,
1115,124.6,gf,3.720,mm,OK,--,12:38:39 PM,7/3/2025,
1116,123.7,gf,3.720,mm,OK,--,12:38:39 PM,7/3/2025,
1117,122.9,gf,3.715,mm,OK,--,12:38:39 PM,7/3/2025,
1118,122.0,gf,3.715,mm,OK,--,12:38:39 PM,7/3/2025,
1119,121.3,gf,3.715,mm,OK,--,12:38:39 PM,7/3/2025,
1120,120.7,gf,3.715,mm,OK,--,12:38:39 PM,7/3/2025,
1121,120.0,gf,3.715,mm,OK,--,12:38:39 PM,7/3/2025,
1122,119.6,gf,3.715,mm,OK,--,12:38:39 PM,7/3/2025,
1123,118.5,gf,3.715,mm,OK,--,12:38:39 PM,7/3/2025,
1124,116.2,gf,3.710,mm,OK,--,12:38:40 PM,7/3/2025,
1125,114.5,gf,3.710,mm,OK,--,12:38:40 PM,7/3/2025,
1126,113.8,gf,3.710,mm,OK,--,12:38:40 PM,7/3/2025,
1127,113.2,gf,3.710,mm,OK,--,12:38:40 PM,7/3/2025,
1128,112.7,gf,3.710,mm,OK,--,12:38:40 PM,7/3/2025,
1129,112.1,gf,3.705,mm,OK,--,12:38:40 PM,7/3/2025,
1130,111.6,gf,3.705,mm,OK,--,12:38:40 PM,7/3/2025,
1131,111.1,gf,3.705,mm,OK,--,12:38:40 PM,7/3/2025,
1132,110.6,gf,3.705,mm,OK,--,12:38:40 PM,7/3/2025,
1133,110.1,gf,3.705,mm,OK,--,12:38:40 PM,7/3/2025,
1134,109.9,gf,3.705,mm,OK,--,12:38:41 PM,7/3/2025,
1135,109.6,gf,3.705,mm,OK,--,12:38:41 PM,7/3/2025,
1136,109.4,gf,3.705,mm,OK,--,12:38:41 PM,7/3/2025,
1137,109.1,gf,3.705,mm,OK,--,12:38:41 PM,7/3/2025,
1138,108.9,gf,3.705,mm,OK,--,12:38:41 PM,7/3/2025,
1139,108.7,gf,3.705,mm,OK,--,12:38:41 PM,7/3/2025,
1140,107.8,gf,3.705,mm,OK,--,12:38:41 PM,7/3/2025,
1141,107.1,gf,3.700,mm,OK,--,12:38:41 PM,7/3/2025,
1142,106.3,gf,3.700,mm,OK,--,12:38:41 PM,7/3/2025,
1143,105.9,gf,3.700,mm,OK,--,12:38:41 PM,7/3/2025,
1144,105.4,gf,3.700,mm,OK,--,12:38:42 PM,7/3/2025,
1145,104.9,gf,3.700,mm,OK,--,12:38:42 PM,7/3/2025,
1146,104.4,gf,3.700,mm,OK,--,12:38:42 PM,7/3/2025,
1147,103.8,gf,3.700,mm,OK,--,12:38:42 PM,7/3/2025,
1148,103.3,gf,3.700,mm,OK,--,12:38:42 PM,7/3/2025,
1149,102.9,gf,3.700,mm,OK,--,12:38:42 PM,7/3/2025,
1150,102.5,gf,3.700,mm,OK,--,12:38:42 PM,7/3/2025,
1151,102.0,gf,3.700,mm,OK,--,12:38:42 PM,7/3/2025,
1152,101.5,gf,3.695,mm,OK,--,12:38:42 PM,7/3/2025,
1153,101.0,gf,3.695,mm,OK,--,12:38:42 PM,7/3/2025,
1154,100.5,gf,3.695,mm,OK,--,12:38:43 PM,7/3/2025,
1155,99.8,gf,3.695,mm,OK,--,12:38:43 PM,7/3/2025,
1156,99.2,gf,3.695,mm,OK,--,12:38:43 PM,7/3/2025,
1157,98.7,gf,3.695,mm,OK,--,12:38:43 PM,7/3/2025,
1158,98.2,gf,3.695,mm,OK,--,12:38:43 PM,7/3/2025,
1159,97.7,gf,3.695,mm,OK,--,12:38:43 PM,7/3/2025,
1160,97.1,gf,3.695,mm,OK,--,12:38:43 PM,7/3/2025,
1161,96.4,gf,3.690,mm,OK,--,12:38:43 PM,7/3/2025,
1162,95.6,gf,3.690,mm,OK,--,12:38:43 PM,7/3/2025,
1163,94.9,gf,3.690,mm,OK,--,12:38:43 PM,7/3/2025,
1164,94.2,gf,3.690,mm,OK,--,12:38:44 PM,7/3/2025,
1165,93.5,gf,3.690,mm,OK,--,12:38:44 PM,7/3/2025,
1166,92.9,gf,3.690,mm,OK,--,12:38:44 PM,7/3/2025,
1167,92.3,gf,3.690,mm,OK,--,12:38:44 PM,7/3/2025,
1168,91.5,gf,3.685,mm,OK,--,12:38:44 PM,7/3/2025,
1169,91.0,gf,3.685,mm,OK,--,12:38:44 PM,7/3/2025,
1170,90.5,gf,3.685,mm,OK,--,12:38:44 PM,7/3/2025,
1171,89.8,gf,3.685,mm,OK,--,12:38:44 PM,7/3/2025,
1172,89.1,gf,3.685,mm,OK,--,12:38:44 PM,7/3/2025,
1173,88.6,gf,3.685,mm,OK,--,12:38:44 PM,7/3/2025,
1174,88.0,gf,3.685,mm,OK,--,12:38:45 PM,7/3/2025,
1175,87.6,gf,3.685,mm,OK,--,12:38:45 PM,7/3/2025,
1176,87.0,gf,3.680,mm,OK,--,12:38:45 PM,7/3/2025,
1177,86.5,gf,3.680,mm,OK,--,12:38:45 PM,7/3/2025,
1178,86.0,gf,3.680,mm,OK,--,12:38:45 PM,7/3/2025,
1179,85.6,gf,3.680,mm,OK,--,12:38:45 PM,7/3/2025,
1180,85.2,gf,3.680,mm,OK,--,12:38:45 PM,7/3/2025,
1181,84.6,gf,3.680,mm,OK,--,12:38:45 PM,7/3/2025,
1182,84.1,gf,3.680,mm,OK,--,12:38:45 PM,7/3/2025,
1183,83.6,gf,3.680,mm,OK,--,12:38:45 PM,7/3/2025,
1184,82.3,gf,3.680,mm,OK,--,12:38:46 PM,7/3/2025,
1185,80.2,gf,3.675,mm,OK,--,12:38:46 PM,7/3/2025,
1186,76.9,gf,3.670,mm,OK,--,12:38:46 PM,7/3/2025,
1187,74.0,gf,3.670,mm,OK,--,12:38:46 PM,7/3/2025,
1188,70.3,gf,3.665,mm,OK,--,12:38:46 PM,7/3/2025,
1189,66.9,gf,3.660,mm,OK,--,12:38:46 PM,7/3/2025,
1190,61.7,gf,3.655,mm,OK,--,12:38:46 PM,7/3/2025,
1191,55.6,gf,3.650,mm,OK,--,12:38:46 PM,7/3/2025,
1192,50.4,gf,3.645,mm,OK,--,12:38:46 PM,7/3/2025,
1193,45.7,gf,3.640,mm,OK,--,12:38:46 PM,7/3/2025,
1194,42.4,gf,3.640,mm,OK,--,12:38:47 PM,7/3/2025,
1195,40.7,gf,3.635,mm,OK,--,12:38:47 PM,7/3/2025,
1196,40.9,gf,3.635,mm,OK,--,12:38:47 PM,7/3/2025,
1197,41.0,gf,3.630,mm,OK,--,12:38:47 PM,7/3/2025,
1198,41.0,gf,3.630,mm,OK,--,12:38:47 PM,7/3/2025,
1199,41.0,gf,3.630,mm,OK,--,12:38:47 PM,7/3/2025,
1200,40.9,gf,3.630,mm,OK,--,12:38:47 PM,7/3/2025,
1201,41.0,gf,3.625,mm,OK,--,12:38:47 PM,7/3/2025,
1202,41.0,gf,3.625,mm,OK,--,12:38:47 PM,7/3/2025,
1203,41.1,gf,3.620,mm,OK,--,12:38:47 PM,7/3/2025,
1204,41.0,gf,3.620,mm,OK,--,12:38:48 PM,7/3/2025,
1205,41.0,gf,3.620,mm,OK,--,12:38:48 PM,7/3/2025,
1206,41.0,gf,3.615,mm,OK,--,12:38:48 PM,7/3/2025,
1207,41.0,gf,3.615,mm,OK,--,12:38:48 PM,7/3/2025,
1208,41.0,gf,3.610,mm,OK,--,12:38:48 PM,7/3/2025,
1209,41.1,gf,3.610,mm,OK,--,12:38:48 PM,7/3/2025,
1210,41.0,gf,3.610,mm,OK,--,12:38:48 PM,7/3/2025,
1211,41.0,gf,3.605,mm,OK,--,12:38:48 PM,7/3/2025,
1212,41.0,gf,3.605,mm,OK,--,12:38:48 PM,7/3/2025,
1213,41.0,gf,3.600,mm,OK,--,12:38:48 PM,7/3/2025,
1214,41.0,gf,3.595,mm,OK,--,12:38:49 PM,7/3/2025,
1215,41.0,gf,3.590,mm,OK,--,12:38:49 PM,7/3/2025,
1216,41.0,gf,3.590,mm,OK,--,12:38:49 PM,7/3/2025,
1217,41.0,gf,3.585,mm,OK,--,12:38:49 PM,7/3/2025,
1218,41.0,gf,3.580,mm,OK,--,12:38:49 PM,7/3/2025,
1219,41.1,gf,3.580,mm,OK,--,12:38:49 PM,7/3/2025,
1220,41.1,gf,3.575,mm,OK,--,12:38:49 PM,7/3/2025,
1221,41.1,gf,3.575,mm,OK,--,12:38:49 PM,7/3/2025,
1222,41.0,gf,3.570,mm,OK,--,12:38:49 PM,7/3/2025,
1223,41.0,gf,3.565,mm,OK,--,12:38:49 PM,7/3/2025,
1224,41.0,gf,3.565,mm,OK,--,12:38:50 PM,7/3/2025,
1225,41.0,gf,3.560,mm,OK,--,12:38:50 PM,7/3/2025,
1226,41.0,gf,3.555,mm,OK,--,12:38:50 PM,7/3/2025,
1227,41.0,gf,3.555,mm,OK,--,12:38:50 PM,7/3/2025,
1228,41.0,gf,3.550,mm,OK,--,12:38:50 PM,7/3/2025,
1229,41.0,gf,3.545,mm,OK,--,12:38:50 PM,7/3/2025,
1230,41.0,gf,3.540,mm,OK,--,12:38:50 PM,7/3/2025,
1231,41.0,gf,3.540,mm,OK,--,12:38:50 PM,7/3/2025,
1232,40.9,gf,3.535,mm,OK,--,12:38:50 PM,7/3/2025,
1233,40.9,gf,3.525,mm,OK,--,12:38:50 PM,7/3/2025,
1234,41.0,gf,3.520,mm,OK,--,12:38:51 PM,7/3/2025,
1235,41.0,gf,3.515,mm,OK,--,12:38:51 PM,7/3/2025,
1236,40.9,gf,3.510,mm,OK,--,12:38:51 PM,7/3/2025,
1237,40.9,gf,3.510,mm,OK,--,12:38:51 PM,7/3/2025,
1238,40.9,gf,3.505,mm,OK,--,12:38:51 PM,7/3/2025,
1239,41.0,gf,3.500,mm,OK,--,12:38:51 PM,7/3/2025,
1240,41.0,gf,3.500,mm,OK,--,12:38:51 PM,7/3/2025,
1241,41.0,gf,3.500,mm,OK,--,12:38:51 PM,7/3/2025,
1242,40.9,gf,3.495,mm,OK,--,12:38:51 PM,7/3/2025,
1243,40.9,gf,3.495,mm,OK,--,12:38:51 PM,7/3/2025,
1244,40.9,gf,3.490,mm,OK,--,12:38:52 PM,7/3/2025,
1245,40.9,gf,3.485,mm,OK,--,12:38:52 PM,7/3/2025,
1246,40.9,gf,3.485,mm,OK,--,12:38:52 PM,7/3/2025,
1247,40.9,gf,3.480,mm,OK,--,12:38:52 PM,7/3/2025,
1248,40.9,gf,3.475,mm,OK,--,12:38:52 PM,7/3/2025,
1249,40.9,gf,3.470,mm,OK,--,12:38:52 PM,7/3/2025,
1250,40.9,gf,3.460,mm,OK,--,12:38:52 PM,7/3/2025,
1251,40.8,gf,3.445,mm,OK,--,12:38:52 PM,7/3/2025,
1252,40.8,gf,3.440,mm,OK,--,12:38:52 PM,7/3/2025,
1253,40.8,gf,3.430,mm,OK,--,12:38:52 PM,7/3/2025,
1254,40.8,gf,3.425,mm,OK,--,12:38:53 PM,7/3/2025,
1255,40.8,gf,3.425,mm,OK,--,12:38:53 PM,7/3/2025,
1256,40.8,gf,3.420,mm,OK,--,12:38:53 PM,7/3/2025,
1257,40.8,gf,3.415,mm,OK,--,12:38:53 PM,7/3/2025,
1258,40.8,gf,3.410,mm,OK,--,12:38:53 PM,7/3/2025,
1259,40.8,gf,3.405,mm,OK,--,12:38:53 PM,7/3/2025,
1260,40.8,gf,3.405,mm,OK,--,12:38:53 PM,7/3/2025,
1261,40.8,gf,3.400,mm,OK,--,12:38:53 PM,7/3/2025,
1262,40.8,gf,3.395,mm,OK,--,12:38:53 PM,7/3/2025,
1263,40.8,gf,3.390,mm,OK,--,12:38:53 PM,7/3/2025,
1264,40.8,gf,3.385,mm,OK,--,12:38:54 PM,7/3/2025,
1265,40.8,gf,3.380,mm,OK,--,12:38:54 PM,7/3/2025,
1266,40.8,gf,3.370,mm,OK,--,12:38:54 PM,7/3/2025,
1267,40.7,gf,3.360,mm,OK,--,12:38:54 PM,7/3/2025,
1268,40.6,gf,3.350,mm,OK,--,12:38:54 PM,7/3/2025,
1269,40.6,gf,3.340,mm,OK,--,12:38:54 PM,7/3/2025,
1270,40.6,gf,3.330,mm,OK,--,12:38:54 PM,7/3/2025,
1271,40.6,gf,3.325,mm,OK,--,12:38:54 PM,7/3/2025,
1272,40.6,gf,3.315,mm,OK,--,12:38:54 PM,7/3/2025,
1273,40.6,gf,3.305,mm,OK,--,12:38:54 PM,7/3/2025,
1274,40.6,gf,3.300,mm,OK,--,12:38:55 PM,7/3/2025,
1275,40.5,gf,3.290,mm,OK,--,12:38:55 PM,7/3/2025,
1276,40.5,gf,3.285,mm,OK,--,12:38:55 PM,7/3/2025,
1277,40.5,gf,3.280,mm,OK,--,12:38:55 PM,7/3/2025,
1278,40.5,gf,3.270,mm,OK,--,12:38:55 PM,7/3/2025,
1279,40.4,gf,3.265,mm,OK,--,12:38:55 PM,7/3/2025,
1280,40.4,gf,3.260,mm,OK,--,12:38:55 PM,7/3/2025,
1281,40.4,gf,3.255,mm,OK,--,12:38:55 PM,7/3/2025,
1282,40.4,gf,3.250,mm,OK,--,12:38:55 PM,7/3/2025,
1283,40.4,gf,3.245,mm,OK,--,12:38:55 PM,7/3/2025,
1284,40.3,gf,3.240,mm,OK,--,12:38:56 PM,7/3/2025,
1285,40.3,gf,3.230,mm,OK,--,12:38:56 PM,7/3/2025,
1286,40.3,gf,3.225,mm,OK,--,12:38:56 PM,7/3/2025,
1287,40.3,gf,3.220,mm,OK,--,12:38:56 PM,7/3/2025,
1288,40.2,gf,3.210,mm,OK,--,12:38:56 PM,7/3/2025,
1289,40.2,gf,3.200,mm,OK,--,12:38:56 PM,7/3/2025,
1290,40.1,gf,3.195,mm,OK,--,12:38:56 PM,7/3/2025,
1291,40.1,gf,3.190,mm,OK,--,12:38:56 PM,7/3/2025,
1292,40.1,gf,3.185,mm,OK,--,12:38:56 PM,7/3/2025,
1293,40.2,gf,3.180,mm,OK,--,12:38:56 PM,7/3/2025,
1294,40.1,gf,3.180,mm,OK,--,12:38:57 PM,7/3/2025,
1295,40.0,gf,3.175,mm,OK,--,12:38:57 PM,7/3/2025,
1296,39.9,gf,3.170,mm,OK,--,12:38:57 PM,7/3/2025,
1297,39.9,gf,3.160,mm,OK,--,12:38:57 PM,7/3/2025,
1298,39.9,gf,3.155,mm,OK,--,12:38:57 PM,7/3/2025,
1299,39.9,gf,3.140,mm,OK,--,12:38:57 PM,7/3/2025,
1300,39.8,gf,3.130,mm,OK,--,12:38:57 PM,7/3/2025,
1301,39.8,gf,3.115,mm,OK,--,12:38:57 PM,7/3/2025,
1302,39.7,gf,3.100,mm,OK,--,12:38:57 PM,7/3/2025,
1303,39.7,gf,3.085,mm,OK,--,12:38:57 PM,7/3/2025,
1304,39.7,gf,3.075,mm,OK,--,12:38:58 PM,7/3/2025,
1305,39.6,gf,3.065,mm,OK,--,12:38:58 PM,7/3/2025,
1306,39.6,gf,3.055,mm,OK,--,12:38:58 PM,7/3/2025,
1307,39.5,gf,3.045,mm,OK,--,12:38:58 PM,7/3/2025,
1308,39.5,gf,3.030,mm,OK,--,12:38:58 PM,7/3/2025,
1309,39.4,gf,3.020,mm,OK,--,12:38:58 PM,7/3/2025,
1310,39.3,gf,3.005,mm,OK,--,12:38:58 PM,7/3/2025,
1311,39.4,gf,3.000,mm,OK,--,12:38:58 PM,7/3/2025,
1312,39.3,gf,2.990,mm,OK,--,12:38:58 PM,7/3/2025,
1313,39.3,gf,2.980,mm,OK,--,12:38:58 PM,7/3/2025,
1314,39.2,gf,2.965,mm,OK,--,12:38:59 PM,7/3/2025,
1315,39.2,gf,2.950,mm,OK,--,12:38:59 PM,7/3/2025,
1316,39.1,gf,2.935,mm,OK,--,12:38:59 PM,7/3/2025,
1317,39.0,gf,2.925,mm,OK,--,12:38:59 PM,7/3/2025,
1318,38.9,gf,2.910,mm,OK,--,12:38:59 PM,7/3/2025,
1319,38.9,gf,2.900,mm,OK,--,12:38:59 PM,7/3/2025,
1320,38.9,gf,2.885,mm,OK,--,12:38:59 PM,7/3/2025,
1321,38.8,gf,2.870,mm,OK,--,12:38:59 PM,7/3/2025,
1322,38.7,gf,2.855,mm,OK,--,12:38:59 PM,7/3/2025,
1323,38.7,gf,2.845,mm,OK,--,12:38:59 PM,7/3/2025,
1324,38.7,gf,2.835,mm,OK,--,12:39:00 PM,7/3/2025,
1325,38.7,gf,2.830,mm,OK,--,12:39:00 PM,7/3/2025,
1326,38.6,gf,2.825,mm,OK,--,12:39:00 PM,7/3/2025,
1327,38.6,gf,2.815,mm,OK,--,12:39:00 PM,7/3/2025,
1328,38.6,gf,2.810,mm,OK,--,12:39:00 PM,7/3/2025,
1329,38.5,gf,2.810,mm,OK,--,12:39:00 PM,7/3/2025,
1330,38.5,gf,2.805,mm,OK,--,12:39:00 PM,7/3/2025,
1331,38.5,gf,2.800,mm,OK,--,12:39:00 PM,7/3/2025,
1332,38.5,gf,2.795,mm,OK,--,12:39:00 PM,7/3/2025,
1333,38.5,gf,2.790,mm,OK,--,12:39:00 PM,7/3/2025,
1334,38.5,gf,2.785,mm,OK,--,12:39:01 PM,7/3/2025,
1335,38.4,gf,2.780,mm,OK,--,12:39:01 PM,7/3/2025,
1336,38.4,gf,2.770,mm,OK,--,12:39:01 PM,7/3/2025,
1337,38.4,gf,2.765,mm,OK,--,12:39:01 PM,7/3/2025,
1338,38.4,gf,2.755,mm,OK,--,12:39:01 PM,7/3/2025,
1339,38.4,gf,2.745,mm,OK,--,12:39:01 PM,7/3/2025,
1340,38.3,gf,2.735,mm,OK,--,12:39:01 PM,7/3/2025,
1341,38.2,gf,2.725,mm,OK,--,12:39:01 PM,7/3/2025,
1342,38.1,gf,2.710,mm,OK,--,12:39:01 PM,7/3/2025,
1343,38.1,gf,2.700,mm,OK,--,12:39:01 PM,7/3/2025,
1344,38.1,gf,2.695,mm,OK,--,12:39:02 PM,7/3/2025,
1345,38.1,gf,2.680,mm,OK,--,12:39:02 PM,7/3/2025,
1346,38.0,gf,2.670,mm,OK,--,12:39:02 PM,7/3/2025,
1347,38.0,gf,2.660,mm,OK,--,12:39:02 PM,7/3/2025,
1348,37.9,gf,2.650,mm,OK,--,12:39:02 PM,7/3/2025,
1349,37.9,gf,2.635,mm,OK,--,12:39:02 PM,7/3/2025,
1350,37.8,gf,2.625,mm,OK,--,12:39:02 PM,7/3/2025,
1351,37.8,gf,2.610,mm,OK,--,12:39:02 PM,7/3/2025,
1352,37.7,gf,2.600,mm,OK,--,12:39:02 PM,7/3/2025,
1353,37.7,gf,2.595,mm,OK,--,12:39:02 PM,7/3/2025,
1354,37.7,gf,2.585,mm,OK,--,12:39:03 PM,7/3/2025,
1355,37.6,gf,2.580,mm,OK,--,12:39:03 PM,7/3/2025,
1356,37.6,gf,2.570,mm,OK,--,12:39:03 PM,7/3/2025,
1357,37.6,gf,2.560,mm,OK,--,12:39:03 PM,7/3/2025,
1358,37.6,gf,2.555,mm,OK,--,12:39:03 PM,7/3/2025,
1359,37.6,gf,2.545,mm,OK,--,12:39:03 PM,7/3/2025,
1360,37.6,gf,2.540,mm,OK,--,12:39:03 PM,7/3/2025,
1361,37.6,gf,2.535,mm,OK,--,12:39:03 PM,7/3/2025,
1362,37.5,gf,2.530,mm,OK,--,12:39:03 PM,7/3/2025,
1363,37.5,gf,2.525,mm,OK,--,12:39:03 PM,7/3/2025,
1364,37.5,gf,2.520,mm,OK,--,12:39:04 PM,7/3/2025,
1365,37.5,gf,2.515,mm,OK,--,12:39:04 PM,7/3/2025,
1366,37.5,gf,2.510,mm,OK,--,12:39:04 PM,7/3/2025,
1367,37.5,gf,2.505,mm,OK,--,12:39:04 PM,7/3/2025,
1368,37.5,gf,2.505,mm,OK,--,12:39:04 PM,7/3/2025,
1369,37.5,gf,2.500,mm,OK,--,12:39:04 PM,7/3/2025,
1370,37.4,gf,2.495,mm,OK,--,12:39:04 PM,7/3/2025,
1371,37.4,gf,2.490,mm,OK,--,12:39:04 PM,7/3/2025,
1372,37.4,gf,2.490,mm,OK,--,12:39:04 PM,7/3/2025,
1373,37.4,gf,2.485,mm,OK,--,12:39:04 PM,7/3/2025,
1374,37.4,gf,2.480,mm,OK,--,12:39:05 PM,7/3/2025,
1375,37.3,gf,2.475,mm,OK,--,12:39:05 PM,7/3/2025,
1376,37.3,gf,2.475,mm,OK,--,12:39:05 PM,7/3/2025,
1377,37.3,gf,2.470,mm,OK,--,12:39:05 PM,7/3/2025,
1378,37.3,gf,2.465,mm,OK,--,12:39:05 PM,7/3/2025,
1379,37.3,gf,2.465,mm,OK,--,12:39:05 PM,7/3/2025,
1380,37.2,gf,2.460,mm,OK,--,12:39:05 PM,7/3/2025,
1381,37.2,gf,2.455,mm,OK,--,12:39:05 PM,7/3/2025,
1382,37.2,gf,2.450,mm,OK,--,12:39:05 PM,7/3/2025,
1383,37.3,gf,2.445,mm,OK,--,12:39:05 PM,7/3/2025,
1384,37.2,gf,2.440,mm,OK,--,12:39:06 PM,7/3/2025,
1385,37.2,gf,2.435,mm,OK,--,12:39:06 PM,7/3/2025,
1386,37.1,gf,2.435,mm,OK,--,12:39:06 PM,7/3/2025,
1387,37.1,gf,2.430,mm,OK,--,12:39:06 PM,7/3/2025,
1388,37.1,gf,2.420,mm,OK,--,12:39:06 PM,7/3/2025,
1389,37.1,gf,2.410,mm,OK,--,12:39:06 PM,7/3/2025,
1390,37.0,gf,2.400,mm,OK,--,12:39:06 PM,7/3/2025,
1391,37.0,gf,2.390,mm,OK,--,12:39:06 PM,7/3/2025,
1392,36.9,gf,2.380,mm,OK,--,12:39:06 PM,7/3/2025,
1393,36.9,gf,2.365,mm,OK,--,12:39:06 PM,7/3/2025,
1394,36.8,gf,2.355,mm,OK,--,12:39:07 PM,7/3/2025,
1395,36.8,gf,2.345,mm,OK,--,12:39:07 PM,7/3/2025,
1396,36.8,gf,2.335,mm,OK,--,12:39:07 PM,7/3/2025,
1397,36.7,gf,2.325,mm,OK,--,12:39:07 PM,7/3/2025,
1398,36.7,gf,2.315,mm,OK,--,12:39:07 PM,7/3/2025,
1399,36.6,gf,2.305,mm,OK,--,12:39:07 PM,7/3/2025,
1400,36.6,gf,2.295,mm,OK,--,12:39:07 PM,7/3/2025,
1401,36.5,gf,2.285,mm,OK,--,12:39:07 PM,7/3/2025,
1402,36.5,gf,2.270,mm,OK,--,12:39:07 PM,7/3/2025,
1403,36.4,gf,2.255,mm,OK,--,12:39:07 PM,7/3/2025,
1404,36.4,gf,2.245,mm,OK,--,12:39:08 PM,7/3/2025,
1405,36.4,gf,2.235,mm,OK,--,12:39:08 PM,7/3/2025,
1406,36.4,gf,2.230,mm,OK,--,12:39:08 PM,7/3/2025,
1407,36.4,gf,2.225,mm,OK,--,12:39:08 PM,7/3/2025,
1408,36.4,gf,2.220,mm,OK,--,12:39:08 PM,7/3/2025,
1409,36.3,gf,2.215,mm,OK,--,12:39:08 PM,7/3/2025,
1410,36.3,gf,2.210,mm,OK,--,12:39:08 PM,7/3/2025,
1411,36.3,gf,2.205,mm,OK,--,12:39:08 PM,7/3/2025,
1412,36.2,gf,2.200,mm,OK,--,12:39:08 PM,7/3/2025,
1413,36.3,gf,2.195,mm,OK,--,12:39:08 PM,7/3/2025,
1414,36.2,gf,2.190,mm,OK,--,12:39:09 PM,7/3/2025,
1415,36.2,gf,2.185,mm,OK,--,12:39:09 PM,7/3/2025,
1416,36.2,gf,2.175,mm,OK,--,12:39:09 PM,7/3/2025,
1417,36.2,gf,2.165,mm,OK,--,12:39:09 PM,7/3/2025,
1418,36.0,gf,2.145,mm,OK,--,12:39:09 PM,7/3/2025,
1419,36.0,gf,2.130,mm,OK,--,12:39:09 PM,7/3/2025,
1420,36.0,gf,2.115,mm,OK,--,12:39:09 PM,7/3/2025,
1421,36.0,gf,2.110,mm,OK,--,12:39:09 PM,7/3/2025,
1422,35.9,gf,2.100,mm,OK,--,12:39:09 PM,7/3/2025,
1423,35.8,gf,2.090,mm,OK,--,12:39:09 PM,7/3/2025,
1424,35.8,gf,2.075,mm,OK,--,12:39:10 PM,7/3/2025,
1425,35.8,gf,2.065,mm,OK,--,12:39:10 PM,7/3/2025,
1426,35.7,gf,2.055,mm,OK,--,12:39:10 PM,7/3/2025,
1427,35.7,gf,2.045,mm,OK,--,12:39:10 PM,7/3/2025,
1428,35.7,gf,2.035,mm,OK,--,12:39:10 PM,7/3/2025,
1429,35.7,gf,2.025,mm,OK,--,12:39:10 PM,7/3/2025,
1430,35.6,gf,2.020,mm,OK,--,12:39:10 PM,7/3/2025,
1431,35.6,gf,2.020,mm,OK,--,12:39:10 PM,7/3/2025,
1432,35.6,gf,2.015,mm,OK,--,12:39:10 PM,7/3/2025,
1433,35.6,gf,2.010,mm,OK,--,12:39:10 PM,7/3/2025,
1434,35.5,gf,2.005,mm,OK,--,12:39:11 PM,7/3/2025,
1435,35.5,gf,2.005,mm,OK,--,12:39:11 PM,7/3/2025,
1436,35.5,gf,2.000,mm,OK,--,12:39:11 PM,7/3/2025,
1437,35.5,gf,2.000,mm,OK,--,12:39:11 PM,7/3/2025,
1438,35.5,gf,1.995,mm,OK,--,12:39:11 PM,7/3/2025,
1439,35.5,gf,1.990,mm,OK,--,12:39:11 PM,7/3/2025,
1440,35.5,gf,1.990,mm,OK,--,12:39:11 PM,7/3/2025,
1441,35.5,gf,1.985,mm,OK,--,12:39:11 PM,7/3/2025,
1442,35.5,gf,1.980,mm,OK,--,12:39:11 PM,7/3/2025,
1443,35.5,gf,1.980,mm,OK,--,12:39:11 PM,7/3/2025,
1444,35.5,gf,1.975,mm,OK,--,12:39:12 PM,7/3/2025,
1445,35.5,gf,1.970,mm,OK,--,12:39:12 PM,7/3/2025,
1446,35.4,gf,1.970,mm,OK,--,12:39:12 PM,7/3/2025,
1447,35.4,gf,1.965,mm,OK,--,12:39:12 PM,7/3/2025,
1448,35.4,gf,1.965,mm,OK,--,12:39:12 PM,7/3/2025,
1449,35.4,gf,1.965,mm,OK,--,12:39:12 PM,7/3/2025,
1450,35.4,gf,1.960,mm,OK,--,12:39:12 PM,7/3/2025,
1451,35.4,gf,1.960,mm,OK,--,12:39:12 PM,7/3/2025,
1452,35.4,gf,1.955,mm,OK,--,12:39:12 PM,7/3/2025,
1453,35.4,gf,1.955,mm,OK,--,12:39:12 PM,7/3/2025,
1454,35.4,gf,1.950,mm,OK,--,12:39:13 PM,7/3/2025,
1455,35.4,gf,1.945,mm,OK,--,12:39:13 PM,7/3/2025,
1456,35.4,gf,1.945,mm,OK,--,12:39:13 PM,7/3/2025,
1457,35.4,gf,1.940,mm,OK,--,12:39:13 PM,7/3/2025,
1458,35.4,gf,1.930,mm,OK,--,12:39:13 PM,7/3/2025,
1459,35.3,gf,1.925,mm,OK,--,12:39:13 PM,7/3/2025,
1460,35.3,gf,1.920,mm,OK,--,12:39:13 PM,7/3/2025,
1461,35.3,gf,1.910,mm,OK,--,12:39:13 PM,7/3/2025,
1462,35.2,gf,1.905,mm,OK,--,12:39:13 PM,7/3/2025,
1463,35.2,gf,1.900,mm,OK,--,12:39:13 PM,7/3/2025,
1464,35.2,gf,1.895,mm,OK,--,12:39:14 PM,7/3/2025,
1465,35.2,gf,1.890,mm,OK,--,12:39:14 PM,7/3/2025,
1466,35.2,gf,1.885,mm,OK,--,12:39:14 PM,7/3/2025,
1467,35.2,gf,1.885,mm,OK,--,12:39:14 PM,7/3/2025,
1468,35.2,gf,1.880,mm,OK,--,12:39:14 PM,7/3/2025,
1469,35.1,gf,1.880,mm,OK,--,12:39:14 PM,7/3/2025,
1470,35.1,gf,1.880,mm,OK,--,12:39:14 PM,7/3/2025,
1471,35.1,gf,1.875,mm,OK,--,12:39:14 PM,7/3/2025,
1472,35.1,gf,1.875,mm,OK,--,12:39:14 PM,7/3/2025,
1473,35.1,gf,1.870,mm,OK,--,12:39:14 PM,7/3/2025,
1474,35.0,gf,1.865,mm,OK,--,12:39:15 PM,7/3/2025,
1475,35.0,gf,1.865,mm,OK,--,12:39:15 PM,7/3/2025,
1476,35.1,gf,1.860,mm,OK,--,12:39:15 PM,7/3/2025,
1477,35.1,gf,1.855,mm,OK,--,12:39:15 PM,7/3/2025,
1478,35.1,gf,1.850,mm,OK,--,12:39:15 PM,7/3/2025,
1479,35.0,gf,1.840,mm,OK,--,12:39:15 PM,7/3/2025,
1480,35.0,gf,1.835,mm,OK,--,12:39:15 PM,7/3/2025,
1481,35.0,gf,1.830,mm,OK,--,12:39:15 PM,7/3/2025,
1482,35.0,gf,1.825,mm,OK,--,12:39:15 PM,7/3/2025,
1483,34.9,gf,1.820,mm,OK,--,12:39:15 PM,7/3/2025,
1484,34.9,gf,1.810,mm,OK,--,12:39:16 PM,7/3/2025,
1485,34.9,gf,1.805,mm,OK,--,12:39:16 PM,7/3/2025,
1486,34.8,gf,1.800,mm,OK,--,12:39:16 PM,7/3/2025,
1487,34.9,gf,1.795,mm,OK,--,12:39:16 PM,7/3/2025,
1488,34.9,gf,1.790,mm,OK,--,12:39:16 PM,7/3/2025,
1489,34.8,gf,1.790,mm,OK,--,12:39:16 PM,7/3/2025,
1490,34.8,gf,1.785,mm,OK,--,12:39:16 PM,7/3/2025,
1491,34.8,gf,1.775,mm,OK,--,12:39:16 PM,7/3/2025,
1492,34.8,gf,1.770,mm,OK,--,12:39:16 PM,7/3/2025,
1493,34.7,gf,1.765,mm,OK,--,12:39:16 PM,7/3/2025,
1494,34.8,gf,1.760,mm,OK,--,12:39:17 PM,7/3/2025,
1495,34.8,gf,1.750,mm,OK,--,12:39:17 PM,7/3/2025,
1496,34.8,gf,1.745,mm,OK,--,12:39:17 PM,7/3/2025,
1497,34.8,gf,1.740,mm,OK,--,12:39:17 PM,7/3/2025,
1498,34.7,gf,1.735,mm,OK,--,12:39:17 PM,7/3/2025,
1499,34.8,gf,1.730,mm,OK,--,12:39:17 PM,7/3/2025,
1500,34.7,gf,1.725,mm,OK,--,12:39:17 PM,7/3/2025,
1501,34.7,gf,1.720,mm,OK,--,12:39:17 PM,7/3/2025,
1502,34.7,gf,1.715,mm,OK,--,12:39:17 PM,7/3/2025,
1503,34.6,gf,1.710,mm,OK,--,12:39:17 PM,7/3/2025,
1504,34.6,gf,1.705,mm,OK,--,12:39:18 PM,7/3/2025,
1505,34.6,gf,1.700,mm,OK,--,12:39:18 PM,7/3/2025,
1506,34.6,gf,1.695,mm,OK,--,12:39:18 PM,7/3/2025,
1507,34.6,gf,1.690,mm,OK,--,12:39:18 PM,7/3/2025,
1508,34.6,gf,1.685,mm,OK,--,12:39:18 PM,7/3/2025,
1509,34.5,gf,1.675,mm,OK,--,12:39:18 PM,7/3/2025,
1510,34.5,gf,1.670,mm,OK,--,12:39:18 PM,7/3/2025,
1511,34.5,gf,1.665,mm,OK,--,12:39:18 PM,7/3/2025,
1512,34.4,gf,1.655,mm,OK,--,12:39:18 PM,7/3/2025,
1513,34.4,gf,1.650,mm,OK,--,12:39:18 PM,7/3/2025,
1514,34.3,gf,1.640,mm,OK,--,12:39:19 PM,7/3/2025,
1515,34.3,gf,1.635,mm,OK,--,12:39:19 PM,7/3/2025,
1516,34.3,gf,1.625,mm,OK,--,12:39:19 PM,7/3/2025,
1517,34.2,gf,1.620,mm,OK,--,12:39:19 PM,7/3/2025,
1518,34.2,gf,1.610,mm,OK,--,12:39:19 PM,7/3/2025,
1519,34.2,gf,1.605,mm,OK,--,12:39:19 PM,7/3/2025,
1520,34.2,gf,1.605,mm,OK,--,12:39:19 PM,7/3/2025,
1521,34.2,gf,1.600,mm,OK,--,12:39:19 PM,7/3/2025,
1522,34.2,gf,1.600,mm,OK,--,12:39:19 PM,7/3/2025,
1523,34.2,gf,1.595,mm,OK,--,12:39:19 PM,7/3/2025,
1524,34.2,gf,1.590,mm,OK,--,12:39:20 PM,7/3/2025,
1525,34.2,gf,1.585,mm,OK,--,12:39:20 PM,7/3/2025,
1526,34.2,gf,1.580,mm,OK,--,12:39:20 PM,7/3/2025,
1527,34.1,gf,1.575,mm,OK,--,12:39:20 PM,7/3/2025,
1528,34.1,gf,1.570,mm,OK,--,12:39:20 PM,7/3/2025,
1529,34.1,gf,1.565,mm,OK,--,12:39:20 PM,7/3/2025,
1530,34.1,gf,1.560,mm,OK,--,12:39:20 PM,7/3/2025,
1531,34.1,gf,1.555,mm,OK,--,12:39:20 PM,7/3/2025,
1532,34.1,gf,1.550,mm,OK,--,12:39:20 PM,7/3/2025,
1533,34.0,gf,1.550,mm,OK,--,12:39:20 PM,7/3/2025,
1534,34.0,gf,1.545,mm,OK,--,12:39:21 PM,7/3/2025,
1535,34.0,gf,1.545,mm,OK,--,12:39:21 PM,7/3/2025,
1536,34.0,gf,1.540,mm,OK,--,12:39:21 PM,7/3/2025,
1537,34.0,gf,1.540,mm,OK,--,12:39:21 PM,7/3/2025,
1538,34.0,gf,1.535,mm,OK,--,12:39:21 PM,7/3/2025,
1539,34.0,gf,1.535,mm,OK,--,12:39:21 PM,7/3/2025,
1540,34.0,gf,1.535,mm,OK,--,12:39:21 PM,7/3/2025,
1541,34.0,gf,1.530,mm,OK,--,12:39:21 PM,7/3/2025,
1542,34.0,gf,1.530,mm,OK,--,12:39:21 PM,7/3/2025,
1543,34.0,gf,1.530,mm,OK,--,12:39:21 PM,7/3/2025,
1544,34.0,gf,1.530,mm,OK,--,12:39:22 PM,7/3/2025,
1545,34.0,gf,1.525,mm,OK,--,12:39:22 PM,7/3/2025,
1546,34.0,gf,1.525,mm,OK,--,12:39:22 PM,7/3/2025,
1547,34.0,gf,1.525,mm,OK,--,12:39:22 PM,7/3/2025,
1548,34.0,gf,1.525,mm,OK,--,12:39:22 PM,7/3/2025,
1549,34.0,gf,1.525,mm,OK,--,12:39:22 PM,7/3/2025,
1550,33.9,gf,1.520,mm,OK,--,12:39:22 PM,7/3/2025,
1551,33.9,gf,1.515,mm,OK,--,12:39:22 PM,7/3/2025,
1552,33.9,gf,1.515,mm,OK,--,12:39:22 PM,7/3/2025,
1553,33.9,gf,1.510,mm,OK,--,12:39:22 PM,7/3/2025,
1554,33.9,gf,1.510,mm,OK,--,12:39:23 PM,7/3/2025,
1555,33.9,gf,1.505,mm,OK,--,12:39:23 PM,7/3/2025,
1556,33.9,gf,1.500,mm,OK,--,12:39:23 PM,7/3/2025,
1557,33.9,gf,1.500,mm,OK,--,12:39:23 PM,7/3/2025,
1558,33.9,gf,1.495,mm,OK,--,12:39:23 PM,7/3/2025,
1559,33.8,gf,1.485,mm,OK,--,12:39:23 PM,7/3/2025,
1560,33.8,gf,1.480,mm,OK,--,12:39:23 PM,7/3/2025,
1561,33.8,gf,1.475,mm,OK,--,12:39:23 PM,7/3/2025,
1562,33.8,gf,1.465,mm,OK,--,12:39:23 PM,7/3/2025,
1563,33.7,gf,1.465,mm,OK,--,12:39:23 PM,7/3/2025,
1564,33.7,gf,1.460,mm,OK,--,12:39:24 PM,7/3/2025,
1565,33.7,gf,1.450,mm,OK,--,12:39:24 PM,7/3/2025,
1566,33.7,gf,1.445,mm,OK,--,12:39:24 PM,7/3/2025,
1567,33.7,gf,1.435,mm,OK,--,12:39:24 PM,7/3/2025,
1568,33.7,gf,1.430,mm,OK,--,12:39:24 PM,7/3/2025,
1569,33.5,gf,1.425,mm,OK,--,12:39:24 PM,7/3/2025,
1570,33.5,gf,1.420,mm,OK,--,12:39:24 PM,7/3/2025,
1571,33.5,gf,1.410,mm,OK,--,12:39:24 PM,7/3/2025,
1572,33.5,gf,1.405,mm,OK,--,12:39:24 PM,7/3/2025,
1573,33.5,gf,1.395,mm,OK,--,12:39:24 PM,7/3/2025,
1574,33.5,gf,1.385,mm,OK,--,12:39:25 PM,7/3/2025,
1575,33.5,gf,1.380,mm,OK,--,12:39:25 PM,7/3/2025,
1576,33.4,gf,1.370,mm,OK,--,12:39:25 PM,7/3/2025,
1577,33.4,gf,1.360,mm,OK,--,12:39:25 PM,7/3/2025,
1578,33.3,gf,1.350,mm,OK,--,12:39:25 PM,7/3/2025,
1579,33.3,gf,1.345,mm,OK,--,12:39:25 PM,7/3/2025,
1580,33.2,gf,1.340,mm,OK,--,12:39:25 PM,7/3/2025,
1581,33.2,gf,1.335,mm,OK,--,12:39:25 PM,7/3/2025,
1582,33.2,gf,1.330,mm,OK,--,12:39:25 PM,7/3/2025,
1583,33.2,gf,1.325,mm,OK,--,12:39:25 PM,7/3/2025,
1584,33.2,gf,1.320,mm,OK,--,12:39:26 PM,7/3/2025,
1585,33.2,gf,1.315,mm,OK,--,12:39:26 PM,7/3/2025,
1586,33.2,gf,1.310,mm,OK,--,12:39:26 PM,7/3/2025,
1587,33.1,gf,1.305,mm,OK,--,12:39:26 PM,7/3/2025,
1588,33.1,gf,1.300,mm,OK,--,12:39:26 PM,7/3/2025,
1589,33.1,gf,1.295,mm,OK,--,12:39:26 PM,7/3/2025,
1590,33.1,gf,1.290,mm,OK,--,12:39:26 PM,7/3/2025,
1591,33.1,gf,1.285,mm,OK,--,12:39:26 PM,7/3/2025,
1592,33.1,gf,1.280,mm,OK,--,12:39:26 PM,7/3/2025,
1593,33.0,gf,1.275,mm,OK,--,12:39:26 PM,7/3/2025,
1594,33.0,gf,1.270,mm,OK,--,12:39:27 PM,7/3/2025,
1595,33.0,gf,1.265,mm,OK,--,12:39:27 PM,7/3/2025,
1596,32.9,gf,1.260,mm,OK,--,12:39:27 PM,7/3/2025,
1597,32.9,gf,1.255,mm,OK,--,12:39:27 PM,7/3/2025,
1598,32.9,gf,1.250,mm,OK,--,12:39:27 PM,7/3/2025,
1599,32.9,gf,1.245,mm,OK,--,12:39:27 PM,7/3/2025,
1600,32.9,gf,1.245,mm,OK,--,12:39:27 PM,7/3/2025,
1601,32.9,gf,1.240,mm,OK,--,12:39:27 PM,7/3/2025,
1602,32.9,gf,1.235,mm,OK,--,12:39:27 PM,7/3/2025,
1603,32.9,gf,1.230,mm,OK,--,12:39:27 PM,7/3/2025,
1604,32.8,gf,1.225,mm,OK,--,12:39:28 PM,7/3/2025,
1605,32.8,gf,1.220,mm,OK,--,12:39:28 PM,7/3/2025,
1606,32.8,gf,1.215,mm,OK,--,12:39:28 PM,7/3/2025,
1607,32.8,gf,1.210,mm,OK,--,12:39:28 PM,7/3/2025,
1608,32.8,gf,1.205,mm,OK,--,12:39:28 PM,7/3/2025,
1609,32.7,gf,1.200,mm,OK,--,12:39:28 PM,7/3/2025,
1610,32.7,gf,1.195,mm,OK,--,12:39:28 PM,7/3/2025,
1611,32.7,gf,1.195,mm,OK,--,12:39:28 PM,7/3/2025,
1612,32.7,gf,1.190,mm,OK,--,12:39:28 PM,7/3/2025,
1613,32.7,gf,1.185,mm,OK,--,12:39:28 PM,7/3/2025,
1614,32.7,gf,1.180,mm,OK,--,12:39:29 PM,7/3/2025,
1615,32.7,gf,1.175,mm,OK,--,12:39:29 PM,7/3/2025,
1616,32.6,gf,1.170,mm,OK,--,12:39:29 PM,7/3/2025,
1617,32.6,gf,1.165,mm,OK,--,12:39:29 PM,7/3/2025,
1618,32.6,gf,1.155,mm,OK,--,12:39:29 PM,7/3/2025,
1619,32.5,gf,1.145,mm,OK,--,12:39:29 PM,7/3/2025,
1620,32.5,gf,1.130,mm,OK,--,12:39:29 PM,7/3/2025,
1621,32.5,gf,1.125,mm,OK,--,12:39:29 PM,7/3/2025,
1622,32.4,gf,1.120,mm,OK,--,12:39:29 PM,7/3/2025,
1623,32.4,gf,1.120,mm,OK,--,12:39:29 PM,7/3/2025,
1624,32.4,gf,1.115,mm,OK,--,12:39:30 PM,7/3/2025,
1625,32.4,gf,1.115,mm,OK,--,12:39:30 PM,7/3/2025,
1626,32.4,gf,1.110,mm,OK,--,12:39:30 PM,7/3/2025,
1627,32.4,gf,1.105,mm,OK,--,12:39:30 PM,7/3/2025,
1628,32.4,gf,1.100,mm,OK,--,12:39:30 PM,7/3/2025,
1629,32.4,gf,1.095,mm,OK,--,12:39:30 PM,7/3/2025,
1630,32.3,gf,1.090,mm,OK,--,12:39:30 PM,7/3/2025,
1631,32.3,gf,1.085,mm,OK,--,12:39:30 PM,7/3/2025,
1632,32.3,gf,1.075,mm,OK,--,12:39:30 PM,7/3/2025,
1633,32.3,gf,1.070,mm,OK,--,12:39:30 PM,7/3/2025,
1634,32.2,gf,1.065,mm,OK,--,12:39:31 PM,7/3/2025,
1635,32.2,gf,1.055,mm,OK,--,12:39:31 PM,7/3/2025,
1636,32.2,gf,1.050,mm,OK,--,12:39:31 PM,7/3/2025,
1637,32.2,gf,1.045,mm,OK,--,12:39:31 PM,7/3/2025,
1638,32.1,gf,1.040,mm,OK,--,12:39:31 PM,7/3/2025,
1639,32.2,gf,1.030,mm,OK,--,12:39:31 PM,7/3/2025,
1640,32.1,gf,1.025,mm,OK,--,12:39:31 PM,7/3/2025,
1641,32.1,gf,1.020,mm,OK,--,12:39:31 PM,7/3/2025,
1642,32.1,gf,1.015,mm,OK,--,12:39:31 PM,7/3/2025,
1643,32.1,gf,1.010,mm,OK,--,12:39:31 PM,7/3/2025,
1644,32.0,gf,1.000,mm,OK,--,12:39:32 PM,7/3/2025,
1645,32.0,gf,0.995,mm,OK,--,12:39:32 PM,7/3/2025,
1646,32.0,gf,0.985,mm,OK,--,12:39:32 PM,7/3/2025,
1647,32.0,gf,0.980,mm,OK,--,12:39:32 PM,7/3/2025,
1648,31.9,gf,0.980,mm,OK,--,12:39:32 PM,7/3/2025,
1649,31.9,gf,0.975,mm,OK,--,12:39:32 PM,7/3/2025,
1650,31.9,gf,0.975,mm,OK,--,12:39:32 PM,7/3/2025,
1651,31.8,gf,0.970,mm,OK,--,12:39:32 PM,7/3/2025,
1652,31.8,gf,0.960,mm,OK,--,12:39:32 PM,7/3/2025,
1653,31.8,gf,0.955,mm,OK,--,12:39:32 PM,7/3/2025,
1654,31.8,gf,0.950,mm,OK,--,12:39:33 PM,7/3/2025,
1655,31.8,gf,0.950,mm,OK,--,12:39:33 PM,7/3/2025,
1656,31.8,gf,0.945,mm,OK,--,12:39:33 PM,7/3/2025,
1657,31.8,gf,0.940,mm,OK,--,12:39:33 PM,7/3/2025,
1658,31.8,gf,0.935,mm,OK,--,12:39:33 PM,7/3/2025,
1659,31.8,gf,0.935,mm,OK,--,12:39:33 PM,7/3/2025,
1660,31.8,gf,0.930,mm,OK,--,12:39:33 PM,7/3/2025,
1661,31.8,gf,0.925,mm,OK,--,12:39:33 PM,7/3/2025,
1662,31.7,gf,0.920,mm,OK,--,12:39:33 PM,7/3/2025,
1663,31.7,gf,0.915,mm,OK,--,12:39:33 PM,7/3/2025,
1664,31.7,gf,0.915,mm,OK,--,12:39:34 PM,7/3/2025,
1665,31.7,gf,0.905,mm,OK,--,12:39:34 PM,7/3/2025,
1666,31.7,gf,0.900,mm,OK,--,12:39:34 PM,7/3/2025,
1667,31.7,gf,0.900,mm,OK,--,12:39:34 PM,7/3/2025,
1668,31.6,gf,0.895,mm,OK,--,12:39:34 PM,7/3/2025,
1669,31.6,gf,0.890,mm,OK,--,12:39:34 PM,7/3/2025,
1670,31.6,gf,0.885,mm,OK,--,12:39:34 PM,7/3/2025,
1671,31.6,gf,0.880,mm,OK,--,12:39:34 PM,7/3/2025,
1672,31.6,gf,0.880,mm,OK,--,12:39:34 PM,7/3/2025,
1673,31.5,gf,0.875,mm,OK,--,12:39:34 PM,7/3/2025,
1674,31.5,gf,0.865,mm,OK,--,12:39:35 PM,7/3/2025,
1675,31.5,gf,0.860,mm,OK,--,12:39:35 PM,7/3/2025,
1676,31.4,gf,0.855,mm,OK,--,12:39:35 PM,7/3/2025,
1677,31.5,gf,0.845,mm,OK,--,12:39:35 PM,7/3/2025,
1678,31.4,gf,0.840,mm,OK,--,12:39:35 PM,7/3/2025,
1679,31.4,gf,0.840,mm,OK,--,12:39:35 PM,7/3/2025,
1680,31.4,gf,0.835,mm,OK,--,12:39:35 PM,7/3/2025,
1681,31.3,gf,0.835,mm,OK,--,12:39:35 PM,7/3/2025,
1682,31.4,gf,0.835,mm,OK,--,12:39:35 PM,7/3/2025,
1683,31.4,gf,0.830,mm,OK,--,12:39:35 PM,7/3/2025,
1684,31.4,gf,0.830,mm,OK,--,12:39:36 PM,7/3/2025,
1685,31.4,gf,0.825,mm,OK,--,12:39:36 PM,7/3/2025,
1686,31.4,gf,0.825,mm,OK,--,12:39:36 PM,7/3/2025,
1687,31.4,gf,0.820,mm,OK,--,12:39:36 PM,7/3/2025,
1688,31.4,gf,0.820,mm,OK,--,12:39:36 PM,7/3/2025,
1689,31.3,gf,0.815,mm,OK,--,12:39:36 PM,7/3/2025,
1690,31.3,gf,0.810,mm,OK,--,12:39:36 PM,7/3/2025,
1691,31.3,gf,0.810,mm,OK,--,12:39:36 PM,7/3/2025,
1692,31.3,gf,0.805,mm,OK,--,12:39:36 PM,7/3/2025,
1693,31.3,gf,0.805,mm,OK,--,12:39:36 PM,7/3/2025,
1694,31.3,gf,0.800,mm,OK,--,12:39:37 PM,7/3/2025,
1695,31.3,gf,0.800,mm,OK,--,12:39:37 PM,7/3/2025,
1696,31.3,gf,0.795,mm,OK,--,12:39:37 PM,7/3/2025,
1697,31.3,gf,0.790,mm,OK,--,12:39:37 PM,7/3/2025,
1698,31.3,gf,0.790,mm,OK,--,12:39:37 PM,7/3/2025,
1699,31.3,gf,0.790,mm,OK,--,12:39:37 PM,7/3/2025,
1700,31.3,gf,0.785,mm,OK,--,12:39:37 PM,7/3/2025,
1701,31.2,gf,0.780,mm,OK,--,12:39:37 PM,7/3/2025,
1702,31.2,gf,0.775,mm,OK,--,12:39:37 PM,7/3/2025,
1703,31.2,gf,0.770,mm,OK,--,12:39:37 PM,7/3/2025,
1704,31.2,gf,0.765,mm,OK,--,12:39:38 PM,7/3/2025,
1705,31.2,gf,0.760,mm,OK,--,12:39:38 PM,7/3/2025,
1706,31.1,gf,0.750,mm,OK,--,12:39:38 PM,7/3/2025,
1707,31.1,gf,0.740,mm,OK,--,12:39:38 PM,7/3/2025,
1708,31.1,gf,0.730,mm,OK,--,12:39:38 PM,7/3/2025,
1709,31.1,gf,0.720,mm,OK,--,12:39:38 PM,7/3/2025,
1710,31.0,gf,0.710,mm,OK,--,12:39:38 PM,7/3/2025,
1711,30.9,gf,0.700,mm,OK,--,12:39:38 PM,7/3/2025,
1712,30.9,gf,0.690,mm,OK,--,12:39:38 PM,7/3/2025,
1713,30.9,gf,0.675,mm,OK,--,12:39:38 PM,7/3/2025,
1714,30.8,gf,0.665,mm,OK,--,12:39:39 PM,7/3/2025,
1715,30.8,gf,0.660,mm,OK,--,12:39:39 PM,7/3/2025,
1716,30.8,gf,0.655,mm,OK,--,12:39:39 PM,7/3/2025,
1717,30.8,gf,0.655,mm,OK,--,12:39:39 PM,7/3/2025,
1718,30.8,gf,0.650,mm,OK,--,12:39:39 PM,7/3/2025,
1719,30.8,gf,0.650,mm,OK,--,12:39:39 PM,7/3/2025,
1720,30.8,gf,0.645,mm,OK,--,12:39:39 PM,7/3/2025,
1721,30.8,gf,0.640,mm,OK,--,12:39:39 PM,7/3/2025,
1722,30.8,gf,0.635,mm,OK,--,12:39:39 PM,7/3/2025,
1723,30.7,gf,0.635,mm,OK,--,12:39:39 PM,7/3/2025,
1724,30.7,gf,0.630,mm,OK,--,12:39:40 PM,7/3/2025,
1725,30.7,gf,0.625,mm,OK,--,12:39:40 PM,7/3/2025,
1726,30.7,gf,0.620,mm,OK,--,12:39:40 PM,7/3/2025,
1727,30.7,gf,0.620,mm,OK,--,12:39:40 PM,7/3/2025,
1728,30.7,gf,0.615,mm,OK,--,12:39:40 PM,7/3/2025,
1729,30.7,gf,0.615,mm,OK,--,12:39:40 PM,7/3/2025,
1730,30.7,gf,0.610,mm,OK,--,12:39:40 PM,7/3/2025,
1731,30.7,gf,0.610,mm,OK,--,12:39:40 PM,7/3/2025,
1732,30.7,gf,0.605,mm,OK,--,12:39:40 PM,7/3/2025,
1733,30.7,gf,0.605,mm,OK,--,12:39:40 PM,7/3/2025,
1734,30.6,gf,0.600,mm,OK,--,12:39:41 PM,7/3/2025,
1735,30.6,gf,0.600,mm,OK,--,12:39:41 PM,7/3/2025,
1736,30.6,gf,0.595,mm,OK,--,12:39:41 PM,7/3/2025,
1737,30.6,gf,0.595,mm,OK,--,12:39:41 PM,7/3/2025,
1738,30.6,gf,0.590,mm,OK,--,12:39:41 PM,7/3/2025,
1739,30.6,gf,0.585,mm,OK,--,12:39:41 PM,7/3/2025,
1740,30.6,gf,0.585,mm,OK,--,12:39:41 PM,7/3/2025,
1741,30.5,gf,0.580,mm,OK,--,12:39:41 PM,7/3/2025,
1742,30.6,gf,0.575,mm,OK,--,12:39:41 PM,7/3/2025,
1743,30.5,gf,0.575,mm,OK,--,12:39:41 PM,7/3/2025,
1744,30.5,gf,0.570,mm,OK,--,12:39:42 PM,7/3/2025,
1745,30.5,gf,0.570,mm,OK,--,12:39:42 PM,7/3/2025,
1746,30.5,gf,0.570,mm,OK,--,12:39:42 PM,7/3/2025,
1747,30.5,gf,0.565,mm,OK,--,12:39:42 PM,7/3/2025,
1748,30.5,gf,0.565,mm,OK,--,12:39:42 PM,7/3/2025,
1749,30.5,gf,0.565,mm,OK,--,12:39:42 PM,7/3/2025,
1750,30.4,gf,0.560,mm,OK,--,12:39:42 PM,7/3/2025,
1751,30.4,gf,0.560,mm,OK,--,12:39:42 PM,7/3/2025,
1752,30.4,gf,0.560,mm,OK,--,12:39:42 PM,7/3/2025,
1753,30.4,gf,0.555,mm,OK,--,12:39:42 PM,7/3/2025,
1754,30.4,gf,0.555,mm,OK,--,12:39:43 PM,7/3/2025,
1755,30.4,gf,0.550,mm,OK,--,12:39:43 PM,7/3/2025,
1756,30.4,gf,0.550,mm,OK,--,12:39:43 PM,7/3/2025,
1757,30.4,gf,0.550,mm,OK,--,12:39:43 PM,7/3/2025,
1758,30.4,gf,0.545,mm,OK,--,12:39:43 PM,7/3/2025,
1759,30.4,gf,0.545,mm,OK,--,12:39:43 PM,7/3/2025,
1760,30.4,gf,0.545,mm,OK,--,12:39:43 PM,7/3/2025,
1761,30.4,gf,0.540,mm,OK,--,12:39:43 PM,7/3/2025,
1762,30.4,gf,0.540,mm,OK,--,12:39:43 PM,7/3/2025,
1763,30.4,gf,0.535,mm,OK,--,12:39:43 PM,7/3/2025,
1764,30.4,gf,0.535,mm,OK,--,12:39:44 PM,7/3/2025,
1765,30.4,gf,0.525,mm,OK,--,12:39:44 PM,7/3/2025,
1766,30.4,gf,0.520,mm,OK,--,12:39:44 PM,7/3/2025,
1767,30.3,gf,0.515,mm,OK,--,12:39:44 PM,7/3/2025,
1768,30.3,gf,0.510,mm,OK,--,12:39:44 PM,7/3/2025,
1769,30.3,gf,0.500,mm,OK,--,12:39:44 PM,7/3/2025,
1770,30.3,gf,0.495,mm,OK,--,12:39:44 PM,7/3/2025,
1771,30.3,gf,0.485,mm,OK,--,12:39:44 PM,7/3/2025,
1772,30.2,gf,0.480,mm,OK,--,12:39:44 PM,7/3/2025,
1773,30.2,gf,0.475,mm,OK,--,12:39:44 PM,7/3/2025,
1774,30.2,gf,0.465,mm,OK,--,12:39:45 PM,7/3/2025,
1775,30.2,gf,0.460,mm,OK,--,12:39:45 PM,7/3/2025,
1776,30.2,gf,0.455,mm,OK,--,12:39:45 PM,7/3/2025,
1777,30.1,gf,0.450,mm,OK,--,12:39:45 PM,7/3/2025,
1778,30.1,gf,0.445,mm,OK,--,12:39:45 PM,7/3/2025,
1779,30.0,gf,0.435,mm,OK,--,12:39:45 PM,7/3/2025,
1780,30.0,gf,0.425,mm,OK,--,12:39:45 PM,7/3/2025,
1781,30.0,gf,0.420,mm,OK,--,12:39:45 PM,7/3/2025,
1782,30.0,gf,0.415,mm,OK,--,12:39:45 PM,7/3/2025,
1783,30.0,gf,0.410,mm,OK,--,12:39:45 PM,7/3/2025,
1784,29.9,gf,0.405,mm,OK,--,12:39:46 PM,7/3/2025,
1785,29.9,gf,0.405,mm,OK,--,12:39:46 PM,7/3/2025,
1786,29.9,gf,0.400,mm,OK,--,12:39:46 PM,7/3/2025,
1787,29.9,gf,0.395,mm,OK,--,12:39:46 PM,7/3/2025,
1788,29.9,gf,0.395,mm,OK,--,12:39:46 PM,7/3/2025,
1789,29.9,gf,0.390,mm,OK,--,12:39:46 PM,7/3/2025,
1790,29.9,gf,0.390,mm,OK,--,12:39:46 PM,7/3/2025,
1791,29.9,gf,0.385,mm,OK,--,12:39:46 PM,7/3/2025,
1792,29.9,gf,0.385,mm,OK,--,12:39:46 PM,7/3/2025,
1793,29.9,gf,0.385,mm,OK,--,12:39:46 PM,7/3/2025,
1794,29.8,gf,0.380,mm,OK,--,12:39:47 PM,7/3/2025,
1795,29.8,gf,0.380,mm,OK,--,12:39:47 PM,7/3/2025,
1796,29.8,gf,0.375,mm,OK,--,12:39:47 PM,7/3/2025,
1797,29.8,gf,0.375,mm,OK,--,12:39:47 PM,7/3/2025,
1798,29.8,gf,0.370,mm,OK,--,12:39:47 PM,7/3/2025,
1799,29.8,gf,0.370,mm,OK,--,12:39:47 PM,7/3/2025,
1800,29.8,gf,0.365,mm,OK,--,12:39:47 PM,7/3/2025,
1801,29.8,gf,0.365,mm,OK,--,12:39:47 PM,7/3/2025,
1802,29.8,gf,0.360,mm,OK,--,12:39:47 PM,7/3/2025,
1803,29.8,gf,0.360,mm,OK,--,12:39:47 PM,7/3/2025,
1804,29.8,gf,0.355,mm,OK,--,12:39:48 PM,7/3/2025,
1805,29.7,gf,0.355,mm,OK,--,12:39:48 PM,7/3/2025,
1806,29.7,gf,0.350,mm,OK,--,12:39:48 PM,7/3/2025,
1807,29.7,gf,0.350,mm,OK,--,12:39:48 PM,7/3/2025,
1808,29.7,gf,0.345,mm,OK,--,12:39:48 PM,7/3/2025,
1809,29.7,gf,0.345,mm,OK,--,12:39:48 PM,7/3/2025,
1810,29.7,gf,0.340,mm,OK,--,12:39:48 PM,7/3/2025,
1811,29.7,gf,0.340,mm,OK,--,12:39:48 PM,7/3/2025,
1812,29.7,gf,0.340,mm,OK,--,12:39:48 PM,7/3/2025,
1813,29.7,gf,0.335,mm,OK,--,12:39:48 PM,7/3/2025,
1814,29.7,gf,0.330,mm,OK,--,12:39:49 PM,7/3/2025,
1815,29.7,gf,0.330,mm,OK,--,12:39:49 PM,7/3/2025,
1816,29.7,gf,0.325,mm,OK,--,12:39:49 PM,7/3/2025,
1817,29.7,gf,0.325,mm,OK,--,12:39:49 PM,7/3/2025,
1818,29.7,gf,0.320,mm,OK,--,12:39:49 PM,7/3/2025,
1819,29.7,gf,0.320,mm,OK,--,12:39:49 PM,7/3/2025,
1820,29.6,gf,0.315,mm,OK,--,12:39:49 PM,7/3/2025,
1821,29.6,gf,0.315,mm,OK,--,12:39:49 PM,7/3/2025,
1822,29.6,gf,0.310,mm,OK,--,12:39:49 PM,7/3/2025,
1823,29.6,gf,0.310,mm,OK,--,12:39:49 PM,7/3/2025,
1824,29.6,gf,0.305,mm,OK,--,12:39:50 PM,7/3/2025,
1825,29.6,gf,0.305,mm,OK,--,12:39:50 PM,7/3/2025,
1826,29.6,gf,0.300,mm,OK,--,12:39:50 PM,7/3/2025,
1827,29.6,gf,0.300,mm,OK,--,12:39:50 PM,7/3/2025,
1828,29.6,gf,0.295,mm,OK,--,12:39:50 PM,7/3/2025,
1829,29.6,gf,0.295,mm,OK,--,12:39:50 PM,7/3/2025,
1830,29.5,gf,0.290,mm,OK,--,12:39:50 PM,7/3/2025,
1831,29.5,gf,0.285,mm,OK,--,12:39:50 PM,7/3/2025,
1832,29.5,gf,0.285,mm,OK,--,12:39:50 PM,7/3/2025,
1833,29.5,gf,0.280,mm,OK,--,12:39:50 PM,7/3/2025,
1834,29.5,gf,0.280,mm,OK,--,12:39:51 PM,7/3/2025,
1835,28.9,gf,0.280,mm,OK,--,12:39:51 PM,7/3/2025,
1836,28.1,gf,0.275,mm,OK,--,12:39:51 PM,7/3/2025,
1837,26.9,gf,0.275,mm,OK,--,12:39:51 PM,7/3/2025,
1838,25.8,gf,0.270,mm,OK,--,12:39:51 PM,7/3/2025,
1839,25.1,gf,0.270,mm,OK,--,12:39:51 PM,7/3/2025,
1840,24.2,gf,0.265,mm,OK,--,12:39:51 PM,7/3/2025,
1841,23.4,gf,0.265,mm,OK,--,12:39:51 PM,7/3/2025,
1842,22.7,gf,0.265,mm,OK,--,12:39:51 PM,7/3/2025,
1843,22.0,gf,0.260,mm,OK,--,12:39:51 PM,7/3/2025,
1844,21.5,gf,0.260,mm,OK,--,12:39:52 PM,7/3/2025,
1845,21.6,gf,0.260,mm,OK,--,12:39:52 PM,7/3/2025,
1846,21.9,gf,0.255,mm,OK,--,12:39:52 PM,7/3/2025,
1847,22.0,gf,0.255,mm,OK,--,12:39:52 PM,7/3/2025,
1848,22.0,gf,0.255,mm,OK,--,12:39:52 PM,7/3/2025,
1849,21.9,gf,0.250,mm,OK,--,12:39:52 PM,7/3/2025,
1850,21.4,gf,0.250,mm,OK,--,12:39:52 PM,7/3/2025,
1851,21.0,gf,0.245,mm,OK,--,12:39:52 PM,7/3/2025,
1852,20.8,gf,0.240,mm,OK,--,12:39:52 PM,7/3/2025,
1853,21.0,gf,0.240,mm,OK,--,12:39:52 PM,7/3/2025,
1854,21.1,gf,0.235,mm,OK,--,12:39:53 PM,7/3/2025,
1855,21.1,gf,0.230,mm,OK,--,12:39:53 PM,7/3/2025,
1856,21.0,gf,0.230,mm,OK,--,12:39:53 PM,7/3/2025,
1857,20.8,gf,0.230,mm,OK,--,12:39:53 PM,7/3/2025,
1858,20.7,gf,0.225,mm,OK,--,12:39:53 PM,7/3/2025,
1859,20.7,gf,0.225,mm,OK,--,12:39:53 PM,7/3/2025,
1860,20.8,gf,0.220,mm,OK,--,12:39:53 PM,7/3/2025,
1861,20.7,gf,0.220,mm,OK,--,12:39:53 PM,7/3/2025,
1862,20.6,gf,0.220,mm,OK,--,12:39:53 PM,7/3/2025,
1863,20.6,gf,0.215,mm,OK,--,12:39:53 PM,7/3/2025,
1864,20.5,gf,0.215,mm,OK,--,12:39:54 PM,7/3/2025,
1865,20.5,gf,0.215,mm,OK,--,12:39:54 PM,7/3/2025,
1866,19.9,gf,0.210,mm,OK,--,12:39:54 PM,7/3/2025,
1867,18.6,gf,0.210,mm,OK,--,12:39:54 PM,7/3/2025,
1868,16.2,gf,0.205,mm,OK,--,12:39:54 PM,7/3/2025,
1869,10.4,gf,0.195,mm,OK,--,12:39:54 PM,7/3/2025,
1870,5.0,gf,0.185,mm,OK,--,12:39:54 PM,7/3/2025,
1871,1.1,gf,0.180,mm,OK,--,12:39:54 PM,7/3/2025,
1872,0.0,gf,0.175,mm,OK,--,12:39:54 PM,7/3/2025,
1873,0.0,gf,0.165,mm,OK,--,12:39:54 PM,7/3/2025,
1874,0.0,gf,0.160,mm,OK,--,12:39:55 PM,7/3/2025,
1875,0.0,gf,0.155,mm,OK,--,12:39:55 PM,7/3/2025,
1876,-0.1,gf,0.145,mm,OK,--,12:39:55 PM,7/3/2025,
1877,0.1,gf,0.125,mm,OK,--,12:39:55 PM,7/3/2025,
1878,0.1,gf,0.100,mm,OK,--,12:39:55 PM,7/3/2025,
1879,0.0,gf,0.065,mm,OK,--,12:39:55 PM,7/3/2025,
1880,0.0,gf,0.025,mm,OK,--,12:39:55 PM,7/3/2025,
1881,0.0,gf,0.005,mm,OK,--,12:39:55 PM,7/3/2025,
1882,0.0,gf,-0.015,mm,OK,--,12:39:55 PM,7/3/2025,
1883,0.0,gf,-0.040,mm,OK,--,12:39:55 PM,7/3/2025,
1884,0.0,gf,-0.045,mm,OK,--,12:39:56 PM,7/3/2025,
1885,0.1,gf,-0.045,mm,OK,--,12:39:56 PM,7/3/2025,
1886,0.0,gf,-0.045,mm,OK,--,12:39:56 PM,7/3/2025,
1887,0.0,gf,-0.045,mm,OK,--,12:39:56 PM,7/3/2025,
1888,0.0,gf,-0.045,mm,OK,--,12:39:56 PM,7/3/2025,
1889,0.0,gf,-0.045,mm,OK,--,12:39:56 PM,7/3/2025,
1890,0.0,gf,-0.040,mm,OK,--,12:39:56 PM,7/3/2025,
1891,0.0,gf,-0.040,mm,OK,--,12:39:56 PM,7/3/2025,
1892,0.0,gf,-0.035,mm,OK,--,12:39:56 PM,7/3/2025,
1893,0.0,gf,-0.035,mm,OK,--,12:39:56 PM,7/3/2025,
1894,0.0,gf,-0.030,mm,OK,--,12:39:57 PM,7/3/2025,
1895,0.0,gf,-0.030,mm,OK,--,12:39:57 PM,7/3/2025,
1896,0.0,gf,-0.030,mm,OK,--,12:39:57 PM,7/3/2025,
1897,0.0,gf,-0.025,mm,OK,--,12:39:57 PM,7/3/2025,
1898,0.0,gf,-0.025,mm,OK,--,12:39:57 PM,7/3/2025,
1899,0.0,gf,-0.025,mm,OK,--,12:39:57 PM,7/3/2025,
1900,0.0,gf,-0.025,mm,OK,--,12:39:57 PM,7/3/2025,
1901,0.0,gf,-0.020,mm,OK,--,12:39:57 PM,7/3/2025,
1902,0.0,gf,-0.020,mm,OK,--,12:39:57 PM,7/3/2025,
1903,0.0,gf,-0.020,mm,OK,--,12:39:57 PM,7/3/2025,
1904,0.0,gf,-0.020,mm,OK,--,12:39:58 PM,7/3/2025,
1905,0.0,gf,-0.020,mm,OK,--,12:39:58 PM,7/3/2025,
1906,0.0,gf,-0.020,mm,OK,--,12:39:58 PM,7/3/2025,
1907,0.0,gf,-0.015,mm,OK,--,12:39:58 PM,7/3/2025,
1908,0.0,gf,-0.015,mm,OK,--,12:39:58 PM,7/3/2025,
1909,0.0,gf,-0.015,mm,OK,--,12:39:58 PM,7/3/2025,
1910,0.0,gf,-0.015,mm,OK,--,12:39:58 PM,7/3/2025,
