Maximum,191.3,@,No.966,,,,,,
Minimum,-0.3,@,No.1790,,,,,,
Average,52.81,,,,,,,,
Data Quantity,1808,,,,,,,,
Number of NG,0,,,,,,,,
No.,Force,Unit,Displacement,Unit,Judge,Position,Time,Date,
1,0.0,gf,0.000,mm,OK,--,9:17:07 AM,12/27/2024,
2,0.0,gf,0.000,mm,OK,--,9:17:08 AM,12/27/2024,
3,0.0,gf,0.000,mm,OK,--,9:17:08 AM,12/27/2024,
4,0.1,gf,0.000,mm,OK,--,9:17:08 AM,12/27/2024,
5,-0.1,gf,0.000,mm,OK,--,9:17:08 AM,12/27/2024,
6,-0.1,gf,0.000,mm,OK,--,9:17:08 AM,12/27/2024,
7,0.1,gf,0.000,mm,OK,--,9:17:08 AM,12/27/2024,
8,0.0,gf,0.000,mm,OK,--,9:17:08 AM,12/27/2024,
9,0.0,gf,0.000,mm,OK,--,9:17:08 AM,12/27/2024,
10,0.0,gf,0.000,mm,OK,--,9:17:08 AM,12/27/2024,
11,0.0,gf,0.000,mm,OK,--,9:17:08 AM,12/27/2024,
12,0.0,gf,0.000,mm,OK,--,9:17:09 AM,12/27/2024,
13,0.0,gf,0.000,mm,OK,--,9:17:09 AM,12/27/2024,
14,0.0,gf,0.000,mm,OK,--,9:17:09 AM,12/27/2024,
15,0.0,gf,0.000,mm,OK,--,9:17:09 AM,12/27/2024,
16,0.0,gf,0.000,mm,OK,--,9:17:09 AM,12/27/2024,
17,0.0,gf,0.000,mm,OK,--,9:17:09 AM,12/27/2024,
18,0.0,gf,0.000,mm,OK,--,9:17:09 AM,12/27/2024,
19,0.0,gf,0.000,mm,OK,--,9:17:09 AM,12/27/2024,
20,0.0,gf,0.000,mm,OK,--,9:17:09 AM,12/27/2024,
21,0.0,gf,0.000,mm,OK,--,9:17:09 AM,12/27/2024,
22,0.0,gf,0.000,mm,OK,--,9:17:10 AM,12/27/2024,
23,0.0,gf,0.000,mm,OK,--,9:17:10 AM,12/27/2024,
24,0.0,gf,0.000,mm,OK,--,9:17:10 AM,12/27/2024,
25,0.0,gf,0.000,mm,OK,--,9:17:10 AM,12/27/2024,
26,0.0,gf,0.000,mm,OK,--,9:17:10 AM,12/27/2024,
27,0.0,gf,0.000,mm,OK,--,9:17:10 AM,12/27/2024,
28,0.0,gf,0.005,mm,OK,--,9:17:10 AM,12/27/2024,
29,0.0,gf,0.005,mm,OK,--,9:17:10 AM,12/27/2024,
30,0.1,gf,0.005,mm,OK,--,9:17:10 AM,12/27/2024,
31,0.0,gf,0.005,mm,OK,--,9:17:10 AM,12/27/2024,
32,0.0,gf,0.010,mm,OK,--,9:17:11 AM,12/27/2024,
33,0.1,gf,0.010,mm,OK,--,9:17:11 AM,12/27/2024,
34,0.0,gf,0.010,mm,OK,--,9:17:11 AM,12/27/2024,
35,0.0,gf,0.015,mm,OK,--,9:17:11 AM,12/27/2024,
36,0.0,gf,0.015,mm,OK,--,9:17:11 AM,12/27/2024,
37,0.0,gf,0.015,mm,OK,--,9:17:11 AM,12/27/2024,
38,0.0,gf,0.020,mm,OK,--,9:17:11 AM,12/27/2024,
39,0.0,gf,0.020,mm,OK,--,9:17:11 AM,12/27/2024,
40,0.0,gf,0.025,mm,OK,--,9:17:11 AM,12/27/2024,
41,0.0,gf,0.025,mm,OK,--,9:17:11 AM,12/27/2024,
42,0.0,gf,0.030,mm,OK,--,9:17:12 AM,12/27/2024,
43,0.0,gf,0.030,mm,OK,--,9:17:12 AM,12/27/2024,
44,0.0,gf,0.030,mm,OK,--,9:17:12 AM,12/27/2024,
45,0.0,gf,0.035,mm,OK,--,9:17:12 AM,12/27/2024,
46,0.0,gf,0.035,mm,OK,--,9:17:12 AM,12/27/2024,
47,0.0,gf,0.035,mm,OK,--,9:17:12 AM,12/27/2024,
48,0.0,gf,0.040,mm,OK,--,9:17:12 AM,12/27/2024,
49,0.1,gf,0.040,mm,OK,--,9:17:12 AM,12/27/2024,
50,-0.1,gf,0.040,mm,OK,--,9:17:12 AM,12/27/2024,
51,0.0,gf,0.045,mm,OK,--,9:17:12 AM,12/27/2024,
52,0.0,gf,0.045,mm,OK,--,9:17:13 AM,12/27/2024,
53,0.0,gf,0.045,mm,OK,--,9:17:13 AM,12/27/2024,
54,0.0,gf,0.050,mm,OK,--,9:17:13 AM,12/27/2024,
55,0.0,gf,0.050,mm,OK,--,9:17:13 AM,12/27/2024,
56,0.0,gf,0.055,mm,OK,--,9:17:13 AM,12/27/2024,
57,0.0,gf,0.060,mm,OK,--,9:17:13 AM,12/27/2024,
58,0.0,gf,0.060,mm,OK,--,9:17:13 AM,12/27/2024,
59,0.0,gf,0.065,mm,OK,--,9:17:13 AM,12/27/2024,
60,0.0,gf,0.070,mm,OK,--,9:17:13 AM,12/27/2024,
61,0.0,gf,0.075,mm,OK,--,9:17:13 AM,12/27/2024,
62,0.0,gf,0.075,mm,OK,--,9:17:14 AM,12/27/2024,
63,0.0,gf,0.080,mm,OK,--,9:17:14 AM,12/27/2024,
64,0.0,gf,0.085,mm,OK,--,9:17:14 AM,12/27/2024,
65,0.0,gf,0.090,mm,OK,--,9:17:14 AM,12/27/2024,
66,0.0,gf,0.090,mm,OK,--,9:17:14 AM,12/27/2024,
67,0.0,gf,0.095,mm,OK,--,9:17:14 AM,12/27/2024,
68,0.0,gf,0.095,mm,OK,--,9:17:14 AM,12/27/2024,
69,0.0,gf,0.100,mm,OK,--,9:17:14 AM,12/27/2024,
70,0.0,gf,0.105,mm,OK,--,9:17:14 AM,12/27/2024,
71,0.0,gf,0.110,mm,OK,--,9:17:14 AM,12/27/2024,
72,0.0,gf,0.115,mm,OK,--,9:17:15 AM,12/27/2024,
73,0.0,gf,0.120,mm,OK,--,9:17:15 AM,12/27/2024,
74,0.0,gf,0.125,mm,OK,--,9:17:15 AM,12/27/2024,
75,0.0,gf,0.130,mm,OK,--,9:17:15 AM,12/27/2024,
76,0.0,gf,0.140,mm,OK,--,9:17:15 AM,12/27/2024,
77,0.0,gf,0.145,mm,OK,--,9:17:15 AM,12/27/2024,
78,0.0,gf,0.150,mm,OK,--,9:17:15 AM,12/27/2024,
79,0.0,gf,0.155,mm,OK,--,9:17:15 AM,12/27/2024,
80,0.0,gf,0.160,mm,OK,--,9:17:15 AM,12/27/2024,
81,0.0,gf,0.165,mm,OK,--,9:17:15 AM,12/27/2024,
82,0.0,gf,0.170,mm,OK,--,9:17:16 AM,12/27/2024,
83,0.0,gf,0.175,mm,OK,--,9:17:16 AM,12/27/2024,
84,0.0,gf,0.175,mm,OK,--,9:17:16 AM,12/27/2024,
85,0.0,gf,0.180,mm,OK,--,9:17:16 AM,12/27/2024,
86,0.0,gf,0.185,mm,OK,--,9:17:16 AM,12/27/2024,
87,0.0,gf,0.185,mm,OK,--,9:17:16 AM,12/27/2024,
88,0.0,gf,0.190,mm,OK,--,9:17:16 AM,12/27/2024,
89,0.0,gf,0.195,mm,OK,--,9:17:16 AM,12/27/2024,
90,0.0,gf,0.200,mm,OK,--,9:17:16 AM,12/27/2024,
91,0.0,gf,0.200,mm,OK,--,9:17:16 AM,12/27/2024,
92,0.0,gf,0.205,mm,OK,--,9:17:17 AM,12/27/2024,
93,0.0,gf,0.210,mm,OK,--,9:17:17 AM,12/27/2024,
94,0.2,gf,0.215,mm,OK,--,9:17:17 AM,12/27/2024,
95,0.9,gf,0.220,mm,OK,--,9:17:17 AM,12/27/2024,
96,2.0,gf,0.225,mm,OK,--,9:17:17 AM,12/27/2024,
97,3.1,gf,0.225,mm,OK,--,9:17:17 AM,12/27/2024,
98,4.4,gf,0.230,mm,OK,--,9:17:17 AM,12/27/2024,
99,6.2,gf,0.230,mm,OK,--,9:17:17 AM,12/27/2024,
100,7.8,gf,0.230,mm,OK,--,9:17:17 AM,12/27/2024,
101,9.4,gf,0.235,mm,OK,--,9:17:17 AM,12/27/2024,
102,11.1,gf,0.235,mm,OK,--,9:17:18 AM,12/27/2024,
103,12.5,gf,0.235,mm,OK,--,9:17:18 AM,12/27/2024,
104,13.8,gf,0.240,mm,OK,--,9:17:18 AM,12/27/2024,
105,15.1,gf,0.240,mm,OK,--,9:17:18 AM,12/27/2024,
106,16.3,gf,0.240,mm,OK,--,9:17:18 AM,12/27/2024,
107,17.5,gf,0.245,mm,OK,--,9:17:18 AM,12/27/2024,
108,18.5,gf,0.245,mm,OK,--,9:17:18 AM,12/27/2024,
109,19.6,gf,0.245,mm,OK,--,9:17:18 AM,12/27/2024,
110,20.8,gf,0.250,mm,OK,--,9:17:18 AM,12/27/2024,
111,22.2,gf,0.250,mm,OK,--,9:17:18 AM,12/27/2024,
112,23.9,gf,0.250,mm,OK,--,9:17:19 AM,12/27/2024,
113,25.5,gf,0.255,mm,OK,--,9:17:19 AM,12/27/2024,
114,26.4,gf,0.255,mm,OK,--,9:17:19 AM,12/27/2024,
115,27.6,gf,0.255,mm,OK,--,9:17:19 AM,12/27/2024,
116,28.8,gf,0.260,mm,OK,--,9:17:19 AM,12/27/2024,
117,29.6,gf,0.260,mm,OK,--,9:17:19 AM,12/27/2024,
118,30.4,gf,0.260,mm,OK,--,9:17:19 AM,12/27/2024,
119,31.0,gf,0.260,mm,OK,--,9:17:19 AM,12/27/2024,
120,31.7,gf,0.265,mm,OK,--,9:17:19 AM,12/27/2024,
121,32.6,gf,0.265,mm,OK,--,9:17:19 AM,12/27/2024,
122,33.3,gf,0.265,mm,OK,--,9:17:20 AM,12/27/2024,
123,34.0,gf,0.265,mm,OK,--,9:17:20 AM,12/27/2024,
124,34.6,gf,0.270,mm,OK,--,9:17:20 AM,12/27/2024,
125,35.1,gf,0.270,mm,OK,--,9:17:20 AM,12/27/2024,
126,35.9,gf,0.270,mm,OK,--,9:17:20 AM,12/27/2024,
127,36.4,gf,0.270,mm,OK,--,9:17:20 AM,12/27/2024,
128,36.6,gf,0.275,mm,OK,--,9:17:20 AM,12/27/2024,
129,36.7,gf,0.275,mm,OK,--,9:17:20 AM,12/27/2024,
130,36.9,gf,0.275,mm,OK,--,9:17:20 AM,12/27/2024,
131,37.2,gf,0.275,mm,OK,--,9:17:20 AM,12/27/2024,
132,37.6,gf,0.275,mm,OK,--,9:17:21 AM,12/27/2024,
133,37.7,gf,0.280,mm,OK,--,9:17:21 AM,12/27/2024,
134,37.7,gf,0.280,mm,OK,--,9:17:21 AM,12/27/2024,
135,37.7,gf,0.285,mm,OK,--,9:17:21 AM,12/27/2024,
136,37.7,gf,0.285,mm,OK,--,9:17:21 AM,12/27/2024,
137,37.6,gf,0.290,mm,OK,--,9:17:21 AM,12/27/2024,
138,37.5,gf,0.290,mm,OK,--,9:17:21 AM,12/27/2024,
139,37.4,gf,0.290,mm,OK,--,9:17:21 AM,12/27/2024,
140,37.2,gf,0.295,mm,OK,--,9:17:21 AM,12/27/2024,
141,37.2,gf,0.295,mm,OK,--,9:17:21 AM,12/27/2024,
142,37.2,gf,0.295,mm,OK,--,9:17:22 AM,12/27/2024,
143,37.2,gf,0.295,mm,OK,--,9:17:22 AM,12/27/2024,
144,37.2,gf,0.300,mm,OK,--,9:17:22 AM,12/27/2024,
145,37.2,gf,0.300,mm,OK,--,9:17:22 AM,12/27/2024,
146,37.2,gf,0.300,mm,OK,--,9:17:22 AM,12/27/2024,
147,37.2,gf,0.300,mm,OK,--,9:17:22 AM,12/27/2024,
148,37.2,gf,0.305,mm,OK,--,9:17:22 AM,12/27/2024,
149,37.2,gf,0.305,mm,OK,--,9:17:22 AM,12/27/2024,
150,37.1,gf,0.305,mm,OK,--,9:17:22 AM,12/27/2024,
151,37.1,gf,0.305,mm,OK,--,9:17:22 AM,12/27/2024,
152,37.1,gf,0.305,mm,OK,--,9:17:23 AM,12/27/2024,
153,37.2,gf,0.305,mm,OK,--,9:17:23 AM,12/27/2024,
154,37.2,gf,0.310,mm,OK,--,9:17:23 AM,12/27/2024,
155,37.1,gf,0.310,mm,OK,--,9:17:23 AM,12/27/2024,
156,37.1,gf,0.310,mm,OK,--,9:17:23 AM,12/27/2024,
157,37.1,gf,0.315,mm,OK,--,9:17:23 AM,12/27/2024,
158,37.1,gf,0.315,mm,OK,--,9:17:23 AM,12/27/2024,
159,37.1,gf,0.315,mm,OK,--,9:17:23 AM,12/27/2024,
160,37.1,gf,0.315,mm,OK,--,9:17:23 AM,12/27/2024,
161,37.2,gf,0.320,mm,OK,--,9:17:23 AM,12/27/2024,
162,37.3,gf,0.325,mm,OK,--,9:17:24 AM,12/27/2024,
163,37.2,gf,0.325,mm,OK,--,9:17:24 AM,12/27/2024,
164,37.2,gf,0.330,mm,OK,--,9:17:24 AM,12/27/2024,
165,37.3,gf,0.330,mm,OK,--,9:17:24 AM,12/27/2024,
166,37.3,gf,0.335,mm,OK,--,9:17:24 AM,12/27/2024,
167,37.2,gf,0.340,mm,OK,--,9:17:24 AM,12/27/2024,
168,37.1,gf,0.340,mm,OK,--,9:17:24 AM,12/27/2024,
169,37.3,gf,0.345,mm,OK,--,9:17:24 AM,12/27/2024,
170,37.2,gf,0.345,mm,OK,--,9:17:24 AM,12/27/2024,
171,37.3,gf,0.345,mm,OK,--,9:17:24 AM,12/27/2024,
172,37.3,gf,0.350,mm,OK,--,9:17:25 AM,12/27/2024,
173,37.3,gf,0.355,mm,OK,--,9:17:25 AM,12/27/2024,
174,37.2,gf,0.355,mm,OK,--,9:17:25 AM,12/27/2024,
175,37.0,gf,0.355,mm,OK,--,9:17:25 AM,12/27/2024,
176,37.1,gf,0.355,mm,OK,--,9:17:25 AM,12/27/2024,
177,37.2,gf,0.355,mm,OK,--,9:17:25 AM,12/27/2024,
178,37.2,gf,0.355,mm,OK,--,9:17:25 AM,12/27/2024,
179,37.2,gf,0.360,mm,OK,--,9:17:25 AM,12/27/2024,
180,37.2,gf,0.360,mm,OK,--,9:17:25 AM,12/27/2024,
181,37.2,gf,0.360,mm,OK,--,9:17:25 AM,12/27/2024,
182,37.2,gf,0.365,mm,OK,--,9:17:26 AM,12/27/2024,
183,37.1,gf,0.365,mm,OK,--,9:17:26 AM,12/27/2024,
184,37.2,gf,0.370,mm,OK,--,9:17:26 AM,12/27/2024,
185,37.2,gf,0.370,mm,OK,--,9:17:26 AM,12/27/2024,
186,37.2,gf,0.375,mm,OK,--,9:17:26 AM,12/27/2024,
187,37.2,gf,0.380,mm,OK,--,9:17:26 AM,12/27/2024,
188,37.2,gf,0.380,mm,OK,--,9:17:26 AM,12/27/2024,
189,37.2,gf,0.385,mm,OK,--,9:17:26 AM,12/27/2024,
190,37.2,gf,0.385,mm,OK,--,9:17:26 AM,12/27/2024,
191,37.2,gf,0.390,mm,OK,--,9:17:26 AM,12/27/2024,
192,37.2,gf,0.395,mm,OK,--,9:17:27 AM,12/27/2024,
193,37.2,gf,0.395,mm,OK,--,9:17:27 AM,12/27/2024,
194,37.2,gf,0.395,mm,OK,--,9:17:27 AM,12/27/2024,
195,37.3,gf,0.400,mm,OK,--,9:17:27 AM,12/27/2024,
196,37.4,gf,0.405,mm,OK,--,9:17:27 AM,12/27/2024,
197,37.3,gf,0.410,mm,OK,--,9:17:27 AM,12/27/2024,
198,37.3,gf,0.415,mm,OK,--,9:17:27 AM,12/27/2024,
199,37.4,gf,0.420,mm,OK,--,9:17:27 AM,12/27/2024,
200,37.4,gf,0.425,mm,OK,--,9:17:27 AM,12/27/2024,
201,37.5,gf,0.430,mm,OK,--,9:17:27 AM,12/27/2024,
202,37.4,gf,0.435,mm,OK,--,9:17:28 AM,12/27/2024,
203,37.5,gf,0.445,mm,OK,--,9:17:28 AM,12/27/2024,
204,37.5,gf,0.450,mm,OK,--,9:17:28 AM,12/27/2024,
205,37.5,gf,0.455,mm,OK,--,9:17:28 AM,12/27/2024,
206,37.7,gf,0.465,mm,OK,--,9:17:28 AM,12/27/2024,
207,37.8,gf,0.475,mm,OK,--,9:17:28 AM,12/27/2024,
208,37.6,gf,0.480,mm,OK,--,9:17:28 AM,12/27/2024,
209,37.7,gf,0.490,mm,OK,--,9:17:28 AM,12/27/2024,
210,37.7,gf,0.495,mm,OK,--,9:17:28 AM,12/27/2024,
211,37.6,gf,0.495,mm,OK,--,9:17:28 AM,12/27/2024,
212,37.6,gf,0.500,mm,OK,--,9:17:29 AM,12/27/2024,
213,37.7,gf,0.505,mm,OK,--,9:17:29 AM,12/27/2024,
214,37.7,gf,0.510,mm,OK,--,9:17:29 AM,12/27/2024,
215,37.8,gf,0.510,mm,OK,--,9:17:29 AM,12/27/2024,
216,37.8,gf,0.515,mm,OK,--,9:17:29 AM,12/27/2024,
217,37.8,gf,0.520,mm,OK,--,9:17:29 AM,12/27/2024,
218,37.8,gf,0.525,mm,OK,--,9:17:29 AM,12/27/2024,
219,37.9,gf,0.525,mm,OK,--,9:17:29 AM,12/27/2024,
220,37.9,gf,0.530,mm,OK,--,9:17:29 AM,12/27/2024,
221,37.9,gf,0.530,mm,OK,--,9:17:29 AM,12/27/2024,
222,37.9,gf,0.535,mm,OK,--,9:17:30 AM,12/27/2024,
223,37.9,gf,0.535,mm,OK,--,9:17:30 AM,12/27/2024,
224,38.0,gf,0.540,mm,OK,--,9:17:30 AM,12/27/2024,
225,38.0,gf,0.540,mm,OK,--,9:17:30 AM,12/27/2024,
226,38.0,gf,0.540,mm,OK,--,9:17:30 AM,12/27/2024,
227,38.0,gf,0.545,mm,OK,--,9:17:30 AM,12/27/2024,
228,38.0,gf,0.545,mm,OK,--,9:17:30 AM,12/27/2024,
229,38.1,gf,0.550,mm,OK,--,9:17:30 AM,12/27/2024,
230,38.1,gf,0.550,mm,OK,--,9:17:30 AM,12/27/2024,
231,38.1,gf,0.555,mm,OK,--,9:17:30 AM,12/27/2024,
232,38.1,gf,0.555,mm,OK,--,9:17:31 AM,12/27/2024,
233,38.1,gf,0.560,mm,OK,--,9:17:31 AM,12/27/2024,
234,38.1,gf,0.565,mm,OK,--,9:17:31 AM,12/27/2024,
235,38.0,gf,0.565,mm,OK,--,9:17:31 AM,12/27/2024,
236,38.0,gf,0.570,mm,OK,--,9:17:31 AM,12/27/2024,
237,38.0,gf,0.575,mm,OK,--,9:17:31 AM,12/27/2024,
238,38.0,gf,0.575,mm,OK,--,9:17:31 AM,12/27/2024,
239,38.1,gf,0.580,mm,OK,--,9:17:31 AM,12/27/2024,
240,38.2,gf,0.585,mm,OK,--,9:17:31 AM,12/27/2024,
241,38.2,gf,0.585,mm,OK,--,9:17:31 AM,12/27/2024,
242,38.3,gf,0.590,mm,OK,--,9:17:32 AM,12/27/2024,
243,38.4,gf,0.590,mm,OK,--,9:17:32 AM,12/27/2024,
244,38.3,gf,0.595,mm,OK,--,9:17:32 AM,12/27/2024,
245,38.3,gf,0.595,mm,OK,--,9:17:32 AM,12/27/2024,
246,38.3,gf,0.600,mm,OK,--,9:17:32 AM,12/27/2024,
247,38.4,gf,0.605,mm,OK,--,9:17:32 AM,12/27/2024,
248,38.4,gf,0.605,mm,OK,--,9:17:32 AM,12/27/2024,
249,38.4,gf,0.610,mm,OK,--,9:17:32 AM,12/27/2024,
250,38.4,gf,0.610,mm,OK,--,9:17:32 AM,12/27/2024,
251,38.4,gf,0.610,mm,OK,--,9:17:32 AM,12/27/2024,
252,38.4,gf,0.615,mm,OK,--,9:17:33 AM,12/27/2024,
253,38.4,gf,0.615,mm,OK,--,9:17:33 AM,12/27/2024,
254,38.4,gf,0.620,mm,OK,--,9:17:33 AM,12/27/2024,
255,38.4,gf,0.620,mm,OK,--,9:17:33 AM,12/27/2024,
256,38.4,gf,0.620,mm,OK,--,9:17:33 AM,12/27/2024,
257,38.5,gf,0.625,mm,OK,--,9:17:33 AM,12/27/2024,
258,38.4,gf,0.625,mm,OK,--,9:17:33 AM,12/27/2024,
259,38.4,gf,0.630,mm,OK,--,9:17:33 AM,12/27/2024,
260,38.4,gf,0.630,mm,OK,--,9:17:33 AM,12/27/2024,
261,38.5,gf,0.635,mm,OK,--,9:17:33 AM,12/27/2024,
262,38.5,gf,0.635,mm,OK,--,9:17:34 AM,12/27/2024,
263,38.5,gf,0.640,mm,OK,--,9:17:34 AM,12/27/2024,
264,38.5,gf,0.640,mm,OK,--,9:17:34 AM,12/27/2024,
265,39.4,gf,0.645,mm,OK,--,9:17:34 AM,12/27/2024,
266,40.1,gf,0.645,mm,OK,--,9:17:34 AM,12/27/2024,
267,40.1,gf,0.650,mm,OK,--,9:17:34 AM,12/27/2024,
268,40.1,gf,0.655,mm,OK,--,9:17:34 AM,12/27/2024,
269,40.0,gf,0.655,mm,OK,--,9:17:34 AM,12/27/2024,
270,40.1,gf,0.655,mm,OK,--,9:17:34 AM,12/27/2024,
271,40.1,gf,0.660,mm,OK,--,9:17:34 AM,12/27/2024,
272,40.1,gf,0.660,mm,OK,--,9:17:35 AM,12/27/2024,
273,40.1,gf,0.660,mm,OK,--,9:17:35 AM,12/27/2024,
274,40.1,gf,0.665,mm,OK,--,9:17:35 AM,12/27/2024,
275,40.1,gf,0.665,mm,OK,--,9:17:35 AM,12/27/2024,
276,40.1,gf,0.670,mm,OK,--,9:17:35 AM,12/27/2024,
277,40.2,gf,0.675,mm,OK,--,9:17:35 AM,12/27/2024,
278,40.2,gf,0.675,mm,OK,--,9:17:35 AM,12/27/2024,
279,40.3,gf,0.680,mm,OK,--,9:17:35 AM,12/27/2024,
280,40.4,gf,0.680,mm,OK,--,9:17:35 AM,12/27/2024,
281,40.6,gf,0.685,mm,OK,--,9:17:35 AM,12/27/2024,
282,40.7,gf,0.685,mm,OK,--,9:17:36 AM,12/27/2024,
283,41.0,gf,0.690,mm,OK,--,9:17:36 AM,12/27/2024,
284,41.1,gf,0.695,mm,OK,--,9:17:36 AM,12/27/2024,
285,41.3,gf,0.700,mm,OK,--,9:17:36 AM,12/27/2024,
286,41.3,gf,0.700,mm,OK,--,9:17:36 AM,12/27/2024,
287,41.3,gf,0.705,mm,OK,--,9:17:36 AM,12/27/2024,
288,41.2,gf,0.705,mm,OK,--,9:17:36 AM,12/27/2024,
289,41.1,gf,0.705,mm,OK,--,9:17:36 AM,12/27/2024,
290,41.2,gf,0.710,mm,OK,--,9:17:36 AM,12/27/2024,
291,41.1,gf,0.710,mm,OK,--,9:17:36 AM,12/27/2024,
292,41.2,gf,0.710,mm,OK,--,9:17:37 AM,12/27/2024,
293,41.2,gf,0.710,mm,OK,--,9:17:37 AM,12/27/2024,
294,41.3,gf,0.710,mm,OK,--,9:17:37 AM,12/27/2024,
295,41.2,gf,0.710,mm,OK,--,9:17:37 AM,12/27/2024,
296,41.3,gf,0.710,mm,OK,--,9:17:37 AM,12/27/2024,
297,41.3,gf,0.715,mm,OK,--,9:17:37 AM,12/27/2024,
298,41.3,gf,0.715,mm,OK,--,9:17:37 AM,12/27/2024,
299,41.2,gf,0.715,mm,OK,--,9:17:37 AM,12/27/2024,
300,41.1,gf,0.720,mm,OK,--,9:17:37 AM,12/27/2024,
301,41.1,gf,0.720,mm,OK,--,9:17:37 AM,12/27/2024,
302,41.2,gf,0.720,mm,OK,--,9:17:38 AM,12/27/2024,
303,41.1,gf,0.720,mm,OK,--,9:17:38 AM,12/27/2024,
304,41.2,gf,0.725,mm,OK,--,9:17:38 AM,12/27/2024,
305,41.2,gf,0.725,mm,OK,--,9:17:38 AM,12/27/2024,
306,41.2,gf,0.725,mm,OK,--,9:17:38 AM,12/27/2024,
307,41.3,gf,0.730,mm,OK,--,9:17:38 AM,12/27/2024,
308,41.4,gf,0.730,mm,OK,--,9:17:38 AM,12/27/2024,
309,41.4,gf,0.735,mm,OK,--,9:17:38 AM,12/27/2024,
310,41.4,gf,0.735,mm,OK,--,9:17:38 AM,12/27/2024,
311,41.4,gf,0.735,mm,OK,--,9:17:38 AM,12/27/2024,
312,41.5,gf,0.740,mm,OK,--,9:17:39 AM,12/27/2024,
313,41.5,gf,0.740,mm,OK,--,9:17:39 AM,12/27/2024,
314,41.6,gf,0.745,mm,OK,--,9:17:39 AM,12/27/2024,
315,41.6,gf,0.745,mm,OK,--,9:17:39 AM,12/27/2024,
316,41.6,gf,0.750,mm,OK,--,9:17:39 AM,12/27/2024,
317,41.6,gf,0.750,mm,OK,--,9:17:39 AM,12/27/2024,
318,41.6,gf,0.750,mm,OK,--,9:17:39 AM,12/27/2024,
319,41.6,gf,0.755,mm,OK,--,9:17:39 AM,12/27/2024,
320,41.6,gf,0.755,mm,OK,--,9:17:39 AM,12/27/2024,
321,41.6,gf,0.755,mm,OK,--,9:17:39 AM,12/27/2024,
322,41.7,gf,0.760,mm,OK,--,9:17:40 AM,12/27/2024,
323,41.7,gf,0.760,mm,OK,--,9:17:40 AM,12/27/2024,
324,41.7,gf,0.765,mm,OK,--,9:17:40 AM,12/27/2024,
325,41.9,gf,0.765,mm,OK,--,9:17:40 AM,12/27/2024,
326,42.1,gf,0.770,mm,OK,--,9:17:40 AM,12/27/2024,
327,42.3,gf,0.770,mm,OK,--,9:17:40 AM,12/27/2024,
328,42.4,gf,0.775,mm,OK,--,9:17:40 AM,12/27/2024,
329,42.5,gf,0.775,mm,OK,--,9:17:40 AM,12/27/2024,
330,42.4,gf,0.780,mm,OK,--,9:17:40 AM,12/27/2024,
331,42.4,gf,0.780,mm,OK,--,9:17:40 AM,12/27/2024,
332,42.4,gf,0.780,mm,OK,--,9:17:41 AM,12/27/2024,
333,42.3,gf,0.785,mm,OK,--,9:17:41 AM,12/27/2024,
334,42.2,gf,0.785,mm,OK,--,9:17:41 AM,12/27/2024,
335,42.2,gf,0.785,mm,OK,--,9:17:41 AM,12/27/2024,
336,42.2,gf,0.790,mm,OK,--,9:17:41 AM,12/27/2024,
337,42.2,gf,0.790,mm,OK,--,9:17:41 AM,12/27/2024,
338,42.1,gf,0.795,mm,OK,--,9:17:41 AM,12/27/2024,
339,42.1,gf,0.795,mm,OK,--,9:17:41 AM,12/27/2024,
340,42.0,gf,0.795,mm,OK,--,9:17:41 AM,12/27/2024,
341,42.0,gf,0.800,mm,OK,--,9:17:41 AM,12/27/2024,
342,42.2,gf,0.800,mm,OK,--,9:17:42 AM,12/27/2024,
343,42.2,gf,0.805,mm,OK,--,9:17:42 AM,12/27/2024,
344,42.2,gf,0.805,mm,OK,--,9:17:42 AM,12/27/2024,
345,42.3,gf,0.805,mm,OK,--,9:17:42 AM,12/27/2024,
346,42.4,gf,0.810,mm,OK,--,9:17:42 AM,12/27/2024,
347,42.5,gf,0.810,mm,OK,--,9:17:42 AM,12/27/2024,
348,42.6,gf,0.815,mm,OK,--,9:17:42 AM,12/27/2024,
349,42.4,gf,0.815,mm,OK,--,9:17:42 AM,12/27/2024,
350,42.4,gf,0.820,mm,OK,--,9:17:42 AM,12/27/2024,
351,42.3,gf,0.820,mm,OK,--,9:17:42 AM,12/27/2024,
352,42.3,gf,0.825,mm,OK,--,9:17:43 AM,12/27/2024,
353,42.2,gf,0.830,mm,OK,--,9:17:43 AM,12/27/2024,
354,42.2,gf,0.830,mm,OK,--,9:17:43 AM,12/27/2024,
355,42.3,gf,0.835,mm,OK,--,9:17:43 AM,12/27/2024,
356,42.4,gf,0.840,mm,OK,--,9:17:43 AM,12/27/2024,
357,42.6,gf,0.845,mm,OK,--,9:17:43 AM,12/27/2024,
358,42.7,gf,0.845,mm,OK,--,9:17:43 AM,12/27/2024,
359,42.7,gf,0.850,mm,OK,--,9:17:43 AM,12/27/2024,
360,42.8,gf,0.855,mm,OK,--,9:17:43 AM,12/27/2024,
361,42.9,gf,0.860,mm,OK,--,9:17:43 AM,12/27/2024,
362,43.1,gf,0.865,mm,OK,--,9:17:44 AM,12/27/2024,
363,43.2,gf,0.865,mm,OK,--,9:17:44 AM,12/27/2024,
364,43.2,gf,0.870,mm,OK,--,9:17:44 AM,12/27/2024,
365,43.3,gf,0.875,mm,OK,--,9:17:44 AM,12/27/2024,
366,43.3,gf,0.880,mm,OK,--,9:17:44 AM,12/27/2024,
367,43.4,gf,0.880,mm,OK,--,9:17:44 AM,12/27/2024,
368,43.4,gf,0.885,mm,OK,--,9:17:44 AM,12/27/2024,
369,43.3,gf,0.890,mm,OK,--,9:17:44 AM,12/27/2024,
370,43.2,gf,0.895,mm,OK,--,9:17:44 AM,12/27/2024,
371,43.2,gf,0.895,mm,OK,--,9:17:44 AM,12/27/2024,
372,43.2,gf,0.900,mm,OK,--,9:17:45 AM,12/27/2024,
373,43.3,gf,0.905,mm,OK,--,9:17:45 AM,12/27/2024,
374,43.3,gf,0.910,mm,OK,--,9:17:45 AM,12/27/2024,
375,43.3,gf,0.910,mm,OK,--,9:17:45 AM,12/27/2024,
376,43.4,gf,0.915,mm,OK,--,9:17:45 AM,12/27/2024,
377,43.4,gf,0.920,mm,OK,--,9:17:45 AM,12/27/2024,
378,43.5,gf,0.920,mm,OK,--,9:17:45 AM,12/27/2024,
379,43.6,gf,0.925,mm,OK,--,9:17:45 AM,12/27/2024,
380,43.7,gf,0.925,mm,OK,--,9:17:45 AM,12/27/2024,
381,43.7,gf,0.930,mm,OK,--,9:17:45 AM,12/27/2024,
382,43.8,gf,0.930,mm,OK,--,9:17:46 AM,12/27/2024,
383,43.7,gf,0.935,mm,OK,--,9:17:46 AM,12/27/2024,
384,43.8,gf,0.935,mm,OK,--,9:17:46 AM,12/27/2024,
385,43.8,gf,0.940,mm,OK,--,9:17:46 AM,12/27/2024,
386,43.8,gf,0.940,mm,OK,--,9:17:46 AM,12/27/2024,
387,43.8,gf,0.945,mm,OK,--,9:17:46 AM,12/27/2024,
388,43.7,gf,0.945,mm,OK,--,9:17:46 AM,12/27/2024,
389,43.6,gf,0.950,mm,OK,--,9:17:46 AM,12/27/2024,
390,43.8,gf,0.950,mm,OK,--,9:17:46 AM,12/27/2024,
391,43.8,gf,0.955,mm,OK,--,9:17:46 AM,12/27/2024,
392,43.8,gf,0.955,mm,OK,--,9:17:47 AM,12/27/2024,
393,43.9,gf,0.960,mm,OK,--,9:17:47 AM,12/27/2024,
394,43.9,gf,0.960,mm,OK,--,9:17:47 AM,12/27/2024,
395,44.0,gf,0.965,mm,OK,--,9:17:47 AM,12/27/2024,
396,44.1,gf,0.965,mm,OK,--,9:17:47 AM,12/27/2024,
397,44.0,gf,0.970,mm,OK,--,9:17:47 AM,12/27/2024,
398,44.0,gf,0.970,mm,OK,--,9:17:47 AM,12/27/2024,
399,44.1,gf,0.975,mm,OK,--,9:17:47 AM,12/27/2024,
400,44.1,gf,0.975,mm,OK,--,9:17:47 AM,12/27/2024,
401,44.0,gf,0.975,mm,OK,--,9:17:47 AM,12/27/2024,
402,43.9,gf,0.975,mm,OK,--,9:17:48 AM,12/27/2024,
403,43.8,gf,0.975,mm,OK,--,9:17:48 AM,12/27/2024,
404,44.0,gf,0.975,mm,OK,--,9:17:48 AM,12/27/2024,
405,44.3,gf,0.975,mm,OK,--,9:17:48 AM,12/27/2024,
406,44.3,gf,0.980,mm,OK,--,9:17:48 AM,12/27/2024,
407,44.3,gf,0.980,mm,OK,--,9:17:48 AM,12/27/2024,
408,44.3,gf,0.985,mm,OK,--,9:17:48 AM,12/27/2024,
409,44.4,gf,0.990,mm,OK,--,9:17:48 AM,12/27/2024,
410,44.4,gf,0.995,mm,OK,--,9:17:48 AM,12/27/2024,
411,44.5,gf,1.000,mm,OK,--,9:17:48 AM,12/27/2024,
412,44.6,gf,1.000,mm,OK,--,9:17:49 AM,12/27/2024,
413,44.8,gf,1.005,mm,OK,--,9:17:49 AM,12/27/2024,
414,44.8,gf,1.010,mm,OK,--,9:17:49 AM,12/27/2024,
415,44.8,gf,1.015,mm,OK,--,9:17:49 AM,12/27/2024,
416,44.7,gf,1.020,mm,OK,--,9:17:49 AM,12/27/2024,
417,44.7,gf,1.020,mm,OK,--,9:17:49 AM,12/27/2024,
418,44.7,gf,1.025,mm,OK,--,9:17:49 AM,12/27/2024,
419,44.7,gf,1.025,mm,OK,--,9:17:49 AM,12/27/2024,
420,44.7,gf,1.030,mm,OK,--,9:17:49 AM,12/27/2024,
421,44.7,gf,1.030,mm,OK,--,9:17:49 AM,12/27/2024,
422,44.7,gf,1.030,mm,OK,--,9:17:50 AM,12/27/2024,
423,44.7,gf,1.030,mm,OK,--,9:17:50 AM,12/27/2024,
424,44.7,gf,1.030,mm,OK,--,9:17:50 AM,12/27/2024,
425,44.7,gf,1.035,mm,OK,--,9:17:50 AM,12/27/2024,
426,44.7,gf,1.035,mm,OK,--,9:17:50 AM,12/27/2024,
427,44.6,gf,1.035,mm,OK,--,9:17:50 AM,12/27/2024,
428,44.8,gf,1.035,mm,OK,--,9:17:50 AM,12/27/2024,
429,44.7,gf,1.035,mm,OK,--,9:17:50 AM,12/27/2024,
430,44.9,gf,1.035,mm,OK,--,9:17:50 AM,12/27/2024,
431,44.9,gf,1.040,mm,OK,--,9:17:50 AM,12/27/2024,
432,44.8,gf,1.050,mm,OK,--,9:17:51 AM,12/27/2024,
433,45.0,gf,1.055,mm,OK,--,9:17:51 AM,12/27/2024,
434,44.9,gf,1.060,mm,OK,--,9:17:51 AM,12/27/2024,
435,44.9,gf,1.065,mm,OK,--,9:17:51 AM,12/27/2024,
436,44.9,gf,1.070,mm,OK,--,9:17:51 AM,12/27/2024,
437,44.9,gf,1.070,mm,OK,--,9:17:51 AM,12/27/2024,
438,45.0,gf,1.075,mm,OK,--,9:17:51 AM,12/27/2024,
439,45.0,gf,1.075,mm,OK,--,9:17:51 AM,12/27/2024,
440,45.0,gf,1.080,mm,OK,--,9:17:51 AM,12/27/2024,
441,45.1,gf,1.085,mm,OK,--,9:17:51 AM,12/27/2024,
442,45.2,gf,1.085,mm,OK,--,9:17:52 AM,12/27/2024,
443,45.7,gf,1.090,mm,OK,--,9:17:52 AM,12/27/2024,
444,46.3,gf,1.095,mm,OK,--,9:17:52 AM,12/27/2024,
445,46.5,gf,1.095,mm,OK,--,9:17:52 AM,12/27/2024,
446,47.0,gf,1.100,mm,OK,--,9:17:52 AM,12/27/2024,
447,47.5,gf,1.105,mm,OK,--,9:17:52 AM,12/27/2024,
448,47.8,gf,1.105,mm,OK,--,9:17:52 AM,12/27/2024,
449,48.3,gf,1.110,mm,OK,--,9:17:52 AM,12/27/2024,
450,48.7,gf,1.110,mm,OK,--,9:17:52 AM,12/27/2024,
451,48.8,gf,1.115,mm,OK,--,9:17:52 AM,12/27/2024,
452,49.0,gf,1.115,mm,OK,--,9:17:53 AM,12/27/2024,
453,49.1,gf,1.115,mm,OK,--,9:17:53 AM,12/27/2024,
454,49.2,gf,1.115,mm,OK,--,9:17:53 AM,12/27/2024,
455,49.2,gf,1.115,mm,OK,--,9:17:53 AM,12/27/2024,
456,49.5,gf,1.115,mm,OK,--,9:17:53 AM,12/27/2024,
457,50.0,gf,1.120,mm,OK,--,9:17:53 AM,12/27/2024,
458,50.1,gf,1.120,mm,OK,--,9:17:53 AM,12/27/2024,
459,50.2,gf,1.120,mm,OK,--,9:17:53 AM,12/27/2024,
460,50.4,gf,1.125,mm,OK,--,9:17:53 AM,12/27/2024,
461,50.4,gf,1.125,mm,OK,--,9:17:53 AM,12/27/2024,
462,50.3,gf,1.125,mm,OK,--,9:17:54 AM,12/27/2024,
463,50.4,gf,1.125,mm,OK,--,9:17:54 AM,12/27/2024,
464,50.7,gf,1.125,mm,OK,--,9:17:54 AM,12/27/2024,
465,50.9,gf,1.130,mm,OK,--,9:17:54 AM,12/27/2024,
466,51.0,gf,1.130,mm,OK,--,9:17:54 AM,12/27/2024,
467,51.2,gf,1.130,mm,OK,--,9:17:54 AM,12/27/2024,
468,51.4,gf,1.135,mm,OK,--,9:17:54 AM,12/27/2024,
469,51.7,gf,1.135,mm,OK,--,9:17:54 AM,12/27/2024,
470,51.9,gf,1.135,mm,OK,--,9:17:54 AM,12/27/2024,
471,52.1,gf,1.135,mm,OK,--,9:17:54 AM,12/27/2024,
472,52.3,gf,1.140,mm,OK,--,9:17:55 AM,12/27/2024,
473,52.4,gf,1.140,mm,OK,--,9:17:55 AM,12/27/2024,
474,52.7,gf,1.140,mm,OK,--,9:17:55 AM,12/27/2024,
475,52.9,gf,1.145,mm,OK,--,9:17:55 AM,12/27/2024,
476,52.9,gf,1.145,mm,OK,--,9:17:55 AM,12/27/2024,
477,52.8,gf,1.145,mm,OK,--,9:17:55 AM,12/27/2024,
478,52.4,gf,1.150,mm,OK,--,9:17:55 AM,12/27/2024,
479,52.3,gf,1.155,mm,OK,--,9:17:55 AM,12/27/2024,
480,52.2,gf,1.155,mm,OK,--,9:17:55 AM,12/27/2024,
481,52.5,gf,1.155,mm,OK,--,9:17:55 AM,12/27/2024,
482,52.7,gf,1.160,mm,OK,--,9:17:56 AM,12/27/2024,
483,53.1,gf,1.165,mm,OK,--,9:17:56 AM,12/27/2024,
484,52.8,gf,1.170,mm,OK,--,9:17:56 AM,12/27/2024,
485,52.6,gf,1.175,mm,OK,--,9:17:56 AM,12/27/2024,
486,52.6,gf,1.180,mm,OK,--,9:17:56 AM,12/27/2024,
487,52.6,gf,1.180,mm,OK,--,9:17:56 AM,12/27/2024,
488,52.7,gf,1.185,mm,OK,--,9:17:56 AM,12/27/2024,
489,52.9,gf,1.185,mm,OK,--,9:17:56 AM,12/27/2024,
490,53.1,gf,1.190,mm,OK,--,9:17:56 AM,12/27/2024,
491,53.4,gf,1.190,mm,OK,--,9:17:56 AM,12/27/2024,
492,53.5,gf,1.195,mm,OK,--,9:17:57 AM,12/27/2024,
493,53.3,gf,1.195,mm,OK,--,9:17:57 AM,12/27/2024,
494,53.2,gf,1.200,mm,OK,--,9:17:57 AM,12/27/2024,
495,53.2,gf,1.200,mm,OK,--,9:17:57 AM,12/27/2024,
496,53.1,gf,1.205,mm,OK,--,9:17:57 AM,12/27/2024,
497,53.2,gf,1.205,mm,OK,--,9:17:57 AM,12/27/2024,
498,53.5,gf,1.210,mm,OK,--,9:17:57 AM,12/27/2024,
499,54.0,gf,1.210,mm,OK,--,9:17:57 AM,12/27/2024,
500,54.4,gf,1.215,mm,OK,--,9:17:57 AM,12/27/2024,
501,54.2,gf,1.220,mm,OK,--,9:17:57 AM,12/27/2024,
502,54.1,gf,1.225,mm,OK,--,9:17:58 AM,12/27/2024,
503,53.8,gf,1.230,mm,OK,--,9:17:58 AM,12/27/2024,
504,53.6,gf,1.230,mm,OK,--,9:17:58 AM,12/27/2024,
505,53.5,gf,1.235,mm,OK,--,9:17:58 AM,12/27/2024,
506,53.4,gf,1.235,mm,OK,--,9:17:58 AM,12/27/2024,
507,53.4,gf,1.235,mm,OK,--,9:17:58 AM,12/27/2024,
508,53.6,gf,1.240,mm,OK,--,9:17:58 AM,12/27/2024,
509,53.7,gf,1.240,mm,OK,--,9:17:58 AM,12/27/2024,
510,53.6,gf,1.240,mm,OK,--,9:17:58 AM,12/27/2024,
511,53.8,gf,1.245,mm,OK,--,9:17:58 AM,12/27/2024,
512,53.9,gf,1.245,mm,OK,--,9:17:59 AM,12/27/2024,
513,53.8,gf,1.245,mm,OK,--,9:17:59 AM,12/27/2024,
514,53.8,gf,1.250,mm,OK,--,9:17:59 AM,12/27/2024,
515,53.8,gf,1.250,mm,OK,--,9:17:59 AM,12/27/2024,
516,53.4,gf,1.250,mm,OK,--,9:17:59 AM,12/27/2024,
517,53.1,gf,1.255,mm,OK,--,9:17:59 AM,12/27/2024,
518,52.8,gf,1.255,mm,OK,--,9:17:59 AM,12/27/2024,
519,52.9,gf,1.260,mm,OK,--,9:17:59 AM,12/27/2024,
520,53.3,gf,1.260,mm,OK,--,9:17:59 AM,12/27/2024,
521,53.7,gf,1.265,mm,OK,--,9:17:59 AM,12/27/2024,
522,53.9,gf,1.265,mm,OK,--,9:18:00 AM,12/27/2024,
523,53.8,gf,1.270,mm,OK,--,9:18:00 AM,12/27/2024,
524,53.4,gf,1.275,mm,OK,--,9:18:00 AM,12/27/2024,
525,53.0,gf,1.280,mm,OK,--,9:18:00 AM,12/27/2024,
526,52.9,gf,1.285,mm,OK,--,9:18:00 AM,12/27/2024,
527,53.2,gf,1.285,mm,OK,--,9:18:00 AM,12/27/2024,
528,53.9,gf,1.290,mm,OK,--,9:18:00 AM,12/27/2024,
529,54.3,gf,1.295,mm,OK,--,9:18:00 AM,12/27/2024,
530,53.9,gf,1.300,mm,OK,--,9:18:00 AM,12/27/2024,
531,53.9,gf,1.305,mm,OK,--,9:18:00 AM,12/27/2024,
532,53.8,gf,1.305,mm,OK,--,9:18:01 AM,12/27/2024,
533,53.6,gf,1.310,mm,OK,--,9:18:01 AM,12/27/2024,
534,53.7,gf,1.310,mm,OK,--,9:18:01 AM,12/27/2024,
535,53.7,gf,1.315,mm,OK,--,9:18:01 AM,12/27/2024,
536,53.8,gf,1.325,mm,OK,--,9:18:01 AM,12/27/2024,
537,53.4,gf,1.330,mm,OK,--,9:18:01 AM,12/27/2024,
538,53.8,gf,1.330,mm,OK,--,9:18:01 AM,12/27/2024,
539,54.2,gf,1.335,mm,OK,--,9:18:01 AM,12/27/2024,
540,54.8,gf,1.340,mm,OK,--,9:18:01 AM,12/27/2024,
541,54.9,gf,1.345,mm,OK,--,9:18:01 AM,12/27/2024,
542,55.1,gf,1.350,mm,OK,--,9:18:02 AM,12/27/2024,
543,54.7,gf,1.355,mm,OK,--,9:18:02 AM,12/27/2024,
544,54.5,gf,1.355,mm,OK,--,9:18:02 AM,12/27/2024,
545,54.4,gf,1.360,mm,OK,--,9:18:02 AM,12/27/2024,
546,54.3,gf,1.365,mm,OK,--,9:18:02 AM,12/27/2024,
547,54.2,gf,1.370,mm,OK,--,9:18:02 AM,12/27/2024,
548,54.2,gf,1.370,mm,OK,--,9:18:02 AM,12/27/2024,
549,54.2,gf,1.375,mm,OK,--,9:18:02 AM,12/27/2024,
550,54.2,gf,1.375,mm,OK,--,9:18:02 AM,12/27/2024,
551,54.4,gf,1.375,mm,OK,--,9:18:02 AM,12/27/2024,
552,54.3,gf,1.380,mm,OK,--,9:18:03 AM,12/27/2024,
553,54.3,gf,1.380,mm,OK,--,9:18:03 AM,12/27/2024,
554,54.5,gf,1.385,mm,OK,--,9:18:03 AM,12/27/2024,
555,54.5,gf,1.385,mm,OK,--,9:18:03 AM,12/27/2024,
556,54.5,gf,1.385,mm,OK,--,9:18:03 AM,12/27/2024,
557,54.4,gf,1.390,mm,OK,--,9:18:03 AM,12/27/2024,
558,54.4,gf,1.390,mm,OK,--,9:18:03 AM,12/27/2024,
559,54.3,gf,1.390,mm,OK,--,9:18:03 AM,12/27/2024,
560,54.2,gf,1.395,mm,OK,--,9:18:03 AM,12/27/2024,
561,54.4,gf,1.395,mm,OK,--,9:18:03 AM,12/27/2024,
562,54.7,gf,1.400,mm,OK,--,9:18:04 AM,12/27/2024,
563,54.8,gf,1.405,mm,OK,--,9:18:04 AM,12/27/2024,
564,54.7,gf,1.410,mm,OK,--,9:18:04 AM,12/27/2024,
565,54.8,gf,1.410,mm,OK,--,9:18:04 AM,12/27/2024,
566,54.8,gf,1.415,mm,OK,--,9:18:04 AM,12/27/2024,
567,54.8,gf,1.420,mm,OK,--,9:18:04 AM,12/27/2024,
568,54.9,gf,1.420,mm,OK,--,9:18:04 AM,12/27/2024,
569,54.9,gf,1.425,mm,OK,--,9:18:04 AM,12/27/2024,
570,55.4,gf,1.425,mm,OK,--,9:18:04 AM,12/27/2024,
571,55.7,gf,1.430,mm,OK,--,9:18:04 AM,12/27/2024,
572,55.5,gf,1.435,mm,OK,--,9:18:05 AM,12/27/2024,
573,55.6,gf,1.435,mm,OK,--,9:18:05 AM,12/27/2024,
574,55.8,gf,1.440,mm,OK,--,9:18:05 AM,12/27/2024,
575,55.5,gf,1.445,mm,OK,--,9:18:05 AM,12/27/2024,
576,55.3,gf,1.450,mm,OK,--,9:18:05 AM,12/27/2024,
577,55.6,gf,1.450,mm,OK,--,9:18:05 AM,12/27/2024,
578,56.1,gf,1.455,mm,OK,--,9:18:05 AM,12/27/2024,
579,56.0,gf,1.460,mm,OK,--,9:18:05 AM,12/27/2024,
580,56.2,gf,1.470,mm,OK,--,9:18:05 AM,12/27/2024,
581,56.6,gf,1.475,mm,OK,--,9:18:05 AM,12/27/2024,
582,56.6,gf,1.485,mm,OK,--,9:18:06 AM,12/27/2024,
583,55.7,gf,1.490,mm,OK,--,9:18:06 AM,12/27/2024,
584,55.8,gf,1.495,mm,OK,--,9:18:06 AM,12/27/2024,
585,55.7,gf,1.500,mm,OK,--,9:18:06 AM,12/27/2024,
586,55.8,gf,1.505,mm,OK,--,9:18:06 AM,12/27/2024,
587,55.4,gf,1.510,mm,OK,--,9:18:06 AM,12/27/2024,
588,55.3,gf,1.520,mm,OK,--,9:18:06 AM,12/27/2024,
589,55.1,gf,1.525,mm,OK,--,9:18:06 AM,12/27/2024,
590,55.0,gf,1.530,mm,OK,--,9:18:06 AM,12/27/2024,
591,54.9,gf,1.535,mm,OK,--,9:18:06 AM,12/27/2024,
592,54.6,gf,1.540,mm,OK,--,9:18:07 AM,12/27/2024,
593,54.6,gf,1.545,mm,OK,--,9:18:07 AM,12/27/2024,
594,54.4,gf,1.550,mm,OK,--,9:18:07 AM,12/27/2024,
595,54.1,gf,1.555,mm,OK,--,9:18:07 AM,12/27/2024,
596,54.0,gf,1.560,mm,OK,--,9:18:07 AM,12/27/2024,
597,53.8,gf,1.565,mm,OK,--,9:18:07 AM,12/27/2024,
598,53.5,gf,1.570,mm,OK,--,9:18:07 AM,12/27/2024,
599,53.5,gf,1.575,mm,OK,--,9:18:07 AM,12/27/2024,
600,53.6,gf,1.575,mm,OK,--,9:18:07 AM,12/27/2024,
601,53.4,gf,1.580,mm,OK,--,9:18:07 AM,12/27/2024,
602,53.4,gf,1.585,mm,OK,--,9:18:08 AM,12/27/2024,
603,53.0,gf,1.590,mm,OK,--,9:18:08 AM,12/27/2024,
604,52.7,gf,1.595,mm,OK,--,9:18:08 AM,12/27/2024,
605,52.7,gf,1.595,mm,OK,--,9:18:08 AM,12/27/2024,
606,52.5,gf,1.600,mm,OK,--,9:18:08 AM,12/27/2024,
607,52.5,gf,1.600,mm,OK,--,9:18:08 AM,12/27/2024,
608,52.4,gf,1.605,mm,OK,--,9:18:08 AM,12/27/2024,
609,52.4,gf,1.610,mm,OK,--,9:18:08 AM,12/27/2024,
610,52.4,gf,1.610,mm,OK,--,9:18:08 AM,12/27/2024,
611,52.3,gf,1.615,mm,OK,--,9:18:08 AM,12/27/2024,
612,52.1,gf,1.620,mm,OK,--,9:18:09 AM,12/27/2024,
613,51.9,gf,1.625,mm,OK,--,9:18:09 AM,12/27/2024,
614,51.9,gf,1.630,mm,OK,--,9:18:09 AM,12/27/2024,
615,51.9,gf,1.635,mm,OK,--,9:18:09 AM,12/27/2024,
616,51.8,gf,1.635,mm,OK,--,9:18:09 AM,12/27/2024,
617,51.5,gf,1.640,mm,OK,--,9:18:09 AM,12/27/2024,
618,51.3,gf,1.645,mm,OK,--,9:18:09 AM,12/27/2024,
619,51.1,gf,1.650,mm,OK,--,9:18:09 AM,12/27/2024,
620,51.0,gf,1.655,mm,OK,--,9:18:09 AM,12/27/2024,
621,50.9,gf,1.660,mm,OK,--,9:18:09 AM,12/27/2024,
622,50.8,gf,1.665,mm,OK,--,9:18:10 AM,12/27/2024,
623,50.6,gf,1.670,mm,OK,--,9:18:10 AM,12/27/2024,
624,50.5,gf,1.675,mm,OK,--,9:18:10 AM,12/27/2024,
625,50.3,gf,1.680,mm,OK,--,9:18:10 AM,12/27/2024,
626,50.1,gf,1.690,mm,OK,--,9:18:10 AM,12/27/2024,
627,49.9,gf,1.695,mm,OK,--,9:18:10 AM,12/27/2024,
628,49.7,gf,1.700,mm,OK,--,9:18:10 AM,12/27/2024,
629,49.5,gf,1.705,mm,OK,--,9:18:10 AM,12/27/2024,
630,49.4,gf,1.710,mm,OK,--,9:18:10 AM,12/27/2024,
631,44.0,gf,1.715,mm,OK,--,9:18:10 AM,12/27/2024,
632,43.5,gf,1.720,mm,OK,--,9:18:11 AM,12/27/2024,
633,43.6,gf,1.725,mm,OK,--,9:18:11 AM,12/27/2024,
634,43.6,gf,1.730,mm,OK,--,9:18:11 AM,12/27/2024,
635,43.8,gf,1.735,mm,OK,--,9:18:11 AM,12/27/2024,
636,44.1,gf,1.740,mm,OK,--,9:18:11 AM,12/27/2024,
637,44.2,gf,1.745,mm,OK,--,9:18:11 AM,12/27/2024,
638,44.3,gf,1.750,mm,OK,--,9:18:11 AM,12/27/2024,
639,44.4,gf,1.755,mm,OK,--,9:18:11 AM,12/27/2024,
640,44.4,gf,1.755,mm,OK,--,9:18:11 AM,12/27/2024,
641,44.4,gf,1.760,mm,OK,--,9:18:11 AM,12/27/2024,
642,44.4,gf,1.765,mm,OK,--,9:18:12 AM,12/27/2024,
643,44.4,gf,1.765,mm,OK,--,9:18:12 AM,12/27/2024,
644,44.4,gf,1.770,mm,OK,--,9:18:12 AM,12/27/2024,
645,44.4,gf,1.775,mm,OK,--,9:18:12 AM,12/27/2024,
646,44.4,gf,1.780,mm,OK,--,9:18:12 AM,12/27/2024,
647,44.4,gf,1.785,mm,OK,--,9:18:12 AM,12/27/2024,
648,44.4,gf,1.790,mm,OK,--,9:18:12 AM,12/27/2024,
649,44.4,gf,1.790,mm,OK,--,9:18:12 AM,12/27/2024,
650,44.4,gf,1.795,mm,OK,--,9:18:12 AM,12/27/2024,
651,44.5,gf,1.800,mm,OK,--,9:18:12 AM,12/27/2024,
652,44.5,gf,1.800,mm,OK,--,9:18:13 AM,12/27/2024,
653,44.5,gf,1.805,mm,OK,--,9:18:13 AM,12/27/2024,
654,44.5,gf,1.810,mm,OK,--,9:18:13 AM,12/27/2024,
655,44.6,gf,1.810,mm,OK,--,9:18:13 AM,12/27/2024,
656,44.7,gf,1.815,mm,OK,--,9:18:13 AM,12/27/2024,
657,44.7,gf,1.820,mm,OK,--,9:18:13 AM,12/27/2024,
658,44.8,gf,1.825,mm,OK,--,9:18:13 AM,12/27/2024,
659,44.8,gf,1.830,mm,OK,--,9:18:13 AM,12/27/2024,
660,44.8,gf,1.830,mm,OK,--,9:18:13 AM,12/27/2024,
661,44.8,gf,1.835,mm,OK,--,9:18:13 AM,12/27/2024,
662,44.8,gf,1.835,mm,OK,--,9:18:14 AM,12/27/2024,
663,44.8,gf,1.840,mm,OK,--,9:18:14 AM,12/27/2024,
664,44.8,gf,1.840,mm,OK,--,9:18:14 AM,12/27/2024,
665,44.8,gf,1.845,mm,OK,--,9:18:14 AM,12/27/2024,
666,44.8,gf,1.845,mm,OK,--,9:18:14 AM,12/27/2024,
667,44.8,gf,1.845,mm,OK,--,9:18:14 AM,12/27/2024,
668,44.8,gf,1.850,mm,OK,--,9:18:14 AM,12/27/2024,
669,44.8,gf,1.850,mm,OK,--,9:18:14 AM,12/27/2024,
670,44.8,gf,1.850,mm,OK,--,9:18:14 AM,12/27/2024,
671,44.9,gf,1.850,mm,OK,--,9:18:14 AM,12/27/2024,
672,44.9,gf,1.855,mm,OK,--,9:18:15 AM,12/27/2024,
673,44.9,gf,1.855,mm,OK,--,9:18:15 AM,12/27/2024,
674,44.9,gf,1.855,mm,OK,--,9:18:15 AM,12/27/2024,
675,44.9,gf,1.860,mm,OK,--,9:18:15 AM,12/27/2024,
676,44.9,gf,1.865,mm,OK,--,9:18:15 AM,12/27/2024,
677,44.9,gf,1.870,mm,OK,--,9:18:15 AM,12/27/2024,
678,45.0,gf,1.870,mm,OK,--,9:18:15 AM,12/27/2024,
679,45.0,gf,1.875,mm,OK,--,9:18:15 AM,12/27/2024,
680,45.0,gf,1.875,mm,OK,--,9:18:15 AM,12/27/2024,
681,45.0,gf,1.880,mm,OK,--,9:18:15 AM,12/27/2024,
682,45.0,gf,1.880,mm,OK,--,9:18:16 AM,12/27/2024,
683,45.0,gf,1.885,mm,OK,--,9:18:16 AM,12/27/2024,
684,45.0,gf,1.885,mm,OK,--,9:18:16 AM,12/27/2024,
685,45.0,gf,1.890,mm,OK,--,9:18:16 AM,12/27/2024,
686,45.0,gf,1.890,mm,OK,--,9:18:16 AM,12/27/2024,
687,45.0,gf,1.895,mm,OK,--,9:18:16 AM,12/27/2024,
688,45.1,gf,1.900,mm,OK,--,9:18:16 AM,12/27/2024,
689,45.1,gf,1.910,mm,OK,--,9:18:16 AM,12/27/2024,
690,45.1,gf,1.915,mm,OK,--,9:18:16 AM,12/27/2024,
691,45.2,gf,1.920,mm,OK,--,9:18:16 AM,12/27/2024,
692,45.3,gf,1.925,mm,OK,--,9:18:17 AM,12/27/2024,
693,45.3,gf,1.935,mm,OK,--,9:18:17 AM,12/27/2024,
694,45.3,gf,1.940,mm,OK,--,9:18:17 AM,12/27/2024,
695,45.3,gf,1.945,mm,OK,--,9:18:17 AM,12/27/2024,
696,45.3,gf,1.950,mm,OK,--,9:18:17 AM,12/27/2024,
697,45.3,gf,1.955,mm,OK,--,9:18:17 AM,12/27/2024,
698,45.4,gf,1.960,mm,OK,--,9:18:17 AM,12/27/2024,
699,45.4,gf,1.965,mm,OK,--,9:18:17 AM,12/27/2024,
700,45.4,gf,1.970,mm,OK,--,9:18:17 AM,12/27/2024,
701,45.5,gf,1.975,mm,OK,--,9:18:17 AM,12/27/2024,
702,45.5,gf,1.975,mm,OK,--,9:18:18 AM,12/27/2024,
703,45.4,gf,1.980,mm,OK,--,9:18:18 AM,12/27/2024,
704,45.4,gf,1.985,mm,OK,--,9:18:18 AM,12/27/2024,
705,45.4,gf,1.990,mm,OK,--,9:18:18 AM,12/27/2024,
706,45.5,gf,1.995,mm,OK,--,9:18:18 AM,12/27/2024,
707,45.5,gf,2.000,mm,OK,--,9:18:18 AM,12/27/2024,
708,45.5,gf,2.005,mm,OK,--,9:18:18 AM,12/27/2024,
709,45.5,gf,2.010,mm,OK,--,9:18:18 AM,12/27/2024,
710,45.5,gf,2.015,mm,OK,--,9:18:18 AM,12/27/2024,
711,45.5,gf,2.015,mm,OK,--,9:18:18 AM,12/27/2024,
712,45.5,gf,2.020,mm,OK,--,9:18:19 AM,12/27/2024,
713,45.5,gf,2.020,mm,OK,--,9:18:19 AM,12/27/2024,
714,45.5,gf,2.025,mm,OK,--,9:18:19 AM,12/27/2024,
715,45.5,gf,2.025,mm,OK,--,9:18:19 AM,12/27/2024,
716,45.6,gf,2.030,mm,OK,--,9:18:19 AM,12/27/2024,
717,45.6,gf,2.030,mm,OK,--,9:18:19 AM,12/27/2024,
718,45.6,gf,2.030,mm,OK,--,9:18:19 AM,12/27/2024,
719,45.6,gf,2.035,mm,OK,--,9:18:19 AM,12/27/2024,
720,45.6,gf,2.035,mm,OK,--,9:18:19 AM,12/27/2024,
721,45.6,gf,2.040,mm,OK,--,9:18:19 AM,12/27/2024,
722,45.6,gf,2.045,mm,OK,--,9:18:20 AM,12/27/2024,
723,45.6,gf,2.050,mm,OK,--,9:18:20 AM,12/27/2024,
724,45.7,gf,2.050,mm,OK,--,9:18:20 AM,12/27/2024,
725,45.7,gf,2.055,mm,OK,--,9:18:20 AM,12/27/2024,
726,45.7,gf,2.055,mm,OK,--,9:18:20 AM,12/27/2024,
727,45.7,gf,2.060,mm,OK,--,9:18:20 AM,12/27/2024,
728,45.8,gf,2.065,mm,OK,--,9:18:20 AM,12/27/2024,
729,45.8,gf,2.065,mm,OK,--,9:18:20 AM,12/27/2024,
730,45.8,gf,2.070,mm,OK,--,9:18:20 AM,12/27/2024,
731,45.8,gf,2.075,mm,OK,--,9:18:20 AM,12/27/2024,
732,45.9,gf,2.080,mm,OK,--,9:18:21 AM,12/27/2024,
733,45.9,gf,2.080,mm,OK,--,9:18:21 AM,12/27/2024,
734,46.0,gf,2.085,mm,OK,--,9:18:21 AM,12/27/2024,
735,46.0,gf,2.090,mm,OK,--,9:18:21 AM,12/27/2024,
736,46.0,gf,2.095,mm,OK,--,9:18:21 AM,12/27/2024,
737,45.9,gf,2.100,mm,OK,--,9:18:21 AM,12/27/2024,
738,45.9,gf,2.105,mm,OK,--,9:18:21 AM,12/27/2024,
739,45.9,gf,2.110,mm,OK,--,9:18:21 AM,12/27/2024,
740,45.9,gf,2.110,mm,OK,--,9:18:21 AM,12/27/2024,
741,45.9,gf,2.120,mm,OK,--,9:18:21 AM,12/27/2024,
742,46.0,gf,2.125,mm,OK,--,9:18:22 AM,12/27/2024,
743,46.0,gf,2.130,mm,OK,--,9:18:22 AM,12/27/2024,
744,46.0,gf,2.130,mm,OK,--,9:18:22 AM,12/27/2024,
745,46.1,gf,2.135,mm,OK,--,9:18:22 AM,12/27/2024,
746,46.1,gf,2.145,mm,OK,--,9:18:22 AM,12/27/2024,
747,46.1,gf,2.150,mm,OK,--,9:18:22 AM,12/27/2024,
748,46.2,gf,2.160,mm,OK,--,9:18:22 AM,12/27/2024,
749,46.3,gf,2.175,mm,OK,--,9:18:22 AM,12/27/2024,
750,46.3,gf,2.180,mm,OK,--,9:18:22 AM,12/27/2024,
751,46.3,gf,2.190,mm,OK,--,9:18:22 AM,12/27/2024,
752,46.4,gf,2.195,mm,OK,--,9:18:23 AM,12/27/2024,
753,46.5,gf,2.200,mm,OK,--,9:18:23 AM,12/27/2024,
754,46.4,gf,2.210,mm,OK,--,9:18:23 AM,12/27/2024,
755,46.6,gf,2.220,mm,OK,--,9:18:23 AM,12/27/2024,
756,46.6,gf,2.230,mm,OK,--,9:18:23 AM,12/27/2024,
757,46.7,gf,2.240,mm,OK,--,9:18:23 AM,12/27/2024,
758,46.8,gf,2.250,mm,OK,--,9:18:23 AM,12/27/2024,
759,46.8,gf,2.260,mm,OK,--,9:18:23 AM,12/27/2024,
760,46.9,gf,2.265,mm,OK,--,9:18:23 AM,12/27/2024,
761,46.9,gf,2.270,mm,OK,--,9:18:23 AM,12/27/2024,
762,46.9,gf,2.275,mm,OK,--,9:18:24 AM,12/27/2024,
763,46.9,gf,2.280,mm,OK,--,9:18:24 AM,12/27/2024,
764,46.9,gf,2.285,mm,OK,--,9:18:24 AM,12/27/2024,
765,47.0,gf,2.290,mm,OK,--,9:18:24 AM,12/27/2024,
766,47.0,gf,2.300,mm,OK,--,9:18:24 AM,12/27/2024,
767,47.0,gf,2.305,mm,OK,--,9:18:24 AM,12/27/2024,
768,46.9,gf,2.310,mm,OK,--,9:18:24 AM,12/27/2024,
769,46.9,gf,2.315,mm,OK,--,9:18:24 AM,12/27/2024,
770,47.0,gf,2.320,mm,OK,--,9:18:24 AM,12/27/2024,
771,47.0,gf,2.325,mm,OK,--,9:18:24 AM,12/27/2024,
772,47.0,gf,2.325,mm,OK,--,9:18:25 AM,12/27/2024,
773,47.1,gf,2.330,mm,OK,--,9:18:25 AM,12/27/2024,
774,47.0,gf,2.335,mm,OK,--,9:18:25 AM,12/27/2024,
775,47.1,gf,2.345,mm,OK,--,9:18:25 AM,12/27/2024,
776,47.2,gf,2.350,mm,OK,--,9:18:25 AM,12/27/2024,
777,47.2,gf,2.355,mm,OK,--,9:18:25 AM,12/27/2024,
778,47.2,gf,2.360,mm,OK,--,9:18:25 AM,12/27/2024,
779,47.3,gf,2.370,mm,OK,--,9:18:25 AM,12/27/2024,
780,47.3,gf,2.375,mm,OK,--,9:18:25 AM,12/27/2024,
781,47.3,gf,2.385,mm,OK,--,9:18:25 AM,12/27/2024,
782,47.4,gf,2.390,mm,OK,--,9:18:26 AM,12/27/2024,
783,47.5,gf,2.400,mm,OK,--,9:18:26 AM,12/27/2024,
784,47.5,gf,2.405,mm,OK,--,9:18:26 AM,12/27/2024,
785,47.5,gf,2.410,mm,OK,--,9:18:26 AM,12/27/2024,
786,47.5,gf,2.410,mm,OK,--,9:18:26 AM,12/27/2024,
787,47.6,gf,2.415,mm,OK,--,9:18:26 AM,12/27/2024,
788,47.5,gf,2.420,mm,OK,--,9:18:26 AM,12/27/2024,
789,47.4,gf,2.425,mm,OK,--,9:18:26 AM,12/27/2024,
790,47.5,gf,2.430,mm,OK,--,9:18:26 AM,12/27/2024,
791,47.5,gf,2.435,mm,OK,--,9:18:26 AM,12/27/2024,
792,47.5,gf,2.435,mm,OK,--,9:18:27 AM,12/27/2024,
793,47.6,gf,2.435,mm,OK,--,9:18:27 AM,12/27/2024,
794,47.6,gf,2.440,mm,OK,--,9:18:27 AM,12/27/2024,
795,47.6,gf,2.445,mm,OK,--,9:18:27 AM,12/27/2024,
796,47.6,gf,2.450,mm,OK,--,9:18:27 AM,12/27/2024,
797,47.6,gf,2.455,mm,OK,--,9:18:27 AM,12/27/2024,
798,47.7,gf,2.460,mm,OK,--,9:18:27 AM,12/27/2024,
799,47.8,gf,2.480,mm,OK,--,9:18:27 AM,12/27/2024,
800,47.9,gf,2.495,mm,OK,--,9:18:27 AM,12/27/2024,
801,47.9,gf,2.500,mm,OK,--,9:18:27 AM,12/27/2024,
802,47.9,gf,2.505,mm,OK,--,9:18:28 AM,12/27/2024,
803,48.0,gf,2.505,mm,OK,--,9:18:28 AM,12/27/2024,
804,48.0,gf,2.510,mm,OK,--,9:18:28 AM,12/27/2024,
805,48.0,gf,2.510,mm,OK,--,9:18:28 AM,12/27/2024,
806,48.0,gf,2.515,mm,OK,--,9:18:28 AM,12/27/2024,
807,48.0,gf,2.515,mm,OK,--,9:18:28 AM,12/27/2024,
808,48.0,gf,2.520,mm,OK,--,9:18:28 AM,12/27/2024,
809,48.0,gf,2.520,mm,OK,--,9:18:28 AM,12/27/2024,
810,48.0,gf,2.520,mm,OK,--,9:18:28 AM,12/27/2024,
811,48.0,gf,2.525,mm,OK,--,9:18:28 AM,12/27/2024,
812,48.1,gf,2.525,mm,OK,--,9:18:29 AM,12/27/2024,
813,48.0,gf,2.525,mm,OK,--,9:18:29 AM,12/27/2024,
814,48.0,gf,2.530,mm,OK,--,9:18:29 AM,12/27/2024,
815,48.0,gf,2.530,mm,OK,--,9:18:29 AM,12/27/2024,
816,48.1,gf,2.535,mm,OK,--,9:18:29 AM,12/27/2024,
817,48.2,gf,2.545,mm,OK,--,9:18:29 AM,12/27/2024,
818,48.2,gf,2.550,mm,OK,--,9:18:29 AM,12/27/2024,
819,48.2,gf,2.560,mm,OK,--,9:18:29 AM,12/27/2024,
820,48.2,gf,2.565,mm,OK,--,9:18:29 AM,12/27/2024,
821,48.2,gf,2.570,mm,OK,--,9:18:29 AM,12/27/2024,
822,48.2,gf,2.575,mm,OK,--,9:18:30 AM,12/27/2024,
823,48.2,gf,2.580,mm,OK,--,9:18:30 AM,12/27/2024,
824,48.3,gf,2.580,mm,OK,--,9:18:30 AM,12/27/2024,
825,48.3,gf,2.585,mm,OK,--,9:18:30 AM,12/27/2024,
826,48.3,gf,2.585,mm,OK,--,9:18:30 AM,12/27/2024,
827,48.3,gf,2.585,mm,OK,--,9:18:30 AM,12/27/2024,
828,48.3,gf,2.585,mm,OK,--,9:18:30 AM,12/27/2024,
829,48.3,gf,2.590,mm,OK,--,9:18:30 AM,12/27/2024,
830,48.3,gf,2.590,mm,OK,--,9:18:30 AM,12/27/2024,
831,48.3,gf,2.595,mm,OK,--,9:18:30 AM,12/27/2024,
832,48.4,gf,2.605,mm,OK,--,9:18:31 AM,12/27/2024,
833,48.3,gf,2.610,mm,OK,--,9:18:31 AM,12/27/2024,
834,48.3,gf,2.610,mm,OK,--,9:18:31 AM,12/27/2024,
835,48.4,gf,2.615,mm,OK,--,9:18:31 AM,12/27/2024,
836,48.4,gf,2.620,mm,OK,--,9:18:31 AM,12/27/2024,
837,48.4,gf,2.625,mm,OK,--,9:18:31 AM,12/27/2024,
838,48.4,gf,2.625,mm,OK,--,9:18:31 AM,12/27/2024,
839,48.5,gf,2.630,mm,OK,--,9:18:31 AM,12/27/2024,
840,48.5,gf,2.630,mm,OK,--,9:18:31 AM,12/27/2024,
841,48.5,gf,2.635,mm,OK,--,9:18:31 AM,12/27/2024,
842,48.5,gf,2.635,mm,OK,--,9:18:32 AM,12/27/2024,
843,48.5,gf,2.640,mm,OK,--,9:18:32 AM,12/27/2024,
844,48.6,gf,2.640,mm,OK,--,9:18:32 AM,12/27/2024,
845,48.6,gf,2.645,mm,OK,--,9:18:32 AM,12/27/2024,
846,48.6,gf,2.645,mm,OK,--,9:18:32 AM,12/27/2024,
847,48.6,gf,2.650,mm,OK,--,9:18:32 AM,12/27/2024,
848,48.6,gf,2.655,mm,OK,--,9:18:32 AM,12/27/2024,
849,48.5,gf,2.655,mm,OK,--,9:18:32 AM,12/27/2024,
850,48.5,gf,2.660,mm,OK,--,9:18:32 AM,12/27/2024,
851,48.6,gf,2.660,mm,OK,--,9:18:32 AM,12/27/2024,
852,48.6,gf,2.665,mm,OK,--,9:18:33 AM,12/27/2024,
853,48.7,gf,2.670,mm,OK,--,9:18:33 AM,12/27/2024,
854,48.6,gf,2.675,mm,OK,--,9:18:33 AM,12/27/2024,
855,48.7,gf,2.680,mm,OK,--,9:18:33 AM,12/27/2024,
856,48.7,gf,2.680,mm,OK,--,9:18:33 AM,12/27/2024,
857,48.8,gf,2.685,mm,OK,--,9:18:33 AM,12/27/2024,
858,48.8,gf,2.685,mm,OK,--,9:18:33 AM,12/27/2024,
859,48.8,gf,2.685,mm,OK,--,9:18:33 AM,12/27/2024,
860,48.8,gf,2.685,mm,OK,--,9:18:33 AM,12/27/2024,
861,48.9,gf,2.690,mm,OK,--,9:18:33 AM,12/27/2024,
862,48.9,gf,2.695,mm,OK,--,9:18:34 AM,12/27/2024,
863,48.9,gf,2.705,mm,OK,--,9:18:34 AM,12/27/2024,
864,48.9,gf,2.710,mm,OK,--,9:18:34 AM,12/27/2024,
865,48.9,gf,2.715,mm,OK,--,9:18:34 AM,12/27/2024,
866,49.0,gf,2.720,mm,OK,--,9:18:34 AM,12/27/2024,
867,49.0,gf,2.725,mm,OK,--,9:18:34 AM,12/27/2024,
868,49.1,gf,2.730,mm,OK,--,9:18:34 AM,12/27/2024,
869,49.1,gf,2.735,mm,OK,--,9:18:34 AM,12/27/2024,
870,49.1,gf,2.740,mm,OK,--,9:18:34 AM,12/27/2024,
871,49.1,gf,2.745,mm,OK,--,9:18:34 AM,12/27/2024,
872,49.1,gf,2.745,mm,OK,--,9:18:35 AM,12/27/2024,
873,49.1,gf,2.750,mm,OK,--,9:18:35 AM,12/27/2024,
874,49.1,gf,2.755,mm,OK,--,9:18:35 AM,12/27/2024,
875,49.2,gf,2.760,mm,OK,--,9:18:35 AM,12/27/2024,
876,49.2,gf,2.765,mm,OK,--,9:18:35 AM,12/27/2024,
877,49.3,gf,2.770,mm,OK,--,9:18:35 AM,12/27/2024,
878,49.2,gf,2.780,mm,OK,--,9:18:35 AM,12/27/2024,
879,49.2,gf,2.785,mm,OK,--,9:18:35 AM,12/27/2024,
880,49.3,gf,2.790,mm,OK,--,9:18:35 AM,12/27/2024,
881,49.3,gf,2.795,mm,OK,--,9:18:35 AM,12/27/2024,
882,49.3,gf,2.800,mm,OK,--,9:18:36 AM,12/27/2024,
883,49.3,gf,2.805,mm,OK,--,9:18:36 AM,12/27/2024,
884,49.3,gf,2.810,mm,OK,--,9:18:36 AM,12/27/2024,
885,49.4,gf,2.820,mm,OK,--,9:18:36 AM,12/27/2024,
886,49.5,gf,2.825,mm,OK,--,9:18:36 AM,12/27/2024,
887,49.5,gf,2.840,mm,OK,--,9:18:36 AM,12/27/2024,
888,49.6,gf,2.845,mm,OK,--,9:18:36 AM,12/27/2024,
889,49.6,gf,2.850,mm,OK,--,9:18:36 AM,12/27/2024,
890,49.6,gf,2.855,mm,OK,--,9:18:36 AM,12/27/2024,
891,49.6,gf,2.860,mm,OK,--,9:18:36 AM,12/27/2024,
892,49.7,gf,2.865,mm,OK,--,9:18:37 AM,12/27/2024,
893,49.6,gf,2.875,mm,OK,--,9:18:37 AM,12/27/2024,
894,49.8,gf,2.885,mm,OK,--,9:18:37 AM,12/27/2024,
895,49.8,gf,2.895,mm,OK,--,9:18:37 AM,12/27/2024,
896,50.0,gf,2.910,mm,OK,--,9:18:37 AM,12/27/2024,
897,50.0,gf,2.920,mm,OK,--,9:18:37 AM,12/27/2024,
898,50.1,gf,2.925,mm,OK,--,9:18:37 AM,12/27/2024,
899,50.1,gf,2.930,mm,OK,--,9:18:37 AM,12/27/2024,
900,50.1,gf,2.935,mm,OK,--,9:18:37 AM,12/27/2024,
901,50.1,gf,2.940,mm,OK,--,9:18:37 AM,12/27/2024,
902,50.2,gf,2.945,mm,OK,--,9:18:38 AM,12/27/2024,
903,50.2,gf,2.950,mm,OK,--,9:18:38 AM,12/27/2024,
904,50.2,gf,2.950,mm,OK,--,9:18:38 AM,12/27/2024,
905,50.3,gf,2.955,mm,OK,--,9:18:38 AM,12/27/2024,
906,50.4,gf,2.955,mm,OK,--,9:18:38 AM,12/27/2024,
907,50.3,gf,2.960,mm,OK,--,9:18:38 AM,12/27/2024,
908,50.4,gf,2.960,mm,OK,--,9:18:38 AM,12/27/2024,
909,50.4,gf,2.960,mm,OK,--,9:18:38 AM,12/27/2024,
910,50.4,gf,2.965,mm,OK,--,9:18:38 AM,12/27/2024,
911,50.5,gf,2.965,mm,OK,--,9:18:38 AM,12/27/2024,
912,50.4,gf,2.965,mm,OK,--,9:18:39 AM,12/27/2024,
913,50.4,gf,2.970,mm,OK,--,9:18:39 AM,12/27/2024,
914,50.4,gf,2.970,mm,OK,--,9:18:39 AM,12/27/2024,
915,50.5,gf,2.975,mm,OK,--,9:18:39 AM,12/27/2024,
916,50.4,gf,2.980,mm,OK,--,9:18:39 AM,12/27/2024,
917,50.4,gf,2.985,mm,OK,--,9:18:39 AM,12/27/2024,
918,50.4,gf,2.990,mm,OK,--,9:18:39 AM,12/27/2024,
919,50.5,gf,3.000,mm,OK,--,9:18:39 AM,12/27/2024,
920,50.5,gf,3.005,mm,OK,--,9:18:39 AM,12/27/2024,
921,50.6,gf,3.010,mm,OK,--,9:18:39 AM,12/27/2024,
922,50.6,gf,3.015,mm,OK,--,9:18:40 AM,12/27/2024,
923,50.7,gf,3.020,mm,OK,--,9:18:40 AM,12/27/2024,
924,50.7,gf,3.025,mm,OK,--,9:18:40 AM,12/27/2024,
925,50.7,gf,3.035,mm,OK,--,9:18:40 AM,12/27/2024,
926,50.8,gf,3.040,mm,OK,--,9:18:40 AM,12/27/2024,
927,54.9,gf,3.045,mm,OK,--,9:18:40 AM,12/27/2024,
928,58.1,gf,3.050,mm,OK,--,9:18:40 AM,12/27/2024,
929,61.1,gf,3.060,mm,OK,--,9:18:40 AM,12/27/2024,
930,66.5,gf,3.065,mm,OK,--,9:18:40 AM,12/27/2024,
931,72.1,gf,3.070,mm,OK,--,9:18:40 AM,12/27/2024,
932,77.0,gf,3.075,mm,OK,--,9:18:41 AM,12/27/2024,
933,80.9,gf,3.080,mm,OK,--,9:18:41 AM,12/27/2024,
934,84.1,gf,3.085,mm,OK,--,9:18:41 AM,12/27/2024,
935,87.3,gf,3.085,mm,OK,--,9:18:41 AM,12/27/2024,
936,90.2,gf,3.090,mm,OK,--,9:18:41 AM,12/27/2024,
937,93.5,gf,3.095,mm,OK,--,9:18:41 AM,12/27/2024,
938,96.6,gf,3.095,mm,OK,--,9:18:41 AM,12/27/2024,
939,100.3,gf,3.100,mm,OK,--,9:18:41 AM,12/27/2024,
940,104.5,gf,3.105,mm,OK,--,9:18:41 AM,12/27/2024,
941,108.2,gf,3.105,mm,OK,--,9:18:41 AM,12/27/2024,
942,112.1,gf,3.110,mm,OK,--,9:18:42 AM,12/27/2024,
943,116.1,gf,3.115,mm,OK,--,9:18:42 AM,12/27/2024,
944,120.8,gf,3.120,mm,OK,--,9:18:42 AM,12/27/2024,
945,125.3,gf,3.125,mm,OK,--,9:18:42 AM,12/27/2024,
946,128.8,gf,3.130,mm,OK,--,9:18:42 AM,12/27/2024,
947,132.0,gf,3.130,mm,OK,--,9:18:42 AM,12/27/2024,
948,135.7,gf,3.135,mm,OK,--,9:18:42 AM,12/27/2024,
949,140.5,gf,3.140,mm,OK,--,9:18:42 AM,12/27/2024,
950,145.2,gf,3.145,mm,OK,--,9:18:42 AM,12/27/2024,
951,149.4,gf,3.150,mm,OK,--,9:18:42 AM,12/27/2024,
952,153.4,gf,3.155,mm,OK,--,9:18:43 AM,12/27/2024,
953,157.2,gf,3.155,mm,OK,--,9:18:43 AM,12/27/2024,
954,161.7,gf,3.160,mm,OK,--,9:18:43 AM,12/27/2024,
955,167.4,gf,3.165,mm,OK,--,9:18:43 AM,12/27/2024,
956,172.9,gf,3.175,mm,OK,--,9:18:43 AM,12/27/2024,
957,177.2,gf,3.175,mm,OK,--,9:18:43 AM,12/27/2024,
958,180.7,gf,3.180,mm,OK,--,9:18:43 AM,12/27/2024,
959,183.1,gf,3.185,mm,OK,--,9:18:43 AM,12/27/2024,
960,185.4,gf,3.185,mm,OK,--,9:18:43 AM,12/27/2024,
961,187.6,gf,3.185,mm,OK,--,9:18:43 AM,12/27/2024,
962,189.4,gf,3.190,mm,OK,--,9:18:44 AM,12/27/2024,
963,190.2,gf,3.190,mm,OK,--,9:18:44 AM,12/27/2024,
964,190.5,gf,3.190,mm,OK,--,9:18:44 AM,12/27/2024,
965,190.9,gf,3.190,mm,OK,--,9:18:44 AM,12/27/2024,
966,191.3,gf,3.190,mm,OK,--,9:18:44 AM,12/27/2024,
967,191.3,gf,3.190,mm,OK,--,9:18:44 AM,12/27/2024,
968,191.2,gf,3.190,mm,OK,--,9:18:44 AM,12/27/2024,
969,191.0,gf,3.190,mm,OK,--,9:18:44 AM,12/27/2024,
970,191.0,gf,3.190,mm,OK,--,9:18:44 AM,12/27/2024,
971,190.9,gf,3.190,mm,OK,--,9:18:44 AM,12/27/2024,
972,191.0,gf,3.190,mm,OK,--,9:18:45 AM,12/27/2024,
973,191.0,gf,3.190,mm,OK,--,9:18:45 AM,12/27/2024,
974,190.9,gf,3.190,mm,OK,--,9:18:45 AM,12/27/2024,
975,191.0,gf,3.190,mm,OK,--,9:18:45 AM,12/27/2024,
976,191.0,gf,3.190,mm,OK,--,9:18:45 AM,12/27/2024,
977,190.8,gf,3.190,mm,OK,--,9:18:45 AM,12/27/2024,
978,190.9,gf,3.190,mm,OK,--,9:18:45 AM,12/27/2024,
979,190.9,gf,3.190,mm,OK,--,9:18:45 AM,12/27/2024,
980,190.8,gf,3.190,mm,OK,--,9:18:45 AM,12/27/2024,
981,190.5,gf,3.190,mm,OK,--,9:18:45 AM,12/27/2024,
982,190.4,gf,3.190,mm,OK,--,9:18:46 AM,12/27/2024,
983,190.2,gf,3.190,mm,OK,--,9:18:46 AM,12/27/2024,
984,190.2,gf,3.190,mm,OK,--,9:18:46 AM,12/27/2024,
985,190.1,gf,3.190,mm,OK,--,9:18:46 AM,12/27/2024,
986,190.0,gf,3.190,mm,OK,--,9:18:46 AM,12/27/2024,
987,190.1,gf,3.190,mm,OK,--,9:18:46 AM,12/27/2024,
988,190.2,gf,3.190,mm,OK,--,9:18:46 AM,12/27/2024,
989,190.2,gf,3.190,mm,OK,--,9:18:46 AM,12/27/2024,
990,190.1,gf,3.190,mm,OK,--,9:18:46 AM,12/27/2024,
991,190.0,gf,3.190,mm,OK,--,9:18:46 AM,12/27/2024,
992,189.9,gf,3.190,mm,OK,--,9:18:47 AM,12/27/2024,
993,189.8,gf,3.190,mm,OK,--,9:18:47 AM,12/27/2024,
994,189.6,gf,3.190,mm,OK,--,9:18:47 AM,12/27/2024,
995,189.5,gf,3.190,mm,OK,--,9:18:47 AM,12/27/2024,
996,189.4,gf,3.190,mm,OK,--,9:18:47 AM,12/27/2024,
997,189.3,gf,3.190,mm,OK,--,9:18:47 AM,12/27/2024,
998,189.0,gf,3.190,mm,OK,--,9:18:47 AM,12/27/2024,
999,187.5,gf,3.190,mm,OK,--,9:18:47 AM,12/27/2024,
1000,186.6,gf,3.190,mm,OK,--,9:18:47 AM,12/27/2024,
1001,186.4,gf,3.190,mm,OK,--,9:18:47 AM,12/27/2024,
1002,186.4,gf,3.190,mm,OK,--,9:18:48 AM,12/27/2024,
1003,186.2,gf,3.190,mm,OK,--,9:18:48 AM,12/27/2024,
1004,186.0,gf,3.190,mm,OK,--,9:18:48 AM,12/27/2024,
1005,185.8,gf,3.190,mm,OK,--,9:18:48 AM,12/27/2024,
1006,185.3,gf,3.185,mm,OK,--,9:18:48 AM,12/27/2024,
1007,184.6,gf,3.185,mm,OK,--,9:18:48 AM,12/27/2024,
1008,183.8,gf,3.185,mm,OK,--,9:18:48 AM,12/27/2024,
1009,183.0,gf,3.185,mm,OK,--,9:18:48 AM,12/27/2024,
1010,182.4,gf,3.185,mm,OK,--,9:18:48 AM,12/27/2024,
1011,181.7,gf,3.185,mm,OK,--,9:18:48 AM,12/27/2024,
1012,181.4,gf,3.185,mm,OK,--,9:18:49 AM,12/27/2024,
1013,180.4,gf,3.185,mm,OK,--,9:18:49 AM,12/27/2024,
1014,179.5,gf,3.180,mm,OK,--,9:18:49 AM,12/27/2024,
1015,178.8,gf,3.180,mm,OK,--,9:18:49 AM,12/27/2024,
1016,177.9,gf,3.180,mm,OK,--,9:18:49 AM,12/27/2024,
1017,177.2,gf,3.180,mm,OK,--,9:18:49 AM,12/27/2024,
1018,176.7,gf,3.180,mm,OK,--,9:18:49 AM,12/27/2024,
1019,176.3,gf,3.180,mm,OK,--,9:18:49 AM,12/27/2024,
1020,175.9,gf,3.180,mm,OK,--,9:18:49 AM,12/27/2024,
1021,175.6,gf,3.180,mm,OK,--,9:18:49 AM,12/27/2024,
1022,175.4,gf,3.180,mm,OK,--,9:18:50 AM,12/27/2024,
1023,175.2,gf,3.180,mm,OK,--,9:18:50 AM,12/27/2024,
1024,174.9,gf,3.180,mm,OK,--,9:18:50 AM,12/27/2024,
1025,174.6,gf,3.180,mm,OK,--,9:18:50 AM,12/27/2024,
1026,174.2,gf,3.175,mm,OK,--,9:18:50 AM,12/27/2024,
1027,174.0,gf,3.175,mm,OK,--,9:18:50 AM,12/27/2024,
1028,173.7,gf,3.175,mm,OK,--,9:18:50 AM,12/27/2024,
1029,173.2,gf,3.175,mm,OK,--,9:18:50 AM,12/27/2024,
1030,172.7,gf,3.175,mm,OK,--,9:18:50 AM,12/27/2024,
1031,172.2,gf,3.175,mm,OK,--,9:18:50 AM,12/27/2024,
1032,171.7,gf,3.175,mm,OK,--,9:18:51 AM,12/27/2024,
1033,171.3,gf,3.175,mm,OK,--,9:18:51 AM,12/27/2024,
1034,171.0,gf,3.175,mm,OK,--,9:18:51 AM,12/27/2024,
1035,170.4,gf,3.175,mm,OK,--,9:18:51 AM,12/27/2024,
1036,169.7,gf,3.175,mm,OK,--,9:18:51 AM,12/27/2024,
1037,169.2,gf,3.170,mm,OK,--,9:18:51 AM,12/27/2024,
1038,168.8,gf,3.170,mm,OK,--,9:18:51 AM,12/27/2024,
1039,168.4,gf,3.170,mm,OK,--,9:18:51 AM,12/27/2024,
1040,168.1,gf,3.170,mm,OK,--,9:18:51 AM,12/27/2024,
1041,167.8,gf,3.170,mm,OK,--,9:18:51 AM,12/27/2024,
1042,167.6,gf,3.170,mm,OK,--,9:18:52 AM,12/27/2024,
1043,167.4,gf,3.170,mm,OK,--,9:18:52 AM,12/27/2024,
1044,167.3,gf,3.170,mm,OK,--,9:18:52 AM,12/27/2024,
1045,167.1,gf,3.170,mm,OK,--,9:18:52 AM,12/27/2024,
1046,166.8,gf,3.170,mm,OK,--,9:18:52 AM,12/27/2024,
1047,166.6,gf,3.170,mm,OK,--,9:18:52 AM,12/27/2024,
1048,166.1,gf,3.170,mm,OK,--,9:18:52 AM,12/27/2024,
1049,165.7,gf,3.170,mm,OK,--,9:18:52 AM,12/27/2024,
1050,165.3,gf,3.170,mm,OK,--,9:18:52 AM,12/27/2024,
1051,164.8,gf,3.170,mm,OK,--,9:18:52 AM,12/27/2024,
1052,164.2,gf,3.165,mm,OK,--,9:18:53 AM,12/27/2024,
1053,163.6,gf,3.165,mm,OK,--,9:18:53 AM,12/27/2024,
1054,163.0,gf,3.165,mm,OK,--,9:18:53 AM,12/27/2024,
1055,162.5,gf,3.165,mm,OK,--,9:18:53 AM,12/27/2024,
1056,161.9,gf,3.165,mm,OK,--,9:18:53 AM,12/27/2024,
1057,161.5,gf,3.165,mm,OK,--,9:18:53 AM,12/27/2024,
1058,161.0,gf,3.165,mm,OK,--,9:18:53 AM,12/27/2024,
1059,160.5,gf,3.165,mm,OK,--,9:18:53 AM,12/27/2024,
1060,160.1,gf,3.165,mm,OK,--,9:18:53 AM,12/27/2024,
1061,159.9,gf,3.165,mm,OK,--,9:18:53 AM,12/27/2024,
1062,159.5,gf,3.165,mm,OK,--,9:18:54 AM,12/27/2024,
1063,159.5,gf,3.165,mm,OK,--,9:18:54 AM,12/27/2024,
1064,159.5,gf,3.165,mm,OK,--,9:18:54 AM,12/27/2024,
1065,159.1,gf,3.160,mm,OK,--,9:18:54 AM,12/27/2024,
1066,159.1,gf,3.160,mm,OK,--,9:18:54 AM,12/27/2024,
1067,158.9,gf,3.160,mm,OK,--,9:18:54 AM,12/27/2024,
1068,158.4,gf,3.160,mm,OK,--,9:18:54 AM,12/27/2024,
1069,157.3,gf,3.160,mm,OK,--,9:18:54 AM,12/27/2024,
1070,156.6,gf,3.160,mm,OK,--,9:18:54 AM,12/27/2024,
1071,156.3,gf,3.160,mm,OK,--,9:18:54 AM,12/27/2024,
1072,155.7,gf,3.160,mm,OK,--,9:18:55 AM,12/27/2024,
1073,155.1,gf,3.160,mm,OK,--,9:18:55 AM,12/27/2024,
1074,153.5,gf,3.155,mm,OK,--,9:18:55 AM,12/27/2024,
1075,152.0,gf,3.155,mm,OK,--,9:18:55 AM,12/27/2024,
1076,151.1,gf,3.155,mm,OK,--,9:18:55 AM,12/27/2024,
1077,150.3,gf,3.155,mm,OK,--,9:18:55 AM,12/27/2024,
1078,149.7,gf,3.155,mm,OK,--,9:18:55 AM,12/27/2024,
1079,149.1,gf,3.150,mm,OK,--,9:18:55 AM,12/27/2024,
1080,148.8,gf,3.150,mm,OK,--,9:18:55 AM,12/27/2024,
1081,148.7,gf,3.150,mm,OK,--,9:18:55 AM,12/27/2024,
1082,148.3,gf,3.150,mm,OK,--,9:18:56 AM,12/27/2024,
1083,147.6,gf,3.150,mm,OK,--,9:18:56 AM,12/27/2024,
1084,147.1,gf,3.150,mm,OK,--,9:18:56 AM,12/27/2024,
1085,146.6,gf,3.150,mm,OK,--,9:18:56 AM,12/27/2024,
1086,146.1,gf,3.150,mm,OK,--,9:18:56 AM,12/27/2024,
1087,145.6,gf,3.150,mm,OK,--,9:18:56 AM,12/27/2024,
1088,144.8,gf,3.150,mm,OK,--,9:18:56 AM,12/27/2024,
1089,144.1,gf,3.145,mm,OK,--,9:18:56 AM,12/27/2024,
1090,143.6,gf,3.145,mm,OK,--,9:18:56 AM,12/27/2024,
1091,143.1,gf,3.145,mm,OK,--,9:18:56 AM,12/27/2024,
1092,142.2,gf,3.145,mm,OK,--,9:18:57 AM,12/27/2024,
1093,140.9,gf,3.145,mm,OK,--,9:18:57 AM,12/27/2024,
1094,140.1,gf,3.145,mm,OK,--,9:18:57 AM,12/27/2024,
1095,139.4,gf,3.140,mm,OK,--,9:18:57 AM,12/27/2024,
1096,138.8,gf,3.140,mm,OK,--,9:18:57 AM,12/27/2024,
1097,138.1,gf,3.140,mm,OK,--,9:18:57 AM,12/27/2024,
1098,137.4,gf,3.140,mm,OK,--,9:18:57 AM,12/27/2024,
1099,136.7,gf,3.140,mm,OK,--,9:18:57 AM,12/27/2024,
1100,136.1,gf,3.140,mm,OK,--,9:18:57 AM,12/27/2024,
1101,135.4,gf,3.140,mm,OK,--,9:18:57 AM,12/27/2024,
1102,134.5,gf,3.135,mm,OK,--,9:18:58 AM,12/27/2024,
1103,133.6,gf,3.135,mm,OK,--,9:18:58 AM,12/27/2024,
1104,132.8,gf,3.135,mm,OK,--,9:18:58 AM,12/27/2024,
1105,132.0,gf,3.135,mm,OK,--,9:18:58 AM,12/27/2024,
1106,131.1,gf,3.135,mm,OK,--,9:18:58 AM,12/27/2024,
1107,130.3,gf,3.135,mm,OK,--,9:18:58 AM,12/27/2024,
1108,129.6,gf,3.130,mm,OK,--,9:18:58 AM,12/27/2024,
1109,129.0,gf,3.130,mm,OK,--,9:18:58 AM,12/27/2024,
1110,128.6,gf,3.130,mm,OK,--,9:18:58 AM,12/27/2024,
1111,128.1,gf,3.130,mm,OK,--,9:18:58 AM,12/27/2024,
1112,127.7,gf,3.130,mm,OK,--,9:18:59 AM,12/27/2024,
1113,127.2,gf,3.130,mm,OK,--,9:18:59 AM,12/27/2024,
1114,126.8,gf,3.130,mm,OK,--,9:18:59 AM,12/27/2024,
1115,126.5,gf,3.130,mm,OK,--,9:18:59 AM,12/27/2024,
1116,126.1,gf,3.130,mm,OK,--,9:18:59 AM,12/27/2024,
1117,125.8,gf,3.130,mm,OK,--,9:18:59 AM,12/27/2024,
1118,125.6,gf,3.130,mm,OK,--,9:18:59 AM,12/27/2024,
1119,125.2,gf,3.130,mm,OK,--,9:18:59 AM,12/27/2024,
1120,124.8,gf,3.125,mm,OK,--,9:18:59 AM,12/27/2024,
1121,124.3,gf,3.125,mm,OK,--,9:18:59 AM,12/27/2024,
1122,124.0,gf,3.125,mm,OK,--,9:19:00 AM,12/27/2024,
1123,123.6,gf,3.125,mm,OK,--,9:19:00 AM,12/27/2024,
1124,123.3,gf,3.125,mm,OK,--,9:19:00 AM,12/27/2024,
1125,122.9,gf,3.125,mm,OK,--,9:19:00 AM,12/27/2024,
1126,122.4,gf,3.125,mm,OK,--,9:19:00 AM,12/27/2024,
1127,122.0,gf,3.125,mm,OK,--,9:19:00 AM,12/27/2024,
1128,121.5,gf,3.125,mm,OK,--,9:19:00 AM,12/27/2024,
1129,120.9,gf,3.125,mm,OK,--,9:19:00 AM,12/27/2024,
1130,120.2,gf,3.125,mm,OK,--,9:19:00 AM,12/27/2024,
1131,119.5,gf,3.120,mm,OK,--,9:19:00 AM,12/27/2024,
1132,118.6,gf,3.120,mm,OK,--,9:19:01 AM,12/27/2024,
1133,117.7,gf,3.120,mm,OK,--,9:19:01 AM,12/27/2024,
1134,116.8,gf,3.120,mm,OK,--,9:19:01 AM,12/27/2024,
1135,115.7,gf,3.120,mm,OK,--,9:19:01 AM,12/27/2024,
1136,114.9,gf,3.115,mm,OK,--,9:19:01 AM,12/27/2024,
1137,114.1,gf,3.115,mm,OK,--,9:19:01 AM,12/27/2024,
1138,112.9,gf,3.115,mm,OK,--,9:19:01 AM,12/27/2024,
1139,111.6,gf,3.115,mm,OK,--,9:19:01 AM,12/27/2024,
1140,110.3,gf,3.115,mm,OK,--,9:19:01 AM,12/27/2024,
1141,109.0,gf,3.110,mm,OK,--,9:19:01 AM,12/27/2024,
1142,107.7,gf,3.110,mm,OK,--,9:19:02 AM,12/27/2024,
1143,106.6,gf,3.110,mm,OK,--,9:19:02 AM,12/27/2024,
1144,105.4,gf,3.110,mm,OK,--,9:19:02 AM,12/27/2024,
1145,103.6,gf,3.105,mm,OK,--,9:19:02 AM,12/27/2024,
1146,100.7,gf,3.105,mm,OK,--,9:19:02 AM,12/27/2024,
1147,98.3,gf,3.100,mm,OK,--,9:19:02 AM,12/27/2024,
1148,96.5,gf,3.100,mm,OK,--,9:19:02 AM,12/27/2024,
1149,94.7,gf,3.100,mm,OK,--,9:19:02 AM,12/27/2024,
1150,93.0,gf,3.095,mm,OK,--,9:19:02 AM,12/27/2024,
1151,91.0,gf,3.095,mm,OK,--,9:19:02 AM,12/27/2024,
1152,89.3,gf,3.090,mm,OK,--,9:19:03 AM,12/27/2024,
1153,88.1,gf,3.090,mm,OK,--,9:19:03 AM,12/27/2024,
1154,87.5,gf,3.090,mm,OK,--,9:19:03 AM,12/27/2024,
1155,86.5,gf,3.090,mm,OK,--,9:19:03 AM,12/27/2024,
1156,85.4,gf,3.090,mm,OK,--,9:19:03 AM,12/27/2024,
1157,84.0,gf,3.085,mm,OK,--,9:19:03 AM,12/27/2024,
1158,82.7,gf,3.085,mm,OK,--,9:19:03 AM,12/27/2024,
1159,81.1,gf,3.085,mm,OK,--,9:19:03 AM,12/27/2024,
1160,79.3,gf,3.080,mm,OK,--,9:19:03 AM,12/27/2024,
1161,77.7,gf,3.080,mm,OK,--,9:19:03 AM,12/27/2024,
1162,76.2,gf,3.080,mm,OK,--,9:19:04 AM,12/27/2024,
1163,74.5,gf,3.075,mm,OK,--,9:19:04 AM,12/27/2024,
1164,72.8,gf,3.075,mm,OK,--,9:19:04 AM,12/27/2024,
1165,70.6,gf,3.075,mm,OK,--,9:19:04 AM,12/27/2024,
1166,68.3,gf,3.070,mm,OK,--,9:19:04 AM,12/27/2024,
1167,65.7,gf,3.070,mm,OK,--,9:19:04 AM,12/27/2024,
1168,63.1,gf,3.065,mm,OK,--,9:19:04 AM,12/27/2024,
1169,60.8,gf,3.060,mm,OK,--,9:19:04 AM,12/27/2024,
1170,58.1,gf,3.060,mm,OK,--,9:19:04 AM,12/27/2024,
1171,55.5,gf,3.055,mm,OK,--,9:19:04 AM,12/27/2024,
1172,53.2,gf,3.055,mm,OK,--,9:19:05 AM,12/27/2024,
1173,51.6,gf,3.050,mm,OK,--,9:19:05 AM,12/27/2024,
1174,50.2,gf,3.050,mm,OK,--,9:19:05 AM,12/27/2024,
1175,49.4,gf,3.045,mm,OK,--,9:19:05 AM,12/27/2024,
1176,49.3,gf,3.040,mm,OK,--,9:19:05 AM,12/27/2024,
1177,49.3,gf,3.040,mm,OK,--,9:19:05 AM,12/27/2024,
1178,49.2,gf,3.035,mm,OK,--,9:19:05 AM,12/27/2024,
1179,49.2,gf,3.035,mm,OK,--,9:19:05 AM,12/27/2024,
1180,49.1,gf,3.035,mm,OK,--,9:19:05 AM,12/27/2024,
1181,49.1,gf,3.035,mm,OK,--,9:19:05 AM,12/27/2024,
1182,49.1,gf,3.030,mm,OK,--,9:19:06 AM,12/27/2024,
1183,49.1,gf,3.030,mm,OK,--,9:19:06 AM,12/27/2024,
1184,49.1,gf,3.030,mm,OK,--,9:19:06 AM,12/27/2024,
1185,49.1,gf,3.025,mm,OK,--,9:19:06 AM,12/27/2024,
1186,49.1,gf,3.025,mm,OK,--,9:19:06 AM,12/27/2024,
1187,49.0,gf,3.020,mm,OK,--,9:19:06 AM,12/27/2024,
1188,49.0,gf,3.015,mm,OK,--,9:19:06 AM,12/27/2024,
1189,49.0,gf,3.010,mm,OK,--,9:19:06 AM,12/27/2024,
1190,49.1,gf,3.010,mm,OK,--,9:19:06 AM,12/27/2024,
1191,49.0,gf,3.005,mm,OK,--,9:19:06 AM,12/27/2024,
1192,49.0,gf,3.005,mm,OK,--,9:19:07 AM,12/27/2024,
1193,49.1,gf,3.000,mm,OK,--,9:19:07 AM,12/27/2024,
1194,48.9,gf,2.995,mm,OK,--,9:19:07 AM,12/27/2024,
1195,48.9,gf,2.995,mm,OK,--,9:19:07 AM,12/27/2024,
1196,48.9,gf,2.990,mm,OK,--,9:19:07 AM,12/27/2024,
1197,48.9,gf,2.985,mm,OK,--,9:19:07 AM,12/27/2024,
1198,48.9,gf,2.985,mm,OK,--,9:19:07 AM,12/27/2024,
1199,48.9,gf,2.980,mm,OK,--,9:19:07 AM,12/27/2024,
1200,48.9,gf,2.975,mm,OK,--,9:19:07 AM,12/27/2024,
1201,48.9,gf,2.970,mm,OK,--,9:19:07 AM,12/27/2024,
1202,48.9,gf,2.970,mm,OK,--,9:19:08 AM,12/27/2024,
1203,48.9,gf,2.965,mm,OK,--,9:19:08 AM,12/27/2024,
1204,48.9,gf,2.955,mm,OK,--,9:19:08 AM,12/27/2024,
1205,48.8,gf,2.950,mm,OK,--,9:19:08 AM,12/27/2024,
1206,48.7,gf,2.940,mm,OK,--,9:19:08 AM,12/27/2024,
1207,48.6,gf,2.930,mm,OK,--,9:19:08 AM,12/27/2024,
1208,48.6,gf,2.920,mm,OK,--,9:19:08 AM,12/27/2024,
1209,48.6,gf,2.910,mm,OK,--,9:19:08 AM,12/27/2024,
1210,48.5,gf,2.900,mm,OK,--,9:19:08 AM,12/27/2024,
1211,48.5,gf,2.890,mm,OK,--,9:19:08 AM,12/27/2024,
1212,48.5,gf,2.885,mm,OK,--,9:19:09 AM,12/27/2024,
1213,48.5,gf,2.880,mm,OK,--,9:19:09 AM,12/27/2024,
1214,48.5,gf,2.875,mm,OK,--,9:19:09 AM,12/27/2024,
1215,48.4,gf,2.870,mm,OK,--,9:19:09 AM,12/27/2024,
1216,48.4,gf,2.865,mm,OK,--,9:19:09 AM,12/27/2024,
1217,48.3,gf,2.860,mm,OK,--,9:19:09 AM,12/27/2024,
1218,48.3,gf,2.855,mm,OK,--,9:19:09 AM,12/27/2024,
1219,48.2,gf,2.850,mm,OK,--,9:19:09 AM,12/27/2024,
1220,48.2,gf,2.845,mm,OK,--,9:19:09 AM,12/27/2024,
1221,48.2,gf,2.840,mm,OK,--,9:19:09 AM,12/27/2024,
1222,48.2,gf,2.835,mm,OK,--,9:19:10 AM,12/27/2024,
1223,48.2,gf,2.830,mm,OK,--,9:19:10 AM,12/27/2024,
1224,48.1,gf,2.820,mm,OK,--,9:19:10 AM,12/27/2024,
1225,48.0,gf,2.815,mm,OK,--,9:19:10 AM,12/27/2024,
1226,48.0,gf,2.810,mm,OK,--,9:19:10 AM,12/27/2024,
1227,48.0,gf,2.805,mm,OK,--,9:19:10 AM,12/27/2024,
1228,47.9,gf,2.800,mm,OK,--,9:19:10 AM,12/27/2024,
1229,47.9,gf,2.790,mm,OK,--,9:19:10 AM,12/27/2024,
1230,47.9,gf,2.785,mm,OK,--,9:19:10 AM,12/27/2024,
1231,47.9,gf,2.770,mm,OK,--,9:19:10 AM,12/27/2024,
1232,47.8,gf,2.760,mm,OK,--,9:19:11 AM,12/27/2024,
1233,47.8,gf,2.750,mm,OK,--,9:19:11 AM,12/27/2024,
1234,47.7,gf,2.740,mm,OK,--,9:19:11 AM,12/27/2024,
1235,47.6,gf,2.735,mm,OK,--,9:19:11 AM,12/27/2024,
1236,47.6,gf,2.725,mm,OK,--,9:19:11 AM,12/27/2024,
1237,47.5,gf,2.720,mm,OK,--,9:19:11 AM,12/27/2024,
1238,47.4,gf,2.715,mm,OK,--,9:19:11 AM,12/27/2024,
1239,47.5,gf,2.705,mm,OK,--,9:19:11 AM,12/27/2024,
1240,47.4,gf,2.700,mm,OK,--,9:19:11 AM,12/27/2024,
1241,47.4,gf,2.700,mm,OK,--,9:19:11 AM,12/27/2024,
1242,47.4,gf,2.695,mm,OK,--,9:19:12 AM,12/27/2024,
1243,47.3,gf,2.690,mm,OK,--,9:19:12 AM,12/27/2024,
1244,47.2,gf,2.680,mm,OK,--,9:19:12 AM,12/27/2024,
1245,47.2,gf,2.675,mm,OK,--,9:19:12 AM,12/27/2024,
1246,47.3,gf,2.665,mm,OK,--,9:19:12 AM,12/27/2024,
1247,47.2,gf,2.660,mm,OK,--,9:19:12 AM,12/27/2024,
1248,47.2,gf,2.650,mm,OK,--,9:19:12 AM,12/27/2024,
1249,47.3,gf,2.645,mm,OK,--,9:19:12 AM,12/27/2024,
1250,47.2,gf,2.640,mm,OK,--,9:19:12 AM,12/27/2024,
1251,47.1,gf,2.630,mm,OK,--,9:19:12 AM,12/27/2024,
1252,47.1,gf,2.620,mm,OK,--,9:19:13 AM,12/27/2024,
1253,47.1,gf,2.610,mm,OK,--,9:19:13 AM,12/27/2024,
1254,47.1,gf,2.605,mm,OK,--,9:19:13 AM,12/27/2024,
1255,47.1,gf,2.595,mm,OK,--,9:19:13 AM,12/27/2024,
1256,47.0,gf,2.590,mm,OK,--,9:19:13 AM,12/27/2024,
1257,47.0,gf,2.580,mm,OK,--,9:19:13 AM,12/27/2024,
1258,47.0,gf,2.575,mm,OK,--,9:19:13 AM,12/27/2024,
1259,46.9,gf,2.575,mm,OK,--,9:19:13 AM,12/27/2024,
1260,46.9,gf,2.570,mm,OK,--,9:19:13 AM,12/27/2024,
1261,46.9,gf,2.565,mm,OK,--,9:19:13 AM,12/27/2024,
1262,47.0,gf,2.560,mm,OK,--,9:19:14 AM,12/27/2024,
1263,46.9,gf,2.555,mm,OK,--,9:19:14 AM,12/27/2024,
1264,46.9,gf,2.555,mm,OK,--,9:19:14 AM,12/27/2024,
1265,46.9,gf,2.550,mm,OK,--,9:19:14 AM,12/27/2024,
1266,46.8,gf,2.545,mm,OK,--,9:19:14 AM,12/27/2024,
1267,46.8,gf,2.540,mm,OK,--,9:19:14 AM,12/27/2024,
1268,46.7,gf,2.535,mm,OK,--,9:19:14 AM,12/27/2024,
1269,46.7,gf,2.530,mm,OK,--,9:19:14 AM,12/27/2024,
1270,46.7,gf,2.530,mm,OK,--,9:19:14 AM,12/27/2024,
1271,46.7,gf,2.525,mm,OK,--,9:19:14 AM,12/27/2024,
1272,46.7,gf,2.520,mm,OK,--,9:19:15 AM,12/27/2024,
1273,46.7,gf,2.520,mm,OK,--,9:19:15 AM,12/27/2024,
1274,46.7,gf,2.515,mm,OK,--,9:19:15 AM,12/27/2024,
1275,46.7,gf,2.510,mm,OK,--,9:19:15 AM,12/27/2024,
1276,46.7,gf,2.505,mm,OK,--,9:19:15 AM,12/27/2024,
1277,46.7,gf,2.500,mm,OK,--,9:19:15 AM,12/27/2024,
1278,46.7,gf,2.495,mm,OK,--,9:19:15 AM,12/27/2024,
1279,46.6,gf,2.485,mm,OK,--,9:19:15 AM,12/27/2024,
1280,46.4,gf,2.475,mm,OK,--,9:19:15 AM,12/27/2024,
1281,46.5,gf,2.465,mm,OK,--,9:19:15 AM,12/27/2024,
1282,46.5,gf,2.460,mm,OK,--,9:19:16 AM,12/27/2024,
1283,46.4,gf,2.450,mm,OK,--,9:19:16 AM,12/27/2024,
1284,46.4,gf,2.440,mm,OK,--,9:19:16 AM,12/27/2024,
1285,46.4,gf,2.430,mm,OK,--,9:19:16 AM,12/27/2024,
1286,46.4,gf,2.425,mm,OK,--,9:19:16 AM,12/27/2024,
1287,46.3,gf,2.415,mm,OK,--,9:19:16 AM,12/27/2024,
1288,46.3,gf,2.410,mm,OK,--,9:19:16 AM,12/27/2024,
1289,46.3,gf,2.400,mm,OK,--,9:19:16 AM,12/27/2024,
1290,46.2,gf,2.395,mm,OK,--,9:19:16 AM,12/27/2024,
1291,46.1,gf,2.390,mm,OK,--,9:19:16 AM,12/27/2024,
1292,46.2,gf,2.385,mm,OK,--,9:19:17 AM,12/27/2024,
1293,46.1,gf,2.385,mm,OK,--,9:19:17 AM,12/27/2024,
1294,46.0,gf,2.375,mm,OK,--,9:19:17 AM,12/27/2024,
1295,46.0,gf,2.370,mm,OK,--,9:19:17 AM,12/27/2024,
1296,46.0,gf,2.365,mm,OK,--,9:19:17 AM,12/27/2024,
1297,46.0,gf,2.360,mm,OK,--,9:19:17 AM,12/27/2024,
1298,46.1,gf,2.355,mm,OK,--,9:19:17 AM,12/27/2024,
1299,46.0,gf,2.355,mm,OK,--,9:19:17 AM,12/27/2024,
1300,45.9,gf,2.350,mm,OK,--,9:19:17 AM,12/27/2024,
1301,45.9,gf,2.345,mm,OK,--,9:19:17 AM,12/27/2024,
1302,45.9,gf,2.340,mm,OK,--,9:19:18 AM,12/27/2024,
1303,45.9,gf,2.340,mm,OK,--,9:19:18 AM,12/27/2024,
1304,45.9,gf,2.335,mm,OK,--,9:19:18 AM,12/27/2024,
1305,45.9,gf,2.330,mm,OK,--,9:19:18 AM,12/27/2024,
1306,45.9,gf,2.330,mm,OK,--,9:19:18 AM,12/27/2024,
1307,46.0,gf,2.325,mm,OK,--,9:19:18 AM,12/27/2024,
1308,45.9,gf,2.325,mm,OK,--,9:19:18 AM,12/27/2024,
1309,46.0,gf,2.320,mm,OK,--,9:19:18 AM,12/27/2024,
1310,46.0,gf,2.320,mm,OK,--,9:19:18 AM,12/27/2024,
1311,45.9,gf,2.320,mm,OK,--,9:19:18 AM,12/27/2024,
1312,45.9,gf,2.315,mm,OK,--,9:19:19 AM,12/27/2024,
1313,45.9,gf,2.310,mm,OK,--,9:19:19 AM,12/27/2024,
1314,45.9,gf,2.310,mm,OK,--,9:19:19 AM,12/27/2024,
1315,45.9,gf,2.305,mm,OK,--,9:19:19 AM,12/27/2024,
1316,45.9,gf,2.300,mm,OK,--,9:19:19 AM,12/27/2024,
1317,45.9,gf,2.295,mm,OK,--,9:19:19 AM,12/27/2024,
1318,45.8,gf,2.290,mm,OK,--,9:19:19 AM,12/27/2024,
1319,45.8,gf,2.285,mm,OK,--,9:19:19 AM,12/27/2024,
1320,45.8,gf,2.280,mm,OK,--,9:19:19 AM,12/27/2024,
1321,45.7,gf,2.280,mm,OK,--,9:19:19 AM,12/27/2024,
1322,45.7,gf,2.270,mm,OK,--,9:19:20 AM,12/27/2024,
1323,45.6,gf,2.260,mm,OK,--,9:19:20 AM,12/27/2024,
1324,45.6,gf,2.245,mm,OK,--,9:19:20 AM,12/27/2024,
1325,45.6,gf,2.235,mm,OK,--,9:19:20 AM,12/27/2024,
1326,45.5,gf,2.225,mm,OK,--,9:19:20 AM,12/27/2024,
1327,45.5,gf,2.215,mm,OK,--,9:19:20 AM,12/27/2024,
1328,45.4,gf,2.205,mm,OK,--,9:19:20 AM,12/27/2024,
1329,45.4,gf,2.195,mm,OK,--,9:19:20 AM,12/27/2024,
1330,45.4,gf,2.185,mm,OK,--,9:19:20 AM,12/27/2024,
1331,45.3,gf,2.175,mm,OK,--,9:19:20 AM,12/27/2024,
1332,45.3,gf,2.170,mm,OK,--,9:19:21 AM,12/27/2024,
1333,45.2,gf,2.160,mm,OK,--,9:19:21 AM,12/27/2024,
1334,45.1,gf,2.150,mm,OK,--,9:19:21 AM,12/27/2024,
1335,45.2,gf,2.145,mm,OK,--,9:19:21 AM,12/27/2024,
1336,45.2,gf,2.135,mm,OK,--,9:19:21 AM,12/27/2024,
1337,45.2,gf,2.130,mm,OK,--,9:19:21 AM,12/27/2024,
1338,45.1,gf,2.125,mm,OK,--,9:19:21 AM,12/27/2024,
1339,45.1,gf,2.120,mm,OK,--,9:19:21 AM,12/27/2024,
1340,45.1,gf,2.115,mm,OK,--,9:19:21 AM,12/27/2024,
1341,45.0,gf,2.110,mm,OK,--,9:19:21 AM,12/27/2024,
1342,45.0,gf,2.105,mm,OK,--,9:19:22 AM,12/27/2024,
1343,45.0,gf,2.095,mm,OK,--,9:19:22 AM,12/27/2024,
1344,45.0,gf,2.085,mm,OK,--,9:19:22 AM,12/27/2024,
1345,44.9,gf,2.070,mm,OK,--,9:19:22 AM,12/27/2024,
1346,44.8,gf,2.060,mm,OK,--,9:19:22 AM,12/27/2024,
1347,44.8,gf,2.050,mm,OK,--,9:19:22 AM,12/27/2024,
1348,44.7,gf,2.045,mm,OK,--,9:19:22 AM,12/27/2024,
1349,44.7,gf,2.035,mm,OK,--,9:19:22 AM,12/27/2024,
1350,44.7,gf,2.030,mm,OK,--,9:19:22 AM,12/27/2024,
1351,44.7,gf,2.030,mm,OK,--,9:19:22 AM,12/27/2024,
1352,44.7,gf,2.025,mm,OK,--,9:19:23 AM,12/27/2024,
1353,44.7,gf,2.020,mm,OK,--,9:19:23 AM,12/27/2024,
1354,44.7,gf,2.015,mm,OK,--,9:19:23 AM,12/27/2024,
1355,44.7,gf,2.010,mm,OK,--,9:19:23 AM,12/27/2024,
1356,44.6,gf,2.005,mm,OK,--,9:19:23 AM,12/27/2024,
1357,44.6,gf,2.000,mm,OK,--,9:19:23 AM,12/27/2024,
1358,44.5,gf,2.000,mm,OK,--,9:19:23 AM,12/27/2024,
1359,44.5,gf,1.995,mm,OK,--,9:19:23 AM,12/27/2024,
1360,44.5,gf,1.990,mm,OK,--,9:19:23 AM,12/27/2024,
1361,44.5,gf,1.990,mm,OK,--,9:19:23 AM,12/27/2024,
1362,44.5,gf,1.985,mm,OK,--,9:19:24 AM,12/27/2024,
1363,44.5,gf,1.985,mm,OK,--,9:19:24 AM,12/27/2024,
1364,44.4,gf,1.980,mm,OK,--,9:19:24 AM,12/27/2024,
1365,44.4,gf,1.980,mm,OK,--,9:19:24 AM,12/27/2024,
1366,44.4,gf,1.975,mm,OK,--,9:19:24 AM,12/27/2024,
1367,44.4,gf,1.970,mm,OK,--,9:19:24 AM,12/27/2024,
1368,44.4,gf,1.970,mm,OK,--,9:19:24 AM,12/27/2024,
1369,44.4,gf,1.965,mm,OK,--,9:19:24 AM,12/27/2024,
1370,44.4,gf,1.960,mm,OK,--,9:19:24 AM,12/27/2024,
1371,44.4,gf,1.955,mm,OK,--,9:19:24 AM,12/27/2024,
1372,44.4,gf,1.955,mm,OK,--,9:19:25 AM,12/27/2024,
1373,44.4,gf,1.950,mm,OK,--,9:19:25 AM,12/27/2024,
1374,44.3,gf,1.945,mm,OK,--,9:19:25 AM,12/27/2024,
1375,44.3,gf,1.935,mm,OK,--,9:19:25 AM,12/27/2024,
1376,44.2,gf,1.930,mm,OK,--,9:19:25 AM,12/27/2024,
1377,44.2,gf,1.920,mm,OK,--,9:19:25 AM,12/27/2024,
1378,44.1,gf,1.915,mm,OK,--,9:19:25 AM,12/27/2024,
1379,44.2,gf,1.905,mm,OK,--,9:19:25 AM,12/27/2024,
1380,44.1,gf,1.900,mm,OK,--,9:19:25 AM,12/27/2024,
1381,44.1,gf,1.895,mm,OK,--,9:19:25 AM,12/27/2024,
1382,44.1,gf,1.890,mm,OK,--,9:19:26 AM,12/27/2024,
1383,44.1,gf,1.885,mm,OK,--,9:19:26 AM,12/27/2024,
1384,44.1,gf,1.880,mm,OK,--,9:19:26 AM,12/27/2024,
1385,44.0,gf,1.875,mm,OK,--,9:19:26 AM,12/27/2024,
1386,44.0,gf,1.860,mm,OK,--,9:19:26 AM,12/27/2024,
1387,44.0,gf,1.850,mm,OK,--,9:19:26 AM,12/27/2024,
1388,43.9,gf,1.845,mm,OK,--,9:19:26 AM,12/27/2024,
1389,43.9,gf,1.840,mm,OK,--,9:19:26 AM,12/27/2024,
1390,43.9,gf,1.840,mm,OK,--,9:19:26 AM,12/27/2024,
1391,43.9,gf,1.835,mm,OK,--,9:19:26 AM,12/27/2024,
1392,43.8,gf,1.835,mm,OK,--,9:19:27 AM,12/27/2024,
1393,43.8,gf,1.835,mm,OK,--,9:19:27 AM,12/27/2024,
1394,43.8,gf,1.830,mm,OK,--,9:19:27 AM,12/27/2024,
1395,43.8,gf,1.830,mm,OK,--,9:19:27 AM,12/27/2024,
1396,43.8,gf,1.825,mm,OK,--,9:19:27 AM,12/27/2024,
1397,43.8,gf,1.820,mm,OK,--,9:19:27 AM,12/27/2024,
1398,43.7,gf,1.810,mm,OK,--,9:19:27 AM,12/27/2024,
1399,43.7,gf,1.805,mm,OK,--,9:19:27 AM,12/27/2024,
1400,43.7,gf,1.800,mm,OK,--,9:19:27 AM,12/27/2024,
1401,43.7,gf,1.795,mm,OK,--,9:19:27 AM,12/27/2024,
1402,43.7,gf,1.785,mm,OK,--,9:19:28 AM,12/27/2024,
1403,43.6,gf,1.780,mm,OK,--,9:19:28 AM,12/27/2024,
1404,43.5,gf,1.775,mm,OK,--,9:19:28 AM,12/27/2024,
1405,43.5,gf,1.765,mm,OK,--,9:19:28 AM,12/27/2024,
1406,43.4,gf,1.760,mm,OK,--,9:19:28 AM,12/27/2024,
1407,43.4,gf,1.755,mm,OK,--,9:19:28 AM,12/27/2024,
1408,43.3,gf,1.755,mm,OK,--,9:19:28 AM,12/27/2024,
1409,43.3,gf,1.755,mm,OK,--,9:19:28 AM,12/27/2024,
1410,43.3,gf,1.750,mm,OK,--,9:19:28 AM,12/27/2024,
1411,43.3,gf,1.750,mm,OK,--,9:19:28 AM,12/27/2024,
1412,43.2,gf,1.750,mm,OK,--,9:19:29 AM,12/27/2024,
1413,43.2,gf,1.745,mm,OK,--,9:19:29 AM,12/27/2024,
1414,43.1,gf,1.745,mm,OK,--,9:19:29 AM,12/27/2024,
1415,42.9,gf,1.740,mm,OK,--,9:19:29 AM,12/27/2024,
1416,42.2,gf,1.730,mm,OK,--,9:19:29 AM,12/27/2024,
1417,41.9,gf,1.725,mm,OK,--,9:19:29 AM,12/27/2024,
1418,41.8,gf,1.720,mm,OK,--,9:19:29 AM,12/27/2024,
1419,41.8,gf,1.715,mm,OK,--,9:19:29 AM,12/27/2024,
1420,41.7,gf,1.710,mm,OK,--,9:19:29 AM,12/27/2024,
1421,41.6,gf,1.705,mm,OK,--,9:19:29 AM,12/27/2024,
1422,41.6,gf,1.705,mm,OK,--,9:19:30 AM,12/27/2024,
1423,41.5,gf,1.700,mm,OK,--,9:19:30 AM,12/27/2024,
1424,41.5,gf,1.700,mm,OK,--,9:19:30 AM,12/27/2024,
1425,41.5,gf,1.695,mm,OK,--,9:19:30 AM,12/27/2024,
1426,41.5,gf,1.690,mm,OK,--,9:19:30 AM,12/27/2024,
1427,41.5,gf,1.685,mm,OK,--,9:19:30 AM,12/27/2024,
1428,41.3,gf,1.685,mm,OK,--,9:19:30 AM,12/27/2024,
1429,40.8,gf,1.680,mm,OK,--,9:19:30 AM,12/27/2024,
1430,39.7,gf,1.675,mm,OK,--,9:19:30 AM,12/27/2024,
1431,38.9,gf,1.670,mm,OK,--,9:19:30 AM,12/27/2024,
1432,38.0,gf,1.665,mm,OK,--,9:19:31 AM,12/27/2024,
1433,37.1,gf,1.655,mm,OK,--,9:19:31 AM,12/27/2024,
1434,36.5,gf,1.650,mm,OK,--,9:19:31 AM,12/27/2024,
1435,35.9,gf,1.650,mm,OK,--,9:19:31 AM,12/27/2024,
1436,35.4,gf,1.645,mm,OK,--,9:19:31 AM,12/27/2024,
1437,35.3,gf,1.640,mm,OK,--,9:19:31 AM,12/27/2024,
1438,35.3,gf,1.640,mm,OK,--,9:19:31 AM,12/27/2024,
1439,35.3,gf,1.635,mm,OK,--,9:19:31 AM,12/27/2024,
1440,35.0,gf,1.635,mm,OK,--,9:19:31 AM,12/27/2024,
1441,34.8,gf,1.630,mm,OK,--,9:19:31 AM,12/27/2024,
1442,34.5,gf,1.630,mm,OK,--,9:19:32 AM,12/27/2024,
1443,34.3,gf,1.625,mm,OK,--,9:19:32 AM,12/27/2024,
1444,34.1,gf,1.625,mm,OK,--,9:19:32 AM,12/27/2024,
1445,33.9,gf,1.620,mm,OK,--,9:19:32 AM,12/27/2024,
1446,33.6,gf,1.615,mm,OK,--,9:19:32 AM,12/27/2024,
1447,33.3,gf,1.615,mm,OK,--,9:19:32 AM,12/27/2024,
1448,33.3,gf,1.610,mm,OK,--,9:19:32 AM,12/27/2024,
1449,33.3,gf,1.600,mm,OK,--,9:19:32 AM,12/27/2024,
1450,33.2,gf,1.595,mm,OK,--,9:19:32 AM,12/27/2024,
1451,33.3,gf,1.590,mm,OK,--,9:19:32 AM,12/27/2024,
1452,33.4,gf,1.585,mm,OK,--,9:19:33 AM,12/27/2024,
1453,33.5,gf,1.580,mm,OK,--,9:19:33 AM,12/27/2024,
1454,33.5,gf,1.570,mm,OK,--,9:19:33 AM,12/27/2024,
1455,33.2,gf,1.565,mm,OK,--,9:19:33 AM,12/27/2024,
1456,32.8,gf,1.555,mm,OK,--,9:19:33 AM,12/27/2024,
1457,32.4,gf,1.550,mm,OK,--,9:19:33 AM,12/27/2024,
1458,32.4,gf,1.540,mm,OK,--,9:19:33 AM,12/27/2024,
1459,33.4,gf,1.535,mm,OK,--,9:19:33 AM,12/27/2024,
1460,33.4,gf,1.530,mm,OK,--,9:19:33 AM,12/27/2024,
1461,33.4,gf,1.525,mm,OK,--,9:19:33 AM,12/27/2024,
1462,33.3,gf,1.520,mm,OK,--,9:19:34 AM,12/27/2024,
1463,33.0,gf,1.515,mm,OK,--,9:19:34 AM,12/27/2024,
1464,32.9,gf,1.515,mm,OK,--,9:19:34 AM,12/27/2024,
1465,32.8,gf,1.510,mm,OK,--,9:19:34 AM,12/27/2024,
1466,32.6,gf,1.505,mm,OK,--,9:19:34 AM,12/27/2024,
1467,32.3,gf,1.500,mm,OK,--,9:19:34 AM,12/27/2024,
1468,32.0,gf,1.490,mm,OK,--,9:19:34 AM,12/27/2024,
1469,32.1,gf,1.490,mm,OK,--,9:19:34 AM,12/27/2024,
1470,32.1,gf,1.485,mm,OK,--,9:19:34 AM,12/27/2024,
1471,32.0,gf,1.480,mm,OK,--,9:19:34 AM,12/27/2024,
1472,31.8,gf,1.475,mm,OK,--,9:19:35 AM,12/27/2024,
1473,31.8,gf,1.470,mm,OK,--,9:19:35 AM,12/27/2024,
1474,31.8,gf,1.470,mm,OK,--,9:19:35 AM,12/27/2024,
1475,31.8,gf,1.465,mm,OK,--,9:19:35 AM,12/27/2024,
1476,31.7,gf,1.465,mm,OK,--,9:19:35 AM,12/27/2024,
1477,31.6,gf,1.460,mm,OK,--,9:19:35 AM,12/27/2024,
1478,31.6,gf,1.455,mm,OK,--,9:19:35 AM,12/27/2024,
1479,31.7,gf,1.450,mm,OK,--,9:19:35 AM,12/27/2024,
1480,31.7,gf,1.450,mm,OK,--,9:19:35 AM,12/27/2024,
1481,31.8,gf,1.445,mm,OK,--,9:19:35 AM,12/27/2024,
1482,31.8,gf,1.435,mm,OK,--,9:19:36 AM,12/27/2024,
1483,31.6,gf,1.430,mm,OK,--,9:19:36 AM,12/27/2024,
1484,31.4,gf,1.425,mm,OK,--,9:19:36 AM,12/27/2024,
1485,31.5,gf,1.415,mm,OK,--,9:19:36 AM,12/27/2024,
1486,31.6,gf,1.410,mm,OK,--,9:19:36 AM,12/27/2024,
1487,31.6,gf,1.405,mm,OK,--,9:19:36 AM,12/27/2024,
1488,31.3,gf,1.400,mm,OK,--,9:19:36 AM,12/27/2024,
1489,31.2,gf,1.395,mm,OK,--,9:19:36 AM,12/27/2024,
1490,31.2,gf,1.390,mm,OK,--,9:19:36 AM,12/27/2024,
1491,31.4,gf,1.385,mm,OK,--,9:19:36 AM,12/27/2024,
1492,31.3,gf,1.380,mm,OK,--,9:19:37 AM,12/27/2024,
1493,31.4,gf,1.380,mm,OK,--,9:19:37 AM,12/27/2024,
1494,31.2,gf,1.375,mm,OK,--,9:19:37 AM,12/27/2024,
1495,31.2,gf,1.370,mm,OK,--,9:19:37 AM,12/27/2024,
1496,31.2,gf,1.365,mm,OK,--,9:19:37 AM,12/27/2024,
1497,31.1,gf,1.365,mm,OK,--,9:19:37 AM,12/27/2024,
1498,31.0,gf,1.360,mm,OK,--,9:19:37 AM,12/27/2024,
1499,31.0,gf,1.355,mm,OK,--,9:19:37 AM,12/27/2024,
1500,30.7,gf,1.355,mm,OK,--,9:19:37 AM,12/27/2024,
1501,30.7,gf,1.350,mm,OK,--,9:19:37 AM,12/27/2024,
1502,30.7,gf,1.350,mm,OK,--,9:19:38 AM,12/27/2024,
1503,30.6,gf,1.345,mm,OK,--,9:19:38 AM,12/27/2024,
1504,30.7,gf,1.340,mm,OK,--,9:19:38 AM,12/27/2024,
1505,30.6,gf,1.335,mm,OK,--,9:19:38 AM,12/27/2024,
1506,30.7,gf,1.330,mm,OK,--,9:19:38 AM,12/27/2024,
1507,30.6,gf,1.325,mm,OK,--,9:19:38 AM,12/27/2024,
1508,30.5,gf,1.325,mm,OK,--,9:19:38 AM,12/27/2024,
1509,30.3,gf,1.320,mm,OK,--,9:19:38 AM,12/27/2024,
1510,30.2,gf,1.315,mm,OK,--,9:19:38 AM,12/27/2024,
1511,30.0,gf,1.315,mm,OK,--,9:19:38 AM,12/27/2024,
1512,29.9,gf,1.310,mm,OK,--,9:19:39 AM,12/27/2024,
1513,30.0,gf,1.300,mm,OK,--,9:19:39 AM,12/27/2024,
1514,30.2,gf,1.295,mm,OK,--,9:19:39 AM,12/27/2024,
1515,30.4,gf,1.290,mm,OK,--,9:19:39 AM,12/27/2024,
1516,30.3,gf,1.285,mm,OK,--,9:19:39 AM,12/27/2024,
1517,30.2,gf,1.275,mm,OK,--,9:19:39 AM,12/27/2024,
1518,30.1,gf,1.270,mm,OK,--,9:19:39 AM,12/27/2024,
1519,30.1,gf,1.260,mm,OK,--,9:19:39 AM,12/27/2024,
1520,30.1,gf,1.255,mm,OK,--,9:19:39 AM,12/27/2024,
1521,30.1,gf,1.250,mm,OK,--,9:19:39 AM,12/27/2024,
1522,30.1,gf,1.245,mm,OK,--,9:19:40 AM,12/27/2024,
1523,30.2,gf,1.245,mm,OK,--,9:19:40 AM,12/27/2024,
1524,30.1,gf,1.240,mm,OK,--,9:19:40 AM,12/27/2024,
1525,29.9,gf,1.230,mm,OK,--,9:19:40 AM,12/27/2024,
1526,29.5,gf,1.225,mm,OK,--,9:19:40 AM,12/27/2024,
1527,29.5,gf,1.215,mm,OK,--,9:19:40 AM,12/27/2024,
1528,30.2,gf,1.205,mm,OK,--,9:19:40 AM,12/27/2024,
1529,30.5,gf,1.195,mm,OK,--,9:19:40 AM,12/27/2024,
1530,30.2,gf,1.190,mm,OK,--,9:19:40 AM,12/27/2024,
1531,30.0,gf,1.185,mm,OK,--,9:19:40 AM,12/27/2024,
1532,30.1,gf,1.175,mm,OK,--,9:19:41 AM,12/27/2024,
1533,30.3,gf,1.165,mm,OK,--,9:19:41 AM,12/27/2024,
1534,30.3,gf,1.160,mm,OK,--,9:19:41 AM,12/27/2024,
1535,30.3,gf,1.155,mm,OK,--,9:19:41 AM,12/27/2024,
1536,30.2,gf,1.155,mm,OK,--,9:19:41 AM,12/27/2024,
1537,30.2,gf,1.150,mm,OK,--,9:19:41 AM,12/27/2024,
1538,29.9,gf,1.145,mm,OK,--,9:19:41 AM,12/27/2024,
1539,29.9,gf,1.140,mm,OK,--,9:19:41 AM,12/27/2024,
1540,29.7,gf,1.135,mm,OK,--,9:19:41 AM,12/27/2024,
1541,29.7,gf,1.130,mm,OK,--,9:19:41 AM,12/27/2024,
1542,29.5,gf,1.125,mm,OK,--,9:19:42 AM,12/27/2024,
1543,29.5,gf,1.120,mm,OK,--,9:19:42 AM,12/27/2024,
1544,29.8,gf,1.115,mm,OK,--,9:19:42 AM,12/27/2024,
1545,30.1,gf,1.105,mm,OK,--,9:19:42 AM,12/27/2024,
1546,30.3,gf,1.100,mm,OK,--,9:19:42 AM,12/27/2024,
1547,30.3,gf,1.090,mm,OK,--,9:19:42 AM,12/27/2024,
1548,30.2,gf,1.080,mm,OK,--,9:19:42 AM,12/27/2024,
1549,30.8,gf,1.070,mm,OK,--,9:19:42 AM,12/27/2024,
1550,31.3,gf,1.060,mm,OK,--,9:19:42 AM,12/27/2024,
1551,31.7,gf,1.050,mm,OK,--,9:19:42 AM,12/27/2024,
1552,31.9,gf,1.045,mm,OK,--,9:19:43 AM,12/27/2024,
1553,32.2,gf,1.035,mm,OK,--,9:19:43 AM,12/27/2024,
1554,33.0,gf,1.025,mm,OK,--,9:19:43 AM,12/27/2024,
1555,33.7,gf,1.015,mm,OK,--,9:19:43 AM,12/27/2024,
1556,34.0,gf,1.010,mm,OK,--,9:19:43 AM,12/27/2024,
1557,34.2,gf,1.005,mm,OK,--,9:19:43 AM,12/27/2024,
1558,34.3,gf,1.000,mm,OK,--,9:19:43 AM,12/27/2024,
1559,34.5,gf,0.995,mm,OK,--,9:19:43 AM,12/27/2024,
1560,34.8,gf,0.985,mm,OK,--,9:19:43 AM,12/27/2024,
1561,35.0,gf,0.980,mm,OK,--,9:19:43 AM,12/27/2024,
1562,35.2,gf,0.975,mm,OK,--,9:19:44 AM,12/27/2024,
1563,35.1,gf,0.975,mm,OK,--,9:19:44 AM,12/27/2024,
1564,35.2,gf,0.970,mm,OK,--,9:19:44 AM,12/27/2024,
1565,35.3,gf,0.965,mm,OK,--,9:19:44 AM,12/27/2024,
1566,35.3,gf,0.965,mm,OK,--,9:19:44 AM,12/27/2024,
1567,35.2,gf,0.965,mm,OK,--,9:19:44 AM,12/27/2024,
1568,35.2,gf,0.960,mm,OK,--,9:19:44 AM,12/27/2024,
1569,35.2,gf,0.955,mm,OK,--,9:19:44 AM,12/27/2024,
1570,35.2,gf,0.955,mm,OK,--,9:19:44 AM,12/27/2024,
1571,35.1,gf,0.950,mm,OK,--,9:19:44 AM,12/27/2024,
1572,35.0,gf,0.945,mm,OK,--,9:19:45 AM,12/27/2024,
1573,35.2,gf,0.940,mm,OK,--,9:19:45 AM,12/27/2024,
1574,35.3,gf,0.935,mm,OK,--,9:19:45 AM,12/27/2024,
1575,35.4,gf,0.930,mm,OK,--,9:19:45 AM,12/27/2024,
1576,35.3,gf,0.925,mm,OK,--,9:19:45 AM,12/27/2024,
1577,35.3,gf,0.925,mm,OK,--,9:19:45 AM,12/27/2024,
1578,35.4,gf,0.920,mm,OK,--,9:19:45 AM,12/27/2024,
1579,35.4,gf,0.915,mm,OK,--,9:19:45 AM,12/27/2024,
1580,35.4,gf,0.910,mm,OK,--,9:19:45 AM,12/27/2024,
1581,35.4,gf,0.910,mm,OK,--,9:19:45 AM,12/27/2024,
1582,35.4,gf,0.905,mm,OK,--,9:19:46 AM,12/27/2024,
1583,35.5,gf,0.900,mm,OK,--,9:19:46 AM,12/27/2024,
1584,35.5,gf,0.895,mm,OK,--,9:19:46 AM,12/27/2024,
1585,35.6,gf,0.895,mm,OK,--,9:19:46 AM,12/27/2024,
1586,35.6,gf,0.890,mm,OK,--,9:19:46 AM,12/27/2024,
1587,35.5,gf,0.890,mm,OK,--,9:19:46 AM,12/27/2024,
1588,35.5,gf,0.885,mm,OK,--,9:19:46 AM,12/27/2024,
1589,35.3,gf,0.875,mm,OK,--,9:19:46 AM,12/27/2024,
1590,35.5,gf,0.865,mm,OK,--,9:19:46 AM,12/27/2024,
1591,35.6,gf,0.860,mm,OK,--,9:19:46 AM,12/27/2024,
1592,35.5,gf,0.850,mm,OK,--,9:19:47 AM,12/27/2024,
1593,35.4,gf,0.845,mm,OK,--,9:19:47 AM,12/27/2024,
1594,35.3,gf,0.835,mm,OK,--,9:19:47 AM,12/27/2024,
1595,35.3,gf,0.825,mm,OK,--,9:19:47 AM,12/27/2024,
1596,35.5,gf,0.810,mm,OK,--,9:19:47 AM,12/27/2024,
1597,35.5,gf,0.800,mm,OK,--,9:19:47 AM,12/27/2024,
1598,35.3,gf,0.790,mm,OK,--,9:19:47 AM,12/27/2024,
1599,35.4,gf,0.780,mm,OK,--,9:19:47 AM,12/27/2024,
1600,35.5,gf,0.775,mm,OK,--,9:19:47 AM,12/27/2024,
1601,37.2,gf,0.765,mm,OK,--,9:19:47 AM,12/27/2024,
1602,36.8,gf,0.760,mm,OK,--,9:19:48 AM,12/27/2024,
1603,36.4,gf,0.755,mm,OK,--,9:19:48 AM,12/27/2024,
1604,36.1,gf,0.745,mm,OK,--,9:19:48 AM,12/27/2024,
1605,35.9,gf,0.740,mm,OK,--,9:19:48 AM,12/27/2024,
1606,35.8,gf,0.735,mm,OK,--,9:19:48 AM,12/27/2024,
1607,35.8,gf,0.730,mm,OK,--,9:19:48 AM,12/27/2024,
1608,35.8,gf,0.730,mm,OK,--,9:19:48 AM,12/27/2024,
1609,35.7,gf,0.725,mm,OK,--,9:19:48 AM,12/27/2024,
1610,35.7,gf,0.715,mm,OK,--,9:19:48 AM,12/27/2024,
1611,35.7,gf,0.715,mm,OK,--,9:19:48 AM,12/27/2024,
1612,35.7,gf,0.710,mm,OK,--,9:19:49 AM,12/27/2024,
1613,35.7,gf,0.705,mm,OK,--,9:19:49 AM,12/27/2024,
1614,35.7,gf,0.700,mm,OK,--,9:19:49 AM,12/27/2024,
1615,35.7,gf,0.695,mm,OK,--,9:19:49 AM,12/27/2024,
1616,35.7,gf,0.695,mm,OK,--,9:19:49 AM,12/27/2024,
1617,35.7,gf,0.690,mm,OK,--,9:19:49 AM,12/27/2024,
1618,35.6,gf,0.685,mm,OK,--,9:19:49 AM,12/27/2024,
1619,35.6,gf,0.685,mm,OK,--,9:19:49 AM,12/27/2024,
1620,35.5,gf,0.680,mm,OK,--,9:19:49 AM,12/27/2024,
1621,35.4,gf,0.675,mm,OK,--,9:19:49 AM,12/27/2024,
1622,35.5,gf,0.670,mm,OK,--,9:19:50 AM,12/27/2024,
1623,35.5,gf,0.665,mm,OK,--,9:19:50 AM,12/27/2024,
1624,35.5,gf,0.655,mm,OK,--,9:19:50 AM,12/27/2024,
1625,35.5,gf,0.650,mm,OK,--,9:19:50 AM,12/27/2024,
1626,35.3,gf,0.645,mm,OK,--,9:19:50 AM,12/27/2024,
1627,35.3,gf,0.635,mm,OK,--,9:19:50 AM,12/27/2024,
1628,35.2,gf,0.630,mm,OK,--,9:19:50 AM,12/27/2024,
1629,35.2,gf,0.625,mm,OK,--,9:19:50 AM,12/27/2024,
1630,35.3,gf,0.620,mm,OK,--,9:19:50 AM,12/27/2024,
1631,35.3,gf,0.615,mm,OK,--,9:19:50 AM,12/27/2024,
1632,35.1,gf,0.610,mm,OK,--,9:19:51 AM,12/27/2024,
1633,35.1,gf,0.605,mm,OK,--,9:19:51 AM,12/27/2024,
1634,35.1,gf,0.600,mm,OK,--,9:19:51 AM,12/27/2024,
1635,35.1,gf,0.595,mm,OK,--,9:19:51 AM,12/27/2024,
1636,35.0,gf,0.590,mm,OK,--,9:19:51 AM,12/27/2024,
1637,35.0,gf,0.585,mm,OK,--,9:19:51 AM,12/27/2024,
1638,34.9,gf,0.580,mm,OK,--,9:19:51 AM,12/27/2024,
1639,34.9,gf,0.575,mm,OK,--,9:19:51 AM,12/27/2024,
1640,35.1,gf,0.570,mm,OK,--,9:19:51 AM,12/27/2024,
1641,35.0,gf,0.565,mm,OK,--,9:19:51 AM,12/27/2024,
1642,35.0,gf,0.560,mm,OK,--,9:19:52 AM,12/27/2024,
1643,35.0,gf,0.555,mm,OK,--,9:19:52 AM,12/27/2024,
1644,34.9,gf,0.545,mm,OK,--,9:19:52 AM,12/27/2024,
1645,34.8,gf,0.545,mm,OK,--,9:19:52 AM,12/27/2024,
1646,34.8,gf,0.540,mm,OK,--,9:19:52 AM,12/27/2024,
1647,34.7,gf,0.540,mm,OK,--,9:19:52 AM,12/27/2024,
1648,34.7,gf,0.540,mm,OK,--,9:19:52 AM,12/27/2024,
1649,34.7,gf,0.535,mm,OK,--,9:19:52 AM,12/27/2024,
1650,34.6,gf,0.535,mm,OK,--,9:19:52 AM,12/27/2024,
1651,34.6,gf,0.530,mm,OK,--,9:19:52 AM,12/27/2024,
1652,34.6,gf,0.530,mm,OK,--,9:19:53 AM,12/27/2024,
1653,34.7,gf,0.525,mm,OK,--,9:19:53 AM,12/27/2024,
1654,34.7,gf,0.525,mm,OK,--,9:19:53 AM,12/27/2024,
1655,34.7,gf,0.525,mm,OK,--,9:19:53 AM,12/27/2024,
1656,34.7,gf,0.520,mm,OK,--,9:19:53 AM,12/27/2024,
1657,34.7,gf,0.520,mm,OK,--,9:19:53 AM,12/27/2024,
1658,34.7,gf,0.520,mm,OK,--,9:19:53 AM,12/27/2024,
1659,34.7,gf,0.515,mm,OK,--,9:19:53 AM,12/27/2024,
1660,34.7,gf,0.515,mm,OK,--,9:19:53 AM,12/27/2024,
1661,34.7,gf,0.510,mm,OK,--,9:19:53 AM,12/27/2024,
1662,34.7,gf,0.510,mm,OK,--,9:19:54 AM,12/27/2024,
1663,34.7,gf,0.505,mm,OK,--,9:19:54 AM,12/27/2024,
1664,34.7,gf,0.505,mm,OK,--,9:19:54 AM,12/27/2024,
1665,34.6,gf,0.500,mm,OK,--,9:19:54 AM,12/27/2024,
1666,34.6,gf,0.500,mm,OK,--,9:19:54 AM,12/27/2024,
1667,34.6,gf,0.495,mm,OK,--,9:19:54 AM,12/27/2024,
1668,34.6,gf,0.495,mm,OK,--,9:19:54 AM,12/27/2024,
1669,34.4,gf,0.490,mm,OK,--,9:19:54 AM,12/27/2024,
1670,34.4,gf,0.490,mm,OK,--,9:19:54 AM,12/27/2024,
1671,34.3,gf,0.485,mm,OK,--,9:19:54 AM,12/27/2024,
1672,34.3,gf,0.480,mm,OK,--,9:19:55 AM,12/27/2024,
1673,34.3,gf,0.475,mm,OK,--,9:19:55 AM,12/27/2024,
1674,34.2,gf,0.470,mm,OK,--,9:19:55 AM,12/27/2024,
1675,34.2,gf,0.465,mm,OK,--,9:19:55 AM,12/27/2024,
1676,34.1,gf,0.460,mm,OK,--,9:19:55 AM,12/27/2024,
1677,34.1,gf,0.455,mm,OK,--,9:19:55 AM,12/27/2024,
1678,34.4,gf,0.450,mm,OK,--,9:19:55 AM,12/27/2024,
1679,34.3,gf,0.445,mm,OK,--,9:19:55 AM,12/27/2024,
1680,34.2,gf,0.440,mm,OK,--,9:19:55 AM,12/27/2024,
1681,34.2,gf,0.440,mm,OK,--,9:19:55 AM,12/27/2024,
1682,34.0,gf,0.435,mm,OK,--,9:19:56 AM,12/27/2024,
1683,34.0,gf,0.430,mm,OK,--,9:19:56 AM,12/27/2024,
1684,34.0,gf,0.430,mm,OK,--,9:19:56 AM,12/27/2024,
1685,34.0,gf,0.425,mm,OK,--,9:19:56 AM,12/27/2024,
1686,33.9,gf,0.425,mm,OK,--,9:19:56 AM,12/27/2024,
1687,33.7,gf,0.420,mm,OK,--,9:19:56 AM,12/27/2024,
1688,33.7,gf,0.415,mm,OK,--,9:19:56 AM,12/27/2024,
1689,33.8,gf,0.415,mm,OK,--,9:19:56 AM,12/27/2024,
1690,33.8,gf,0.410,mm,OK,--,9:19:56 AM,12/27/2024,
1691,33.8,gf,0.405,mm,OK,--,9:19:56 AM,12/27/2024,
1692,33.8,gf,0.405,mm,OK,--,9:19:57 AM,12/27/2024,
1693,33.7,gf,0.400,mm,OK,--,9:19:57 AM,12/27/2024,
1694,33.7,gf,0.400,mm,OK,--,9:19:57 AM,12/27/2024,
1695,33.7,gf,0.395,mm,OK,--,9:19:57 AM,12/27/2024,
1696,33.7,gf,0.390,mm,OK,--,9:19:57 AM,12/27/2024,
1697,33.7,gf,0.390,mm,OK,--,9:19:57 AM,12/27/2024,
1698,33.7,gf,0.390,mm,OK,--,9:19:57 AM,12/27/2024,
1699,33.7,gf,0.385,mm,OK,--,9:19:57 AM,12/27/2024,
1700,33.7,gf,0.385,mm,OK,--,9:19:57 AM,12/27/2024,
1701,33.6,gf,0.380,mm,OK,--,9:19:57 AM,12/27/2024,
1702,33.7,gf,0.380,mm,OK,--,9:19:58 AM,12/27/2024,
1703,33.7,gf,0.380,mm,OK,--,9:19:58 AM,12/27/2024,
1704,33.7,gf,0.375,mm,OK,--,9:19:58 AM,12/27/2024,
1705,33.7,gf,0.375,mm,OK,--,9:19:58 AM,12/27/2024,
1706,33.6,gf,0.375,mm,OK,--,9:19:58 AM,12/27/2024,
1707,33.7,gf,0.370,mm,OK,--,9:19:58 AM,12/27/2024,
1708,33.7,gf,0.370,mm,OK,--,9:19:58 AM,12/27/2024,
1709,33.7,gf,0.370,mm,OK,--,9:19:58 AM,12/27/2024,
1710,33.6,gf,0.370,mm,OK,--,9:19:58 AM,12/27/2024,
1711,33.6,gf,0.365,mm,OK,--,9:19:58 AM,12/27/2024,
1712,33.6,gf,0.365,mm,OK,--,9:19:59 AM,12/27/2024,
1713,33.6,gf,0.360,mm,OK,--,9:19:59 AM,12/27/2024,
1714,33.6,gf,0.360,mm,OK,--,9:19:59 AM,12/27/2024,
1715,33.6,gf,0.360,mm,OK,--,9:19:59 AM,12/27/2024,
1716,33.6,gf,0.360,mm,OK,--,9:19:59 AM,12/27/2024,
1717,33.6,gf,0.355,mm,OK,--,9:19:59 AM,12/27/2024,
1718,33.5,gf,0.355,mm,OK,--,9:19:59 AM,12/27/2024,
1719,33.5,gf,0.355,mm,OK,--,9:19:59 AM,12/27/2024,
1720,33.5,gf,0.355,mm,OK,--,9:19:59 AM,12/27/2024,
1721,33.5,gf,0.350,mm,OK,--,9:19:59 AM,12/27/2024,
1722,33.5,gf,0.350,mm,OK,--,9:20:00 AM,12/27/2024,
1723,33.5,gf,0.345,mm,OK,--,9:20:00 AM,12/27/2024,
1724,33.5,gf,0.345,mm,OK,--,9:20:00 AM,12/27/2024,
1725,33.5,gf,0.340,mm,OK,--,9:20:00 AM,12/27/2024,
1726,33.5,gf,0.335,mm,OK,--,9:20:00 AM,12/27/2024,
1727,33.5,gf,0.335,mm,OK,--,9:20:00 AM,12/27/2024,
1728,33.5,gf,0.325,mm,OK,--,9:20:00 AM,12/27/2024,
1729,33.5,gf,0.320,mm,OK,--,9:20:00 AM,12/27/2024,
1730,33.6,gf,0.315,mm,OK,--,9:20:00 AM,12/27/2024,
1731,33.5,gf,0.315,mm,OK,--,9:20:00 AM,12/27/2024,
1732,33.4,gf,0.310,mm,OK,--,9:20:01 AM,12/27/2024,
1733,31.6,gf,0.305,mm,OK,--,9:20:01 AM,12/27/2024,
1734,29.8,gf,0.300,mm,OK,--,9:20:01 AM,12/27/2024,
1735,29.3,gf,0.295,mm,OK,--,9:20:01 AM,12/27/2024,
1736,28.8,gf,0.295,mm,OK,--,9:20:01 AM,12/27/2024,
1737,27.9,gf,0.290,mm,OK,--,9:20:01 AM,12/27/2024,
1738,27.5,gf,0.290,mm,OK,--,9:20:01 AM,12/27/2024,
1739,27.0,gf,0.285,mm,OK,--,9:20:01 AM,12/27/2024,
1740,26.5,gf,0.280,mm,OK,--,9:20:01 AM,12/27/2024,
1741,25.9,gf,0.275,mm,OK,--,9:20:01 AM,12/27/2024,
1742,25.2,gf,0.275,mm,OK,--,9:20:02 AM,12/27/2024,
1743,24.4,gf,0.270,mm,OK,--,9:20:02 AM,12/27/2024,
1744,23.9,gf,0.270,mm,OK,--,9:20:02 AM,12/27/2024,
1745,23.4,gf,0.265,mm,OK,--,9:20:02 AM,12/27/2024,
1746,22.7,gf,0.260,mm,OK,--,9:20:02 AM,12/27/2024,
1747,21.1,gf,0.255,mm,OK,--,9:20:02 AM,12/27/2024,
1748,18.7,gf,0.255,mm,OK,--,9:20:02 AM,12/27/2024,
1749,16.7,gf,0.250,mm,OK,--,9:20:02 AM,12/27/2024,
1750,14.9,gf,0.245,mm,OK,--,9:20:02 AM,12/27/2024,
1751,12.8,gf,0.245,mm,OK,--,9:20:02 AM,12/27/2024,
1752,10.7,gf,0.240,mm,OK,--,9:20:03 AM,12/27/2024,
1753,9.1,gf,0.235,mm,OK,--,9:20:03 AM,12/27/2024,
1754,5.9,gf,0.235,mm,OK,--,9:20:03 AM,12/27/2024,
1755,2.7,gf,0.230,mm,OK,--,9:20:03 AM,12/27/2024,
1756,-0.1,gf,0.225,mm,OK,--,9:20:03 AM,12/27/2024,
1757,0.0,gf,0.220,mm,OK,--,9:20:03 AM,12/27/2024,
1758,0.1,gf,0.215,mm,OK,--,9:20:03 AM,12/27/2024,
1759,0.0,gf,0.215,mm,OK,--,9:20:03 AM,12/27/2024,
1760,0.0,gf,0.210,mm,OK,--,9:20:03 AM,12/27/2024,
1761,-0.1,gf,0.205,mm,OK,--,9:20:03 AM,12/27/2024,
1762,0.0,gf,0.200,mm,OK,--,9:20:04 AM,12/27/2024,
1763,0.1,gf,0.195,mm,OK,--,9:20:04 AM,12/27/2024,
1764,0.0,gf,0.195,mm,OK,--,9:20:04 AM,12/27/2024,
1765,0.0,gf,0.190,mm,OK,--,9:20:04 AM,12/27/2024,
1766,0.0,gf,0.185,mm,OK,--,9:20:04 AM,12/27/2024,
1767,0.0,gf,0.185,mm,OK,--,9:20:04 AM,12/27/2024,
1768,0.0,gf,0.180,mm,OK,--,9:20:04 AM,12/27/2024,
1769,0.0,gf,0.175,mm,OK,--,9:20:04 AM,12/27/2024,
1770,0.1,gf,0.155,mm,OK,--,9:20:04 AM,12/27/2024,
1771,0.2,gf,0.125,mm,OK,--,9:20:04 AM,12/27/2024,
1772,0.1,gf,0.100,mm,OK,--,9:20:05 AM,12/27/2024,
1773,0.1,gf,0.080,mm,OK,--,9:20:05 AM,12/27/2024,
1774,0.0,gf,0.060,mm,OK,--,9:20:05 AM,12/27/2024,
1775,0.0,gf,0.040,mm,OK,--,9:20:05 AM,12/27/2024,
1776,0.0,gf,0.030,mm,OK,--,9:20:05 AM,12/27/2024,
1777,0.0,gf,0.015,mm,OK,--,9:20:05 AM,12/27/2024,
1778,0.0,gf,0.005,mm,OK,--,9:20:05 AM,12/27/2024,
1779,0.0,gf,-0.005,mm,OK,--,9:20:05 AM,12/27/2024,
1780,0.0,gf,-0.015,mm,OK,--,9:20:05 AM,12/27/2024,
1781,0.0,gf,-0.020,mm,OK,--,9:20:05 AM,12/27/2024,
1782,0.0,gf,-0.025,mm,OK,--,9:20:06 AM,12/27/2024,
1783,0.1,gf,-0.025,mm,OK,--,9:20:06 AM,12/27/2024,
1784,0.0,gf,-0.025,mm,OK,--,9:20:06 AM,12/27/2024,
1785,0.0,gf,-0.025,mm,OK,--,9:20:06 AM,12/27/2024,
1786,0.1,gf,-0.025,mm,OK,--,9:20:06 AM,12/27/2024,
1787,0.0,gf,-0.025,mm,OK,--,9:20:06 AM,12/27/2024,
1788,0.0,gf,-0.025,mm,OK,--,9:20:06 AM,12/27/2024,
1789,0.0,gf,-0.025,mm,OK,--,9:20:06 AM,12/27/2024,
1790,-0.3,gf,-0.025,mm,OK,--,9:20:06 AM,12/27/2024,
1791,0.0,gf,-0.025,mm,OK,--,9:20:06 AM,12/27/2024,
1792,0.1,gf,-0.020,mm,OK,--,9:20:07 AM,12/27/2024,
1793,0.1,gf,-0.020,mm,OK,--,9:20:07 AM,12/27/2024,
1794,0.0,gf,-0.020,mm,OK,--,9:20:07 AM,12/27/2024,
1795,0.0,gf,-0.020,mm,OK,--,9:20:07 AM,12/27/2024,
1796,0.0,gf,-0.020,mm,OK,--,9:20:07 AM,12/27/2024,
1797,0.0,gf,-0.020,mm,OK,--,9:20:07 AM,12/27/2024,
1798,0.0,gf,-0.020,mm,OK,--,9:20:07 AM,12/27/2024,
1799,0.1,gf,-0.020,mm,OK,--,9:20:07 AM,12/27/2024,
1800,0.0,gf,-0.020,mm,OK,--,9:20:07 AM,12/27/2024,
1801,0.0,gf,-0.020,mm,OK,--,9:20:07 AM,12/27/2024,
1802,0.1,gf,-0.020,mm,OK,--,9:20:08 AM,12/27/2024,
1803,0.0,gf,-0.020,mm,OK,--,9:20:08 AM,12/27/2024,
1804,0.0,gf,-0.020,mm,OK,--,9:20:08 AM,12/27/2024,
1805,0.0,gf,-0.020,mm,OK,--,9:20:08 AM,12/27/2024,
1806,0.0,gf,-0.020,mm,OK,--,9:20:08 AM,12/27/2024,
1807,0.0,gf,-0.020,mm,OK,--,9:20:08 AM,12/27/2024,
1808,0.1,gf,-0.020,mm,OK,--,9:20:08 AM,12/27/2024,
