Maximum,192.1,@,No.960,,,,,,
Minimum,-0.4,@,No.1768,,,,,,
Average,45.45,,,,,,,,
Data Quantity,1783,,,,,,,,
Number of NG,0,,,,,,,,
No.,Force,Unit,Displacement,Unit,Judge,Position,Time,Date,
1,0.0,gf,0.000,mm,OK,--,1:05:47 PM,7/3/2025,
2,0.0,gf,0.000,mm,OK,--,1:05:48 PM,7/3/2025,
3,0.0,gf,0.000,mm,OK,--,1:05:48 PM,7/3/2025,
4,0.0,gf,0.000,mm,OK,--,1:05:48 PM,7/3/2025,
5,0.0,gf,0.000,mm,OK,--,1:05:48 PM,7/3/2025,
6,0.0,gf,0.000,mm,OK,--,1:05:48 PM,7/3/2025,
7,0.0,gf,0.000,mm,OK,--,1:05:48 PM,7/3/2025,
8,-0.1,gf,0.000,mm,OK,--,1:05:48 PM,7/3/2025,
9,0.0,gf,0.000,mm,OK,--,1:05:48 PM,7/3/2025,
10,0.0,gf,0.000,mm,OK,--,1:05:48 PM,7/3/2025,
11,0.0,gf,0.000,mm,OK,--,1:05:48 PM,7/3/2025,
12,0.0,gf,0.000,mm,OK,--,1:05:49 PM,7/3/2025,
13,0.1,gf,0.000,mm,OK,--,1:05:49 PM,7/3/2025,
14,0.0,gf,0.000,mm,OK,--,1:05:49 PM,7/3/2025,
15,0.0,gf,0.000,mm,OK,--,1:05:49 PM,7/3/2025,
16,0.0,gf,0.000,mm,OK,--,1:05:49 PM,7/3/2025,
17,0.0,gf,0.000,mm,OK,--,1:05:49 PM,7/3/2025,
18,0.0,gf,0.000,mm,OK,--,1:05:49 PM,7/3/2025,
19,0.0,gf,0.000,mm,OK,--,1:05:49 PM,7/3/2025,
20,0.0,gf,0.000,mm,OK,--,1:05:49 PM,7/3/2025,
21,0.0,gf,0.000,mm,OK,--,1:05:49 PM,7/3/2025,
22,0.0,gf,0.000,mm,OK,--,1:05:50 PM,7/3/2025,
23,0.0,gf,0.000,mm,OK,--,1:05:50 PM,7/3/2025,
24,0.0,gf,0.000,mm,OK,--,1:05:50 PM,7/3/2025,
25,0.1,gf,0.000,mm,OK,--,1:05:50 PM,7/3/2025,
26,0.0,gf,0.000,mm,OK,--,1:05:50 PM,7/3/2025,
27,-0.1,gf,0.000,mm,OK,--,1:05:50 PM,7/3/2025,
28,0.0,gf,0.005,mm,OK,--,1:05:50 PM,7/3/2025,
29,0.1,gf,0.005,mm,OK,--,1:05:50 PM,7/3/2025,
30,0.0,gf,0.005,mm,OK,--,1:05:50 PM,7/3/2025,
31,0.0,gf,0.005,mm,OK,--,1:05:50 PM,7/3/2025,
32,0.0,gf,0.010,mm,OK,--,1:05:51 PM,7/3/2025,
33,0.0,gf,0.010,mm,OK,--,1:05:51 PM,7/3/2025,
34,0.0,gf,0.020,mm,OK,--,1:05:51 PM,7/3/2025,
35,0.0,gf,0.025,mm,OK,--,1:05:51 PM,7/3/2025,
36,0.1,gf,0.035,mm,OK,--,1:05:51 PM,7/3/2025,
37,0.0,gf,0.045,mm,OK,--,1:05:51 PM,7/3/2025,
38,0.0,gf,0.055,mm,OK,--,1:05:51 PM,7/3/2025,
39,0.0,gf,0.065,mm,OK,--,1:05:51 PM,7/3/2025,
40,0.0,gf,0.075,mm,OK,--,1:05:51 PM,7/3/2025,
41,0.0,gf,0.080,mm,OK,--,1:05:51 PM,7/3/2025,
42,0.0,gf,0.090,mm,OK,--,1:05:52 PM,7/3/2025,
43,0.0,gf,0.095,mm,OK,--,1:05:52 PM,7/3/2025,
44,-0.1,gf,0.100,mm,OK,--,1:05:52 PM,7/3/2025,
45,0.0,gf,0.105,mm,OK,--,1:05:52 PM,7/3/2025,
46,0.0,gf,0.110,mm,OK,--,1:05:52 PM,7/3/2025,
47,0.0,gf,0.115,mm,OK,--,1:05:52 PM,7/3/2025,
48,0.0,gf,0.120,mm,OK,--,1:05:52 PM,7/3/2025,
49,0.0,gf,0.120,mm,OK,--,1:05:52 PM,7/3/2025,
50,0.0,gf,0.125,mm,OK,--,1:05:52 PM,7/3/2025,
51,0.0,gf,0.130,mm,OK,--,1:05:52 PM,7/3/2025,
52,0.0,gf,0.135,mm,OK,--,1:05:53 PM,7/3/2025,
53,0.0,gf,0.140,mm,OK,--,1:05:53 PM,7/3/2025,
54,0.0,gf,0.145,mm,OK,--,1:05:53 PM,7/3/2025,
55,0.0,gf,0.150,mm,OK,--,1:05:53 PM,7/3/2025,
56,0.0,gf,0.155,mm,OK,--,1:05:53 PM,7/3/2025,
57,0.0,gf,0.155,mm,OK,--,1:05:53 PM,7/3/2025,
58,0.0,gf,0.160,mm,OK,--,1:05:53 PM,7/3/2025,
59,0.0,gf,0.165,mm,OK,--,1:05:53 PM,7/3/2025,
60,0.0,gf,0.170,mm,OK,--,1:05:53 PM,7/3/2025,
61,0.0,gf,0.175,mm,OK,--,1:05:53 PM,7/3/2025,
62,0.0,gf,0.180,mm,OK,--,1:05:54 PM,7/3/2025,
63,0.0,gf,0.185,mm,OK,--,1:05:54 PM,7/3/2025,
64,0.0,gf,0.190,mm,OK,--,1:05:54 PM,7/3/2025,
65,0.0,gf,0.195,mm,OK,--,1:05:54 PM,7/3/2025,
66,0.0,gf,0.200,mm,OK,--,1:05:54 PM,7/3/2025,
67,0.0,gf,0.205,mm,OK,--,1:05:54 PM,7/3/2025,
68,0.0,gf,0.210,mm,OK,--,1:05:54 PM,7/3/2025,
69,-0.1,gf,0.215,mm,OK,--,1:05:54 PM,7/3/2025,
70,0.0,gf,0.220,mm,OK,--,1:05:54 PM,7/3/2025,
71,0.0,gf,0.225,mm,OK,--,1:05:54 PM,7/3/2025,
72,0.5,gf,0.225,mm,OK,--,1:05:55 PM,7/3/2025,
73,3.0,gf,0.230,mm,OK,--,1:05:55 PM,7/3/2025,
74,7.8,gf,0.240,mm,OK,--,1:05:55 PM,7/3/2025,
75,10.7,gf,0.245,mm,OK,--,1:05:55 PM,7/3/2025,
76,13.8,gf,0.250,mm,OK,--,1:05:55 PM,7/3/2025,
77,18.4,gf,0.255,mm,OK,--,1:05:55 PM,7/3/2025,
78,21.0,gf,0.260,mm,OK,--,1:05:55 PM,7/3/2025,
79,23.8,gf,0.265,mm,OK,--,1:05:55 PM,7/3/2025,
80,26.6,gf,0.270,mm,OK,--,1:05:55 PM,7/3/2025,
81,27.7,gf,0.275,mm,OK,--,1:05:55 PM,7/3/2025,
82,28.3,gf,0.275,mm,OK,--,1:05:56 PM,7/3/2025,
83,28.9,gf,0.280,mm,OK,--,1:05:56 PM,7/3/2025,
84,29.1,gf,0.285,mm,OK,--,1:05:56 PM,7/3/2025,
85,29.2,gf,0.285,mm,OK,--,1:05:56 PM,7/3/2025,
86,29.2,gf,0.290,mm,OK,--,1:05:56 PM,7/3/2025,
87,29.2,gf,0.290,mm,OK,--,1:05:56 PM,7/3/2025,
88,29.2,gf,0.295,mm,OK,--,1:05:56 PM,7/3/2025,
89,29.2,gf,0.295,mm,OK,--,1:05:56 PM,7/3/2025,
90,29.2,gf,0.300,mm,OK,--,1:05:56 PM,7/3/2025,
91,29.2,gf,0.300,mm,OK,--,1:05:56 PM,7/3/2025,
92,29.2,gf,0.305,mm,OK,--,1:05:57 PM,7/3/2025,
93,29.2,gf,0.310,mm,OK,--,1:05:57 PM,7/3/2025,
94,29.2,gf,0.315,mm,OK,--,1:05:57 PM,7/3/2025,
95,29.3,gf,0.315,mm,OK,--,1:05:57 PM,7/3/2025,
96,29.3,gf,0.315,mm,OK,--,1:05:57 PM,7/3/2025,
97,29.3,gf,0.320,mm,OK,--,1:05:57 PM,7/3/2025,
98,29.3,gf,0.325,mm,OK,--,1:05:57 PM,7/3/2025,
99,29.3,gf,0.330,mm,OK,--,1:05:57 PM,7/3/2025,
100,30.0,gf,0.335,mm,OK,--,1:05:57 PM,7/3/2025,
101,30.4,gf,0.335,mm,OK,--,1:05:57 PM,7/3/2025,
102,30.7,gf,0.340,mm,OK,--,1:05:58 PM,7/3/2025,
103,31.9,gf,0.340,mm,OK,--,1:05:58 PM,7/3/2025,
104,32.7,gf,0.345,mm,OK,--,1:05:58 PM,7/3/2025,
105,32.6,gf,0.345,mm,OK,--,1:05:58 PM,7/3/2025,
106,32.6,gf,0.350,mm,OK,--,1:05:58 PM,7/3/2025,
107,32.6,gf,0.350,mm,OK,--,1:05:58 PM,7/3/2025,
108,32.6,gf,0.355,mm,OK,--,1:05:58 PM,7/3/2025,
109,32.6,gf,0.360,mm,OK,--,1:05:58 PM,7/3/2025,
110,32.6,gf,0.360,mm,OK,--,1:05:58 PM,7/3/2025,
111,32.6,gf,0.365,mm,OK,--,1:05:58 PM,7/3/2025,
112,32.6,gf,0.370,mm,OK,--,1:05:59 PM,7/3/2025,
113,32.7,gf,0.375,mm,OK,--,1:05:59 PM,7/3/2025,
114,32.7,gf,0.380,mm,OK,--,1:05:59 PM,7/3/2025,
115,32.7,gf,0.385,mm,OK,--,1:05:59 PM,7/3/2025,
116,32.7,gf,0.395,mm,OK,--,1:05:59 PM,7/3/2025,
117,32.8,gf,0.410,mm,OK,--,1:05:59 PM,7/3/2025,
118,32.7,gf,0.420,mm,OK,--,1:05:59 PM,7/3/2025,
119,32.8,gf,0.425,mm,OK,--,1:05:59 PM,7/3/2025,
120,32.8,gf,0.435,mm,OK,--,1:05:59 PM,7/3/2025,
121,32.8,gf,0.440,mm,OK,--,1:05:59 PM,7/3/2025,
122,32.8,gf,0.450,mm,OK,--,1:06:00 PM,7/3/2025,
123,32.9,gf,0.455,mm,OK,--,1:06:00 PM,7/3/2025,
124,32.9,gf,0.465,mm,OK,--,1:06:00 PM,7/3/2025,
125,32.9,gf,0.470,mm,OK,--,1:06:00 PM,7/3/2025,
126,33.0,gf,0.480,mm,OK,--,1:06:00 PM,7/3/2025,
127,32.9,gf,0.485,mm,OK,--,1:06:00 PM,7/3/2025,
128,32.9,gf,0.490,mm,OK,--,1:06:00 PM,7/3/2025,
129,33.0,gf,0.495,mm,OK,--,1:06:00 PM,7/3/2025,
130,33.0,gf,0.500,mm,OK,--,1:06:00 PM,7/3/2025,
131,33.0,gf,0.505,mm,OK,--,1:06:00 PM,7/3/2025,
132,33.0,gf,0.510,mm,OK,--,1:06:01 PM,7/3/2025,
133,33.0,gf,0.515,mm,OK,--,1:06:01 PM,7/3/2025,
134,33.1,gf,0.515,mm,OK,--,1:06:01 PM,7/3/2025,
135,33.1,gf,0.520,mm,OK,--,1:06:01 PM,7/3/2025,
136,33.0,gf,0.525,mm,OK,--,1:06:01 PM,7/3/2025,
137,33.1,gf,0.530,mm,OK,--,1:06:01 PM,7/3/2025,
138,33.1,gf,0.535,mm,OK,--,1:06:01 PM,7/3/2025,
139,33.1,gf,0.540,mm,OK,--,1:06:01 PM,7/3/2025,
140,33.2,gf,0.545,mm,OK,--,1:06:01 PM,7/3/2025,
141,33.2,gf,0.545,mm,OK,--,1:06:01 PM,7/3/2025,
142,33.2,gf,0.555,mm,OK,--,1:06:02 PM,7/3/2025,
143,33.2,gf,0.560,mm,OK,--,1:06:02 PM,7/3/2025,
144,33.2,gf,0.565,mm,OK,--,1:06:02 PM,7/3/2025,
145,33.2,gf,0.570,mm,OK,--,1:06:02 PM,7/3/2025,
146,33.2,gf,0.570,mm,OK,--,1:06:02 PM,7/3/2025,
147,33.2,gf,0.575,mm,OK,--,1:06:02 PM,7/3/2025,
148,33.2,gf,0.580,mm,OK,--,1:06:02 PM,7/3/2025,
149,33.2,gf,0.585,mm,OK,--,1:06:02 PM,7/3/2025,
150,33.3,gf,0.590,mm,OK,--,1:06:02 PM,7/3/2025,
151,33.3,gf,0.595,mm,OK,--,1:06:02 PM,7/3/2025,
152,33.3,gf,0.600,mm,OK,--,1:06:03 PM,7/3/2025,
153,33.3,gf,0.605,mm,OK,--,1:06:03 PM,7/3/2025,
154,33.3,gf,0.610,mm,OK,--,1:06:03 PM,7/3/2025,
155,33.3,gf,0.615,mm,OK,--,1:06:03 PM,7/3/2025,
156,33.4,gf,0.625,mm,OK,--,1:06:03 PM,7/3/2025,
157,33.4,gf,0.630,mm,OK,--,1:06:03 PM,7/3/2025,
158,33.4,gf,0.635,mm,OK,--,1:06:03 PM,7/3/2025,
159,33.4,gf,0.640,mm,OK,--,1:06:03 PM,7/3/2025,
160,33.4,gf,0.645,mm,OK,--,1:06:03 PM,7/3/2025,
161,33.5,gf,0.650,mm,OK,--,1:06:03 PM,7/3/2025,
162,33.5,gf,0.655,mm,OK,--,1:06:04 PM,7/3/2025,
163,33.5,gf,0.665,mm,OK,--,1:06:04 PM,7/3/2025,
164,33.5,gf,0.670,mm,OK,--,1:06:04 PM,7/3/2025,
165,33.5,gf,0.675,mm,OK,--,1:06:04 PM,7/3/2025,
166,33.5,gf,0.680,mm,OK,--,1:06:04 PM,7/3/2025,
167,33.5,gf,0.685,mm,OK,--,1:06:04 PM,7/3/2025,
168,33.6,gf,0.690,mm,OK,--,1:06:04 PM,7/3/2025,
169,33.6,gf,0.695,mm,OK,--,1:06:04 PM,7/3/2025,
170,33.6,gf,0.700,mm,OK,--,1:06:04 PM,7/3/2025,
171,33.6,gf,0.700,mm,OK,--,1:06:04 PM,7/3/2025,
172,33.6,gf,0.710,mm,OK,--,1:06:05 PM,7/3/2025,
173,33.6,gf,0.715,mm,OK,--,1:06:05 PM,7/3/2025,
174,33.7,gf,0.720,mm,OK,--,1:06:05 PM,7/3/2025,
175,33.6,gf,0.725,mm,OK,--,1:06:05 PM,7/3/2025,
176,33.7,gf,0.730,mm,OK,--,1:06:05 PM,7/3/2025,
177,33.7,gf,0.735,mm,OK,--,1:06:05 PM,7/3/2025,
178,33.7,gf,0.740,mm,OK,--,1:06:05 PM,7/3/2025,
179,33.7,gf,0.745,mm,OK,--,1:06:05 PM,7/3/2025,
180,33.8,gf,0.750,mm,OK,--,1:06:05 PM,7/3/2025,
181,33.8,gf,0.755,mm,OK,--,1:06:05 PM,7/3/2025,
182,33.8,gf,0.760,mm,OK,--,1:06:06 PM,7/3/2025,
183,33.8,gf,0.765,mm,OK,--,1:06:06 PM,7/3/2025,
184,33.8,gf,0.770,mm,OK,--,1:06:06 PM,7/3/2025,
185,33.8,gf,0.775,mm,OK,--,1:06:06 PM,7/3/2025,
186,33.8,gf,0.775,mm,OK,--,1:06:06 PM,7/3/2025,
187,33.8,gf,0.780,mm,OK,--,1:06:06 PM,7/3/2025,
188,33.8,gf,0.785,mm,OK,--,1:06:06 PM,7/3/2025,
189,33.8,gf,0.785,mm,OK,--,1:06:06 PM,7/3/2025,
190,33.8,gf,0.790,mm,OK,--,1:06:06 PM,7/3/2025,
191,33.8,gf,0.795,mm,OK,--,1:06:06 PM,7/3/2025,
192,33.9,gf,0.795,mm,OK,--,1:06:07 PM,7/3/2025,
193,33.9,gf,0.800,mm,OK,--,1:06:07 PM,7/3/2025,
194,33.9,gf,0.805,mm,OK,--,1:06:07 PM,7/3/2025,
195,33.9,gf,0.810,mm,OK,--,1:06:07 PM,7/3/2025,
196,33.9,gf,0.815,mm,OK,--,1:06:07 PM,7/3/2025,
197,33.9,gf,0.820,mm,OK,--,1:06:07 PM,7/3/2025,
198,33.9,gf,0.825,mm,OK,--,1:06:07 PM,7/3/2025,
199,33.9,gf,0.825,mm,OK,--,1:06:07 PM,7/3/2025,
200,34.0,gf,0.830,mm,OK,--,1:06:07 PM,7/3/2025,
201,34.0,gf,0.835,mm,OK,--,1:06:07 PM,7/3/2025,
202,34.0,gf,0.840,mm,OK,--,1:06:08 PM,7/3/2025,
203,34.0,gf,0.845,mm,OK,--,1:06:08 PM,7/3/2025,
204,34.1,gf,0.855,mm,OK,--,1:06:08 PM,7/3/2025,
205,34.1,gf,0.860,mm,OK,--,1:06:08 PM,7/3/2025,
206,34.1,gf,0.865,mm,OK,--,1:06:08 PM,7/3/2025,
207,34.1,gf,0.870,mm,OK,--,1:06:08 PM,7/3/2025,
208,34.1,gf,0.875,mm,OK,--,1:06:08 PM,7/3/2025,
209,34.1,gf,0.880,mm,OK,--,1:06:08 PM,7/3/2025,
210,34.1,gf,0.885,mm,OK,--,1:06:08 PM,7/3/2025,
211,34.1,gf,0.885,mm,OK,--,1:06:08 PM,7/3/2025,
212,34.1,gf,0.890,mm,OK,--,1:06:09 PM,7/3/2025,
213,34.1,gf,0.895,mm,OK,--,1:06:09 PM,7/3/2025,
214,34.2,gf,0.900,mm,OK,--,1:06:09 PM,7/3/2025,
215,34.2,gf,0.905,mm,OK,--,1:06:09 PM,7/3/2025,
216,34.2,gf,0.910,mm,OK,--,1:06:09 PM,7/3/2025,
217,34.2,gf,0.915,mm,OK,--,1:06:09 PM,7/3/2025,
218,34.2,gf,0.920,mm,OK,--,1:06:09 PM,7/3/2025,
219,34.2,gf,0.920,mm,OK,--,1:06:09 PM,7/3/2025,
220,34.2,gf,0.925,mm,OK,--,1:06:09 PM,7/3/2025,
221,34.3,gf,0.930,mm,OK,--,1:06:09 PM,7/3/2025,
222,34.3,gf,0.930,mm,OK,--,1:06:10 PM,7/3/2025,
223,34.3,gf,0.935,mm,OK,--,1:06:10 PM,7/3/2025,
224,34.2,gf,0.940,mm,OK,--,1:06:10 PM,7/3/2025,
225,34.3,gf,0.940,mm,OK,--,1:06:10 PM,7/3/2025,
226,34.3,gf,0.945,mm,OK,--,1:06:10 PM,7/3/2025,
227,34.3,gf,0.950,mm,OK,--,1:06:10 PM,7/3/2025,
228,34.3,gf,0.950,mm,OK,--,1:06:10 PM,7/3/2025,
229,34.3,gf,0.955,mm,OK,--,1:06:10 PM,7/3/2025,
230,34.3,gf,0.960,mm,OK,--,1:06:10 PM,7/3/2025,
231,34.3,gf,0.960,mm,OK,--,1:06:10 PM,7/3/2025,
232,34.3,gf,0.960,mm,OK,--,1:06:11 PM,7/3/2025,
233,34.4,gf,0.960,mm,OK,--,1:06:11 PM,7/3/2025,
234,34.4,gf,0.960,mm,OK,--,1:06:11 PM,7/3/2025,
235,34.4,gf,0.965,mm,OK,--,1:06:11 PM,7/3/2025,
236,34.3,gf,0.965,mm,OK,--,1:06:11 PM,7/3/2025,
237,34.3,gf,0.965,mm,OK,--,1:06:11 PM,7/3/2025,
238,34.4,gf,0.965,mm,OK,--,1:06:11 PM,7/3/2025,
239,34.4,gf,0.965,mm,OK,--,1:06:11 PM,7/3/2025,
240,34.4,gf,0.970,mm,OK,--,1:06:11 PM,7/3/2025,
241,34.4,gf,0.970,mm,OK,--,1:06:11 PM,7/3/2025,
242,34.3,gf,0.970,mm,OK,--,1:06:12 PM,7/3/2025,
243,34.4,gf,0.975,mm,OK,--,1:06:12 PM,7/3/2025,
244,34.4,gf,0.975,mm,OK,--,1:06:12 PM,7/3/2025,
245,34.4,gf,0.975,mm,OK,--,1:06:12 PM,7/3/2025,
246,34.4,gf,0.975,mm,OK,--,1:06:12 PM,7/3/2025,
247,34.4,gf,0.975,mm,OK,--,1:06:12 PM,7/3/2025,
248,34.4,gf,0.980,mm,OK,--,1:06:12 PM,7/3/2025,
249,34.4,gf,0.980,mm,OK,--,1:06:12 PM,7/3/2025,
250,34.4,gf,0.985,mm,OK,--,1:06:12 PM,7/3/2025,
251,34.4,gf,0.990,mm,OK,--,1:06:12 PM,7/3/2025,
252,34.4,gf,0.990,mm,OK,--,1:06:13 PM,7/3/2025,
253,34.4,gf,0.990,mm,OK,--,1:06:13 PM,7/3/2025,
254,34.4,gf,0.995,mm,OK,--,1:06:13 PM,7/3/2025,
255,34.4,gf,1.000,mm,OK,--,1:06:13 PM,7/3/2025,
256,34.4,gf,1.005,mm,OK,--,1:06:13 PM,7/3/2025,
257,34.5,gf,1.010,mm,OK,--,1:06:13 PM,7/3/2025,
258,34.5,gf,1.020,mm,OK,--,1:06:13 PM,7/3/2025,
259,34.6,gf,1.030,mm,OK,--,1:06:13 PM,7/3/2025,
260,34.6,gf,1.040,mm,OK,--,1:06:13 PM,7/3/2025,
261,34.6,gf,1.040,mm,OK,--,1:06:13 PM,7/3/2025,
262,34.6,gf,1.050,mm,OK,--,1:06:14 PM,7/3/2025,
263,34.6,gf,1.055,mm,OK,--,1:06:14 PM,7/3/2025,
264,34.6,gf,1.060,mm,OK,--,1:06:14 PM,7/3/2025,
265,34.6,gf,1.060,mm,OK,--,1:06:14 PM,7/3/2025,
266,34.6,gf,1.065,mm,OK,--,1:06:14 PM,7/3/2025,
267,34.7,gf,1.075,mm,OK,--,1:06:14 PM,7/3/2025,
268,34.7,gf,1.080,mm,OK,--,1:06:14 PM,7/3/2025,
269,34.7,gf,1.085,mm,OK,--,1:06:14 PM,7/3/2025,
270,34.7,gf,1.090,mm,OK,--,1:06:14 PM,7/3/2025,
271,34.7,gf,1.095,mm,OK,--,1:06:14 PM,7/3/2025,
272,34.8,gf,1.100,mm,OK,--,1:06:15 PM,7/3/2025,
273,34.8,gf,1.105,mm,OK,--,1:06:15 PM,7/3/2025,
274,34.8,gf,1.115,mm,OK,--,1:06:15 PM,7/3/2025,
275,34.8,gf,1.120,mm,OK,--,1:06:15 PM,7/3/2025,
276,34.9,gf,1.130,mm,OK,--,1:06:15 PM,7/3/2025,
277,34.9,gf,1.140,mm,OK,--,1:06:15 PM,7/3/2025,
278,34.9,gf,1.145,mm,OK,--,1:06:15 PM,7/3/2025,
279,35.0,gf,1.155,mm,OK,--,1:06:15 PM,7/3/2025,
280,35.0,gf,1.165,mm,OK,--,1:06:15 PM,7/3/2025,
281,35.0,gf,1.170,mm,OK,--,1:06:15 PM,7/3/2025,
282,35.0,gf,1.180,mm,OK,--,1:06:16 PM,7/3/2025,
283,35.0,gf,1.190,mm,OK,--,1:06:16 PM,7/3/2025,
284,35.0,gf,1.195,mm,OK,--,1:06:16 PM,7/3/2025,
285,35.1,gf,1.200,mm,OK,--,1:06:16 PM,7/3/2025,
286,35.1,gf,1.210,mm,OK,--,1:06:16 PM,7/3/2025,
287,35.1,gf,1.215,mm,OK,--,1:06:16 PM,7/3/2025,
288,35.1,gf,1.215,mm,OK,--,1:06:16 PM,7/3/2025,
289,35.1,gf,1.220,mm,OK,--,1:06:16 PM,7/3/2025,
290,35.1,gf,1.225,mm,OK,--,1:06:16 PM,7/3/2025,
291,35.1,gf,1.230,mm,OK,--,1:06:16 PM,7/3/2025,
292,35.2,gf,1.230,mm,OK,--,1:06:17 PM,7/3/2025,
293,35.2,gf,1.235,mm,OK,--,1:06:17 PM,7/3/2025,
294,35.2,gf,1.240,mm,OK,--,1:06:17 PM,7/3/2025,
295,35.2,gf,1.240,mm,OK,--,1:06:17 PM,7/3/2025,
296,35.2,gf,1.245,mm,OK,--,1:06:17 PM,7/3/2025,
297,35.2,gf,1.245,mm,OK,--,1:06:17 PM,7/3/2025,
298,35.2,gf,1.250,mm,OK,--,1:06:17 PM,7/3/2025,
299,35.2,gf,1.255,mm,OK,--,1:06:17 PM,7/3/2025,
300,35.3,gf,1.255,mm,OK,--,1:06:17 PM,7/3/2025,
301,35.3,gf,1.260,mm,OK,--,1:06:17 PM,7/3/2025,
302,35.3,gf,1.265,mm,OK,--,1:06:18 PM,7/3/2025,
303,35.3,gf,1.270,mm,OK,--,1:06:18 PM,7/3/2025,
304,35.3,gf,1.270,mm,OK,--,1:06:18 PM,7/3/2025,
305,35.3,gf,1.275,mm,OK,--,1:06:18 PM,7/3/2025,
306,35.3,gf,1.280,mm,OK,--,1:06:18 PM,7/3/2025,
307,35.3,gf,1.280,mm,OK,--,1:06:18 PM,7/3/2025,
308,35.3,gf,1.285,mm,OK,--,1:06:18 PM,7/3/2025,
309,35.3,gf,1.290,mm,OK,--,1:06:18 PM,7/3/2025,
310,35.3,gf,1.290,mm,OK,--,1:06:18 PM,7/3/2025,
311,35.3,gf,1.295,mm,OK,--,1:06:18 PM,7/3/2025,
312,35.3,gf,1.295,mm,OK,--,1:06:19 PM,7/3/2025,
313,35.3,gf,1.300,mm,OK,--,1:06:19 PM,7/3/2025,
314,35.4,gf,1.300,mm,OK,--,1:06:19 PM,7/3/2025,
315,35.4,gf,1.305,mm,OK,--,1:06:19 PM,7/3/2025,
316,35.4,gf,1.310,mm,OK,--,1:06:19 PM,7/3/2025,
317,35.4,gf,1.310,mm,OK,--,1:06:19 PM,7/3/2025,
318,35.4,gf,1.315,mm,OK,--,1:06:19 PM,7/3/2025,
319,35.4,gf,1.320,mm,OK,--,1:06:19 PM,7/3/2025,
320,35.4,gf,1.320,mm,OK,--,1:06:19 PM,7/3/2025,
321,35.4,gf,1.325,mm,OK,--,1:06:19 PM,7/3/2025,
322,35.4,gf,1.330,mm,OK,--,1:06:20 PM,7/3/2025,
323,35.5,gf,1.335,mm,OK,--,1:06:20 PM,7/3/2025,
324,35.5,gf,1.340,mm,OK,--,1:06:20 PM,7/3/2025,
325,35.5,gf,1.340,mm,OK,--,1:06:20 PM,7/3/2025,
326,35.5,gf,1.345,mm,OK,--,1:06:20 PM,7/3/2025,
327,35.5,gf,1.350,mm,OK,--,1:06:20 PM,7/3/2025,
328,35.5,gf,1.355,mm,OK,--,1:06:20 PM,7/3/2025,
329,35.5,gf,1.360,mm,OK,--,1:06:20 PM,7/3/2025,
330,35.5,gf,1.365,mm,OK,--,1:06:20 PM,7/3/2025,
331,35.6,gf,1.370,mm,OK,--,1:06:20 PM,7/3/2025,
332,35.6,gf,1.370,mm,OK,--,1:06:21 PM,7/3/2025,
333,35.6,gf,1.375,mm,OK,--,1:06:21 PM,7/3/2025,
334,35.6,gf,1.380,mm,OK,--,1:06:21 PM,7/3/2025,
335,35.6,gf,1.385,mm,OK,--,1:06:21 PM,7/3/2025,
336,35.6,gf,1.390,mm,OK,--,1:06:21 PM,7/3/2025,
337,35.7,gf,1.395,mm,OK,--,1:06:21 PM,7/3/2025,
338,35.7,gf,1.400,mm,OK,--,1:06:21 PM,7/3/2025,
339,35.7,gf,1.405,mm,OK,--,1:06:21 PM,7/3/2025,
340,35.7,gf,1.410,mm,OK,--,1:06:21 PM,7/3/2025,
341,35.7,gf,1.415,mm,OK,--,1:06:21 PM,7/3/2025,
342,35.7,gf,1.420,mm,OK,--,1:06:22 PM,7/3/2025,
343,35.7,gf,1.425,mm,OK,--,1:06:22 PM,7/3/2025,
344,35.7,gf,1.430,mm,OK,--,1:06:22 PM,7/3/2025,
345,35.8,gf,1.430,mm,OK,--,1:06:22 PM,7/3/2025,
346,35.8,gf,1.435,mm,OK,--,1:06:22 PM,7/3/2025,
347,35.8,gf,1.440,mm,OK,--,1:06:22 PM,7/3/2025,
348,35.8,gf,1.445,mm,OK,--,1:06:22 PM,7/3/2025,
349,35.8,gf,1.450,mm,OK,--,1:06:22 PM,7/3/2025,
350,35.8,gf,1.455,mm,OK,--,1:06:22 PM,7/3/2025,
351,35.9,gf,1.460,mm,OK,--,1:06:22 PM,7/3/2025,
352,35.9,gf,1.465,mm,OK,--,1:06:23 PM,7/3/2025,
353,35.9,gf,1.470,mm,OK,--,1:06:23 PM,7/3/2025,
354,35.9,gf,1.475,mm,OK,--,1:06:23 PM,7/3/2025,
355,35.9,gf,1.480,mm,OK,--,1:06:23 PM,7/3/2025,
356,35.9,gf,1.485,mm,OK,--,1:06:23 PM,7/3/2025,
357,35.9,gf,1.490,mm,OK,--,1:06:23 PM,7/3/2025,
358,35.9,gf,1.495,mm,OK,--,1:06:23 PM,7/3/2025,
359,36.0,gf,1.500,mm,OK,--,1:06:23 PM,7/3/2025,
360,36.0,gf,1.510,mm,OK,--,1:06:23 PM,7/3/2025,
361,36.0,gf,1.515,mm,OK,--,1:06:23 PM,7/3/2025,
362,36.0,gf,1.515,mm,OK,--,1:06:24 PM,7/3/2025,
363,36.0,gf,1.520,mm,OK,--,1:06:24 PM,7/3/2025,
364,36.0,gf,1.525,mm,OK,--,1:06:24 PM,7/3/2025,
365,36.0,gf,1.525,mm,OK,--,1:06:24 PM,7/3/2025,
366,36.0,gf,1.530,mm,OK,--,1:06:24 PM,7/3/2025,
367,36.1,gf,1.530,mm,OK,--,1:06:24 PM,7/3/2025,
368,36.1,gf,1.535,mm,OK,--,1:06:24 PM,7/3/2025,
369,36.1,gf,1.540,mm,OK,--,1:06:24 PM,7/3/2025,
370,36.1,gf,1.545,mm,OK,--,1:06:24 PM,7/3/2025,
371,36.1,gf,1.550,mm,OK,--,1:06:24 PM,7/3/2025,
372,36.1,gf,1.555,mm,OK,--,1:06:25 PM,7/3/2025,
373,36.1,gf,1.560,mm,OK,--,1:06:25 PM,7/3/2025,
374,36.1,gf,1.560,mm,OK,--,1:06:25 PM,7/3/2025,
375,36.1,gf,1.565,mm,OK,--,1:06:25 PM,7/3/2025,
376,36.2,gf,1.575,mm,OK,--,1:06:25 PM,7/3/2025,
377,36.2,gf,1.580,mm,OK,--,1:06:25 PM,7/3/2025,
378,36.2,gf,1.590,mm,OK,--,1:06:25 PM,7/3/2025,
379,36.2,gf,1.595,mm,OK,--,1:06:25 PM,7/3/2025,
380,36.2,gf,1.600,mm,OK,--,1:06:25 PM,7/3/2025,
381,36.3,gf,1.605,mm,OK,--,1:06:25 PM,7/3/2025,
382,36.3,gf,1.605,mm,OK,--,1:06:26 PM,7/3/2025,
383,36.3,gf,1.610,mm,OK,--,1:06:26 PM,7/3/2025,
384,36.3,gf,1.615,mm,OK,--,1:06:26 PM,7/3/2025,
385,36.3,gf,1.620,mm,OK,--,1:06:26 PM,7/3/2025,
386,36.4,gf,1.625,mm,OK,--,1:06:26 PM,7/3/2025,
387,36.4,gf,1.625,mm,OK,--,1:06:26 PM,7/3/2025,
388,36.4,gf,1.630,mm,OK,--,1:06:26 PM,7/3/2025,
389,36.4,gf,1.635,mm,OK,--,1:06:26 PM,7/3/2025,
390,36.5,gf,1.640,mm,OK,--,1:06:26 PM,7/3/2025,
391,36.4,gf,1.645,mm,OK,--,1:06:26 PM,7/3/2025,
392,36.5,gf,1.650,mm,OK,--,1:06:27 PM,7/3/2025,
393,36.5,gf,1.650,mm,OK,--,1:06:27 PM,7/3/2025,
394,36.4,gf,1.655,mm,OK,--,1:06:27 PM,7/3/2025,
395,36.5,gf,1.655,mm,OK,--,1:06:27 PM,7/3/2025,
396,36.5,gf,1.660,mm,OK,--,1:06:27 PM,7/3/2025,
397,36.5,gf,1.665,mm,OK,--,1:06:27 PM,7/3/2025,
398,36.5,gf,1.665,mm,OK,--,1:06:27 PM,7/3/2025,
399,36.5,gf,1.670,mm,OK,--,1:06:27 PM,7/3/2025,
400,36.5,gf,1.675,mm,OK,--,1:06:27 PM,7/3/2025,
401,36.5,gf,1.675,mm,OK,--,1:06:27 PM,7/3/2025,
402,36.6,gf,1.680,mm,OK,--,1:06:28 PM,7/3/2025,
403,36.6,gf,1.685,mm,OK,--,1:06:28 PM,7/3/2025,
404,36.6,gf,1.690,mm,OK,--,1:06:28 PM,7/3/2025,
405,36.6,gf,1.695,mm,OK,--,1:06:28 PM,7/3/2025,
406,36.6,gf,1.700,mm,OK,--,1:06:28 PM,7/3/2025,
407,36.6,gf,1.705,mm,OK,--,1:06:28 PM,7/3/2025,
408,36.7,gf,1.710,mm,OK,--,1:06:28 PM,7/3/2025,
409,36.6,gf,1.715,mm,OK,--,1:06:28 PM,7/3/2025,
410,36.7,gf,1.720,mm,OK,--,1:06:28 PM,7/3/2025,
411,36.7,gf,1.725,mm,OK,--,1:06:28 PM,7/3/2025,
412,36.7,gf,1.730,mm,OK,--,1:06:29 PM,7/3/2025,
413,36.7,gf,1.735,mm,OK,--,1:06:29 PM,7/3/2025,
414,36.7,gf,1.740,mm,OK,--,1:06:29 PM,7/3/2025,
415,36.7,gf,1.745,mm,OK,--,1:06:29 PM,7/3/2025,
416,36.7,gf,1.745,mm,OK,--,1:06:29 PM,7/3/2025,
417,36.8,gf,1.750,mm,OK,--,1:06:29 PM,7/3/2025,
418,36.8,gf,1.755,mm,OK,--,1:06:29 PM,7/3/2025,
419,36.8,gf,1.760,mm,OK,--,1:06:29 PM,7/3/2025,
420,36.8,gf,1.765,mm,OK,--,1:06:29 PM,7/3/2025,
421,36.8,gf,1.770,mm,OK,--,1:06:29 PM,7/3/2025,
422,36.8,gf,1.770,mm,OK,--,1:06:30 PM,7/3/2025,
423,36.8,gf,1.775,mm,OK,--,1:06:30 PM,7/3/2025,
424,36.9,gf,1.780,mm,OK,--,1:06:30 PM,7/3/2025,
425,36.9,gf,1.785,mm,OK,--,1:06:30 PM,7/3/2025,
426,36.9,gf,1.785,mm,OK,--,1:06:30 PM,7/3/2025,
427,36.9,gf,1.790,mm,OK,--,1:06:30 PM,7/3/2025,
428,36.9,gf,1.795,mm,OK,--,1:06:30 PM,7/3/2025,
429,36.9,gf,1.795,mm,OK,--,1:06:30 PM,7/3/2025,
430,36.9,gf,1.800,mm,OK,--,1:06:30 PM,7/3/2025,
431,36.9,gf,1.800,mm,OK,--,1:06:30 PM,7/3/2025,
432,36.9,gf,1.800,mm,OK,--,1:06:31 PM,7/3/2025,
433,36.9,gf,1.805,mm,OK,--,1:06:31 PM,7/3/2025,
434,36.9,gf,1.805,mm,OK,--,1:06:31 PM,7/3/2025,
435,36.9,gf,1.810,mm,OK,--,1:06:31 PM,7/3/2025,
436,37.0,gf,1.815,mm,OK,--,1:06:31 PM,7/3/2025,
437,37.0,gf,1.815,mm,OK,--,1:06:31 PM,7/3/2025,
438,37.0,gf,1.820,mm,OK,--,1:06:31 PM,7/3/2025,
439,37.0,gf,1.820,mm,OK,--,1:06:31 PM,7/3/2025,
440,37.0,gf,1.825,mm,OK,--,1:06:31 PM,7/3/2025,
441,37.0,gf,1.825,mm,OK,--,1:06:31 PM,7/3/2025,
442,37.0,gf,1.830,mm,OK,--,1:06:32 PM,7/3/2025,
443,37.0,gf,1.830,mm,OK,--,1:06:32 PM,7/3/2025,
444,37.0,gf,1.835,mm,OK,--,1:06:32 PM,7/3/2025,
445,37.0,gf,1.835,mm,OK,--,1:06:32 PM,7/3/2025,
446,37.0,gf,1.840,mm,OK,--,1:06:32 PM,7/3/2025,
447,37.1,gf,1.840,mm,OK,--,1:06:32 PM,7/3/2025,
448,37.1,gf,1.840,mm,OK,--,1:06:32 PM,7/3/2025,
449,37.1,gf,1.845,mm,OK,--,1:06:32 PM,7/3/2025,
450,37.1,gf,1.845,mm,OK,--,1:06:32 PM,7/3/2025,
451,37.1,gf,1.845,mm,OK,--,1:06:32 PM,7/3/2025,
452,37.1,gf,1.850,mm,OK,--,1:06:33 PM,7/3/2025,
453,37.1,gf,1.850,mm,OK,--,1:06:33 PM,7/3/2025,
454,37.1,gf,1.850,mm,OK,--,1:06:33 PM,7/3/2025,
455,37.1,gf,1.850,mm,OK,--,1:06:33 PM,7/3/2025,
456,37.1,gf,1.850,mm,OK,--,1:06:33 PM,7/3/2025,
457,37.1,gf,1.855,mm,OK,--,1:06:33 PM,7/3/2025,
458,37.1,gf,1.855,mm,OK,--,1:06:33 PM,7/3/2025,
459,37.1,gf,1.855,mm,OK,--,1:06:33 PM,7/3/2025,
460,37.1,gf,1.855,mm,OK,--,1:06:33 PM,7/3/2025,
461,37.1,gf,1.855,mm,OK,--,1:06:33 PM,7/3/2025,
462,37.1,gf,1.855,mm,OK,--,1:06:34 PM,7/3/2025,
463,37.1,gf,1.855,mm,OK,--,1:06:34 PM,7/3/2025,
464,37.1,gf,1.860,mm,OK,--,1:06:34 PM,7/3/2025,
465,37.1,gf,1.860,mm,OK,--,1:06:34 PM,7/3/2025,
466,37.1,gf,1.865,mm,OK,--,1:06:34 PM,7/3/2025,
467,37.2,gf,1.865,mm,OK,--,1:06:34 PM,7/3/2025,
468,37.2,gf,1.870,mm,OK,--,1:06:34 PM,7/3/2025,
469,37.2,gf,1.875,mm,OK,--,1:06:34 PM,7/3/2025,
470,37.2,gf,1.880,mm,OK,--,1:06:34 PM,7/3/2025,
471,37.2,gf,1.880,mm,OK,--,1:06:34 PM,7/3/2025,
472,37.2,gf,1.880,mm,OK,--,1:06:35 PM,7/3/2025,
473,37.2,gf,1.880,mm,OK,--,1:06:35 PM,7/3/2025,
474,37.2,gf,1.880,mm,OK,--,1:06:35 PM,7/3/2025,
475,37.2,gf,1.880,mm,OK,--,1:06:35 PM,7/3/2025,
476,37.2,gf,1.885,mm,OK,--,1:06:35 PM,7/3/2025,
477,37.2,gf,1.885,mm,OK,--,1:06:35 PM,7/3/2025,
478,37.2,gf,1.890,mm,OK,--,1:06:35 PM,7/3/2025,
479,37.2,gf,1.895,mm,OK,--,1:06:35 PM,7/3/2025,
480,37.3,gf,1.905,mm,OK,--,1:06:35 PM,7/3/2025,
481,37.3,gf,1.915,mm,OK,--,1:06:35 PM,7/3/2025,
482,37.3,gf,1.920,mm,OK,--,1:06:36 PM,7/3/2025,
483,37.3,gf,1.930,mm,OK,--,1:06:36 PM,7/3/2025,
484,37.4,gf,1.935,mm,OK,--,1:06:36 PM,7/3/2025,
485,37.4,gf,1.935,mm,OK,--,1:06:36 PM,7/3/2025,
486,37.4,gf,1.940,mm,OK,--,1:06:36 PM,7/3/2025,
487,37.4,gf,1.945,mm,OK,--,1:06:36 PM,7/3/2025,
488,37.4,gf,1.950,mm,OK,--,1:06:36 PM,7/3/2025,
489,37.4,gf,1.955,mm,OK,--,1:06:36 PM,7/3/2025,
490,37.5,gf,1.955,mm,OK,--,1:06:36 PM,7/3/2025,
491,37.5,gf,1.960,mm,OK,--,1:06:36 PM,7/3/2025,
492,37.5,gf,1.965,mm,OK,--,1:06:37 PM,7/3/2025,
493,37.5,gf,1.970,mm,OK,--,1:06:37 PM,7/3/2025,
494,37.5,gf,1.975,mm,OK,--,1:06:37 PM,7/3/2025,
495,37.5,gf,1.980,mm,OK,--,1:06:37 PM,7/3/2025,
496,37.5,gf,1.985,mm,OK,--,1:06:37 PM,7/3/2025,
497,37.6,gf,1.985,mm,OK,--,1:06:37 PM,7/3/2025,
498,37.6,gf,1.995,mm,OK,--,1:06:37 PM,7/3/2025,
499,37.6,gf,2.000,mm,OK,--,1:06:37 PM,7/3/2025,
500,37.6,gf,2.005,mm,OK,--,1:06:37 PM,7/3/2025,
501,37.6,gf,2.010,mm,OK,--,1:06:37 PM,7/3/2025,
502,37.6,gf,2.015,mm,OK,--,1:06:38 PM,7/3/2025,
503,37.6,gf,2.015,mm,OK,--,1:06:38 PM,7/3/2025,
504,37.7,gf,2.020,mm,OK,--,1:06:38 PM,7/3/2025,
505,37.7,gf,2.025,mm,OK,--,1:06:38 PM,7/3/2025,
506,37.7,gf,2.030,mm,OK,--,1:06:38 PM,7/3/2025,
507,37.7,gf,2.035,mm,OK,--,1:06:38 PM,7/3/2025,
508,37.7,gf,2.035,mm,OK,--,1:06:38 PM,7/3/2025,
509,37.7,gf,2.040,mm,OK,--,1:06:38 PM,7/3/2025,
510,37.7,gf,2.045,mm,OK,--,1:06:38 PM,7/3/2025,
511,37.7,gf,2.050,mm,OK,--,1:06:38 PM,7/3/2025,
512,37.8,gf,2.055,mm,OK,--,1:06:39 PM,7/3/2025,
513,37.8,gf,2.055,mm,OK,--,1:06:39 PM,7/3/2025,
514,37.8,gf,2.060,mm,OK,--,1:06:39 PM,7/3/2025,
515,37.8,gf,2.060,mm,OK,--,1:06:39 PM,7/3/2025,
516,37.8,gf,2.065,mm,OK,--,1:06:39 PM,7/3/2025,
517,37.8,gf,2.065,mm,OK,--,1:06:39 PM,7/3/2025,
518,37.8,gf,2.070,mm,OK,--,1:06:39 PM,7/3/2025,
519,37.8,gf,2.070,mm,OK,--,1:06:39 PM,7/3/2025,
520,37.8,gf,2.075,mm,OK,--,1:06:39 PM,7/3/2025,
521,37.8,gf,2.075,mm,OK,--,1:06:39 PM,7/3/2025,
522,37.9,gf,2.080,mm,OK,--,1:06:40 PM,7/3/2025,
523,37.9,gf,2.080,mm,OK,--,1:06:40 PM,7/3/2025,
524,37.9,gf,2.080,mm,OK,--,1:06:40 PM,7/3/2025,
525,37.9,gf,2.085,mm,OK,--,1:06:40 PM,7/3/2025,
526,37.9,gf,2.090,mm,OK,--,1:06:40 PM,7/3/2025,
527,37.9,gf,2.095,mm,OK,--,1:06:40 PM,7/3/2025,
528,37.9,gf,2.095,mm,OK,--,1:06:40 PM,7/3/2025,
529,37.9,gf,2.095,mm,OK,--,1:06:40 PM,7/3/2025,
530,37.9,gf,2.100,mm,OK,--,1:06:40 PM,7/3/2025,
531,37.9,gf,2.105,mm,OK,--,1:06:40 PM,7/3/2025,
532,38.0,gf,2.110,mm,OK,--,1:06:41 PM,7/3/2025,
533,38.0,gf,2.115,mm,OK,--,1:06:41 PM,7/3/2025,
534,38.0,gf,2.120,mm,OK,--,1:06:41 PM,7/3/2025,
535,38.0,gf,2.130,mm,OK,--,1:06:41 PM,7/3/2025,
536,38.0,gf,2.135,mm,OK,--,1:06:41 PM,7/3/2025,
537,38.1,gf,2.140,mm,OK,--,1:06:41 PM,7/3/2025,
538,38.1,gf,2.145,mm,OK,--,1:06:41 PM,7/3/2025,
539,38.1,gf,2.155,mm,OK,--,1:06:41 PM,7/3/2025,
540,38.1,gf,2.160,mm,OK,--,1:06:41 PM,7/3/2025,
541,38.2,gf,2.170,mm,OK,--,1:06:41 PM,7/3/2025,
542,38.2,gf,2.175,mm,OK,--,1:06:42 PM,7/3/2025,
543,38.2,gf,2.180,mm,OK,--,1:06:42 PM,7/3/2025,
544,38.3,gf,2.185,mm,OK,--,1:06:42 PM,7/3/2025,
545,38.2,gf,2.190,mm,OK,--,1:06:42 PM,7/3/2025,
546,38.2,gf,2.195,mm,OK,--,1:06:42 PM,7/3/2025,
547,38.3,gf,2.200,mm,OK,--,1:06:42 PM,7/3/2025,
548,38.3,gf,2.205,mm,OK,--,1:06:42 PM,7/3/2025,
549,38.3,gf,2.205,mm,OK,--,1:06:42 PM,7/3/2025,
550,38.3,gf,2.205,mm,OK,--,1:06:42 PM,7/3/2025,
551,38.3,gf,2.210,mm,OK,--,1:06:42 PM,7/3/2025,
552,38.3,gf,2.210,mm,OK,--,1:06:43 PM,7/3/2025,
553,38.3,gf,2.215,mm,OK,--,1:06:43 PM,7/3/2025,
554,38.3,gf,2.220,mm,OK,--,1:06:43 PM,7/3/2025,
555,38.3,gf,2.220,mm,OK,--,1:06:43 PM,7/3/2025,
556,38.3,gf,2.225,mm,OK,--,1:06:43 PM,7/3/2025,
557,38.3,gf,2.230,mm,OK,--,1:06:43 PM,7/3/2025,
558,38.3,gf,2.235,mm,OK,--,1:06:43 PM,7/3/2025,
559,38.3,gf,2.235,mm,OK,--,1:06:43 PM,7/3/2025,
560,38.4,gf,2.240,mm,OK,--,1:06:43 PM,7/3/2025,
561,38.4,gf,2.245,mm,OK,--,1:06:43 PM,7/3/2025,
562,38.4,gf,2.250,mm,OK,--,1:06:44 PM,7/3/2025,
563,38.4,gf,2.250,mm,OK,--,1:06:44 PM,7/3/2025,
564,38.4,gf,2.255,mm,OK,--,1:06:44 PM,7/3/2025,
565,38.4,gf,2.255,mm,OK,--,1:06:44 PM,7/3/2025,
566,38.4,gf,2.260,mm,OK,--,1:06:44 PM,7/3/2025,
567,38.4,gf,2.265,mm,OK,--,1:06:44 PM,7/3/2025,
568,38.4,gf,2.265,mm,OK,--,1:06:44 PM,7/3/2025,
569,38.4,gf,2.270,mm,OK,--,1:06:44 PM,7/3/2025,
570,38.4,gf,2.270,mm,OK,--,1:06:44 PM,7/3/2025,
571,38.5,gf,2.270,mm,OK,--,1:06:44 PM,7/3/2025,
572,38.5,gf,2.275,mm,OK,--,1:06:45 PM,7/3/2025,
573,38.5,gf,2.275,mm,OK,--,1:06:45 PM,7/3/2025,
574,38.5,gf,2.275,mm,OK,--,1:06:45 PM,7/3/2025,
575,38.5,gf,2.280,mm,OK,--,1:06:45 PM,7/3/2025,
576,38.5,gf,2.280,mm,OK,--,1:06:45 PM,7/3/2025,
577,38.5,gf,2.280,mm,OK,--,1:06:45 PM,7/3/2025,
578,38.5,gf,2.285,mm,OK,--,1:06:45 PM,7/3/2025,
579,38.5,gf,2.285,mm,OK,--,1:06:45 PM,7/3/2025,
580,38.5,gf,2.290,mm,OK,--,1:06:45 PM,7/3/2025,
581,38.5,gf,2.290,mm,OK,--,1:06:45 PM,7/3/2025,
582,38.5,gf,2.290,mm,OK,--,1:06:46 PM,7/3/2025,
583,38.5,gf,2.290,mm,OK,--,1:06:46 PM,7/3/2025,
584,38.5,gf,2.295,mm,OK,--,1:06:46 PM,7/3/2025,
585,38.5,gf,2.295,mm,OK,--,1:06:46 PM,7/3/2025,
586,38.5,gf,2.295,mm,OK,--,1:06:46 PM,7/3/2025,
587,38.5,gf,2.300,mm,OK,--,1:06:46 PM,7/3/2025,
588,38.5,gf,2.300,mm,OK,--,1:06:46 PM,7/3/2025,
589,38.5,gf,2.300,mm,OK,--,1:06:46 PM,7/3/2025,
590,38.6,gf,2.300,mm,OK,--,1:06:46 PM,7/3/2025,
591,38.6,gf,2.300,mm,OK,--,1:06:46 PM,7/3/2025,
592,38.6,gf,2.300,mm,OK,--,1:06:47 PM,7/3/2025,
593,38.6,gf,2.305,mm,OK,--,1:06:47 PM,7/3/2025,
594,38.6,gf,2.305,mm,OK,--,1:06:47 PM,7/3/2025,
595,38.6,gf,2.305,mm,OK,--,1:06:47 PM,7/3/2025,
596,38.6,gf,2.305,mm,OK,--,1:06:47 PM,7/3/2025,
597,38.6,gf,2.310,mm,OK,--,1:06:47 PM,7/3/2025,
598,38.6,gf,2.310,mm,OK,--,1:06:47 PM,7/3/2025,
599,38.6,gf,2.310,mm,OK,--,1:06:47 PM,7/3/2025,
600,38.6,gf,2.315,mm,OK,--,1:06:47 PM,7/3/2025,
601,38.6,gf,2.315,mm,OK,--,1:06:47 PM,7/3/2025,
602,38.6,gf,2.315,mm,OK,--,1:06:48 PM,7/3/2025,
603,38.6,gf,2.320,mm,OK,--,1:06:48 PM,7/3/2025,
604,38.6,gf,2.320,mm,OK,--,1:06:48 PM,7/3/2025,
605,38.6,gf,2.325,mm,OK,--,1:06:48 PM,7/3/2025,
606,38.7,gf,2.325,mm,OK,--,1:06:48 PM,7/3/2025,
607,38.7,gf,2.330,mm,OK,--,1:06:48 PM,7/3/2025,
608,38.7,gf,2.330,mm,OK,--,1:06:48 PM,7/3/2025,
609,38.7,gf,2.335,mm,OK,--,1:06:48 PM,7/3/2025,
610,38.7,gf,2.340,mm,OK,--,1:06:48 PM,7/3/2025,
611,38.7,gf,2.345,mm,OK,--,1:06:48 PM,7/3/2025,
612,38.8,gf,2.350,mm,OK,--,1:06:49 PM,7/3/2025,
613,38.8,gf,2.355,mm,OK,--,1:06:49 PM,7/3/2025,
614,38.8,gf,2.355,mm,OK,--,1:06:49 PM,7/3/2025,
615,38.8,gf,2.360,mm,OK,--,1:06:49 PM,7/3/2025,
616,38.8,gf,2.360,mm,OK,--,1:06:49 PM,7/3/2025,
617,38.8,gf,2.365,mm,OK,--,1:06:49 PM,7/3/2025,
618,38.8,gf,2.365,mm,OK,--,1:06:49 PM,7/3/2025,
619,38.8,gf,2.370,mm,OK,--,1:06:49 PM,7/3/2025,
620,38.8,gf,2.370,mm,OK,--,1:06:49 PM,7/3/2025,
621,38.8,gf,2.375,mm,OK,--,1:06:49 PM,7/3/2025,
622,38.8,gf,2.375,mm,OK,--,1:06:50 PM,7/3/2025,
623,38.8,gf,2.375,mm,OK,--,1:06:50 PM,7/3/2025,
624,38.8,gf,2.375,mm,OK,--,1:06:50 PM,7/3/2025,
625,38.8,gf,2.375,mm,OK,--,1:06:50 PM,7/3/2025,
626,38.8,gf,2.380,mm,OK,--,1:06:50 PM,7/3/2025,
627,38.8,gf,2.380,mm,OK,--,1:06:50 PM,7/3/2025,
628,38.8,gf,2.380,mm,OK,--,1:06:50 PM,7/3/2025,
629,38.8,gf,2.385,mm,OK,--,1:06:50 PM,7/3/2025,
630,38.9,gf,2.385,mm,OK,--,1:06:50 PM,7/3/2025,
631,38.9,gf,2.385,mm,OK,--,1:06:50 PM,7/3/2025,
632,38.9,gf,2.390,mm,OK,--,1:06:51 PM,7/3/2025,
633,38.9,gf,2.390,mm,OK,--,1:06:51 PM,7/3/2025,
634,38.9,gf,2.395,mm,OK,--,1:06:51 PM,7/3/2025,
635,38.9,gf,2.395,mm,OK,--,1:06:51 PM,7/3/2025,
636,38.9,gf,2.400,mm,OK,--,1:06:51 PM,7/3/2025,
637,38.9,gf,2.405,mm,OK,--,1:06:51 PM,7/3/2025,
638,39.0,gf,2.410,mm,OK,--,1:06:51 PM,7/3/2025,
639,39.0,gf,2.420,mm,OK,--,1:06:51 PM,7/3/2025,
640,39.1,gf,2.425,mm,OK,--,1:06:51 PM,7/3/2025,
641,39.1,gf,2.435,mm,OK,--,1:06:51 PM,7/3/2025,
642,39.1,gf,2.440,mm,OK,--,1:06:52 PM,7/3/2025,
643,39.2,gf,2.450,mm,OK,--,1:06:52 PM,7/3/2025,
644,39.2,gf,2.460,mm,OK,--,1:06:52 PM,7/3/2025,
645,39.3,gf,2.465,mm,OK,--,1:06:52 PM,7/3/2025,
646,39.2,gf,2.470,mm,OK,--,1:06:52 PM,7/3/2025,
647,39.3,gf,2.475,mm,OK,--,1:06:52 PM,7/3/2025,
648,39.3,gf,2.480,mm,OK,--,1:06:52 PM,7/3/2025,
649,39.3,gf,2.485,mm,OK,--,1:06:52 PM,7/3/2025,
650,39.3,gf,2.490,mm,OK,--,1:06:52 PM,7/3/2025,
651,39.3,gf,2.495,mm,OK,--,1:06:52 PM,7/3/2025,
652,39.4,gf,2.500,mm,OK,--,1:06:53 PM,7/3/2025,
653,39.4,gf,2.505,mm,OK,--,1:06:53 PM,7/3/2025,
654,39.4,gf,2.510,mm,OK,--,1:06:53 PM,7/3/2025,
655,39.4,gf,2.520,mm,OK,--,1:06:53 PM,7/3/2025,
656,39.5,gf,2.525,mm,OK,--,1:06:53 PM,7/3/2025,
657,39.4,gf,2.535,mm,OK,--,1:06:53 PM,7/3/2025,
658,39.5,gf,2.545,mm,OK,--,1:06:53 PM,7/3/2025,
659,39.5,gf,2.550,mm,OK,--,1:06:53 PM,7/3/2025,
660,39.6,gf,2.560,mm,OK,--,1:06:53 PM,7/3/2025,
661,39.6,gf,2.570,mm,OK,--,1:06:53 PM,7/3/2025,
662,39.6,gf,2.575,mm,OK,--,1:06:54 PM,7/3/2025,
663,39.6,gf,2.585,mm,OK,--,1:06:54 PM,7/3/2025,
664,39.7,gf,2.590,mm,OK,--,1:06:54 PM,7/3/2025,
665,39.7,gf,2.600,mm,OK,--,1:06:54 PM,7/3/2025,
666,39.7,gf,2.605,mm,OK,--,1:06:54 PM,7/3/2025,
667,39.7,gf,2.610,mm,OK,--,1:06:54 PM,7/3/2025,
668,39.7,gf,2.620,mm,OK,--,1:06:54 PM,7/3/2025,
669,39.8,gf,2.625,mm,OK,--,1:06:54 PM,7/3/2025,
670,39.8,gf,2.630,mm,OK,--,1:06:54 PM,7/3/2025,
671,39.9,gf,2.635,mm,OK,--,1:06:54 PM,7/3/2025,
672,39.8,gf,2.645,mm,OK,--,1:06:55 PM,7/3/2025,
673,39.8,gf,2.650,mm,OK,--,1:06:55 PM,7/3/2025,
674,39.9,gf,2.655,mm,OK,--,1:06:55 PM,7/3/2025,
675,39.9,gf,2.660,mm,OK,--,1:06:55 PM,7/3/2025,
676,39.9,gf,2.665,mm,OK,--,1:06:55 PM,7/3/2025,
677,40.0,gf,2.670,mm,OK,--,1:06:55 PM,7/3/2025,
678,39.9,gf,2.675,mm,OK,--,1:06:55 PM,7/3/2025,
679,39.9,gf,2.680,mm,OK,--,1:06:55 PM,7/3/2025,
680,40.0,gf,2.680,mm,OK,--,1:06:55 PM,7/3/2025,
681,40.0,gf,2.685,mm,OK,--,1:06:55 PM,7/3/2025,
682,40.0,gf,2.690,mm,OK,--,1:06:56 PM,7/3/2025,
683,40.0,gf,2.690,mm,OK,--,1:06:56 PM,7/3/2025,
684,40.0,gf,2.695,mm,OK,--,1:06:56 PM,7/3/2025,
685,40.0,gf,2.695,mm,OK,--,1:06:56 PM,7/3/2025,
686,40.0,gf,2.700,mm,OK,--,1:06:56 PM,7/3/2025,
687,40.0,gf,2.705,mm,OK,--,1:06:56 PM,7/3/2025,
688,40.0,gf,2.705,mm,OK,--,1:06:56 PM,7/3/2025,
689,40.0,gf,2.710,mm,OK,--,1:06:56 PM,7/3/2025,
690,40.0,gf,2.715,mm,OK,--,1:06:56 PM,7/3/2025,
691,40.0,gf,2.715,mm,OK,--,1:06:56 PM,7/3/2025,
692,40.1,gf,2.720,mm,OK,--,1:06:57 PM,7/3/2025,
693,40.1,gf,2.725,mm,OK,--,1:06:57 PM,7/3/2025,
694,40.1,gf,2.730,mm,OK,--,1:06:57 PM,7/3/2025,
695,40.1,gf,2.735,mm,OK,--,1:06:57 PM,7/3/2025,
696,40.1,gf,2.740,mm,OK,--,1:06:57 PM,7/3/2025,
697,40.1,gf,2.745,mm,OK,--,1:06:57 PM,7/3/2025,
698,40.1,gf,2.750,mm,OK,--,1:06:57 PM,7/3/2025,
699,40.1,gf,2.750,mm,OK,--,1:06:57 PM,7/3/2025,
700,40.1,gf,2.755,mm,OK,--,1:06:57 PM,7/3/2025,
701,40.2,gf,2.760,mm,OK,--,1:06:57 PM,7/3/2025,
702,40.2,gf,2.765,mm,OK,--,1:06:58 PM,7/3/2025,
703,40.2,gf,2.765,mm,OK,--,1:06:58 PM,7/3/2025,
704,40.2,gf,2.770,mm,OK,--,1:06:58 PM,7/3/2025,
705,40.2,gf,2.770,mm,OK,--,1:06:58 PM,7/3/2025,
706,40.2,gf,2.775,mm,OK,--,1:06:58 PM,7/3/2025,
707,40.2,gf,2.780,mm,OK,--,1:06:58 PM,7/3/2025,
708,40.2,gf,2.780,mm,OK,--,1:06:58 PM,7/3/2025,
709,40.2,gf,2.785,mm,OK,--,1:06:58 PM,7/3/2025,
710,40.3,gf,2.790,mm,OK,--,1:06:58 PM,7/3/2025,
711,40.3,gf,2.790,mm,OK,--,1:06:58 PM,7/3/2025,
712,40.3,gf,2.795,mm,OK,--,1:06:59 PM,7/3/2025,
713,40.3,gf,2.795,mm,OK,--,1:06:59 PM,7/3/2025,
714,40.3,gf,2.800,mm,OK,--,1:06:59 PM,7/3/2025,
715,40.3,gf,2.800,mm,OK,--,1:06:59 PM,7/3/2025,
716,40.3,gf,2.805,mm,OK,--,1:06:59 PM,7/3/2025,
717,40.3,gf,2.810,mm,OK,--,1:06:59 PM,7/3/2025,
718,40.4,gf,2.810,mm,OK,--,1:06:59 PM,7/3/2025,
719,40.4,gf,2.815,mm,OK,--,1:06:59 PM,7/3/2025,
720,40.4,gf,2.820,mm,OK,--,1:06:59 PM,7/3/2025,
721,40.4,gf,2.820,mm,OK,--,1:06:59 PM,7/3/2025,
722,40.4,gf,2.825,mm,OK,--,1:07:00 PM,7/3/2025,
723,40.4,gf,2.830,mm,OK,--,1:07:00 PM,7/3/2025,
724,40.5,gf,2.835,mm,OK,--,1:07:00 PM,7/3/2025,
725,40.5,gf,2.840,mm,OK,--,1:07:00 PM,7/3/2025,
726,40.5,gf,2.845,mm,OK,--,1:07:00 PM,7/3/2025,
727,40.5,gf,2.850,mm,OK,--,1:07:00 PM,7/3/2025,
728,40.6,gf,2.860,mm,OK,--,1:07:00 PM,7/3/2025,
729,40.6,gf,2.865,mm,OK,--,1:07:00 PM,7/3/2025,
730,40.6,gf,2.870,mm,OK,--,1:07:00 PM,7/3/2025,
731,40.6,gf,2.880,mm,OK,--,1:07:00 PM,7/3/2025,
732,40.6,gf,2.885,mm,OK,--,1:07:01 PM,7/3/2025,
733,40.6,gf,2.890,mm,OK,--,1:07:01 PM,7/3/2025,
734,40.7,gf,2.895,mm,OK,--,1:07:01 PM,7/3/2025,
735,40.7,gf,2.900,mm,OK,--,1:07:01 PM,7/3/2025,
736,40.7,gf,2.910,mm,OK,--,1:07:01 PM,7/3/2025,
737,40.7,gf,2.915,mm,OK,--,1:07:01 PM,7/3/2025,
738,40.7,gf,2.920,mm,OK,--,1:07:01 PM,7/3/2025,
739,40.7,gf,2.925,mm,OK,--,1:07:01 PM,7/3/2025,
740,40.7,gf,2.930,mm,OK,--,1:07:01 PM,7/3/2025,
741,40.7,gf,2.935,mm,OK,--,1:07:01 PM,7/3/2025,
742,40.8,gf,2.940,mm,OK,--,1:07:02 PM,7/3/2025,
743,40.8,gf,2.945,mm,OK,--,1:07:02 PM,7/3/2025,
744,40.8,gf,2.950,mm,OK,--,1:07:02 PM,7/3/2025,
745,40.8,gf,2.955,mm,OK,--,1:07:02 PM,7/3/2025,
746,40.8,gf,2.960,mm,OK,--,1:07:02 PM,7/3/2025,
747,40.8,gf,2.965,mm,OK,--,1:07:02 PM,7/3/2025,
748,40.8,gf,2.965,mm,OK,--,1:07:02 PM,7/3/2025,
749,40.8,gf,2.970,mm,OK,--,1:07:02 PM,7/3/2025,
750,40.8,gf,2.970,mm,OK,--,1:07:02 PM,7/3/2025,
751,40.9,gf,2.975,mm,OK,--,1:07:02 PM,7/3/2025,
752,40.9,gf,2.975,mm,OK,--,1:07:03 PM,7/3/2025,
753,40.9,gf,2.980,mm,OK,--,1:07:03 PM,7/3/2025,
754,40.9,gf,2.980,mm,OK,--,1:07:03 PM,7/3/2025,
755,40.9,gf,2.985,mm,OK,--,1:07:03 PM,7/3/2025,
756,40.9,gf,2.985,mm,OK,--,1:07:03 PM,7/3/2025,
757,40.9,gf,2.985,mm,OK,--,1:07:03 PM,7/3/2025,
758,40.9,gf,2.990,mm,OK,--,1:07:03 PM,7/3/2025,
759,40.9,gf,2.990,mm,OK,--,1:07:03 PM,7/3/2025,
760,40.9,gf,2.995,mm,OK,--,1:07:03 PM,7/3/2025,
761,40.9,gf,2.995,mm,OK,--,1:07:03 PM,7/3/2025,
762,40.9,gf,2.995,mm,OK,--,1:07:04 PM,7/3/2025,
763,41.0,gf,3.000,mm,OK,--,1:07:04 PM,7/3/2025,
764,41.0,gf,3.000,mm,OK,--,1:07:04 PM,7/3/2025,
765,41.0,gf,3.000,mm,OK,--,1:07:04 PM,7/3/2025,
766,41.0,gf,3.005,mm,OK,--,1:07:04 PM,7/3/2025,
767,41.0,gf,3.005,mm,OK,--,1:07:04 PM,7/3/2025,
768,41.0,gf,3.005,mm,OK,--,1:07:04 PM,7/3/2025,
769,41.0,gf,3.010,mm,OK,--,1:07:04 PM,7/3/2025,
770,41.0,gf,3.010,mm,OK,--,1:07:04 PM,7/3/2025,
771,41.0,gf,3.015,mm,OK,--,1:07:04 PM,7/3/2025,
772,41.0,gf,3.015,mm,OK,--,1:07:05 PM,7/3/2025,
773,41.0,gf,3.020,mm,OK,--,1:07:05 PM,7/3/2025,
774,41.0,gf,3.020,mm,OK,--,1:07:05 PM,7/3/2025,
775,41.0,gf,3.020,mm,OK,--,1:07:05 PM,7/3/2025,
776,41.0,gf,3.025,mm,OK,--,1:07:05 PM,7/3/2025,
777,41.0,gf,3.025,mm,OK,--,1:07:05 PM,7/3/2025,
778,41.0,gf,3.025,mm,OK,--,1:07:05 PM,7/3/2025,
779,41.0,gf,3.030,mm,OK,--,1:07:05 PM,7/3/2025,
780,41.1,gf,3.030,mm,OK,--,1:07:05 PM,7/3/2025,
781,41.1,gf,3.035,mm,OK,--,1:07:05 PM,7/3/2025,
782,41.1,gf,3.035,mm,OK,--,1:07:06 PM,7/3/2025,
783,41.1,gf,3.040,mm,OK,--,1:07:06 PM,7/3/2025,
784,41.1,gf,3.040,mm,OK,--,1:07:06 PM,7/3/2025,
785,41.1,gf,3.045,mm,OK,--,1:07:06 PM,7/3/2025,
786,41.1,gf,3.045,mm,OK,--,1:07:06 PM,7/3/2025,
787,41.1,gf,3.045,mm,OK,--,1:07:06 PM,7/3/2025,
788,41.1,gf,3.050,mm,OK,--,1:07:06 PM,7/3/2025,
789,41.1,gf,3.050,mm,OK,--,1:07:06 PM,7/3/2025,
790,41.1,gf,3.055,mm,OK,--,1:07:06 PM,7/3/2025,
791,41.2,gf,3.055,mm,OK,--,1:07:06 PM,7/3/2025,
792,41.2,gf,3.055,mm,OK,--,1:07:07 PM,7/3/2025,
793,41.2,gf,3.060,mm,OK,--,1:07:07 PM,7/3/2025,
794,41.2,gf,3.060,mm,OK,--,1:07:07 PM,7/3/2025,
795,41.2,gf,3.065,mm,OK,--,1:07:07 PM,7/3/2025,
796,41.2,gf,3.065,mm,OK,--,1:07:07 PM,7/3/2025,
797,41.2,gf,3.070,mm,OK,--,1:07:07 PM,7/3/2025,
798,41.2,gf,3.070,mm,OK,--,1:07:07 PM,7/3/2025,
799,41.2,gf,3.075,mm,OK,--,1:07:07 PM,7/3/2025,
800,41.3,gf,3.080,mm,OK,--,1:07:07 PM,7/3/2025,
801,41.3,gf,3.085,mm,OK,--,1:07:07 PM,7/3/2025,
802,41.3,gf,3.090,mm,OK,--,1:07:08 PM,7/3/2025,
803,41.3,gf,3.090,mm,OK,--,1:07:08 PM,7/3/2025,
804,41.3,gf,3.095,mm,OK,--,1:07:08 PM,7/3/2025,
805,41.3,gf,3.100,mm,OK,--,1:07:08 PM,7/3/2025,
806,41.3,gf,3.105,mm,OK,--,1:07:08 PM,7/3/2025,
807,41.3,gf,3.110,mm,OK,--,1:07:08 PM,7/3/2025,
808,41.4,gf,3.115,mm,OK,--,1:07:08 PM,7/3/2025,
809,41.4,gf,3.120,mm,OK,--,1:07:08 PM,7/3/2025,
810,41.4,gf,3.125,mm,OK,--,1:07:08 PM,7/3/2025,
811,41.4,gf,3.130,mm,OK,--,1:07:08 PM,7/3/2025,
812,41.4,gf,3.135,mm,OK,--,1:07:09 PM,7/3/2025,
813,41.4,gf,3.145,mm,OK,--,1:07:09 PM,7/3/2025,
814,41.5,gf,3.150,mm,OK,--,1:07:09 PM,7/3/2025,
815,41.5,gf,3.155,mm,OK,--,1:07:09 PM,7/3/2025,
816,41.5,gf,3.165,mm,OK,--,1:07:09 PM,7/3/2025,
817,41.5,gf,3.170,mm,OK,--,1:07:09 PM,7/3/2025,
818,41.5,gf,3.180,mm,OK,--,1:07:09 PM,7/3/2025,
819,41.5,gf,3.185,mm,OK,--,1:07:09 PM,7/3/2025,
820,41.5,gf,3.190,mm,OK,--,1:07:09 PM,7/3/2025,
821,41.5,gf,3.195,mm,OK,--,1:07:09 PM,7/3/2025,
822,41.5,gf,3.200,mm,OK,--,1:07:10 PM,7/3/2025,
823,41.5,gf,3.200,mm,OK,--,1:07:10 PM,7/3/2025,
824,41.5,gf,3.200,mm,OK,--,1:07:10 PM,7/3/2025,
825,41.5,gf,3.205,mm,OK,--,1:07:10 PM,7/3/2025,
826,41.5,gf,3.210,mm,OK,--,1:07:10 PM,7/3/2025,
827,41.6,gf,3.210,mm,OK,--,1:07:10 PM,7/3/2025,
828,41.5,gf,3.210,mm,OK,--,1:07:10 PM,7/3/2025,
829,41.5,gf,3.210,mm,OK,--,1:07:10 PM,7/3/2025,
830,41.6,gf,3.215,mm,OK,--,1:07:10 PM,7/3/2025,
831,41.6,gf,3.215,mm,OK,--,1:07:10 PM,7/3/2025,
832,41.6,gf,3.220,mm,OK,--,1:07:11 PM,7/3/2025,
833,41.6,gf,3.220,mm,OK,--,1:07:11 PM,7/3/2025,
834,41.6,gf,3.220,mm,OK,--,1:07:11 PM,7/3/2025,
835,41.6,gf,3.225,mm,OK,--,1:07:11 PM,7/3/2025,
836,41.6,gf,3.225,mm,OK,--,1:07:11 PM,7/3/2025,
837,41.6,gf,3.230,mm,OK,--,1:07:11 PM,7/3/2025,
838,41.6,gf,3.230,mm,OK,--,1:07:11 PM,7/3/2025,
839,41.6,gf,3.235,mm,OK,--,1:07:11 PM,7/3/2025,
840,41.6,gf,3.235,mm,OK,--,1:07:11 PM,7/3/2025,
841,41.6,gf,3.235,mm,OK,--,1:07:11 PM,7/3/2025,
842,41.6,gf,3.240,mm,OK,--,1:07:12 PM,7/3/2025,
843,41.6,gf,3.240,mm,OK,--,1:07:12 PM,7/3/2025,
844,41.6,gf,3.245,mm,OK,--,1:07:12 PM,7/3/2025,
845,41.6,gf,3.245,mm,OK,--,1:07:12 PM,7/3/2025,
846,41.6,gf,3.245,mm,OK,--,1:07:12 PM,7/3/2025,
847,41.6,gf,3.245,mm,OK,--,1:07:12 PM,7/3/2025,
848,41.6,gf,3.245,mm,OK,--,1:07:12 PM,7/3/2025,
849,41.6,gf,3.250,mm,OK,--,1:07:12 PM,7/3/2025,
850,41.6,gf,3.250,mm,OK,--,1:07:12 PM,7/3/2025,
851,41.6,gf,3.255,mm,OK,--,1:07:12 PM,7/3/2025,
852,41.6,gf,3.260,mm,OK,--,1:07:13 PM,7/3/2025,
853,41.7,gf,3.265,mm,OK,--,1:07:13 PM,7/3/2025,
854,41.7,gf,3.270,mm,OK,--,1:07:13 PM,7/3/2025,
855,41.7,gf,3.275,mm,OK,--,1:07:13 PM,7/3/2025,
856,41.7,gf,3.280,mm,OK,--,1:07:13 PM,7/3/2025,
857,41.7,gf,3.285,mm,OK,--,1:07:13 PM,7/3/2025,
858,41.7,gf,3.290,mm,OK,--,1:07:13 PM,7/3/2025,
859,41.8,gf,3.300,mm,OK,--,1:07:13 PM,7/3/2025,
860,41.8,gf,3.310,mm,OK,--,1:07:13 PM,7/3/2025,
861,41.8,gf,3.315,mm,OK,--,1:07:13 PM,7/3/2025,
862,41.9,gf,3.325,mm,OK,--,1:07:14 PM,7/3/2025,
863,41.9,gf,3.335,mm,OK,--,1:07:14 PM,7/3/2025,
864,41.9,gf,3.340,mm,OK,--,1:07:14 PM,7/3/2025,
865,41.9,gf,3.345,mm,OK,--,1:07:14 PM,7/3/2025,
866,41.9,gf,3.350,mm,OK,--,1:07:14 PM,7/3/2025,
867,41.9,gf,3.355,mm,OK,--,1:07:14 PM,7/3/2025,
868,41.9,gf,3.360,mm,OK,--,1:07:14 PM,7/3/2025,
869,41.9,gf,3.365,mm,OK,--,1:07:14 PM,7/3/2025,
870,41.9,gf,3.365,mm,OK,--,1:07:14 PM,7/3/2025,
871,41.9,gf,3.370,mm,OK,--,1:07:14 PM,7/3/2025,
872,41.9,gf,3.370,mm,OK,--,1:07:15 PM,7/3/2025,
873,42.0,gf,3.375,mm,OK,--,1:07:15 PM,7/3/2025,
874,42.0,gf,3.380,mm,OK,--,1:07:15 PM,7/3/2025,
875,42.0,gf,3.385,mm,OK,--,1:07:15 PM,7/3/2025,
876,42.0,gf,3.385,mm,OK,--,1:07:15 PM,7/3/2025,
877,42.0,gf,3.390,mm,OK,--,1:07:15 PM,7/3/2025,
878,42.0,gf,3.395,mm,OK,--,1:07:15 PM,7/3/2025,
879,42.0,gf,3.400,mm,OK,--,1:07:15 PM,7/3/2025,
880,42.1,gf,3.405,mm,OK,--,1:07:15 PM,7/3/2025,
881,42.1,gf,3.415,mm,OK,--,1:07:15 PM,7/3/2025,
882,42.1,gf,3.425,mm,OK,--,1:07:16 PM,7/3/2025,
883,42.2,gf,3.435,mm,OK,--,1:07:16 PM,7/3/2025,
884,42.2,gf,3.440,mm,OK,--,1:07:16 PM,7/3/2025,
885,42.3,gf,3.450,mm,OK,--,1:07:16 PM,7/3/2025,
886,42.3,gf,3.460,mm,OK,--,1:07:16 PM,7/3/2025,
887,42.4,gf,3.475,mm,OK,--,1:07:16 PM,7/3/2025,
888,42.4,gf,3.480,mm,OK,--,1:07:16 PM,7/3/2025,
889,42.4,gf,3.490,mm,OK,--,1:07:16 PM,7/3/2025,
890,42.6,gf,3.500,mm,OK,--,1:07:16 PM,7/3/2025,
891,42.5,gf,3.505,mm,OK,--,1:07:16 PM,7/3/2025,
892,42.5,gf,3.515,mm,OK,--,1:07:17 PM,7/3/2025,
893,42.6,gf,3.520,mm,OK,--,1:07:17 PM,7/3/2025,
894,42.7,gf,3.535,mm,OK,--,1:07:17 PM,7/3/2025,
895,42.7,gf,3.550,mm,OK,--,1:07:17 PM,7/3/2025,
896,42.7,gf,3.560,mm,OK,--,1:07:17 PM,7/3/2025,
897,42.7,gf,3.565,mm,OK,--,1:07:17 PM,7/3/2025,
898,42.8,gf,3.575,mm,OK,--,1:07:17 PM,7/3/2025,
899,42.8,gf,3.580,mm,OK,--,1:07:17 PM,7/3/2025,
900,42.8,gf,3.590,mm,OK,--,1:07:17 PM,7/3/2025,
901,42.8,gf,3.595,mm,OK,--,1:07:17 PM,7/3/2025,
902,42.9,gf,3.600,mm,OK,--,1:07:18 PM,7/3/2025,
903,42.9,gf,3.605,mm,OK,--,1:07:18 PM,7/3/2025,
904,42.9,gf,3.610,mm,OK,--,1:07:18 PM,7/3/2025,
905,42.9,gf,3.615,mm,OK,--,1:07:18 PM,7/3/2025,
906,43.0,gf,3.620,mm,OK,--,1:07:18 PM,7/3/2025,
907,43.0,gf,3.625,mm,OK,--,1:07:18 PM,7/3/2025,
908,43.1,gf,3.630,mm,OK,--,1:07:18 PM,7/3/2025,
909,43.1,gf,3.635,mm,OK,--,1:07:18 PM,7/3/2025,
910,43.1,gf,3.640,mm,OK,--,1:07:18 PM,7/3/2025,
911,43.2,gf,3.645,mm,OK,--,1:07:18 PM,7/3/2025,
912,43.2,gf,3.650,mm,OK,--,1:07:19 PM,7/3/2025,
913,44.8,gf,3.655,mm,OK,--,1:07:19 PM,7/3/2025,
914,48.7,gf,3.660,mm,OK,--,1:07:19 PM,7/3/2025,
915,51.9,gf,3.660,mm,OK,--,1:07:19 PM,7/3/2025,
916,55.4,gf,3.665,mm,OK,--,1:07:19 PM,7/3/2025,
917,59.3,gf,3.670,mm,OK,--,1:07:19 PM,7/3/2025,
918,63.2,gf,3.675,mm,OK,--,1:07:19 PM,7/3/2025,
919,66.7,gf,3.675,mm,OK,--,1:07:19 PM,7/3/2025,
920,71.2,gf,3.680,mm,OK,--,1:07:19 PM,7/3/2025,
921,75.9,gf,3.685,mm,OK,--,1:07:19 PM,7/3/2025,
922,80.5,gf,3.690,mm,OK,--,1:07:20 PM,7/3/2025,
923,85.2,gf,3.695,mm,OK,--,1:07:20 PM,7/3/2025,
924,90.3,gf,3.700,mm,OK,--,1:07:20 PM,7/3/2025,
925,95.2,gf,3.705,mm,OK,--,1:07:20 PM,7/3/2025,
926,99.4,gf,3.710,mm,OK,--,1:07:20 PM,7/3/2025,
927,103.1,gf,3.715,mm,OK,--,1:07:20 PM,7/3/2025,
928,106.9,gf,3.715,mm,OK,--,1:07:20 PM,7/3/2025,
929,110.4,gf,3.720,mm,OK,--,1:07:20 PM,7/3/2025,
930,114.1,gf,3.725,mm,OK,--,1:07:20 PM,7/3/2025,
931,118.5,gf,3.730,mm,OK,--,1:07:20 PM,7/3/2025,
932,123.4,gf,3.735,mm,OK,--,1:07:21 PM,7/3/2025,
933,128.1,gf,3.740,mm,OK,--,1:07:21 PM,7/3/2025,
934,132.0,gf,3.745,mm,OK,--,1:07:21 PM,7/3/2025,
935,135.7,gf,3.745,mm,OK,--,1:07:21 PM,7/3/2025,
936,139.3,gf,3.750,mm,OK,--,1:07:21 PM,7/3/2025,
937,142.5,gf,3.755,mm,OK,--,1:07:21 PM,7/3/2025,
938,145.6,gf,3.755,mm,OK,--,1:07:21 PM,7/3/2025,
939,148.5,gf,3.760,mm,OK,--,1:07:21 PM,7/3/2025,
940,151.0,gf,3.765,mm,OK,--,1:07:21 PM,7/3/2025,
941,154.0,gf,3.765,mm,OK,--,1:07:21 PM,7/3/2025,
942,157.4,gf,3.770,mm,OK,--,1:07:22 PM,7/3/2025,
943,160.8,gf,3.775,mm,OK,--,1:07:22 PM,7/3/2025,
944,163.8,gf,3.775,mm,OK,--,1:07:22 PM,7/3/2025,
945,166.9,gf,3.780,mm,OK,--,1:07:22 PM,7/3/2025,
946,169.8,gf,3.780,mm,OK,--,1:07:22 PM,7/3/2025,
947,172.2,gf,3.785,mm,OK,--,1:07:22 PM,7/3/2025,
948,175.1,gf,3.785,mm,OK,--,1:07:22 PM,7/3/2025,
949,177.5,gf,3.790,mm,OK,--,1:07:22 PM,7/3/2025,
950,179.7,gf,3.790,mm,OK,--,1:07:22 PM,7/3/2025,
951,181.8,gf,3.795,mm,OK,--,1:07:22 PM,7/3/2025,
952,183.8,gf,3.795,mm,OK,--,1:07:23 PM,7/3/2025,
953,185.4,gf,3.795,mm,OK,--,1:07:23 PM,7/3/2025,
954,186.9,gf,3.800,mm,OK,--,1:07:23 PM,7/3/2025,
955,188.5,gf,3.800,mm,OK,--,1:07:23 PM,7/3/2025,
956,189.5,gf,3.800,mm,OK,--,1:07:23 PM,7/3/2025,
957,190.5,gf,3.800,mm,OK,--,1:07:23 PM,7/3/2025,
958,191.3,gf,3.805,mm,OK,--,1:07:23 PM,7/3/2025,
959,191.9,gf,3.805,mm,OK,--,1:07:23 PM,7/3/2025,
960,192.1,gf,3.805,mm,OK,--,1:07:23 PM,7/3/2025,
961,192.1,gf,3.805,mm,OK,--,1:07:23 PM,7/3/2025,
962,192.0,gf,3.805,mm,OK,--,1:07:24 PM,7/3/2025,
963,191.9,gf,3.805,mm,OK,--,1:07:24 PM,7/3/2025,
964,191.9,gf,3.805,mm,OK,--,1:07:24 PM,7/3/2025,
965,191.9,gf,3.805,mm,OK,--,1:07:24 PM,7/3/2025,
966,191.8,gf,3.805,mm,OK,--,1:07:24 PM,7/3/2025,
967,191.9,gf,3.805,mm,OK,--,1:07:24 PM,7/3/2025,
968,191.9,gf,3.805,mm,OK,--,1:07:24 PM,7/3/2025,
969,191.9,gf,3.805,mm,OK,--,1:07:24 PM,7/3/2025,
970,191.9,gf,3.805,mm,OK,--,1:07:24 PM,7/3/2025,
971,191.8,gf,3.805,mm,OK,--,1:07:24 PM,7/3/2025,
972,191.6,gf,3.805,mm,OK,--,1:07:25 PM,7/3/2025,
973,191.3,gf,3.805,mm,OK,--,1:07:25 PM,7/3/2025,
974,191.3,gf,3.805,mm,OK,--,1:07:25 PM,7/3/2025,
975,191.0,gf,3.805,mm,OK,--,1:07:25 PM,7/3/2025,
976,190.9,gf,3.805,mm,OK,--,1:07:25 PM,7/3/2025,
977,190.4,gf,3.805,mm,OK,--,1:07:25 PM,7/3/2025,
978,189.7,gf,3.805,mm,OK,--,1:07:25 PM,7/3/2025,
979,189.3,gf,3.805,mm,OK,--,1:07:25 PM,7/3/2025,
980,188.8,gf,3.800,mm,OK,--,1:07:25 PM,7/3/2025,
981,188.1,gf,3.800,mm,OK,--,1:07:25 PM,7/3/2025,
982,185.0,gf,3.800,mm,OK,--,1:07:26 PM,7/3/2025,
983,178.9,gf,3.795,mm,OK,--,1:07:26 PM,7/3/2025,
984,176.0,gf,3.790,mm,OK,--,1:07:26 PM,7/3/2025,
985,174.8,gf,3.790,mm,OK,--,1:07:26 PM,7/3/2025,
986,173.6,gf,3.790,mm,OK,--,1:07:26 PM,7/3/2025,
987,172.8,gf,3.785,mm,OK,--,1:07:26 PM,7/3/2025,
988,172.2,gf,3.785,mm,OK,--,1:07:26 PM,7/3/2025,
989,171.6,gf,3.785,mm,OK,--,1:07:26 PM,7/3/2025,
990,171.0,gf,3.785,mm,OK,--,1:07:26 PM,7/3/2025,
991,170.4,gf,3.785,mm,OK,--,1:07:26 PM,7/3/2025,
992,170.0,gf,3.785,mm,OK,--,1:07:27 PM,7/3/2025,
993,169.8,gf,3.785,mm,OK,--,1:07:27 PM,7/3/2025,
994,169.5,gf,3.785,mm,OK,--,1:07:27 PM,7/3/2025,
995,169.1,gf,3.785,mm,OK,--,1:07:27 PM,7/3/2025,
996,168.8,gf,3.785,mm,OK,--,1:07:27 PM,7/3/2025,
997,168.4,gf,3.785,mm,OK,--,1:07:27 PM,7/3/2025,
998,168.3,gf,3.785,mm,OK,--,1:07:27 PM,7/3/2025,
999,168.2,gf,3.780,mm,OK,--,1:07:27 PM,7/3/2025,
1000,168.0,gf,3.780,mm,OK,--,1:07:27 PM,7/3/2025,
1001,167.9,gf,3.780,mm,OK,--,1:07:27 PM,7/3/2025,
1002,167.7,gf,3.780,mm,OK,--,1:07:28 PM,7/3/2025,
1003,167.4,gf,3.780,mm,OK,--,1:07:28 PM,7/3/2025,
1004,167.2,gf,3.780,mm,OK,--,1:07:28 PM,7/3/2025,
1005,167.0,gf,3.780,mm,OK,--,1:07:28 PM,7/3/2025,
1006,166.9,gf,3.780,mm,OK,--,1:07:28 PM,7/3/2025,
1007,166.7,gf,3.780,mm,OK,--,1:07:28 PM,7/3/2025,
1008,166.4,gf,3.780,mm,OK,--,1:07:28 PM,7/3/2025,
1009,166.1,gf,3.780,mm,OK,--,1:07:28 PM,7/3/2025,
1010,165.8,gf,3.780,mm,OK,--,1:07:28 PM,7/3/2025,
1011,165.3,gf,3.780,mm,OK,--,1:07:28 PM,7/3/2025,
1012,164.7,gf,3.780,mm,OK,--,1:07:29 PM,7/3/2025,
1013,164.4,gf,3.780,mm,OK,--,1:07:29 PM,7/3/2025,
1014,164.2,gf,3.780,mm,OK,--,1:07:29 PM,7/3/2025,
1015,163.9,gf,3.780,mm,OK,--,1:07:29 PM,7/3/2025,
1016,163.5,gf,3.780,mm,OK,--,1:07:29 PM,7/3/2025,
1017,163.0,gf,3.780,mm,OK,--,1:07:29 PM,7/3/2025,
1018,162.3,gf,3.775,mm,OK,--,1:07:29 PM,7/3/2025,
1019,161.7,gf,3.775,mm,OK,--,1:07:29 PM,7/3/2025,
1020,161.1,gf,3.775,mm,OK,--,1:07:29 PM,7/3/2025,
1021,160.7,gf,3.775,mm,OK,--,1:07:29 PM,7/3/2025,
1022,160.4,gf,3.775,mm,OK,--,1:07:30 PM,7/3/2025,
1023,159.9,gf,3.775,mm,OK,--,1:07:30 PM,7/3/2025,
1024,159.3,gf,3.775,mm,OK,--,1:07:30 PM,7/3/2025,
1025,158.5,gf,3.775,mm,OK,--,1:07:30 PM,7/3/2025,
1026,157.7,gf,3.775,mm,OK,--,1:07:30 PM,7/3/2025,
1027,157.2,gf,3.770,mm,OK,--,1:07:30 PM,7/3/2025,
1028,156.7,gf,3.770,mm,OK,--,1:07:30 PM,7/3/2025,
1029,156.0,gf,3.770,mm,OK,--,1:07:30 PM,7/3/2025,
1030,155.0,gf,3.770,mm,OK,--,1:07:30 PM,7/3/2025,
1031,154.1,gf,3.770,mm,OK,--,1:07:30 PM,7/3/2025,
1032,153.1,gf,3.770,mm,OK,--,1:07:31 PM,7/3/2025,
1033,152.1,gf,3.770,mm,OK,--,1:07:31 PM,7/3/2025,
1034,151.5,gf,3.765,mm,OK,--,1:07:31 PM,7/3/2025,
1035,151.2,gf,3.765,mm,OK,--,1:07:31 PM,7/3/2025,
1036,150.9,gf,3.765,mm,OK,--,1:07:31 PM,7/3/2025,
1037,150.5,gf,3.765,mm,OK,--,1:07:31 PM,7/3/2025,
1038,150.1,gf,3.765,mm,OK,--,1:07:31 PM,7/3/2025,
1039,149.6,gf,3.765,mm,OK,--,1:07:31 PM,7/3/2025,
1040,149.1,gf,3.765,mm,OK,--,1:07:31 PM,7/3/2025,
1041,148.6,gf,3.765,mm,OK,--,1:07:31 PM,7/3/2025,
1042,148.1,gf,3.765,mm,OK,--,1:07:32 PM,7/3/2025,
1043,147.6,gf,3.765,mm,OK,--,1:07:32 PM,7/3/2025,
1044,147.0,gf,3.765,mm,OK,--,1:07:32 PM,7/3/2025,
1045,146.6,gf,3.760,mm,OK,--,1:07:32 PM,7/3/2025,
1046,145.9,gf,3.760,mm,OK,--,1:07:32 PM,7/3/2025,
1047,144.9,gf,3.760,mm,OK,--,1:07:32 PM,7/3/2025,
1048,143.8,gf,3.760,mm,OK,--,1:07:32 PM,7/3/2025,
1049,142.8,gf,3.760,mm,OK,--,1:07:32 PM,7/3/2025,
1050,141.6,gf,3.760,mm,OK,--,1:07:32 PM,7/3/2025,
1051,140.3,gf,3.755,mm,OK,--,1:07:32 PM,7/3/2025,
1052,138.9,gf,3.755,mm,OK,--,1:07:33 PM,7/3/2025,
1053,137.3,gf,3.755,mm,OK,--,1:07:33 PM,7/3/2025,
1054,135.8,gf,3.750,mm,OK,--,1:07:33 PM,7/3/2025,
1055,134.4,gf,3.750,mm,OK,--,1:07:33 PM,7/3/2025,
1056,133.1,gf,3.750,mm,OK,--,1:07:33 PM,7/3/2025,
1057,131.8,gf,3.750,mm,OK,--,1:07:33 PM,7/3/2025,
1058,130.8,gf,3.745,mm,OK,--,1:07:33 PM,7/3/2025,
1059,129.9,gf,3.745,mm,OK,--,1:07:33 PM,7/3/2025,
1060,129.0,gf,3.745,mm,OK,--,1:07:33 PM,7/3/2025,
1061,128.2,gf,3.745,mm,OK,--,1:07:33 PM,7/3/2025,
1062,127.2,gf,3.745,mm,OK,--,1:07:34 PM,7/3/2025,
1063,126.3,gf,3.740,mm,OK,--,1:07:34 PM,7/3/2025,
1064,125.4,gf,3.740,mm,OK,--,1:07:34 PM,7/3/2025,
1065,124.6,gf,3.740,mm,OK,--,1:07:34 PM,7/3/2025,
1066,123.9,gf,3.740,mm,OK,--,1:07:34 PM,7/3/2025,
1067,123.3,gf,3.740,mm,OK,--,1:07:34 PM,7/3/2025,
1068,122.4,gf,3.740,mm,OK,--,1:07:34 PM,7/3/2025,
1069,121.6,gf,3.735,mm,OK,--,1:07:34 PM,7/3/2025,
1070,120.9,gf,3.735,mm,OK,--,1:07:34 PM,7/3/2025,
1071,120.4,gf,3.735,mm,OK,--,1:07:34 PM,7/3/2025,
1072,119.7,gf,3.735,mm,OK,--,1:07:35 PM,7/3/2025,
1073,119.1,gf,3.735,mm,OK,--,1:07:35 PM,7/3/2025,
1074,118.4,gf,3.735,mm,OK,--,1:07:35 PM,7/3/2025,
1075,117.6,gf,3.735,mm,OK,--,1:07:35 PM,7/3/2025,
1076,116.9,gf,3.730,mm,OK,--,1:07:35 PM,7/3/2025,
1077,115.7,gf,3.730,mm,OK,--,1:07:35 PM,7/3/2025,
1078,114.5,gf,3.730,mm,OK,--,1:07:35 PM,7/3/2025,
1079,113.4,gf,3.730,mm,OK,--,1:07:35 PM,7/3/2025,
1080,112.2,gf,3.725,mm,OK,--,1:07:35 PM,7/3/2025,
1081,111.4,gf,3.725,mm,OK,--,1:07:35 PM,7/3/2025,
1082,110.3,gf,3.725,mm,OK,--,1:07:36 PM,7/3/2025,
1083,109.2,gf,3.725,mm,OK,--,1:07:36 PM,7/3/2025,
1084,107.9,gf,3.725,mm,OK,--,1:07:36 PM,7/3/2025,
1085,106.3,gf,3.720,mm,OK,--,1:07:36 PM,7/3/2025,
1086,104.5,gf,3.720,mm,OK,--,1:07:36 PM,7/3/2025,
1087,102.4,gf,3.715,mm,OK,--,1:07:36 PM,7/3/2025,
1088,100.3,gf,3.715,mm,OK,--,1:07:36 PM,7/3/2025,
1089,98.4,gf,3.715,mm,OK,--,1:07:36 PM,7/3/2025,
1090,96.7,gf,3.710,mm,OK,--,1:07:36 PM,7/3/2025,
1091,94.7,gf,3.710,mm,OK,--,1:07:36 PM,7/3/2025,
1092,92.9,gf,3.710,mm,OK,--,1:07:37 PM,7/3/2025,
1093,90.8,gf,3.705,mm,OK,--,1:07:37 PM,7/3/2025,
1094,89.2,gf,3.705,mm,OK,--,1:07:37 PM,7/3/2025,
1095,87.6,gf,3.700,mm,OK,--,1:07:37 PM,7/3/2025,
1096,86.2,gf,3.700,mm,OK,--,1:07:37 PM,7/3/2025,
1097,84.5,gf,3.700,mm,OK,--,1:07:37 PM,7/3/2025,
1098,83.1,gf,3.700,mm,OK,--,1:07:37 PM,7/3/2025,
1099,81.8,gf,3.695,mm,OK,--,1:07:37 PM,7/3/2025,
1100,80.3,gf,3.695,mm,OK,--,1:07:37 PM,7/3/2025,
1101,79.0,gf,3.695,mm,OK,--,1:07:37 PM,7/3/2025,
1102,77.9,gf,3.695,mm,OK,--,1:07:38 PM,7/3/2025,
1103,77.0,gf,3.690,mm,OK,--,1:07:38 PM,7/3/2025,
1104,76.0,gf,3.690,mm,OK,--,1:07:38 PM,7/3/2025,
1105,74.7,gf,3.690,mm,OK,--,1:07:38 PM,7/3/2025,
1106,73.5,gf,3.690,mm,OK,--,1:07:38 PM,7/3/2025,
1107,72.2,gf,3.685,mm,OK,--,1:07:38 PM,7/3/2025,
1108,70.7,gf,3.685,mm,OK,--,1:07:38 PM,7/3/2025,
1109,68.4,gf,3.685,mm,OK,--,1:07:38 PM,7/3/2025,
1110,64.5,gf,3.680,mm,OK,--,1:07:38 PM,7/3/2025,
1111,60.5,gf,3.675,mm,OK,--,1:07:38 PM,7/3/2025,
1112,56.3,gf,3.670,mm,OK,--,1:07:39 PM,7/3/2025,
1113,52.1,gf,3.665,mm,OK,--,1:07:39 PM,7/3/2025,
1114,47.7,gf,3.660,mm,OK,--,1:07:39 PM,7/3/2025,
1115,43.1,gf,3.655,mm,OK,--,1:07:39 PM,7/3/2025,
1116,42.2,gf,3.650,mm,OK,--,1:07:39 PM,7/3/2025,
1117,42.2,gf,3.650,mm,OK,--,1:07:39 PM,7/3/2025,
1118,42.2,gf,3.645,mm,OK,--,1:07:39 PM,7/3/2025,
1119,42.2,gf,3.645,mm,OK,--,1:07:39 PM,7/3/2025,
1120,42.2,gf,3.640,mm,OK,--,1:07:39 PM,7/3/2025,
1121,42.1,gf,3.640,mm,OK,--,1:07:39 PM,7/3/2025,
1122,42.1,gf,3.640,mm,OK,--,1:07:40 PM,7/3/2025,
1123,42.1,gf,3.635,mm,OK,--,1:07:40 PM,7/3/2025,
1124,42.1,gf,3.630,mm,OK,--,1:07:40 PM,7/3/2025,
1125,42.1,gf,3.630,mm,OK,--,1:07:40 PM,7/3/2025,
1126,42.1,gf,3.625,mm,OK,--,1:07:40 PM,7/3/2025,
1127,42.1,gf,3.620,mm,OK,--,1:07:40 PM,7/3/2025,
1128,42.1,gf,3.615,mm,OK,--,1:07:40 PM,7/3/2025,
1129,42.1,gf,3.615,mm,OK,--,1:07:40 PM,7/3/2025,
1130,42.0,gf,3.610,mm,OK,--,1:07:40 PM,7/3/2025,
1131,42.0,gf,3.605,mm,OK,--,1:07:40 PM,7/3/2025,
1132,42.0,gf,3.600,mm,OK,--,1:07:41 PM,7/3/2025,
1133,42.0,gf,3.600,mm,OK,--,1:07:41 PM,7/3/2025,
1134,42.0,gf,3.595,mm,OK,--,1:07:41 PM,7/3/2025,
1135,42.0,gf,3.590,mm,OK,--,1:07:41 PM,7/3/2025,
1136,42.0,gf,3.585,mm,OK,--,1:07:41 PM,7/3/2025,
1137,42.0,gf,3.580,mm,OK,--,1:07:41 PM,7/3/2025,
1138,42.0,gf,3.575,mm,OK,--,1:07:41 PM,7/3/2025,
1139,41.9,gf,3.570,mm,OK,--,1:07:41 PM,7/3/2025,
1140,41.9,gf,3.565,mm,OK,--,1:07:41 PM,7/3/2025,
1141,41.9,gf,3.560,mm,OK,--,1:07:41 PM,7/3/2025,
1142,41.9,gf,3.555,mm,OK,--,1:07:42 PM,7/3/2025,
1143,41.9,gf,3.550,mm,OK,--,1:07:42 PM,7/3/2025,
1144,41.9,gf,3.545,mm,OK,--,1:07:42 PM,7/3/2025,
1145,41.9,gf,3.540,mm,OK,--,1:07:42 PM,7/3/2025,
1146,41.8,gf,3.535,mm,OK,--,1:07:42 PM,7/3/2025,
1147,41.8,gf,3.530,mm,OK,--,1:07:42 PM,7/3/2025,
1148,41.8,gf,3.525,mm,OK,--,1:07:42 PM,7/3/2025,
1149,41.8,gf,3.520,mm,OK,--,1:07:42 PM,7/3/2025,
1150,41.8,gf,3.515,mm,OK,--,1:07:42 PM,7/3/2025,
1151,41.7,gf,3.510,mm,OK,--,1:07:42 PM,7/3/2025,
1152,41.7,gf,3.505,mm,OK,--,1:07:43 PM,7/3/2025,
1153,41.7,gf,3.505,mm,OK,--,1:07:43 PM,7/3/2025,
1154,41.7,gf,3.500,mm,OK,--,1:07:43 PM,7/3/2025,
1155,41.7,gf,3.495,mm,OK,--,1:07:43 PM,7/3/2025,
1156,41.7,gf,3.490,mm,OK,--,1:07:43 PM,7/3/2025,
1157,41.7,gf,3.490,mm,OK,--,1:07:43 PM,7/3/2025,
1158,41.6,gf,3.485,mm,OK,--,1:07:43 PM,7/3/2025,
1159,41.6,gf,3.480,mm,OK,--,1:07:43 PM,7/3/2025,
1160,41.6,gf,3.475,mm,OK,--,1:07:43 PM,7/3/2025,
1161,41.6,gf,3.470,mm,OK,--,1:07:43 PM,7/3/2025,
1162,41.6,gf,3.465,mm,OK,--,1:07:44 PM,7/3/2025,
1163,41.5,gf,3.465,mm,OK,--,1:07:44 PM,7/3/2025,
1164,41.5,gf,3.460,mm,OK,--,1:07:44 PM,7/3/2025,
1165,41.5,gf,3.455,mm,OK,--,1:07:44 PM,7/3/2025,
1166,41.5,gf,3.455,mm,OK,--,1:07:44 PM,7/3/2025,
1167,41.5,gf,3.450,mm,OK,--,1:07:44 PM,7/3/2025,
1168,41.5,gf,3.445,mm,OK,--,1:07:44 PM,7/3/2025,
1169,41.5,gf,3.440,mm,OK,--,1:07:44 PM,7/3/2025,
1170,41.4,gf,3.435,mm,OK,--,1:07:44 PM,7/3/2025,
1171,41.4,gf,3.430,mm,OK,--,1:07:44 PM,7/3/2025,
1172,41.4,gf,3.430,mm,OK,--,1:07:45 PM,7/3/2025,
1173,41.4,gf,3.425,mm,OK,--,1:07:45 PM,7/3/2025,
1174,41.4,gf,3.415,mm,OK,--,1:07:45 PM,7/3/2025,
1175,41.4,gf,3.410,mm,OK,--,1:07:45 PM,7/3/2025,
1176,41.4,gf,3.405,mm,OK,--,1:07:45 PM,7/3/2025,
1177,41.3,gf,3.400,mm,OK,--,1:07:45 PM,7/3/2025,
1178,41.3,gf,3.395,mm,OK,--,1:07:45 PM,7/3/2025,
1179,41.3,gf,3.385,mm,OK,--,1:07:45 PM,7/3/2025,
1180,41.3,gf,3.380,mm,OK,--,1:07:45 PM,7/3/2025,
1181,41.2,gf,3.375,mm,OK,--,1:07:45 PM,7/3/2025,
1182,41.2,gf,3.370,mm,OK,--,1:07:46 PM,7/3/2025,
1183,41.2,gf,3.360,mm,OK,--,1:07:46 PM,7/3/2025,
1184,41.2,gf,3.355,mm,OK,--,1:07:46 PM,7/3/2025,
1185,41.2,gf,3.350,mm,OK,--,1:07:46 PM,7/3/2025,
1186,41.2,gf,3.350,mm,OK,--,1:07:46 PM,7/3/2025,
1187,41.2,gf,3.345,mm,OK,--,1:07:46 PM,7/3/2025,
1188,41.2,gf,3.340,mm,OK,--,1:07:46 PM,7/3/2025,
1189,41.1,gf,3.335,mm,OK,--,1:07:46 PM,7/3/2025,
1190,41.1,gf,3.330,mm,OK,--,1:07:46 PM,7/3/2025,
1191,41.1,gf,3.330,mm,OK,--,1:07:46 PM,7/3/2025,
1192,41.1,gf,3.325,mm,OK,--,1:07:47 PM,7/3/2025,
1193,41.1,gf,3.320,mm,OK,--,1:07:47 PM,7/3/2025,
1194,41.1,gf,3.315,mm,OK,--,1:07:47 PM,7/3/2025,
1195,41.0,gf,3.310,mm,OK,--,1:07:47 PM,7/3/2025,
1196,41.0,gf,3.305,mm,OK,--,1:07:47 PM,7/3/2025,
1197,41.0,gf,3.305,mm,OK,--,1:07:47 PM,7/3/2025,
1198,41.0,gf,3.300,mm,OK,--,1:07:47 PM,7/3/2025,
1199,40.9,gf,3.295,mm,OK,--,1:07:47 PM,7/3/2025,
1200,40.9,gf,3.290,mm,OK,--,1:07:47 PM,7/3/2025,
1201,40.9,gf,3.285,mm,OK,--,1:07:47 PM,7/3/2025,
1202,40.9,gf,3.280,mm,OK,--,1:07:48 PM,7/3/2025,
1203,40.8,gf,3.275,mm,OK,--,1:07:48 PM,7/3/2025,
1204,40.8,gf,3.270,mm,OK,--,1:07:48 PM,7/3/2025,
1205,40.8,gf,3.260,mm,OK,--,1:07:48 PM,7/3/2025,
1206,40.7,gf,3.255,mm,OK,--,1:07:48 PM,7/3/2025,
1207,40.6,gf,3.245,mm,OK,--,1:07:48 PM,7/3/2025,
1208,40.6,gf,3.240,mm,OK,--,1:07:48 PM,7/3/2025,
1209,40.6,gf,3.235,mm,OK,--,1:07:48 PM,7/3/2025,
1210,40.5,gf,3.225,mm,OK,--,1:07:48 PM,7/3/2025,
1211,40.5,gf,3.215,mm,OK,--,1:07:48 PM,7/3/2025,
1212,40.4,gf,3.205,mm,OK,--,1:07:49 PM,7/3/2025,
1213,40.3,gf,3.195,mm,OK,--,1:07:49 PM,7/3/2025,
1214,40.4,gf,3.185,mm,OK,--,1:07:49 PM,7/3/2025,
1215,40.3,gf,3.175,mm,OK,--,1:07:49 PM,7/3/2025,
1216,40.3,gf,3.165,mm,OK,--,1:07:49 PM,7/3/2025,
1217,40.2,gf,3.150,mm,OK,--,1:07:49 PM,7/3/2025,
1218,40.2,gf,3.135,mm,OK,--,1:07:49 PM,7/3/2025,
1219,40.2,gf,3.130,mm,OK,--,1:07:49 PM,7/3/2025,
1220,40.2,gf,3.120,mm,OK,--,1:07:49 PM,7/3/2025,
1221,40.1,gf,3.115,mm,OK,--,1:07:49 PM,7/3/2025,
1222,40.1,gf,3.105,mm,OK,--,1:07:50 PM,7/3/2025,
1223,40.1,gf,3.100,mm,OK,--,1:07:50 PM,7/3/2025,
1224,40.1,gf,3.090,mm,OK,--,1:07:50 PM,7/3/2025,
1225,40.1,gf,3.085,mm,OK,--,1:07:50 PM,7/3/2025,
1226,40.0,gf,3.075,mm,OK,--,1:07:50 PM,7/3/2025,
1227,40.0,gf,3.070,mm,OK,--,1:07:50 PM,7/3/2025,
1228,40.0,gf,3.065,mm,OK,--,1:07:50 PM,7/3/2025,
1229,40.0,gf,3.060,mm,OK,--,1:07:50 PM,7/3/2025,
1230,40.0,gf,3.055,mm,OK,--,1:07:50 PM,7/3/2025,
1231,40.0,gf,3.050,mm,OK,--,1:07:50 PM,7/3/2025,
1232,40.0,gf,3.045,mm,OK,--,1:07:51 PM,7/3/2025,
1233,40.0,gf,3.040,mm,OK,--,1:07:51 PM,7/3/2025,
1234,40.0,gf,3.035,mm,OK,--,1:07:51 PM,7/3/2025,
1235,40.0,gf,3.030,mm,OK,--,1:07:51 PM,7/3/2025,
1236,39.9,gf,3.025,mm,OK,--,1:07:51 PM,7/3/2025,
1237,39.9,gf,3.025,mm,OK,--,1:07:51 PM,7/3/2025,
1238,39.9,gf,3.020,mm,OK,--,1:07:51 PM,7/3/2025,
1239,39.9,gf,3.015,mm,OK,--,1:07:51 PM,7/3/2025,
1240,39.9,gf,3.015,mm,OK,--,1:07:51 PM,7/3/2025,
1241,39.9,gf,3.010,mm,OK,--,1:07:51 PM,7/3/2025,
1242,39.9,gf,3.005,mm,OK,--,1:07:52 PM,7/3/2025,
1243,39.9,gf,3.000,mm,OK,--,1:07:52 PM,7/3/2025,
1244,39.9,gf,3.000,mm,OK,--,1:07:52 PM,7/3/2025,
1245,39.9,gf,3.000,mm,OK,--,1:07:52 PM,7/3/2025,
1246,39.9,gf,2.995,mm,OK,--,1:07:52 PM,7/3/2025,
1247,39.9,gf,2.995,mm,OK,--,1:07:52 PM,7/3/2025,
1248,39.9,gf,2.990,mm,OK,--,1:07:52 PM,7/3/2025,
1249,39.9,gf,2.990,mm,OK,--,1:07:52 PM,7/3/2025,
1250,39.9,gf,2.990,mm,OK,--,1:07:52 PM,7/3/2025,
1251,39.8,gf,2.985,mm,OK,--,1:07:52 PM,7/3/2025,
1252,39.8,gf,2.985,mm,OK,--,1:07:53 PM,7/3/2025,
1253,39.8,gf,2.980,mm,OK,--,1:07:53 PM,7/3/2025,
1254,39.8,gf,2.980,mm,OK,--,1:07:53 PM,7/3/2025,
1255,39.8,gf,2.975,mm,OK,--,1:07:53 PM,7/3/2025,
1256,39.8,gf,2.975,mm,OK,--,1:07:53 PM,7/3/2025,
1257,39.8,gf,2.970,mm,OK,--,1:07:53 PM,7/3/2025,
1258,39.8,gf,2.970,mm,OK,--,1:07:53 PM,7/3/2025,
1259,39.8,gf,2.965,mm,OK,--,1:07:53 PM,7/3/2025,
1260,39.8,gf,2.965,mm,OK,--,1:07:53 PM,7/3/2025,
1261,39.8,gf,2.960,mm,OK,--,1:07:53 PM,7/3/2025,
1262,39.8,gf,2.955,mm,OK,--,1:07:54 PM,7/3/2025,
1263,39.8,gf,2.955,mm,OK,--,1:07:54 PM,7/3/2025,
1264,39.8,gf,2.950,mm,OK,--,1:07:54 PM,7/3/2025,
1265,39.7,gf,2.945,mm,OK,--,1:07:54 PM,7/3/2025,
1266,39.7,gf,2.940,mm,OK,--,1:07:54 PM,7/3/2025,
1267,39.7,gf,2.935,mm,OK,--,1:07:54 PM,7/3/2025,
1268,39.7,gf,2.930,mm,OK,--,1:07:54 PM,7/3/2025,
1269,39.7,gf,2.930,mm,OK,--,1:07:54 PM,7/3/2025,
1270,39.7,gf,2.925,mm,OK,--,1:07:54 PM,7/3/2025,
1271,39.7,gf,2.920,mm,OK,--,1:07:54 PM,7/3/2025,
1272,39.6,gf,2.915,mm,OK,--,1:07:55 PM,7/3/2025,
1273,39.6,gf,2.910,mm,OK,--,1:07:55 PM,7/3/2025,
1274,39.6,gf,2.910,mm,OK,--,1:07:55 PM,7/3/2025,
1275,39.6,gf,2.905,mm,OK,--,1:07:55 PM,7/3/2025,
1276,39.5,gf,2.890,mm,OK,--,1:07:55 PM,7/3/2025,
1277,39.5,gf,2.875,mm,OK,--,1:07:55 PM,7/3/2025,
1278,39.4,gf,2.870,mm,OK,--,1:07:55 PM,7/3/2025,
1279,39.3,gf,2.860,mm,OK,--,1:07:55 PM,7/3/2025,
1280,39.3,gf,2.855,mm,OK,--,1:07:55 PM,7/3/2025,
1281,39.3,gf,2.840,mm,OK,--,1:07:55 PM,7/3/2025,
1282,39.2,gf,2.820,mm,OK,--,1:07:56 PM,7/3/2025,
1283,39.2,gf,2.810,mm,OK,--,1:07:56 PM,7/3/2025,
1284,39.2,gf,2.805,mm,OK,--,1:07:56 PM,7/3/2025,
1285,39.2,gf,2.800,mm,OK,--,1:07:56 PM,7/3/2025,
1286,39.2,gf,2.795,mm,OK,--,1:07:56 PM,7/3/2025,
1287,39.1,gf,2.790,mm,OK,--,1:07:56 PM,7/3/2025,
1288,39.1,gf,2.785,mm,OK,--,1:07:56 PM,7/3/2025,
1289,39.2,gf,2.785,mm,OK,--,1:07:56 PM,7/3/2025,
1290,39.1,gf,2.785,mm,OK,--,1:07:56 PM,7/3/2025,
1291,39.1,gf,2.780,mm,OK,--,1:07:56 PM,7/3/2025,
1292,39.1,gf,2.775,mm,OK,--,1:07:57 PM,7/3/2025,
1293,39.1,gf,2.770,mm,OK,--,1:07:57 PM,7/3/2025,
1294,39.1,gf,2.765,mm,OK,--,1:07:57 PM,7/3/2025,
1295,39.1,gf,2.760,mm,OK,--,1:07:57 PM,7/3/2025,
1296,39.0,gf,2.750,mm,OK,--,1:07:57 PM,7/3/2025,
1297,39.0,gf,2.740,mm,OK,--,1:07:57 PM,7/3/2025,
1298,39.0,gf,2.735,mm,OK,--,1:07:57 PM,7/3/2025,
1299,39.0,gf,2.735,mm,OK,--,1:07:57 PM,7/3/2025,
1300,39.0,gf,2.730,mm,OK,--,1:07:57 PM,7/3/2025,
1301,38.9,gf,2.725,mm,OK,--,1:07:57 PM,7/3/2025,
1302,38.9,gf,2.720,mm,OK,--,1:07:58 PM,7/3/2025,
1303,38.9,gf,2.715,mm,OK,--,1:07:58 PM,7/3/2025,
1304,38.9,gf,2.705,mm,OK,--,1:07:58 PM,7/3/2025,
1305,38.9,gf,2.695,mm,OK,--,1:07:58 PM,7/3/2025,
1306,38.9,gf,2.695,mm,OK,--,1:07:58 PM,7/3/2025,
1307,38.8,gf,2.690,mm,OK,--,1:07:58 PM,7/3/2025,
1308,38.8,gf,2.685,mm,OK,--,1:07:58 PM,7/3/2025,
1309,38.8,gf,2.680,mm,OK,--,1:07:58 PM,7/3/2025,
1310,38.8,gf,2.675,mm,OK,--,1:07:58 PM,7/3/2025,
1311,38.8,gf,2.675,mm,OK,--,1:07:58 PM,7/3/2025,
1312,38.8,gf,2.670,mm,OK,--,1:07:59 PM,7/3/2025,
1313,38.8,gf,2.665,mm,OK,--,1:07:59 PM,7/3/2025,
1314,38.8,gf,2.660,mm,OK,--,1:07:59 PM,7/3/2025,
1315,38.7,gf,2.650,mm,OK,--,1:07:59 PM,7/3/2025,
1316,38.7,gf,2.635,mm,OK,--,1:07:59 PM,7/3/2025,
1317,38.6,gf,2.625,mm,OK,--,1:07:59 PM,7/3/2025,
1318,38.5,gf,2.605,mm,OK,--,1:07:59 PM,7/3/2025,
1319,38.5,gf,2.595,mm,OK,--,1:07:59 PM,7/3/2025,
1320,38.5,gf,2.590,mm,OK,--,1:07:59 PM,7/3/2025,
1321,38.5,gf,2.585,mm,OK,--,1:07:59 PM,7/3/2025,
1322,38.5,gf,2.580,mm,OK,--,1:08:00 PM,7/3/2025,
1323,38.4,gf,2.570,mm,OK,--,1:08:00 PM,7/3/2025,
1324,38.4,gf,2.560,mm,OK,--,1:08:00 PM,7/3/2025,
1325,38.3,gf,2.545,mm,OK,--,1:08:00 PM,7/3/2025,
1326,38.2,gf,2.525,mm,OK,--,1:08:00 PM,7/3/2025,
1327,38.3,gf,2.505,mm,OK,--,1:08:00 PM,7/3/2025,
1328,38.2,gf,2.490,mm,OK,--,1:08:00 PM,7/3/2025,
1329,38.1,gf,2.485,mm,OK,--,1:08:00 PM,7/3/2025,
1330,38.1,gf,2.470,mm,OK,--,1:08:00 PM,7/3/2025,
1331,38.1,gf,2.455,mm,OK,--,1:08:00 PM,7/3/2025,
1332,38.1,gf,2.435,mm,OK,--,1:08:01 PM,7/3/2025,
1333,38.0,gf,2.425,mm,OK,--,1:08:01 PM,7/3/2025,
1334,38.0,gf,2.420,mm,OK,--,1:08:01 PM,7/3/2025,
1335,38.0,gf,2.415,mm,OK,--,1:08:01 PM,7/3/2025,
1336,38.0,gf,2.410,mm,OK,--,1:08:01 PM,7/3/2025,
1337,38.0,gf,2.405,mm,OK,--,1:08:01 PM,7/3/2025,
1338,37.9,gf,2.395,mm,OK,--,1:08:01 PM,7/3/2025,
1339,37.9,gf,2.385,mm,OK,--,1:08:01 PM,7/3/2025,
1340,37.9,gf,2.370,mm,OK,--,1:08:01 PM,7/3/2025,
1341,37.8,gf,2.355,mm,OK,--,1:08:01 PM,7/3/2025,
1342,37.8,gf,2.345,mm,OK,--,1:08:02 PM,7/3/2025,
1343,37.8,gf,2.335,mm,OK,--,1:08:02 PM,7/3/2025,
1344,37.7,gf,2.325,mm,OK,--,1:08:02 PM,7/3/2025,
1345,37.7,gf,2.310,mm,OK,--,1:08:02 PM,7/3/2025,
1346,37.6,gf,2.295,mm,OK,--,1:08:02 PM,7/3/2025,
1347,37.6,gf,2.285,mm,OK,--,1:08:02 PM,7/3/2025,
1348,37.6,gf,2.270,mm,OK,--,1:08:02 PM,7/3/2025,
1349,37.6,gf,2.260,mm,OK,--,1:08:02 PM,7/3/2025,
1350,37.5,gf,2.250,mm,OK,--,1:08:02 PM,7/3/2025,
1351,37.5,gf,2.245,mm,OK,--,1:08:02 PM,7/3/2025,
1352,37.5,gf,2.240,mm,OK,--,1:08:03 PM,7/3/2025,
1353,37.5,gf,2.235,mm,OK,--,1:08:03 PM,7/3/2025,
1354,37.5,gf,2.230,mm,OK,--,1:08:03 PM,7/3/2025,
1355,37.5,gf,2.225,mm,OK,--,1:08:03 PM,7/3/2025,
1356,37.5,gf,2.220,mm,OK,--,1:08:03 PM,7/3/2025,
1357,37.5,gf,2.215,mm,OK,--,1:08:03 PM,7/3/2025,
1358,37.5,gf,2.210,mm,OK,--,1:08:03 PM,7/3/2025,
1359,37.4,gf,2.200,mm,OK,--,1:08:03 PM,7/3/2025,
1360,37.4,gf,2.195,mm,OK,--,1:08:03 PM,7/3/2025,
1361,37.4,gf,2.185,mm,OK,--,1:08:03 PM,7/3/2025,
1362,37.4,gf,2.175,mm,OK,--,1:08:04 PM,7/3/2025,
1363,37.3,gf,2.165,mm,OK,--,1:08:04 PM,7/3/2025,
1364,37.3,gf,2.155,mm,OK,--,1:08:04 PM,7/3/2025,
1365,37.2,gf,2.145,mm,OK,--,1:08:04 PM,7/3/2025,
1366,37.2,gf,2.130,mm,OK,--,1:08:04 PM,7/3/2025,
1367,37.2,gf,2.115,mm,OK,--,1:08:04 PM,7/3/2025,
1368,37.1,gf,2.105,mm,OK,--,1:08:04 PM,7/3/2025,
1369,37.0,gf,2.090,mm,OK,--,1:08:04 PM,7/3/2025,
1370,37.0,gf,2.075,mm,OK,--,1:08:04 PM,7/3/2025,
1371,36.9,gf,2.060,mm,OK,--,1:08:04 PM,7/3/2025,
1372,36.9,gf,2.040,mm,OK,--,1:08:05 PM,7/3/2025,
1373,36.8,gf,2.020,mm,OK,--,1:08:05 PM,7/3/2025,
1374,36.8,gf,2.000,mm,OK,--,1:08:05 PM,7/3/2025,
1375,36.7,gf,1.980,mm,OK,--,1:08:05 PM,7/3/2025,
1376,36.7,gf,1.960,mm,OK,--,1:08:05 PM,7/3/2025,
1377,36.7,gf,1.945,mm,OK,--,1:08:05 PM,7/3/2025,
1378,36.6,gf,1.935,mm,OK,--,1:08:05 PM,7/3/2025,
1379,36.6,gf,1.920,mm,OK,--,1:08:05 PM,7/3/2025,
1380,36.6,gf,1.910,mm,OK,--,1:08:05 PM,7/3/2025,
1381,36.5,gf,1.900,mm,OK,--,1:08:05 PM,7/3/2025,
1382,36.5,gf,1.885,mm,OK,--,1:08:06 PM,7/3/2025,
1383,36.4,gf,1.870,mm,OK,--,1:08:06 PM,7/3/2025,
1384,36.4,gf,1.860,mm,OK,--,1:08:06 PM,7/3/2025,
1385,36.4,gf,1.850,mm,OK,--,1:08:06 PM,7/3/2025,
1386,36.4,gf,1.840,mm,OK,--,1:08:06 PM,7/3/2025,
1387,36.3,gf,1.835,mm,OK,--,1:08:06 PM,7/3/2025,
1388,36.3,gf,1.825,mm,OK,--,1:08:06 PM,7/3/2025,
1389,36.3,gf,1.820,mm,OK,--,1:08:06 PM,7/3/2025,
1390,36.2,gf,1.810,mm,OK,--,1:08:06 PM,7/3/2025,
1391,36.2,gf,1.805,mm,OK,--,1:08:06 PM,7/3/2025,
1392,36.2,gf,1.795,mm,OK,--,1:08:07 PM,7/3/2025,
1393,36.2,gf,1.785,mm,OK,--,1:08:07 PM,7/3/2025,
1394,36.2,gf,1.780,mm,OK,--,1:08:07 PM,7/3/2025,
1395,36.1,gf,1.770,mm,OK,--,1:08:07 PM,7/3/2025,
1396,36.1,gf,1.770,mm,OK,--,1:08:07 PM,7/3/2025,
1397,36.1,gf,1.760,mm,OK,--,1:08:07 PM,7/3/2025,
1398,36.1,gf,1.755,mm,OK,--,1:08:07 PM,7/3/2025,
1399,36.1,gf,1.755,mm,OK,--,1:08:07 PM,7/3/2025,
1400,36.1,gf,1.750,mm,OK,--,1:08:07 PM,7/3/2025,
1401,36.1,gf,1.745,mm,OK,--,1:08:07 PM,7/3/2025,
1402,36.1,gf,1.745,mm,OK,--,1:08:08 PM,7/3/2025,
1403,36.1,gf,1.740,mm,OK,--,1:08:08 PM,7/3/2025,
1404,36.0,gf,1.735,mm,OK,--,1:08:08 PM,7/3/2025,
1405,36.0,gf,1.735,mm,OK,--,1:08:08 PM,7/3/2025,
1406,36.0,gf,1.730,mm,OK,--,1:08:08 PM,7/3/2025,
1407,36.0,gf,1.725,mm,OK,--,1:08:08 PM,7/3/2025,
1408,36.0,gf,1.715,mm,OK,--,1:08:08 PM,7/3/2025,
1409,36.0,gf,1.710,mm,OK,--,1:08:08 PM,7/3/2025,
1410,36.0,gf,1.710,mm,OK,--,1:08:08 PM,7/3/2025,
1411,36.0,gf,1.710,mm,OK,--,1:08:08 PM,7/3/2025,
1412,36.0,gf,1.710,mm,OK,--,1:08:09 PM,7/3/2025,
1413,36.0,gf,1.710,mm,OK,--,1:08:09 PM,7/3/2025,
1414,36.0,gf,1.705,mm,OK,--,1:08:09 PM,7/3/2025,
1415,35.9,gf,1.705,mm,OK,--,1:08:09 PM,7/3/2025,
1416,35.9,gf,1.705,mm,OK,--,1:08:09 PM,7/3/2025,
1417,35.9,gf,1.700,mm,OK,--,1:08:09 PM,7/3/2025,
1418,35.9,gf,1.700,mm,OK,--,1:08:09 PM,7/3/2025,
1419,35.9,gf,1.700,mm,OK,--,1:08:09 PM,7/3/2025,
1420,35.9,gf,1.695,mm,OK,--,1:08:09 PM,7/3/2025,
1421,35.9,gf,1.695,mm,OK,--,1:08:09 PM,7/3/2025,
1422,35.9,gf,1.690,mm,OK,--,1:08:10 PM,7/3/2025,
1423,35.9,gf,1.685,mm,OK,--,1:08:10 PM,7/3/2025,
1424,35.9,gf,1.680,mm,OK,--,1:08:10 PM,7/3/2025,
1425,35.8,gf,1.670,mm,OK,--,1:08:10 PM,7/3/2025,
1426,35.8,gf,1.660,mm,OK,--,1:08:10 PM,7/3/2025,
1427,35.8,gf,1.650,mm,OK,--,1:08:10 PM,7/3/2025,
1428,35.8,gf,1.640,mm,OK,--,1:08:10 PM,7/3/2025,
1429,35.7,gf,1.625,mm,OK,--,1:08:10 PM,7/3/2025,
1430,35.7,gf,1.615,mm,OK,--,1:08:10 PM,7/3/2025,
1431,35.7,gf,1.600,mm,OK,--,1:08:10 PM,7/3/2025,
1432,35.6,gf,1.590,mm,OK,--,1:08:11 PM,7/3/2025,
1433,35.6,gf,1.580,mm,OK,--,1:08:11 PM,7/3/2025,
1434,35.6,gf,1.570,mm,OK,--,1:08:11 PM,7/3/2025,
1435,35.5,gf,1.565,mm,OK,--,1:08:11 PM,7/3/2025,
1436,35.5,gf,1.555,mm,OK,--,1:08:11 PM,7/3/2025,
1437,35.5,gf,1.550,mm,OK,--,1:08:11 PM,7/3/2025,
1438,35.5,gf,1.540,mm,OK,--,1:08:11 PM,7/3/2025,
1439,35.4,gf,1.535,mm,OK,--,1:08:11 PM,7/3/2025,
1440,35.4,gf,1.525,mm,OK,--,1:08:11 PM,7/3/2025,
1441,35.4,gf,1.520,mm,OK,--,1:08:11 PM,7/3/2025,
1442,35.4,gf,1.505,mm,OK,--,1:08:12 PM,7/3/2025,
1443,35.3,gf,1.495,mm,OK,--,1:08:12 PM,7/3/2025,
1444,35.3,gf,1.485,mm,OK,--,1:08:12 PM,7/3/2025,
1445,35.3,gf,1.475,mm,OK,--,1:08:12 PM,7/3/2025,
1446,35.2,gf,1.465,mm,OK,--,1:08:12 PM,7/3/2025,
1447,35.2,gf,1.460,mm,OK,--,1:08:12 PM,7/3/2025,
1448,35.2,gf,1.450,mm,OK,--,1:08:12 PM,7/3/2025,
1449,35.2,gf,1.445,mm,OK,--,1:08:12 PM,7/3/2025,
1450,35.2,gf,1.440,mm,OK,--,1:08:12 PM,7/3/2025,
1451,35.1,gf,1.435,mm,OK,--,1:08:12 PM,7/3/2025,
1452,35.1,gf,1.430,mm,OK,--,1:08:13 PM,7/3/2025,
1453,35.1,gf,1.425,mm,OK,--,1:08:13 PM,7/3/2025,
1454,35.1,gf,1.420,mm,OK,--,1:08:13 PM,7/3/2025,
1455,35.1,gf,1.415,mm,OK,--,1:08:13 PM,7/3/2025,
1456,35.1,gf,1.410,mm,OK,--,1:08:13 PM,7/3/2025,
1457,35.1,gf,1.410,mm,OK,--,1:08:13 PM,7/3/2025,
1458,35.0,gf,1.405,mm,OK,--,1:08:13 PM,7/3/2025,
1459,35.0,gf,1.395,mm,OK,--,1:08:13 PM,7/3/2025,
1460,35.0,gf,1.390,mm,OK,--,1:08:13 PM,7/3/2025,
1461,35.0,gf,1.380,mm,OK,--,1:08:13 PM,7/3/2025,
1462,35.0,gf,1.375,mm,OK,--,1:08:14 PM,7/3/2025,
1463,34.9,gf,1.365,mm,OK,--,1:08:14 PM,7/3/2025,
1464,34.9,gf,1.360,mm,OK,--,1:08:14 PM,7/3/2025,
1465,34.9,gf,1.355,mm,OK,--,1:08:14 PM,7/3/2025,
1466,34.9,gf,1.350,mm,OK,--,1:08:14 PM,7/3/2025,
1467,34.9,gf,1.340,mm,OK,--,1:08:14 PM,7/3/2025,
1468,34.8,gf,1.335,mm,OK,--,1:08:14 PM,7/3/2025,
1469,34.8,gf,1.330,mm,OK,--,1:08:14 PM,7/3/2025,
1470,34.8,gf,1.325,mm,OK,--,1:08:14 PM,7/3/2025,
1471,34.8,gf,1.320,mm,OK,--,1:08:14 PM,7/3/2025,
1472,34.8,gf,1.315,mm,OK,--,1:08:15 PM,7/3/2025,
1473,34.8,gf,1.305,mm,OK,--,1:08:15 PM,7/3/2025,
1474,34.7,gf,1.300,mm,OK,--,1:08:15 PM,7/3/2025,
1475,34.7,gf,1.295,mm,OK,--,1:08:15 PM,7/3/2025,
1476,34.7,gf,1.285,mm,OK,--,1:08:15 PM,7/3/2025,
1477,34.7,gf,1.280,mm,OK,--,1:08:15 PM,7/3/2025,
1478,34.7,gf,1.275,mm,OK,--,1:08:15 PM,7/3/2025,
1479,34.6,gf,1.270,mm,OK,--,1:08:15 PM,7/3/2025,
1480,34.6,gf,1.265,mm,OK,--,1:08:15 PM,7/3/2025,
1481,34.6,gf,1.260,mm,OK,--,1:08:15 PM,7/3/2025,
1482,34.6,gf,1.255,mm,OK,--,1:08:16 PM,7/3/2025,
1483,34.6,gf,1.250,mm,OK,--,1:08:16 PM,7/3/2025,
1484,34.6,gf,1.245,mm,OK,--,1:08:16 PM,7/3/2025,
1485,34.5,gf,1.240,mm,OK,--,1:08:16 PM,7/3/2025,
1486,34.5,gf,1.230,mm,OK,--,1:08:16 PM,7/3/2025,
1487,34.5,gf,1.225,mm,OK,--,1:08:16 PM,7/3/2025,
1488,34.5,gf,1.220,mm,OK,--,1:08:16 PM,7/3/2025,
1489,34.5,gf,1.215,mm,OK,--,1:08:16 PM,7/3/2025,
1490,34.4,gf,1.215,mm,OK,--,1:08:16 PM,7/3/2025,
1491,34.4,gf,1.210,mm,OK,--,1:08:16 PM,7/3/2025,
1492,34.4,gf,1.205,mm,OK,--,1:08:17 PM,7/3/2025,
1493,34.4,gf,1.200,mm,OK,--,1:08:17 PM,7/3/2025,
1494,34.4,gf,1.200,mm,OK,--,1:08:17 PM,7/3/2025,
1495,34.4,gf,1.195,mm,OK,--,1:08:17 PM,7/3/2025,
1496,34.3,gf,1.185,mm,OK,--,1:08:17 PM,7/3/2025,
1497,34.3,gf,1.175,mm,OK,--,1:08:17 PM,7/3/2025,
1498,34.3,gf,1.165,mm,OK,--,1:08:17 PM,7/3/2025,
1499,34.2,gf,1.160,mm,OK,--,1:08:17 PM,7/3/2025,
1500,34.2,gf,1.155,mm,OK,--,1:08:17 PM,7/3/2025,
1501,34.2,gf,1.150,mm,OK,--,1:08:17 PM,7/3/2025,
1502,34.2,gf,1.145,mm,OK,--,1:08:18 PM,7/3/2025,
1503,34.2,gf,1.140,mm,OK,--,1:08:18 PM,7/3/2025,
1504,34.2,gf,1.140,mm,OK,--,1:08:18 PM,7/3/2025,
1505,34.1,gf,1.135,mm,OK,--,1:08:18 PM,7/3/2025,
1506,34.1,gf,1.135,mm,OK,--,1:08:18 PM,7/3/2025,
1507,34.1,gf,1.130,mm,OK,--,1:08:18 PM,7/3/2025,
1508,34.1,gf,1.125,mm,OK,--,1:08:18 PM,7/3/2025,
1509,34.1,gf,1.120,mm,OK,--,1:08:18 PM,7/3/2025,
1510,34.1,gf,1.115,mm,OK,--,1:08:18 PM,7/3/2025,
1511,34.1,gf,1.110,mm,OK,--,1:08:18 PM,7/3/2025,
1512,34.1,gf,1.105,mm,OK,--,1:08:19 PM,7/3/2025,
1513,34.0,gf,1.100,mm,OK,--,1:08:19 PM,7/3/2025,
1514,34.0,gf,1.095,mm,OK,--,1:08:19 PM,7/3/2025,
1515,34.0,gf,1.095,mm,OK,--,1:08:19 PM,7/3/2025,
1516,34.0,gf,1.090,mm,OK,--,1:08:19 PM,7/3/2025,
1517,34.0,gf,1.085,mm,OK,--,1:08:19 PM,7/3/2025,
1518,34.0,gf,1.080,mm,OK,--,1:08:19 PM,7/3/2025,
1519,34.0,gf,1.075,mm,OK,--,1:08:19 PM,7/3/2025,
1520,33.9,gf,1.075,mm,OK,--,1:08:19 PM,7/3/2025,
1521,33.9,gf,1.070,mm,OK,--,1:08:19 PM,7/3/2025,
1522,33.9,gf,1.070,mm,OK,--,1:08:20 PM,7/3/2025,
1523,33.9,gf,1.065,mm,OK,--,1:08:20 PM,7/3/2025,
1524,33.9,gf,1.065,mm,OK,--,1:08:20 PM,7/3/2025,
1525,33.9,gf,1.060,mm,OK,--,1:08:20 PM,7/3/2025,
1526,33.9,gf,1.055,mm,OK,--,1:08:20 PM,7/3/2025,
1527,33.9,gf,1.050,mm,OK,--,1:08:20 PM,7/3/2025,
1528,33.9,gf,1.050,mm,OK,--,1:08:20 PM,7/3/2025,
1529,33.9,gf,1.045,mm,OK,--,1:08:20 PM,7/3/2025,
1530,33.8,gf,1.040,mm,OK,--,1:08:20 PM,7/3/2025,
1531,33.8,gf,1.035,mm,OK,--,1:08:20 PM,7/3/2025,
1532,33.8,gf,1.035,mm,OK,--,1:08:21 PM,7/3/2025,
1533,33.8,gf,1.030,mm,OK,--,1:08:21 PM,7/3/2025,
1534,33.8,gf,1.025,mm,OK,--,1:08:21 PM,7/3/2025,
1535,33.8,gf,1.020,mm,OK,--,1:08:21 PM,7/3/2025,
1536,33.8,gf,1.015,mm,OK,--,1:08:21 PM,7/3/2025,
1537,33.8,gf,1.005,mm,OK,--,1:08:21 PM,7/3/2025,
1538,33.7,gf,1.000,mm,OK,--,1:08:21 PM,7/3/2025,
1539,33.7,gf,0.995,mm,OK,--,1:08:21 PM,7/3/2025,
1540,33.7,gf,0.990,mm,OK,--,1:08:21 PM,7/3/2025,
1541,33.7,gf,0.990,mm,OK,--,1:08:21 PM,7/3/2025,
1542,33.7,gf,0.985,mm,OK,--,1:08:22 PM,7/3/2025,
1543,33.7,gf,0.985,mm,OK,--,1:08:22 PM,7/3/2025,
1544,33.7,gf,0.980,mm,OK,--,1:08:22 PM,7/3/2025,
1545,33.7,gf,0.980,mm,OK,--,1:08:22 PM,7/3/2025,
1546,33.6,gf,0.975,mm,OK,--,1:08:22 PM,7/3/2025,
1547,33.6,gf,0.970,mm,OK,--,1:08:22 PM,7/3/2025,
1548,33.6,gf,0.965,mm,OK,--,1:08:22 PM,7/3/2025,
1549,33.6,gf,0.960,mm,OK,--,1:08:22 PM,7/3/2025,
1550,33.6,gf,0.950,mm,OK,--,1:08:22 PM,7/3/2025,
1551,33.6,gf,0.945,mm,OK,--,1:08:22 PM,7/3/2025,
1552,33.6,gf,0.940,mm,OK,--,1:08:23 PM,7/3/2025,
1553,33.5,gf,0.935,mm,OK,--,1:08:23 PM,7/3/2025,
1554,33.5,gf,0.930,mm,OK,--,1:08:23 PM,7/3/2025,
1555,33.5,gf,0.925,mm,OK,--,1:08:23 PM,7/3/2025,
1556,33.5,gf,0.920,mm,OK,--,1:08:23 PM,7/3/2025,
1557,33.5,gf,0.920,mm,OK,--,1:08:23 PM,7/3/2025,
1558,33.5,gf,0.915,mm,OK,--,1:08:23 PM,7/3/2025,
1559,33.5,gf,0.910,mm,OK,--,1:08:23 PM,7/3/2025,
1560,33.4,gf,0.905,mm,OK,--,1:08:23 PM,7/3/2025,
1561,33.4,gf,0.900,mm,OK,--,1:08:23 PM,7/3/2025,
1562,33.4,gf,0.895,mm,OK,--,1:08:24 PM,7/3/2025,
1563,33.4,gf,0.895,mm,OK,--,1:08:24 PM,7/3/2025,
1564,33.4,gf,0.890,mm,OK,--,1:08:24 PM,7/3/2025,
1565,33.4,gf,0.885,mm,OK,--,1:08:24 PM,7/3/2025,
1566,33.4,gf,0.880,mm,OK,--,1:08:24 PM,7/3/2025,
1567,33.3,gf,0.875,mm,OK,--,1:08:24 PM,7/3/2025,
1568,33.3,gf,0.870,mm,OK,--,1:08:24 PM,7/3/2025,
1569,33.3,gf,0.865,mm,OK,--,1:08:24 PM,7/3/2025,
1570,33.3,gf,0.860,mm,OK,--,1:08:24 PM,7/3/2025,
1571,33.3,gf,0.860,mm,OK,--,1:08:24 PM,7/3/2025,
1572,33.3,gf,0.855,mm,OK,--,1:08:25 PM,7/3/2025,
1573,33.3,gf,0.855,mm,OK,--,1:08:25 PM,7/3/2025,
1574,33.3,gf,0.850,mm,OK,--,1:08:25 PM,7/3/2025,
1575,33.3,gf,0.845,mm,OK,--,1:08:25 PM,7/3/2025,
1576,33.2,gf,0.845,mm,OK,--,1:08:25 PM,7/3/2025,
1577,33.2,gf,0.840,mm,OK,--,1:08:25 PM,7/3/2025,
1578,33.2,gf,0.835,mm,OK,--,1:08:25 PM,7/3/2025,
1579,33.2,gf,0.830,mm,OK,--,1:08:25 PM,7/3/2025,
1580,33.2,gf,0.825,mm,OK,--,1:08:25 PM,7/3/2025,
1581,33.2,gf,0.825,mm,OK,--,1:08:25 PM,7/3/2025,
1582,33.2,gf,0.820,mm,OK,--,1:08:26 PM,7/3/2025,
1583,33.2,gf,0.820,mm,OK,--,1:08:26 PM,7/3/2025,
1584,33.2,gf,0.815,mm,OK,--,1:08:26 PM,7/3/2025,
1585,33.2,gf,0.815,mm,OK,--,1:08:26 PM,7/3/2025,
1586,33.2,gf,0.810,mm,OK,--,1:08:26 PM,7/3/2025,
1587,33.2,gf,0.810,mm,OK,--,1:08:26 PM,7/3/2025,
1588,33.1,gf,0.805,mm,OK,--,1:08:26 PM,7/3/2025,
1589,33.1,gf,0.800,mm,OK,--,1:08:26 PM,7/3/2025,
1590,33.1,gf,0.795,mm,OK,--,1:08:26 PM,7/3/2025,
1591,33.1,gf,0.790,mm,OK,--,1:08:26 PM,7/3/2025,
1592,33.1,gf,0.785,mm,OK,--,1:08:27 PM,7/3/2025,
1593,33.1,gf,0.780,mm,OK,--,1:08:27 PM,7/3/2025,
1594,33.1,gf,0.780,mm,OK,--,1:08:27 PM,7/3/2025,
1595,33.1,gf,0.775,mm,OK,--,1:08:27 PM,7/3/2025,
1596,33.0,gf,0.770,mm,OK,--,1:08:27 PM,7/3/2025,
1597,33.0,gf,0.770,mm,OK,--,1:08:27 PM,7/3/2025,
1598,33.0,gf,0.765,mm,OK,--,1:08:27 PM,7/3/2025,
1599,33.0,gf,0.765,mm,OK,--,1:08:27 PM,7/3/2025,
1600,33.0,gf,0.760,mm,OK,--,1:08:27 PM,7/3/2025,
1601,33.0,gf,0.760,mm,OK,--,1:08:27 PM,7/3/2025,
1602,33.0,gf,0.755,mm,OK,--,1:08:28 PM,7/3/2025,
1603,33.0,gf,0.745,mm,OK,--,1:08:28 PM,7/3/2025,
1604,33.0,gf,0.740,mm,OK,--,1:08:28 PM,7/3/2025,
1605,33.0,gf,0.740,mm,OK,--,1:08:28 PM,7/3/2025,
1606,32.9,gf,0.735,mm,OK,--,1:08:28 PM,7/3/2025,
1607,32.9,gf,0.730,mm,OK,--,1:08:28 PM,7/3/2025,
1608,32.9,gf,0.725,mm,OK,--,1:08:28 PM,7/3/2025,
1609,32.9,gf,0.720,mm,OK,--,1:08:28 PM,7/3/2025,
1610,32.9,gf,0.715,mm,OK,--,1:08:28 PM,7/3/2025,
1611,32.9,gf,0.710,mm,OK,--,1:08:28 PM,7/3/2025,
1612,32.9,gf,0.700,mm,OK,--,1:08:29 PM,7/3/2025,
1613,32.8,gf,0.695,mm,OK,--,1:08:29 PM,7/3/2025,
1614,32.8,gf,0.685,mm,OK,--,1:08:29 PM,7/3/2025,
1615,32.8,gf,0.680,mm,OK,--,1:08:29 PM,7/3/2025,
1616,32.8,gf,0.670,mm,OK,--,1:08:29 PM,7/3/2025,
1617,32.7,gf,0.665,mm,OK,--,1:08:29 PM,7/3/2025,
1618,32.7,gf,0.660,mm,OK,--,1:08:29 PM,7/3/2025,
1619,32.7,gf,0.655,mm,OK,--,1:08:29 PM,7/3/2025,
1620,32.7,gf,0.650,mm,OK,--,1:08:29 PM,7/3/2025,
1621,32.7,gf,0.645,mm,OK,--,1:08:29 PM,7/3/2025,
1622,32.7,gf,0.640,mm,OK,--,1:08:30 PM,7/3/2025,
1623,32.6,gf,0.635,mm,OK,--,1:08:30 PM,7/3/2025,
1624,32.6,gf,0.630,mm,OK,--,1:08:30 PM,7/3/2025,
1625,32.6,gf,0.625,mm,OK,--,1:08:30 PM,7/3/2025,
1626,32.6,gf,0.620,mm,OK,--,1:08:30 PM,7/3/2025,
1627,32.6,gf,0.615,mm,OK,--,1:08:30 PM,7/3/2025,
1628,32.6,gf,0.610,mm,OK,--,1:08:30 PM,7/3/2025,
1629,32.6,gf,0.605,mm,OK,--,1:08:30 PM,7/3/2025,
1630,32.6,gf,0.600,mm,OK,--,1:08:30 PM,7/3/2025,
1631,32.5,gf,0.595,mm,OK,--,1:08:30 PM,7/3/2025,
1632,32.5,gf,0.590,mm,OK,--,1:08:31 PM,7/3/2025,
1633,32.5,gf,0.585,mm,OK,--,1:08:31 PM,7/3/2025,
1634,32.5,gf,0.580,mm,OK,--,1:08:31 PM,7/3/2025,
1635,32.5,gf,0.575,mm,OK,--,1:08:31 PM,7/3/2025,
1636,32.5,gf,0.575,mm,OK,--,1:08:31 PM,7/3/2025,
1637,32.5,gf,0.570,mm,OK,--,1:08:31 PM,7/3/2025,
1638,32.5,gf,0.570,mm,OK,--,1:08:31 PM,7/3/2025,
1639,32.4,gf,0.565,mm,OK,--,1:08:31 PM,7/3/2025,
1640,32.4,gf,0.565,mm,OK,--,1:08:31 PM,7/3/2025,
1641,32.4,gf,0.560,mm,OK,--,1:08:31 PM,7/3/2025,
1642,32.4,gf,0.560,mm,OK,--,1:08:32 PM,7/3/2025,
1643,32.4,gf,0.555,mm,OK,--,1:08:32 PM,7/3/2025,
1644,32.4,gf,0.555,mm,OK,--,1:08:32 PM,7/3/2025,
1645,32.4,gf,0.550,mm,OK,--,1:08:32 PM,7/3/2025,
1646,32.4,gf,0.545,mm,OK,--,1:08:32 PM,7/3/2025,
1647,32.4,gf,0.540,mm,OK,--,1:08:32 PM,7/3/2025,
1648,32.4,gf,0.535,mm,OK,--,1:08:32 PM,7/3/2025,
1649,32.4,gf,0.530,mm,OK,--,1:08:32 PM,7/3/2025,
1650,32.3,gf,0.525,mm,OK,--,1:08:32 PM,7/3/2025,
1651,32.3,gf,0.520,mm,OK,--,1:08:32 PM,7/3/2025,
1652,32.3,gf,0.520,mm,OK,--,1:08:33 PM,7/3/2025,
1653,32.3,gf,0.515,mm,OK,--,1:08:33 PM,7/3/2025,
1654,32.3,gf,0.510,mm,OK,--,1:08:33 PM,7/3/2025,
1655,32.3,gf,0.505,mm,OK,--,1:08:33 PM,7/3/2025,
1656,32.3,gf,0.500,mm,OK,--,1:08:33 PM,7/3/2025,
1657,32.2,gf,0.490,mm,OK,--,1:08:33 PM,7/3/2025,
1658,32.2,gf,0.485,mm,OK,--,1:08:33 PM,7/3/2025,
1659,32.2,gf,0.480,mm,OK,--,1:08:33 PM,7/3/2025,
1660,32.2,gf,0.470,mm,OK,--,1:08:33 PM,7/3/2025,
1661,32.2,gf,0.465,mm,OK,--,1:08:33 PM,7/3/2025,
1662,32.1,gf,0.460,mm,OK,--,1:08:34 PM,7/3/2025,
1663,32.1,gf,0.450,mm,OK,--,1:08:34 PM,7/3/2025,
1664,32.1,gf,0.445,mm,OK,--,1:08:34 PM,7/3/2025,
1665,32.1,gf,0.440,mm,OK,--,1:08:34 PM,7/3/2025,
1666,32.1,gf,0.430,mm,OK,--,1:08:34 PM,7/3/2025,
1667,32.0,gf,0.425,mm,OK,--,1:08:34 PM,7/3/2025,
1668,32.0,gf,0.420,mm,OK,--,1:08:34 PM,7/3/2025,
1669,32.0,gf,0.415,mm,OK,--,1:08:34 PM,7/3/2025,
1670,32.0,gf,0.405,mm,OK,--,1:08:34 PM,7/3/2025,
1671,32.0,gf,0.400,mm,OK,--,1:08:34 PM,7/3/2025,
1672,31.9,gf,0.395,mm,OK,--,1:08:35 PM,7/3/2025,
1673,31.9,gf,0.385,mm,OK,--,1:08:35 PM,7/3/2025,
1674,31.9,gf,0.380,mm,OK,--,1:08:35 PM,7/3/2025,
1675,31.9,gf,0.375,mm,OK,--,1:08:35 PM,7/3/2025,
1676,31.9,gf,0.370,mm,OK,--,1:08:35 PM,7/3/2025,
1677,31.8,gf,0.360,mm,OK,--,1:08:35 PM,7/3/2025,
1678,31.8,gf,0.355,mm,OK,--,1:08:35 PM,7/3/2025,
1679,31.4,gf,0.345,mm,OK,--,1:08:35 PM,7/3/2025,
1680,29.6,gf,0.340,mm,OK,--,1:08:35 PM,7/3/2025,
1681,28.4,gf,0.340,mm,OK,--,1:08:35 PM,7/3/2025,
1682,27.5,gf,0.335,mm,OK,--,1:08:36 PM,7/3/2025,
1683,26.8,gf,0.335,mm,OK,--,1:08:36 PM,7/3/2025,
1684,26.5,gf,0.335,mm,OK,--,1:08:36 PM,7/3/2025,
1685,26.7,gf,0.330,mm,OK,--,1:08:36 PM,7/3/2025,
1686,26.2,gf,0.330,mm,OK,--,1:08:36 PM,7/3/2025,
1687,26.4,gf,0.325,mm,OK,--,1:08:36 PM,7/3/2025,
1688,25.6,gf,0.320,mm,OK,--,1:08:36 PM,7/3/2025,
1689,24.8,gf,0.320,mm,OK,--,1:08:36 PM,7/3/2025,
1690,26.8,gf,0.315,mm,OK,--,1:08:36 PM,7/3/2025,
1691,26.4,gf,0.310,mm,OK,--,1:08:36 PM,7/3/2025,
1692,26.3,gf,0.310,mm,OK,--,1:08:37 PM,7/3/2025,
1693,26.3,gf,0.305,mm,OK,--,1:08:37 PM,7/3/2025,
1694,26.2,gf,0.305,mm,OK,--,1:08:37 PM,7/3/2025,
1695,26.2,gf,0.300,mm,OK,--,1:08:37 PM,7/3/2025,
1696,26.2,gf,0.300,mm,OK,--,1:08:37 PM,7/3/2025,
1697,26.1,gf,0.295,mm,OK,--,1:08:37 PM,7/3/2025,
1698,26.1,gf,0.295,mm,OK,--,1:08:37 PM,7/3/2025,
1699,26.1,gf,0.290,mm,OK,--,1:08:37 PM,7/3/2025,
1700,26.1,gf,0.285,mm,OK,--,1:08:37 PM,7/3/2025,
1701,26.1,gf,0.280,mm,OK,--,1:08:37 PM,7/3/2025,
1702,26.1,gf,0.280,mm,OK,--,1:08:38 PM,7/3/2025,
1703,26.0,gf,0.275,mm,OK,--,1:08:38 PM,7/3/2025,
1704,24.7,gf,0.275,mm,OK,--,1:08:38 PM,7/3/2025,
1705,22.9,gf,0.270,mm,OK,--,1:08:38 PM,7/3/2025,
1706,21.2,gf,0.270,mm,OK,--,1:08:38 PM,7/3/2025,
1707,19.2,gf,0.265,mm,OK,--,1:08:38 PM,7/3/2025,
1708,17.9,gf,0.260,mm,OK,--,1:08:38 PM,7/3/2025,
1709,16.6,gf,0.260,mm,OK,--,1:08:38 PM,7/3/2025,
1710,15.2,gf,0.260,mm,OK,--,1:08:38 PM,7/3/2025,
1711,14.1,gf,0.255,mm,OK,--,1:08:38 PM,7/3/2025,
1712,13.0,gf,0.255,mm,OK,--,1:08:39 PM,7/3/2025,
1713,11.9,gf,0.255,mm,OK,--,1:08:39 PM,7/3/2025,
1714,11.1,gf,0.250,mm,OK,--,1:08:39 PM,7/3/2025,
1715,10.1,gf,0.250,mm,OK,--,1:08:39 PM,7/3/2025,
1716,9.3,gf,0.250,mm,OK,--,1:08:39 PM,7/3/2025,
1717,8.1,gf,0.250,mm,OK,--,1:08:39 PM,7/3/2025,
1718,6.7,gf,0.245,mm,OK,--,1:08:39 PM,7/3/2025,
1719,5.5,gf,0.245,mm,OK,--,1:08:39 PM,7/3/2025,
1720,4.3,gf,0.240,mm,OK,--,1:08:39 PM,7/3/2025,
1721,2.8,gf,0.240,mm,OK,--,1:08:39 PM,7/3/2025,
1722,1.6,gf,0.235,mm,OK,--,1:08:40 PM,7/3/2025,
1723,0.3,gf,0.235,mm,OK,--,1:08:40 PM,7/3/2025,
1724,0.0,gf,0.235,mm,OK,--,1:08:40 PM,7/3/2025,
1725,0.0,gf,0.230,mm,OK,--,1:08:40 PM,7/3/2025,
1726,0.0,gf,0.230,mm,OK,--,1:08:40 PM,7/3/2025,
1727,0.0,gf,0.225,mm,OK,--,1:08:40 PM,7/3/2025,
1728,0.0,gf,0.225,mm,OK,--,1:08:40 PM,7/3/2025,
1729,0.0,gf,0.220,mm,OK,--,1:08:40 PM,7/3/2025,
1730,0.0,gf,0.220,mm,OK,--,1:08:40 PM,7/3/2025,
1731,0.0,gf,0.215,mm,OK,--,1:08:40 PM,7/3/2025,
1732,0.0,gf,0.215,mm,OK,--,1:08:41 PM,7/3/2025,
1733,0.1,gf,0.210,mm,OK,--,1:08:41 PM,7/3/2025,
1734,0.0,gf,0.205,mm,OK,--,1:08:41 PM,7/3/2025,
1735,0.0,gf,0.195,mm,OK,--,1:08:41 PM,7/3/2025,
1736,0.0,gf,0.185,mm,OK,--,1:08:41 PM,7/3/2025,
1737,0.1,gf,0.155,mm,OK,--,1:08:41 PM,7/3/2025,
1738,0.0,gf,0.135,mm,OK,--,1:08:41 PM,7/3/2025,
1739,0.0,gf,0.120,mm,OK,--,1:08:41 PM,7/3/2025,
1740,0.0,gf,0.110,mm,OK,--,1:08:41 PM,7/3/2025,
1741,0.0,gf,0.095,mm,OK,--,1:08:41 PM,7/3/2025,
1742,0.0,gf,0.085,mm,OK,--,1:08:42 PM,7/3/2025,
1743,0.0,gf,0.070,mm,OK,--,1:08:42 PM,7/3/2025,
1744,0.0,gf,0.065,mm,OK,--,1:08:42 PM,7/3/2025,
1745,0.0,gf,0.055,mm,OK,--,1:08:42 PM,7/3/2025,
1746,0.0,gf,0.050,mm,OK,--,1:08:42 PM,7/3/2025,
1747,0.0,gf,0.045,mm,OK,--,1:08:42 PM,7/3/2025,
1748,0.0,gf,0.040,mm,OK,--,1:08:42 PM,7/3/2025,
1749,0.0,gf,0.035,mm,OK,--,1:08:42 PM,7/3/2025,
1750,0.0,gf,0.030,mm,OK,--,1:08:42 PM,7/3/2025,
1751,0.0,gf,0.025,mm,OK,--,1:08:42 PM,7/3/2025,
1752,0.0,gf,0.020,mm,OK,--,1:08:43 PM,7/3/2025,
1753,0.0,gf,0.015,mm,OK,--,1:08:43 PM,7/3/2025,
1754,0.0,gf,0.010,mm,OK,--,1:08:43 PM,7/3/2025,
1755,0.0,gf,0.010,mm,OK,--,1:08:43 PM,7/3/2025,
1756,0.1,gf,0.005,mm,OK,--,1:08:43 PM,7/3/2025,
1757,0.0,gf,0.000,mm,OK,--,1:08:43 PM,7/3/2025,
1758,0.0,gf,-0.005,mm,OK,--,1:08:43 PM,7/3/2025,
1759,0.0,gf,-0.010,mm,OK,--,1:08:43 PM,7/3/2025,
1760,0.0,gf,-0.015,mm,OK,--,1:08:43 PM,7/3/2025,
1761,0.0,gf,-0.020,mm,OK,--,1:08:43 PM,7/3/2025,
1762,0.0,gf,-0.025,mm,OK,--,1:08:44 PM,7/3/2025,
1763,0.0,gf,-0.025,mm,OK,--,1:08:44 PM,7/3/2025,
1764,0.0,gf,-0.025,mm,OK,--,1:08:44 PM,7/3/2025,
1765,0.0,gf,-0.025,mm,OK,--,1:08:44 PM,7/3/2025,
1766,0.0,gf,-0.025,mm,OK,--,1:08:44 PM,7/3/2025,
1767,0.0,gf,-0.025,mm,OK,--,1:08:44 PM,7/3/2025,
1768,-0.4,gf,-0.025,mm,OK,--,1:08:44 PM,7/3/2025,
1769,-0.1,gf,-0.020,mm,OK,--,1:08:44 PM,7/3/2025,
1770,0.0,gf,-0.020,mm,OK,--,1:08:44 PM,7/3/2025,
1771,0.0,gf,-0.015,mm,OK,--,1:08:44 PM,7/3/2025,
1772,0.1,gf,-0.015,mm,OK,--,1:08:45 PM,7/3/2025,
1773,0.1,gf,-0.015,mm,OK,--,1:08:45 PM,7/3/2025,
1774,0.0,gf,-0.015,mm,OK,--,1:08:45 PM,7/3/2025,
1775,0.0,gf,-0.015,mm,OK,--,1:08:45 PM,7/3/2025,
1776,0.0,gf,-0.015,mm,OK,--,1:08:45 PM,7/3/2025,
1777,0.0,gf,-0.010,mm,OK,--,1:08:45 PM,7/3/2025,
1778,0.0,gf,-0.010,mm,OK,--,1:08:45 PM,7/3/2025,
1779,0.0,gf,-0.010,mm,OK,--,1:08:45 PM,7/3/2025,
1780,0.0,gf,-0.010,mm,OK,--,1:08:45 PM,7/3/2025,
1781,0.0,gf,-0.010,mm,OK,--,1:08:45 PM,7/3/2025,
1782,0.0,gf,-0.010,mm,OK,--,1:08:46 PM,7/3/2025,
1783,0.1,gf,-0.010,mm,OK,--,1:08:46 PM,7/3/2025,
