Maximum,193.4,@,No.895,,,,,,
Minimum,-0.1,@,No.1773,,,,,,
Average,50.43,,,,,,,,
Data Quantity,1790,,,,,,,,
Number of NG,0,,,,,,,,
No.,Force,Unit,Displacement,Unit,Judge,Position,Time,Date,
1,0.0,gf,0.000,mm,OK,--,8:16:23 PM,7/30/2025,
2,0.0,gf,0.000,mm,OK,--,8:16:23 PM,7/30/2025,
3,0.0,gf,0.000,mm,OK,--,8:16:23 PM,7/30/2025,
4,0.0,gf,0.000,mm,OK,--,8:16:23 PM,7/30/2025,
5,0.0,gf,0.000,mm,OK,--,8:16:23 PM,7/30/2025,
6,0.0,gf,0.000,mm,OK,--,8:16:23 PM,7/30/2025,
7,0.0,gf,0.000,mm,OK,--,8:16:23 PM,7/30/2025,
8,0.0,gf,0.000,mm,OK,--,8:16:23 PM,7/30/2025,
9,0.0,gf,0.000,mm,OK,--,8:16:23 PM,7/30/2025,
10,0.0,gf,0.000,mm,OK,--,8:16:23 PM,7/30/2025,
11,0.0,gf,0.000,mm,OK,--,8:16:24 PM,7/30/2025,
12,0.0,gf,0.000,mm,OK,--,8:16:24 PM,7/30/2025,
13,0.0,gf,0.000,mm,OK,--,8:16:24 PM,7/30/2025,
14,0.0,gf,0.000,mm,OK,--,8:16:24 PM,7/30/2025,
15,0.0,gf,0.000,mm,OK,--,8:16:24 PM,7/30/2025,
16,0.0,gf,0.000,mm,OK,--,8:16:24 PM,7/30/2025,
17,0.0,gf,0.000,mm,OK,--,8:16:24 PM,7/30/2025,
18,0.0,gf,0.000,mm,OK,--,8:16:24 PM,7/30/2025,
19,0.0,gf,0.005,mm,OK,--,8:16:24 PM,7/30/2025,
20,0.0,gf,0.005,mm,OK,--,8:16:24 PM,7/30/2025,
21,0.0,gf,0.005,mm,OK,--,8:16:25 PM,7/30/2025,
22,0.0,gf,0.005,mm,OK,--,8:16:25 PM,7/30/2025,
23,0.0,gf,0.005,mm,OK,--,8:16:25 PM,7/30/2025,
24,0.0,gf,0.005,mm,OK,--,8:16:25 PM,7/30/2025,
25,0.0,gf,0.005,mm,OK,--,8:16:25 PM,7/30/2025,
26,0.0,gf,0.010,mm,OK,--,8:16:25 PM,7/30/2025,
27,0.0,gf,0.010,mm,OK,--,8:16:25 PM,7/30/2025,
28,0.0,gf,0.015,mm,OK,--,8:16:25 PM,7/30/2025,
29,0.0,gf,0.020,mm,OK,--,8:16:25 PM,7/30/2025,
30,0.0,gf,0.020,mm,OK,--,8:16:25 PM,7/30/2025,
31,0.0,gf,0.030,mm,OK,--,8:16:26 PM,7/30/2025,
32,0.0,gf,0.035,mm,OK,--,8:16:26 PM,7/30/2025,
33,0.0,gf,0.040,mm,OK,--,8:16:26 PM,7/30/2025,
34,0.0,gf,0.050,mm,OK,--,8:16:26 PM,7/30/2025,
35,0.0,gf,0.055,mm,OK,--,8:16:26 PM,7/30/2025,
36,0.0,gf,0.060,mm,OK,--,8:16:26 PM,7/30/2025,
37,0.0,gf,0.070,mm,OK,--,8:16:26 PM,7/30/2025,
38,0.0,gf,0.075,mm,OK,--,8:16:26 PM,7/30/2025,
39,0.0,gf,0.080,mm,OK,--,8:16:26 PM,7/30/2025,
40,0.0,gf,0.090,mm,OK,--,8:16:26 PM,7/30/2025,
41,0.0,gf,0.100,mm,OK,--,8:16:27 PM,7/30/2025,
42,0.0,gf,0.110,mm,OK,--,8:16:27 PM,7/30/2025,
43,0.0,gf,0.120,mm,OK,--,8:16:27 PM,7/30/2025,
44,0.2,gf,0.130,mm,OK,--,8:16:27 PM,7/30/2025,
45,4.7,gf,0.140,mm,OK,--,8:16:27 PM,7/30/2025,
46,10.7,gf,0.150,mm,OK,--,8:16:27 PM,7/30/2025,
47,16.3,gf,0.160,mm,OK,--,8:16:27 PM,7/30/2025,
48,18.7,gf,0.165,mm,OK,--,8:16:27 PM,7/30/2025,
49,22.7,gf,0.175,mm,OK,--,8:16:27 PM,7/30/2025,
50,27.1,gf,0.180,mm,OK,--,8:16:27 PM,7/30/2025,
51,31.2,gf,0.185,mm,OK,--,8:16:28 PM,7/30/2025,
52,32.2,gf,0.190,mm,OK,--,8:16:28 PM,7/30/2025,
53,32.1,gf,0.200,mm,OK,--,8:16:28 PM,7/30/2025,
54,32.2,gf,0.205,mm,OK,--,8:16:28 PM,7/30/2025,
55,33.1,gf,0.210,mm,OK,--,8:16:28 PM,7/30/2025,
56,33.5,gf,0.220,mm,OK,--,8:16:28 PM,7/30/2025,
57,33.6,gf,0.225,mm,OK,--,8:16:28 PM,7/30/2025,
58,33.5,gf,0.230,mm,OK,--,8:16:28 PM,7/30/2025,
59,33.5,gf,0.235,mm,OK,--,8:16:28 PM,7/30/2025,
60,33.5,gf,0.240,mm,OK,--,8:16:28 PM,7/30/2025,
61,33.5,gf,0.250,mm,OK,--,8:16:29 PM,7/30/2025,
62,33.5,gf,0.255,mm,OK,--,8:16:29 PM,7/30/2025,
63,33.5,gf,0.265,mm,OK,--,8:16:29 PM,7/30/2025,
64,33.6,gf,0.270,mm,OK,--,8:16:29 PM,7/30/2025,
65,33.6,gf,0.275,mm,OK,--,8:16:29 PM,7/30/2025,
66,33.5,gf,0.280,mm,OK,--,8:16:29 PM,7/30/2025,
67,33.6,gf,0.285,mm,OK,--,8:16:29 PM,7/30/2025,
68,33.5,gf,0.290,mm,OK,--,8:16:29 PM,7/30/2025,
69,33.6,gf,0.290,mm,OK,--,8:16:29 PM,7/30/2025,
70,33.6,gf,0.295,mm,OK,--,8:16:29 PM,7/30/2025,
71,33.6,gf,0.300,mm,OK,--,8:16:30 PM,7/30/2025,
72,33.6,gf,0.305,mm,OK,--,8:16:30 PM,7/30/2025,
73,33.6,gf,0.310,mm,OK,--,8:16:30 PM,7/30/2025,
74,33.6,gf,0.315,mm,OK,--,8:16:30 PM,7/30/2025,
75,33.6,gf,0.320,mm,OK,--,8:16:30 PM,7/30/2025,
76,33.6,gf,0.325,mm,OK,--,8:16:30 PM,7/30/2025,
77,33.6,gf,0.325,mm,OK,--,8:16:30 PM,7/30/2025,
78,33.6,gf,0.330,mm,OK,--,8:16:30 PM,7/30/2025,
79,33.6,gf,0.335,mm,OK,--,8:16:30 PM,7/30/2025,
80,33.6,gf,0.335,mm,OK,--,8:16:30 PM,7/30/2025,
81,33.6,gf,0.340,mm,OK,--,8:16:31 PM,7/30/2025,
82,33.6,gf,0.345,mm,OK,--,8:16:31 PM,7/30/2025,
83,33.6,gf,0.345,mm,OK,--,8:16:31 PM,7/30/2025,
84,33.6,gf,0.350,mm,OK,--,8:16:31 PM,7/30/2025,
85,33.6,gf,0.355,mm,OK,--,8:16:31 PM,7/30/2025,
86,33.6,gf,0.360,mm,OK,--,8:16:31 PM,7/30/2025,
87,33.6,gf,0.360,mm,OK,--,8:16:31 PM,7/30/2025,
88,33.7,gf,0.365,mm,OK,--,8:16:31 PM,7/30/2025,
89,33.7,gf,0.370,mm,OK,--,8:16:31 PM,7/30/2025,
90,33.8,gf,0.375,mm,OK,--,8:16:31 PM,7/30/2025,
91,33.8,gf,0.380,mm,OK,--,8:16:32 PM,7/30/2025,
92,33.8,gf,0.385,mm,OK,--,8:16:32 PM,7/30/2025,
93,33.8,gf,0.385,mm,OK,--,8:16:32 PM,7/30/2025,
94,33.8,gf,0.390,mm,OK,--,8:16:32 PM,7/30/2025,
95,33.9,gf,0.395,mm,OK,--,8:16:32 PM,7/30/2025,
96,33.9,gf,0.400,mm,OK,--,8:16:32 PM,7/30/2025,
97,33.8,gf,0.405,mm,OK,--,8:16:32 PM,7/30/2025,
98,33.9,gf,0.410,mm,OK,--,8:16:32 PM,7/30/2025,
99,33.9,gf,0.415,mm,OK,--,8:16:32 PM,7/30/2025,
100,33.9,gf,0.415,mm,OK,--,8:16:32 PM,7/30/2025,
101,33.9,gf,0.420,mm,OK,--,8:16:33 PM,7/30/2025,
102,34.0,gf,0.425,mm,OK,--,8:16:33 PM,7/30/2025,
103,34.0,gf,0.430,mm,OK,--,8:16:33 PM,7/30/2025,
104,34.0,gf,0.430,mm,OK,--,8:16:33 PM,7/30/2025,
105,34.0,gf,0.435,mm,OK,--,8:16:33 PM,7/30/2025,
106,34.0,gf,0.440,mm,OK,--,8:16:33 PM,7/30/2025,
107,34.0,gf,0.445,mm,OK,--,8:16:33 PM,7/30/2025,
108,34.0,gf,0.445,mm,OK,--,8:16:33 PM,7/30/2025,
109,34.0,gf,0.450,mm,OK,--,8:16:33 PM,7/30/2025,
110,34.0,gf,0.455,mm,OK,--,8:16:33 PM,7/30/2025,
111,34.0,gf,0.455,mm,OK,--,8:16:34 PM,7/30/2025,
112,34.0,gf,0.460,mm,OK,--,8:16:34 PM,7/30/2025,
113,34.0,gf,0.465,mm,OK,--,8:16:34 PM,7/30/2025,
114,34.0,gf,0.470,mm,OK,--,8:16:34 PM,7/30/2025,
115,34.0,gf,0.475,mm,OK,--,8:16:34 PM,7/30/2025,
116,34.1,gf,0.485,mm,OK,--,8:16:34 PM,7/30/2025,
117,34.1,gf,0.490,mm,OK,--,8:16:34 PM,7/30/2025,
118,34.2,gf,0.500,mm,OK,--,8:16:34 PM,7/30/2025,
119,34.3,gf,0.505,mm,OK,--,8:16:34 PM,7/30/2025,
120,34.2,gf,0.515,mm,OK,--,8:16:34 PM,7/30/2025,
121,34.2,gf,0.520,mm,OK,--,8:16:35 PM,7/30/2025,
122,34.2,gf,0.530,mm,OK,--,8:16:35 PM,7/30/2025,
123,34.3,gf,0.540,mm,OK,--,8:16:35 PM,7/30/2025,
124,34.2,gf,0.550,mm,OK,--,8:16:35 PM,7/30/2025,
125,34.2,gf,0.555,mm,OK,--,8:16:35 PM,7/30/2025,
126,34.2,gf,0.560,mm,OK,--,8:16:35 PM,7/30/2025,
127,34.2,gf,0.565,mm,OK,--,8:16:35 PM,7/30/2025,
128,34.2,gf,0.575,mm,OK,--,8:16:35 PM,7/30/2025,
129,34.2,gf,0.580,mm,OK,--,8:16:35 PM,7/30/2025,
130,34.3,gf,0.590,mm,OK,--,8:16:35 PM,7/30/2025,
131,34.3,gf,0.600,mm,OK,--,8:16:36 PM,7/30/2025,
132,34.4,gf,0.610,mm,OK,--,8:16:36 PM,7/30/2025,
133,34.4,gf,0.620,mm,OK,--,8:16:36 PM,7/30/2025,
134,34.5,gf,0.630,mm,OK,--,8:16:36 PM,7/30/2025,
135,34.4,gf,0.635,mm,OK,--,8:16:36 PM,7/30/2025,
136,34.5,gf,0.645,mm,OK,--,8:16:36 PM,7/30/2025,
137,34.6,gf,0.650,mm,OK,--,8:16:36 PM,7/30/2025,
138,34.6,gf,0.660,mm,OK,--,8:16:36 PM,7/30/2025,
139,34.6,gf,0.665,mm,OK,--,8:16:36 PM,7/30/2025,
140,34.7,gf,0.670,mm,OK,--,8:16:36 PM,7/30/2025,
141,34.6,gf,0.675,mm,OK,--,8:16:37 PM,7/30/2025,
142,34.7,gf,0.680,mm,OK,--,8:16:37 PM,7/30/2025,
143,34.7,gf,0.685,mm,OK,--,8:16:37 PM,7/30/2025,
144,34.7,gf,0.690,mm,OK,--,8:16:37 PM,7/30/2025,
145,34.7,gf,0.695,mm,OK,--,8:16:37 PM,7/30/2025,
146,34.7,gf,0.700,mm,OK,--,8:16:37 PM,7/30/2025,
147,34.7,gf,0.705,mm,OK,--,8:16:37 PM,7/30/2025,
148,34.7,gf,0.710,mm,OK,--,8:16:37 PM,7/30/2025,
149,34.7,gf,0.720,mm,OK,--,8:16:37 PM,7/30/2025,
150,34.8,gf,0.730,mm,OK,--,8:16:37 PM,7/30/2025,
151,34.8,gf,0.735,mm,OK,--,8:16:38 PM,7/30/2025,
152,34.8,gf,0.745,mm,OK,--,8:16:38 PM,7/30/2025,
153,34.8,gf,0.755,mm,OK,--,8:16:38 PM,7/30/2025,
154,34.8,gf,0.760,mm,OK,--,8:16:38 PM,7/30/2025,
155,34.8,gf,0.770,mm,OK,--,8:16:38 PM,7/30/2025,
156,34.8,gf,0.775,mm,OK,--,8:16:38 PM,7/30/2025,
157,35.0,gf,0.785,mm,OK,--,8:16:38 PM,7/30/2025,
158,35.0,gf,0.795,mm,OK,--,8:16:38 PM,7/30/2025,
159,35.1,gf,0.810,mm,OK,--,8:16:38 PM,7/30/2025,
160,35.0,gf,0.820,mm,OK,--,8:16:38 PM,7/30/2025,
161,35.1,gf,0.835,mm,OK,--,8:16:39 PM,7/30/2025,
162,35.2,gf,0.845,mm,OK,--,8:16:39 PM,7/30/2025,
163,35.2,gf,0.855,mm,OK,--,8:16:39 PM,7/30/2025,
164,35.3,gf,0.870,mm,OK,--,8:16:39 PM,7/30/2025,
165,35.2,gf,0.885,mm,OK,--,8:16:39 PM,7/30/2025,
166,35.3,gf,0.900,mm,OK,--,8:16:39 PM,7/30/2025,
167,35.4,gf,0.915,mm,OK,--,8:16:39 PM,7/30/2025,
168,35.4,gf,0.930,mm,OK,--,8:16:39 PM,7/30/2025,
169,35.5,gf,0.945,mm,OK,--,8:16:39 PM,7/30/2025,
170,35.5,gf,0.960,mm,OK,--,8:16:39 PM,7/30/2025,
171,35.5,gf,0.975,mm,OK,--,8:16:40 PM,7/30/2025,
172,35.6,gf,0.990,mm,OK,--,8:16:40 PM,7/30/2025,
173,35.6,gf,1.005,mm,OK,--,8:16:40 PM,7/30/2025,
174,35.7,gf,1.025,mm,OK,--,8:16:40 PM,7/30/2025,
175,35.8,gf,1.040,mm,OK,--,8:16:40 PM,7/30/2025,
176,35.9,gf,1.055,mm,OK,--,8:16:40 PM,7/30/2025,
177,35.9,gf,1.075,mm,OK,--,8:16:40 PM,7/30/2025,
178,36.0,gf,1.090,mm,OK,--,8:16:40 PM,7/30/2025,
179,36.0,gf,1.105,mm,OK,--,8:16:40 PM,7/30/2025,
180,36.1,gf,1.120,mm,OK,--,8:16:40 PM,7/30/2025,
181,36.1,gf,1.135,mm,OK,--,8:16:41 PM,7/30/2025,
182,36.2,gf,1.145,mm,OK,--,8:16:41 PM,7/30/2025,
183,36.2,gf,1.160,mm,OK,--,8:16:41 PM,7/30/2025,
184,36.2,gf,1.170,mm,OK,--,8:16:41 PM,7/30/2025,
185,36.2,gf,1.180,mm,OK,--,8:16:41 PM,7/30/2025,
186,36.3,gf,1.190,mm,OK,--,8:16:41 PM,7/30/2025,
187,36.4,gf,1.200,mm,OK,--,8:16:41 PM,7/30/2025,
188,36.4,gf,1.215,mm,OK,--,8:16:41 PM,7/30/2025,
189,36.5,gf,1.225,mm,OK,--,8:16:41 PM,7/30/2025,
190,36.5,gf,1.235,mm,OK,--,8:16:41 PM,7/30/2025,
191,36.6,gf,1.250,mm,OK,--,8:16:42 PM,7/30/2025,
192,36.6,gf,1.260,mm,OK,--,8:16:42 PM,7/30/2025,
193,36.6,gf,1.275,mm,OK,--,8:16:42 PM,7/30/2025,
194,36.6,gf,1.285,mm,OK,--,8:16:42 PM,7/30/2025,
195,36.7,gf,1.295,mm,OK,--,8:16:42 PM,7/30/2025,
196,36.7,gf,1.305,mm,OK,--,8:16:42 PM,7/30/2025,
197,36.7,gf,1.315,mm,OK,--,8:16:42 PM,7/30/2025,
198,36.8,gf,1.325,mm,OK,--,8:16:42 PM,7/30/2025,
199,36.8,gf,1.335,mm,OK,--,8:16:42 PM,7/30/2025,
200,36.7,gf,1.340,mm,OK,--,8:16:42 PM,7/30/2025,
201,36.8,gf,1.345,mm,OK,--,8:16:43 PM,7/30/2025,
202,36.8,gf,1.355,mm,OK,--,8:16:43 PM,7/30/2025,
203,36.8,gf,1.360,mm,OK,--,8:16:43 PM,7/30/2025,
204,36.8,gf,1.365,mm,OK,--,8:16:43 PM,7/30/2025,
205,36.9,gf,1.370,mm,OK,--,8:16:43 PM,7/30/2025,
206,36.9,gf,1.375,mm,OK,--,8:16:43 PM,7/30/2025,
207,36.9,gf,1.375,mm,OK,--,8:16:43 PM,7/30/2025,
208,37.0,gf,1.380,mm,OK,--,8:16:43 PM,7/30/2025,
209,37.0,gf,1.385,mm,OK,--,8:16:43 PM,7/30/2025,
210,36.9,gf,1.385,mm,OK,--,8:16:43 PM,7/30/2025,
211,37.0,gf,1.390,mm,OK,--,8:16:44 PM,7/30/2025,
212,37.0,gf,1.395,mm,OK,--,8:16:44 PM,7/30/2025,
213,37.0,gf,1.395,mm,OK,--,8:16:44 PM,7/30/2025,
214,37.0,gf,1.400,mm,OK,--,8:16:44 PM,7/30/2025,
215,37.0,gf,1.405,mm,OK,--,8:16:44 PM,7/30/2025,
216,37.0,gf,1.405,mm,OK,--,8:16:44 PM,7/30/2025,
217,37.0,gf,1.410,mm,OK,--,8:16:44 PM,7/30/2025,
218,37.0,gf,1.415,mm,OK,--,8:16:44 PM,7/30/2025,
219,37.0,gf,1.415,mm,OK,--,8:16:44 PM,7/30/2025,
220,37.0,gf,1.420,mm,OK,--,8:16:44 PM,7/30/2025,
221,37.0,gf,1.425,mm,OK,--,8:16:45 PM,7/30/2025,
222,37.1,gf,1.425,mm,OK,--,8:16:45 PM,7/30/2025,
223,37.1,gf,1.430,mm,OK,--,8:16:45 PM,7/30/2025,
224,37.1,gf,1.430,mm,OK,--,8:16:45 PM,7/30/2025,
225,37.1,gf,1.435,mm,OK,--,8:16:45 PM,7/30/2025,
226,37.1,gf,1.440,mm,OK,--,8:16:45 PM,7/30/2025,
227,37.1,gf,1.445,mm,OK,--,8:16:45 PM,7/30/2025,
228,37.2,gf,1.450,mm,OK,--,8:16:45 PM,7/30/2025,
229,37.2,gf,1.455,mm,OK,--,8:16:45 PM,7/30/2025,
230,37.2,gf,1.460,mm,OK,--,8:16:45 PM,7/30/2025,
231,37.2,gf,1.460,mm,OK,--,8:16:46 PM,7/30/2025,
232,37.2,gf,1.465,mm,OK,--,8:16:46 PM,7/30/2025,
233,37.2,gf,1.470,mm,OK,--,8:16:46 PM,7/30/2025,
234,37.2,gf,1.470,mm,OK,--,8:16:46 PM,7/30/2025,
235,37.2,gf,1.475,mm,OK,--,8:16:46 PM,7/30/2025,
236,37.2,gf,1.480,mm,OK,--,8:16:46 PM,7/30/2025,
237,37.2,gf,1.485,mm,OK,--,8:16:46 PM,7/30/2025,
238,37.2,gf,1.485,mm,OK,--,8:16:46 PM,7/30/2025,
239,37.2,gf,1.490,mm,OK,--,8:16:46 PM,7/30/2025,
240,37.2,gf,1.495,mm,OK,--,8:16:46 PM,7/30/2025,
241,37.2,gf,1.500,mm,OK,--,8:16:47 PM,7/30/2025,
242,37.3,gf,1.505,mm,OK,--,8:16:47 PM,7/30/2025,
243,37.3,gf,1.510,mm,OK,--,8:16:47 PM,7/30/2025,
244,37.3,gf,1.520,mm,OK,--,8:16:47 PM,7/30/2025,
245,37.4,gf,1.525,mm,OK,--,8:16:47 PM,7/30/2025,
246,37.4,gf,1.530,mm,OK,--,8:16:47 PM,7/30/2025,
247,37.4,gf,1.540,mm,OK,--,8:16:47 PM,7/30/2025,
248,37.4,gf,1.545,mm,OK,--,8:16:47 PM,7/30/2025,
249,37.4,gf,1.550,mm,OK,--,8:16:47 PM,7/30/2025,
250,37.4,gf,1.555,mm,OK,--,8:16:47 PM,7/30/2025,
251,37.4,gf,1.560,mm,OK,--,8:16:48 PM,7/30/2025,
252,37.4,gf,1.570,mm,OK,--,8:16:48 PM,7/30/2025,
253,37.5,gf,1.575,mm,OK,--,8:16:48 PM,7/30/2025,
254,37.5,gf,1.580,mm,OK,--,8:16:48 PM,7/30/2025,
255,37.5,gf,1.585,mm,OK,--,8:16:48 PM,7/30/2025,
256,37.5,gf,1.595,mm,OK,--,8:16:48 PM,7/30/2025,
257,37.6,gf,1.600,mm,OK,--,8:16:48 PM,7/30/2025,
258,37.6,gf,1.605,mm,OK,--,8:16:48 PM,7/30/2025,
259,37.6,gf,1.610,mm,OK,--,8:16:48 PM,7/30/2025,
260,37.7,gf,1.615,mm,OK,--,8:16:48 PM,7/30/2025,
261,37.7,gf,1.620,mm,OK,--,8:16:49 PM,7/30/2025,
262,37.7,gf,1.625,mm,OK,--,8:16:49 PM,7/30/2025,
263,37.7,gf,1.635,mm,OK,--,8:16:49 PM,7/30/2025,
264,37.7,gf,1.640,mm,OK,--,8:16:49 PM,7/30/2025,
265,37.7,gf,1.650,mm,OK,--,8:16:49 PM,7/30/2025,
266,37.7,gf,1.655,mm,OK,--,8:16:49 PM,7/30/2025,
267,37.8,gf,1.660,mm,OK,--,8:16:49 PM,7/30/2025,
268,37.8,gf,1.665,mm,OK,--,8:16:49 PM,7/30/2025,
269,37.8,gf,1.670,mm,OK,--,8:16:49 PM,7/30/2025,
270,37.8,gf,1.680,mm,OK,--,8:16:49 PM,7/30/2025,
271,37.8,gf,1.685,mm,OK,--,8:16:50 PM,7/30/2025,
272,37.8,gf,1.690,mm,OK,--,8:16:50 PM,7/30/2025,
273,37.8,gf,1.695,mm,OK,--,8:16:50 PM,7/30/2025,
274,37.8,gf,1.695,mm,OK,--,8:16:50 PM,7/30/2025,
275,37.8,gf,1.700,mm,OK,--,8:16:50 PM,7/30/2025,
276,37.9,gf,1.705,mm,OK,--,8:16:50 PM,7/30/2025,
277,37.9,gf,1.710,mm,OK,--,8:16:50 PM,7/30/2025,
278,37.9,gf,1.715,mm,OK,--,8:16:50 PM,7/30/2025,
279,37.9,gf,1.720,mm,OK,--,8:16:50 PM,7/30/2025,
280,37.9,gf,1.725,mm,OK,--,8:16:50 PM,7/30/2025,
281,37.9,gf,1.730,mm,OK,--,8:16:51 PM,7/30/2025,
282,37.9,gf,1.730,mm,OK,--,8:16:51 PM,7/30/2025,
283,37.9,gf,1.735,mm,OK,--,8:16:51 PM,7/30/2025,
284,37.9,gf,1.740,mm,OK,--,8:16:51 PM,7/30/2025,
285,37.9,gf,1.740,mm,OK,--,8:16:51 PM,7/30/2025,
286,38.0,gf,1.745,mm,OK,--,8:16:51 PM,7/30/2025,
287,38.0,gf,1.750,mm,OK,--,8:16:51 PM,7/30/2025,
288,38.0,gf,1.755,mm,OK,--,8:16:51 PM,7/30/2025,
289,38.0,gf,1.760,mm,OK,--,8:16:51 PM,7/30/2025,
290,38.0,gf,1.760,mm,OK,--,8:16:51 PM,7/30/2025,
291,38.0,gf,1.765,mm,OK,--,8:16:52 PM,7/30/2025,
292,38.1,gf,1.775,mm,OK,--,8:16:52 PM,7/30/2025,
293,38.2,gf,1.780,mm,OK,--,8:16:52 PM,7/30/2025,
294,38.2,gf,1.785,mm,OK,--,8:16:52 PM,7/30/2025,
295,38.1,gf,1.790,mm,OK,--,8:16:52 PM,7/30/2025,
296,38.2,gf,1.795,mm,OK,--,8:16:52 PM,7/30/2025,
297,38.2,gf,1.800,mm,OK,--,8:16:52 PM,7/30/2025,
298,38.2,gf,1.800,mm,OK,--,8:16:52 PM,7/30/2025,
299,38.2,gf,1.805,mm,OK,--,8:16:52 PM,7/30/2025,
300,38.2,gf,1.810,mm,OK,--,8:16:52 PM,7/30/2025,
301,38.2,gf,1.810,mm,OK,--,8:16:53 PM,7/30/2025,
302,38.2,gf,1.815,mm,OK,--,8:16:53 PM,7/30/2025,
303,38.2,gf,1.815,mm,OK,--,8:16:53 PM,7/30/2025,
304,38.2,gf,1.820,mm,OK,--,8:16:53 PM,7/30/2025,
305,38.3,gf,1.820,mm,OK,--,8:16:53 PM,7/30/2025,
306,38.3,gf,1.825,mm,OK,--,8:16:53 PM,7/30/2025,
307,38.3,gf,1.825,mm,OK,--,8:16:53 PM,7/30/2025,
308,38.3,gf,1.830,mm,OK,--,8:16:53 PM,7/30/2025,
309,38.3,gf,1.830,mm,OK,--,8:16:53 PM,7/30/2025,
310,38.3,gf,1.835,mm,OK,--,8:16:53 PM,7/30/2025,
311,38.3,gf,1.835,mm,OK,--,8:16:54 PM,7/30/2025,
312,38.3,gf,1.840,mm,OK,--,8:16:54 PM,7/30/2025,
313,38.4,gf,1.845,mm,OK,--,8:16:54 PM,7/30/2025,
314,38.4,gf,1.850,mm,OK,--,8:16:54 PM,7/30/2025,
315,38.4,gf,1.855,mm,OK,--,8:16:54 PM,7/30/2025,
316,38.4,gf,1.860,mm,OK,--,8:16:54 PM,7/30/2025,
317,38.4,gf,1.865,mm,OK,--,8:16:54 PM,7/30/2025,
318,38.5,gf,1.875,mm,OK,--,8:16:54 PM,7/30/2025,
319,38.5,gf,1.880,mm,OK,--,8:16:54 PM,7/30/2025,
320,38.5,gf,1.890,mm,OK,--,8:16:54 PM,7/30/2025,
321,38.6,gf,1.900,mm,OK,--,8:16:55 PM,7/30/2025,
322,38.6,gf,1.905,mm,OK,--,8:16:55 PM,7/30/2025,
323,38.6,gf,1.915,mm,OK,--,8:16:55 PM,7/30/2025,
324,38.6,gf,1.920,mm,OK,--,8:16:55 PM,7/30/2025,
325,38.6,gf,1.925,mm,OK,--,8:16:55 PM,7/30/2025,
326,38.7,gf,1.930,mm,OK,--,8:16:55 PM,7/30/2025,
327,38.7,gf,1.935,mm,OK,--,8:16:55 PM,7/30/2025,
328,38.7,gf,1.940,mm,OK,--,8:16:55 PM,7/30/2025,
329,38.7,gf,1.945,mm,OK,--,8:16:55 PM,7/30/2025,
330,38.8,gf,1.945,mm,OK,--,8:16:55 PM,7/30/2025,
331,38.8,gf,1.950,mm,OK,--,8:16:56 PM,7/30/2025,
332,38.8,gf,1.950,mm,OK,--,8:16:56 PM,7/30/2025,
333,38.8,gf,1.955,mm,OK,--,8:16:56 PM,7/30/2025,
334,38.8,gf,1.955,mm,OK,--,8:16:56 PM,7/30/2025,
335,38.8,gf,1.960,mm,OK,--,8:16:56 PM,7/30/2025,
336,38.8,gf,1.960,mm,OK,--,8:16:56 PM,7/30/2025,
337,38.8,gf,1.960,mm,OK,--,8:16:56 PM,7/30/2025,
338,38.9,gf,1.965,mm,OK,--,8:16:56 PM,7/30/2025,
339,38.9,gf,1.965,mm,OK,--,8:16:56 PM,7/30/2025,
340,38.9,gf,1.970,mm,OK,--,8:16:56 PM,7/30/2025,
341,38.9,gf,1.970,mm,OK,--,8:16:57 PM,7/30/2025,
342,38.9,gf,1.975,mm,OK,--,8:16:57 PM,7/30/2025,
343,38.9,gf,1.975,mm,OK,--,8:16:57 PM,7/30/2025,
344,38.9,gf,1.980,mm,OK,--,8:16:57 PM,7/30/2025,
345,38.9,gf,1.980,mm,OK,--,8:16:57 PM,7/30/2025,
346,38.9,gf,1.980,mm,OK,--,8:16:57 PM,7/30/2025,
347,38.9,gf,1.985,mm,OK,--,8:16:57 PM,7/30/2025,
348,38.9,gf,1.985,mm,OK,--,8:16:57 PM,7/30/2025,
349,38.9,gf,1.990,mm,OK,--,8:16:57 PM,7/30/2025,
350,38.9,gf,1.995,mm,OK,--,8:16:57 PM,7/30/2025,
351,38.9,gf,1.995,mm,OK,--,8:16:58 PM,7/30/2025,
352,39.0,gf,2.000,mm,OK,--,8:16:58 PM,7/30/2025,
353,39.0,gf,2.000,mm,OK,--,8:16:58 PM,7/30/2025,
354,39.0,gf,2.005,mm,OK,--,8:16:58 PM,7/30/2025,
355,39.0,gf,2.005,mm,OK,--,8:16:58 PM,7/30/2025,
356,39.0,gf,2.010,mm,OK,--,8:16:58 PM,7/30/2025,
357,39.0,gf,2.010,mm,OK,--,8:16:58 PM,7/30/2025,
358,39.0,gf,2.015,mm,OK,--,8:16:58 PM,7/30/2025,
359,39.0,gf,2.015,mm,OK,--,8:16:58 PM,7/30/2025,
360,39.0,gf,2.020,mm,OK,--,8:16:58 PM,7/30/2025,
361,39.0,gf,2.020,mm,OK,--,8:16:59 PM,7/30/2025,
362,39.0,gf,2.020,mm,OK,--,8:16:59 PM,7/30/2025,
363,39.0,gf,2.025,mm,OK,--,8:16:59 PM,7/30/2025,
364,39.1,gf,2.030,mm,OK,--,8:16:59 PM,7/30/2025,
365,39.1,gf,2.030,mm,OK,--,8:16:59 PM,7/30/2025,
366,39.1,gf,2.035,mm,OK,--,8:16:59 PM,7/30/2025,
367,39.1,gf,2.035,mm,OK,--,8:16:59 PM,7/30/2025,
368,39.1,gf,2.045,mm,OK,--,8:16:59 PM,7/30/2025,
369,39.1,gf,2.050,mm,OK,--,8:16:59 PM,7/30/2025,
370,39.1,gf,2.050,mm,OK,--,8:16:59 PM,7/30/2025,
371,39.1,gf,2.055,mm,OK,--,8:17:00 PM,7/30/2025,
372,39.1,gf,2.065,mm,OK,--,8:17:00 PM,7/30/2025,
373,39.1,gf,2.070,mm,OK,--,8:17:00 PM,7/30/2025,
374,39.2,gf,2.075,mm,OK,--,8:17:00 PM,7/30/2025,
375,39.2,gf,2.080,mm,OK,--,8:17:00 PM,7/30/2025,
376,39.3,gf,2.085,mm,OK,--,8:17:00 PM,7/30/2025,
377,39.3,gf,2.090,mm,OK,--,8:17:00 PM,7/30/2025,
378,39.3,gf,2.095,mm,OK,--,8:17:00 PM,7/30/2025,
379,39.4,gf,2.100,mm,OK,--,8:17:00 PM,7/30/2025,
380,39.4,gf,2.100,mm,OK,--,8:17:00 PM,7/30/2025,
381,39.4,gf,2.100,mm,OK,--,8:17:01 PM,7/30/2025,
382,39.4,gf,2.105,mm,OK,--,8:17:01 PM,7/30/2025,
383,39.4,gf,2.110,mm,OK,--,8:17:01 PM,7/30/2025,
384,39.4,gf,2.110,mm,OK,--,8:17:01 PM,7/30/2025,
385,39.4,gf,2.110,mm,OK,--,8:17:01 PM,7/30/2025,
386,39.4,gf,2.115,mm,OK,--,8:17:01 PM,7/30/2025,
387,39.4,gf,2.115,mm,OK,--,8:17:01 PM,7/30/2025,
388,39.4,gf,2.120,mm,OK,--,8:17:01 PM,7/30/2025,
389,39.4,gf,2.120,mm,OK,--,8:17:01 PM,7/30/2025,
390,39.4,gf,2.120,mm,OK,--,8:17:01 PM,7/30/2025,
391,39.5,gf,2.125,mm,OK,--,8:17:02 PM,7/30/2025,
392,39.5,gf,2.125,mm,OK,--,8:17:02 PM,7/30/2025,
393,39.4,gf,2.125,mm,OK,--,8:17:02 PM,7/30/2025,
394,39.5,gf,2.125,mm,OK,--,8:17:02 PM,7/30/2025,
395,39.5,gf,2.130,mm,OK,--,8:17:02 PM,7/30/2025,
396,39.5,gf,2.130,mm,OK,--,8:17:02 PM,7/30/2025,
397,39.5,gf,2.130,mm,OK,--,8:17:02 PM,7/30/2025,
398,39.5,gf,2.135,mm,OK,--,8:17:02 PM,7/30/2025,
399,39.5,gf,2.135,mm,OK,--,8:17:02 PM,7/30/2025,
400,39.5,gf,2.135,mm,OK,--,8:17:02 PM,7/30/2025,
401,39.5,gf,2.140,mm,OK,--,8:17:03 PM,7/30/2025,
402,39.5,gf,2.140,mm,OK,--,8:17:03 PM,7/30/2025,
403,39.5,gf,2.140,mm,OK,--,8:17:03 PM,7/30/2025,
404,39.5,gf,2.140,mm,OK,--,8:17:03 PM,7/30/2025,
405,39.5,gf,2.145,mm,OK,--,8:17:03 PM,7/30/2025,
406,39.5,gf,2.145,mm,OK,--,8:17:03 PM,7/30/2025,
407,39.5,gf,2.145,mm,OK,--,8:17:03 PM,7/30/2025,
408,39.5,gf,2.150,mm,OK,--,8:17:03 PM,7/30/2025,
409,39.5,gf,2.155,mm,OK,--,8:17:03 PM,7/30/2025,
410,39.6,gf,2.155,mm,OK,--,8:17:03 PM,7/30/2025,
411,39.6,gf,2.160,mm,OK,--,8:17:04 PM,7/30/2025,
412,39.6,gf,2.160,mm,OK,--,8:17:04 PM,7/30/2025,
413,39.6,gf,2.165,mm,OK,--,8:17:04 PM,7/30/2025,
414,39.6,gf,2.170,mm,OK,--,8:17:04 PM,7/30/2025,
415,39.6,gf,2.170,mm,OK,--,8:17:04 PM,7/30/2025,
416,39.6,gf,2.175,mm,OK,--,8:17:04 PM,7/30/2025,
417,39.6,gf,2.180,mm,OK,--,8:17:04 PM,7/30/2025,
418,39.6,gf,2.185,mm,OK,--,8:17:04 PM,7/30/2025,
419,39.6,gf,2.190,mm,OK,--,8:17:04 PM,7/30/2025,
420,39.6,gf,2.195,mm,OK,--,8:17:04 PM,7/30/2025,
421,39.6,gf,2.200,mm,OK,--,8:17:05 PM,7/30/2025,
422,39.7,gf,2.210,mm,OK,--,8:17:05 PM,7/30/2025,
423,39.7,gf,2.215,mm,OK,--,8:17:05 PM,7/30/2025,
424,39.7,gf,2.225,mm,OK,--,8:17:05 PM,7/30/2025,
425,39.7,gf,2.230,mm,OK,--,8:17:05 PM,7/30/2025,
426,39.7,gf,2.235,mm,OK,--,8:17:05 PM,7/30/2025,
427,39.8,gf,2.240,mm,OK,--,8:17:05 PM,7/30/2025,
428,39.8,gf,2.250,mm,OK,--,8:17:05 PM,7/30/2025,
429,39.8,gf,2.255,mm,OK,--,8:17:05 PM,7/30/2025,
430,39.8,gf,2.265,mm,OK,--,8:17:05 PM,7/30/2025,
431,39.8,gf,2.275,mm,OK,--,8:17:06 PM,7/30/2025,
432,39.8,gf,2.285,mm,OK,--,8:17:06 PM,7/30/2025,
433,39.8,gf,2.290,mm,OK,--,8:17:06 PM,7/30/2025,
434,39.9,gf,2.300,mm,OK,--,8:17:06 PM,7/30/2025,
435,39.9,gf,2.310,mm,OK,--,8:17:06 PM,7/30/2025,
436,40.0,gf,2.325,mm,OK,--,8:17:06 PM,7/30/2025,
437,40.1,gf,2.335,mm,OK,--,8:17:06 PM,7/30/2025,
438,40.1,gf,2.340,mm,OK,--,8:17:06 PM,7/30/2025,
439,40.2,gf,2.350,mm,OK,--,8:17:06 PM,7/30/2025,
440,40.1,gf,2.360,mm,OK,--,8:17:06 PM,7/30/2025,
441,40.2,gf,2.365,mm,OK,--,8:17:07 PM,7/30/2025,
442,40.2,gf,2.370,mm,OK,--,8:17:07 PM,7/30/2025,
443,40.2,gf,2.375,mm,OK,--,8:17:07 PM,7/30/2025,
444,40.3,gf,2.380,mm,OK,--,8:17:07 PM,7/30/2025,
445,40.3,gf,2.385,mm,OK,--,8:17:07 PM,7/30/2025,
446,40.3,gf,2.390,mm,OK,--,8:17:07 PM,7/30/2025,
447,40.4,gf,2.395,mm,OK,--,8:17:07 PM,7/30/2025,
448,40.3,gf,2.395,mm,OK,--,8:17:07 PM,7/30/2025,
449,40.4,gf,2.400,mm,OK,--,8:17:07 PM,7/30/2025,
450,40.4,gf,2.405,mm,OK,--,8:17:07 PM,7/30/2025,
451,40.4,gf,2.410,mm,OK,--,8:17:08 PM,7/30/2025,
452,40.5,gf,2.415,mm,OK,--,8:17:08 PM,7/30/2025,
453,40.5,gf,2.420,mm,OK,--,8:17:08 PM,7/30/2025,
454,40.5,gf,2.425,mm,OK,--,8:17:08 PM,7/30/2025,
455,40.5,gf,2.430,mm,OK,--,8:17:08 PM,7/30/2025,
456,40.5,gf,2.435,mm,OK,--,8:17:08 PM,7/30/2025,
457,40.6,gf,2.440,mm,OK,--,8:17:08 PM,7/30/2025,
458,40.6,gf,2.440,mm,OK,--,8:17:08 PM,7/30/2025,
459,40.6,gf,2.445,mm,OK,--,8:17:08 PM,7/30/2025,
460,40.6,gf,2.445,mm,OK,--,8:17:08 PM,7/30/2025,
461,40.6,gf,2.450,mm,OK,--,8:17:09 PM,7/30/2025,
462,40.6,gf,2.455,mm,OK,--,8:17:09 PM,7/30/2025,
463,40.7,gf,2.455,mm,OK,--,8:17:09 PM,7/30/2025,
464,40.7,gf,2.460,mm,OK,--,8:17:09 PM,7/30/2025,
465,40.6,gf,2.460,mm,OK,--,8:17:09 PM,7/30/2025,
466,40.6,gf,2.465,mm,OK,--,8:17:09 PM,7/30/2025,
467,40.6,gf,2.465,mm,OK,--,8:17:09 PM,7/30/2025,
468,40.6,gf,2.470,mm,OK,--,8:17:09 PM,7/30/2025,
469,40.6,gf,2.470,mm,OK,--,8:17:09 PM,7/30/2025,
470,40.6,gf,2.475,mm,OK,--,8:17:09 PM,7/30/2025,
471,40.6,gf,2.475,mm,OK,--,8:17:10 PM,7/30/2025,
472,40.6,gf,2.480,mm,OK,--,8:17:10 PM,7/30/2025,
473,40.7,gf,2.480,mm,OK,--,8:17:10 PM,7/30/2025,
474,40.7,gf,2.485,mm,OK,--,8:17:10 PM,7/30/2025,
475,40.7,gf,2.490,mm,OK,--,8:17:10 PM,7/30/2025,
476,40.7,gf,2.495,mm,OK,--,8:17:10 PM,7/30/2025,
477,40.8,gf,2.495,mm,OK,--,8:17:10 PM,7/30/2025,
478,40.9,gf,2.500,mm,OK,--,8:17:10 PM,7/30/2025,
479,40.8,gf,2.500,mm,OK,--,8:17:10 PM,7/30/2025,
480,40.8,gf,2.505,mm,OK,--,8:17:10 PM,7/30/2025,
481,40.8,gf,2.505,mm,OK,--,8:17:11 PM,7/30/2025,
482,40.8,gf,2.510,mm,OK,--,8:17:11 PM,7/30/2025,
483,40.8,gf,2.510,mm,OK,--,8:17:11 PM,7/30/2025,
484,40.8,gf,2.515,mm,OK,--,8:17:11 PM,7/30/2025,
485,40.8,gf,2.520,mm,OK,--,8:17:11 PM,7/30/2025,
486,40.8,gf,2.525,mm,OK,--,8:17:11 PM,7/30/2025,
487,40.8,gf,2.530,mm,OK,--,8:17:11 PM,7/30/2025,
488,40.9,gf,2.530,mm,OK,--,8:17:11 PM,7/30/2025,
489,40.9,gf,2.535,mm,OK,--,8:17:11 PM,7/30/2025,
490,40.9,gf,2.540,mm,OK,--,8:17:11 PM,7/30/2025,
491,40.9,gf,2.545,mm,OK,--,8:17:12 PM,7/30/2025,
492,40.9,gf,2.545,mm,OK,--,8:17:12 PM,7/30/2025,
493,40.9,gf,2.550,mm,OK,--,8:17:12 PM,7/30/2025,
494,40.9,gf,2.555,mm,OK,--,8:17:12 PM,7/30/2025,
495,40.9,gf,2.560,mm,OK,--,8:17:12 PM,7/30/2025,
496,40.9,gf,2.560,mm,OK,--,8:17:12 PM,7/30/2025,
497,40.9,gf,2.565,mm,OK,--,8:17:12 PM,7/30/2025,
498,40.9,gf,2.570,mm,OK,--,8:17:12 PM,7/30/2025,
499,40.9,gf,2.575,mm,OK,--,8:17:12 PM,7/30/2025,
500,40.9,gf,2.575,mm,OK,--,8:17:12 PM,7/30/2025,
501,40.9,gf,2.580,mm,OK,--,8:17:13 PM,7/30/2025,
502,40.9,gf,2.585,mm,OK,--,8:17:13 PM,7/30/2025,
503,40.9,gf,2.585,mm,OK,--,8:17:13 PM,7/30/2025,
504,40.9,gf,2.590,mm,OK,--,8:17:13 PM,7/30/2025,
505,41.0,gf,2.595,mm,OK,--,8:17:13 PM,7/30/2025,
506,41.0,gf,2.595,mm,OK,--,8:17:13 PM,7/30/2025,
507,41.0,gf,2.600,mm,OK,--,8:17:13 PM,7/30/2025,
508,41.0,gf,2.605,mm,OK,--,8:17:13 PM,7/30/2025,
509,41.0,gf,2.610,mm,OK,--,8:17:13 PM,7/30/2025,
510,41.0,gf,2.610,mm,OK,--,8:17:13 PM,7/30/2025,
511,41.0,gf,2.615,mm,OK,--,8:17:14 PM,7/30/2025,
512,41.0,gf,2.620,mm,OK,--,8:17:14 PM,7/30/2025,
513,41.1,gf,2.625,mm,OK,--,8:17:14 PM,7/30/2025,
514,41.1,gf,2.625,mm,OK,--,8:17:14 PM,7/30/2025,
515,41.1,gf,2.630,mm,OK,--,8:17:14 PM,7/30/2025,
516,41.1,gf,2.635,mm,OK,--,8:17:14 PM,7/30/2025,
517,41.1,gf,2.635,mm,OK,--,8:17:14 PM,7/30/2025,
518,41.1,gf,2.640,mm,OK,--,8:17:14 PM,7/30/2025,
519,41.1,gf,2.640,mm,OK,--,8:17:14 PM,7/30/2025,
520,41.1,gf,2.645,mm,OK,--,8:17:14 PM,7/30/2025,
521,41.1,gf,2.650,mm,OK,--,8:17:15 PM,7/30/2025,
522,41.1,gf,2.655,mm,OK,--,8:17:15 PM,7/30/2025,
523,41.1,gf,2.660,mm,OK,--,8:17:15 PM,7/30/2025,
524,41.1,gf,2.660,mm,OK,--,8:17:15 PM,7/30/2025,
525,41.1,gf,2.665,mm,OK,--,8:17:15 PM,7/30/2025,
526,41.2,gf,2.670,mm,OK,--,8:17:15 PM,7/30/2025,
527,41.2,gf,2.675,mm,OK,--,8:17:15 PM,7/30/2025,
528,41.2,gf,2.680,mm,OK,--,8:17:15 PM,7/30/2025,
529,41.3,gf,2.685,mm,OK,--,8:17:15 PM,7/30/2025,
530,41.3,gf,2.690,mm,OK,--,8:17:15 PM,7/30/2025,
531,41.3,gf,2.695,mm,OK,--,8:17:16 PM,7/30/2025,
532,41.3,gf,2.695,mm,OK,--,8:17:16 PM,7/30/2025,
533,41.3,gf,2.700,mm,OK,--,8:17:16 PM,7/30/2025,
534,41.4,gf,2.705,mm,OK,--,8:17:16 PM,7/30/2025,
535,41.4,gf,2.710,mm,OK,--,8:17:16 PM,7/30/2025,
536,41.4,gf,2.715,mm,OK,--,8:17:16 PM,7/30/2025,
537,41.4,gf,2.720,mm,OK,--,8:17:16 PM,7/30/2025,
538,41.4,gf,2.720,mm,OK,--,8:17:16 PM,7/30/2025,
539,41.4,gf,2.725,mm,OK,--,8:17:16 PM,7/30/2025,
540,41.5,gf,2.730,mm,OK,--,8:17:16 PM,7/30/2025,
541,41.5,gf,2.730,mm,OK,--,8:17:17 PM,7/30/2025,
542,41.5,gf,2.735,mm,OK,--,8:17:17 PM,7/30/2025,
543,41.4,gf,2.735,mm,OK,--,8:17:17 PM,7/30/2025,
544,41.5,gf,2.740,mm,OK,--,8:17:17 PM,7/30/2025,
545,41.5,gf,2.745,mm,OK,--,8:17:17 PM,7/30/2025,
546,41.5,gf,2.750,mm,OK,--,8:17:17 PM,7/30/2025,
547,41.5,gf,2.755,mm,OK,--,8:17:17 PM,7/30/2025,
548,41.5,gf,2.760,mm,OK,--,8:17:17 PM,7/30/2025,
549,41.6,gf,2.760,mm,OK,--,8:17:17 PM,7/30/2025,
550,41.6,gf,2.765,mm,OK,--,8:17:17 PM,7/30/2025,
551,41.6,gf,2.770,mm,OK,--,8:17:18 PM,7/30/2025,
552,41.6,gf,2.775,mm,OK,--,8:17:18 PM,7/30/2025,
553,41.6,gf,2.780,mm,OK,--,8:17:18 PM,7/30/2025,
554,41.7,gf,2.785,mm,OK,--,8:17:18 PM,7/30/2025,
555,41.7,gf,2.785,mm,OK,--,8:17:18 PM,7/30/2025,
556,41.7,gf,2.790,mm,OK,--,8:17:18 PM,7/30/2025,
557,41.7,gf,2.795,mm,OK,--,8:17:18 PM,7/30/2025,
558,41.7,gf,2.800,mm,OK,--,8:17:18 PM,7/30/2025,
559,41.8,gf,2.805,mm,OK,--,8:17:18 PM,7/30/2025,
560,41.8,gf,2.810,mm,OK,--,8:17:18 PM,7/30/2025,
561,41.8,gf,2.815,mm,OK,--,8:17:19 PM,7/30/2025,
562,41.8,gf,2.820,mm,OK,--,8:17:19 PM,7/30/2025,
563,41.8,gf,2.820,mm,OK,--,8:17:19 PM,7/30/2025,
564,41.9,gf,2.825,mm,OK,--,8:17:19 PM,7/30/2025,
565,42.0,gf,2.830,mm,OK,--,8:17:19 PM,7/30/2025,
566,42.0,gf,2.840,mm,OK,--,8:17:19 PM,7/30/2025,
567,42.0,gf,2.845,mm,OK,--,8:17:19 PM,7/30/2025,
568,42.0,gf,2.850,mm,OK,--,8:17:19 PM,7/30/2025,
569,42.0,gf,2.855,mm,OK,--,8:17:19 PM,7/30/2025,
570,42.0,gf,2.860,mm,OK,--,8:17:19 PM,7/30/2025,
571,42.1,gf,2.865,mm,OK,--,8:17:20 PM,7/30/2025,
572,42.1,gf,2.870,mm,OK,--,8:17:20 PM,7/30/2025,
573,42.1,gf,2.875,mm,OK,--,8:17:20 PM,7/30/2025,
574,42.1,gf,2.880,mm,OK,--,8:17:20 PM,7/30/2025,
575,42.1,gf,2.885,mm,OK,--,8:17:20 PM,7/30/2025,
576,42.1,gf,2.890,mm,OK,--,8:17:20 PM,7/30/2025,
577,42.1,gf,2.890,mm,OK,--,8:17:20 PM,7/30/2025,
578,42.1,gf,2.895,mm,OK,--,8:17:20 PM,7/30/2025,
579,42.2,gf,2.895,mm,OK,--,8:17:20 PM,7/30/2025,
580,42.2,gf,2.900,mm,OK,--,8:17:20 PM,7/30/2025,
581,42.1,gf,2.900,mm,OK,--,8:17:21 PM,7/30/2025,
582,42.2,gf,2.905,mm,OK,--,8:17:21 PM,7/30/2025,
583,42.2,gf,2.905,mm,OK,--,8:17:21 PM,7/30/2025,
584,42.2,gf,2.905,mm,OK,--,8:17:21 PM,7/30/2025,
585,42.2,gf,2.910,mm,OK,--,8:17:21 PM,7/30/2025,
586,42.2,gf,2.910,mm,OK,--,8:17:21 PM,7/30/2025,
587,42.2,gf,2.910,mm,OK,--,8:17:21 PM,7/30/2025,
588,42.2,gf,2.915,mm,OK,--,8:17:21 PM,7/30/2025,
589,42.2,gf,2.915,mm,OK,--,8:17:21 PM,7/30/2025,
590,42.3,gf,2.920,mm,OK,--,8:17:21 PM,7/30/2025,
591,42.2,gf,2.920,mm,OK,--,8:17:22 PM,7/30/2025,
592,42.2,gf,2.920,mm,OK,--,8:17:22 PM,7/30/2025,
593,42.2,gf,2.920,mm,OK,--,8:17:22 PM,7/30/2025,
594,42.2,gf,2.925,mm,OK,--,8:17:22 PM,7/30/2025,
595,42.3,gf,2.925,mm,OK,--,8:17:22 PM,7/30/2025,
596,42.3,gf,2.930,mm,OK,--,8:17:22 PM,7/30/2025,
597,42.3,gf,2.930,mm,OK,--,8:17:22 PM,7/30/2025,
598,42.3,gf,2.930,mm,OK,--,8:17:22 PM,7/30/2025,
599,42.3,gf,2.935,mm,OK,--,8:17:22 PM,7/30/2025,
600,42.3,gf,2.935,mm,OK,--,8:17:22 PM,7/30/2025,
601,42.3,gf,2.940,mm,OK,--,8:17:23 PM,7/30/2025,
602,42.3,gf,2.940,mm,OK,--,8:17:23 PM,7/30/2025,
603,42.4,gf,2.945,mm,OK,--,8:17:23 PM,7/30/2025,
604,42.4,gf,2.945,mm,OK,--,8:17:23 PM,7/30/2025,
605,42.4,gf,2.950,mm,OK,--,8:17:23 PM,7/30/2025,
606,42.4,gf,2.950,mm,OK,--,8:17:23 PM,7/30/2025,
607,42.4,gf,2.955,mm,OK,--,8:17:23 PM,7/30/2025,
608,42.5,gf,2.960,mm,OK,--,8:17:23 PM,7/30/2025,
609,42.5,gf,2.960,mm,OK,--,8:17:23 PM,7/30/2025,
610,42.5,gf,2.965,mm,OK,--,8:17:23 PM,7/30/2025,
611,42.5,gf,2.970,mm,OK,--,8:17:24 PM,7/30/2025,
612,42.5,gf,2.975,mm,OK,--,8:17:24 PM,7/30/2025,
613,42.5,gf,2.980,mm,OK,--,8:17:24 PM,7/30/2025,
614,42.5,gf,2.985,mm,OK,--,8:17:24 PM,7/30/2025,
615,42.5,gf,2.990,mm,OK,--,8:17:24 PM,7/30/2025,
616,42.5,gf,2.990,mm,OK,--,8:17:24 PM,7/30/2025,
617,42.5,gf,2.995,mm,OK,--,8:17:24 PM,7/30/2025,
618,42.5,gf,3.000,mm,OK,--,8:17:24 PM,7/30/2025,
619,42.5,gf,3.000,mm,OK,--,8:17:24 PM,7/30/2025,
620,42.5,gf,3.005,mm,OK,--,8:17:24 PM,7/30/2025,
621,42.5,gf,3.005,mm,OK,--,8:17:25 PM,7/30/2025,
622,42.5,gf,3.010,mm,OK,--,8:17:25 PM,7/30/2025,
623,42.5,gf,3.015,mm,OK,--,8:17:25 PM,7/30/2025,
624,42.5,gf,3.015,mm,OK,--,8:17:25 PM,7/30/2025,
625,42.5,gf,3.020,mm,OK,--,8:17:25 PM,7/30/2025,
626,42.5,gf,3.025,mm,OK,--,8:17:25 PM,7/30/2025,
627,42.5,gf,3.025,mm,OK,--,8:17:25 PM,7/30/2025,
628,42.5,gf,3.030,mm,OK,--,8:17:25 PM,7/30/2025,
629,42.6,gf,3.035,mm,OK,--,8:17:25 PM,7/30/2025,
630,42.6,gf,3.040,mm,OK,--,8:17:25 PM,7/30/2025,
631,42.6,gf,3.045,mm,OK,--,8:17:26 PM,7/30/2025,
632,42.6,gf,3.045,mm,OK,--,8:17:26 PM,7/30/2025,
633,42.6,gf,3.050,mm,OK,--,8:17:26 PM,7/30/2025,
634,42.6,gf,3.050,mm,OK,--,8:17:26 PM,7/30/2025,
635,42.6,gf,3.055,mm,OK,--,8:17:26 PM,7/30/2025,
636,42.6,gf,3.055,mm,OK,--,8:17:26 PM,7/30/2025,
637,42.6,gf,3.060,mm,OK,--,8:17:26 PM,7/30/2025,
638,42.6,gf,3.060,mm,OK,--,8:17:26 PM,7/30/2025,
639,42.6,gf,3.065,mm,OK,--,8:17:26 PM,7/30/2025,
640,42.6,gf,3.065,mm,OK,--,8:17:26 PM,7/30/2025,
641,42.6,gf,3.070,mm,OK,--,8:17:27 PM,7/30/2025,
642,42.6,gf,3.075,mm,OK,--,8:17:27 PM,7/30/2025,
643,42.6,gf,3.080,mm,OK,--,8:17:27 PM,7/30/2025,
644,42.7,gf,3.085,mm,OK,--,8:17:27 PM,7/30/2025,
645,42.7,gf,3.085,mm,OK,--,8:17:27 PM,7/30/2025,
646,42.7,gf,3.090,mm,OK,--,8:17:27 PM,7/30/2025,
647,42.7,gf,3.090,mm,OK,--,8:17:27 PM,7/30/2025,
648,42.7,gf,3.095,mm,OK,--,8:17:27 PM,7/30/2025,
649,42.7,gf,3.095,mm,OK,--,8:17:27 PM,7/30/2025,
650,42.7,gf,3.100,mm,OK,--,8:17:27 PM,7/30/2025,
651,42.7,gf,3.105,mm,OK,--,8:17:28 PM,7/30/2025,
652,42.7,gf,3.110,mm,OK,--,8:17:28 PM,7/30/2025,
653,42.8,gf,3.110,mm,OK,--,8:17:28 PM,7/30/2025,
654,42.8,gf,3.115,mm,OK,--,8:17:28 PM,7/30/2025,
655,42.8,gf,3.120,mm,OK,--,8:17:28 PM,7/30/2025,
656,42.9,gf,3.125,mm,OK,--,8:17:28 PM,7/30/2025,
657,42.9,gf,3.130,mm,OK,--,8:17:28 PM,7/30/2025,
658,42.9,gf,3.135,mm,OK,--,8:17:28 PM,7/30/2025,
659,42.9,gf,3.140,mm,OK,--,8:17:28 PM,7/30/2025,
660,43.0,gf,3.145,mm,OK,--,8:17:28 PM,7/30/2025,
661,43.2,gf,3.145,mm,OK,--,8:17:29 PM,7/30/2025,
662,43.3,gf,3.150,mm,OK,--,8:17:29 PM,7/30/2025,
663,43.3,gf,3.155,mm,OK,--,8:17:29 PM,7/30/2025,
664,43.3,gf,3.160,mm,OK,--,8:17:29 PM,7/30/2025,
665,43.3,gf,3.160,mm,OK,--,8:17:29 PM,7/30/2025,
666,43.3,gf,3.165,mm,OK,--,8:17:29 PM,7/30/2025,
667,43.3,gf,3.165,mm,OK,--,8:17:29 PM,7/30/2025,
668,43.3,gf,3.170,mm,OK,--,8:17:29 PM,7/30/2025,
669,43.3,gf,3.170,mm,OK,--,8:17:29 PM,7/30/2025,
670,43.3,gf,3.175,mm,OK,--,8:17:29 PM,7/30/2025,
671,43.3,gf,3.175,mm,OK,--,8:17:30 PM,7/30/2025,
672,43.3,gf,3.175,mm,OK,--,8:17:30 PM,7/30/2025,
673,43.3,gf,3.180,mm,OK,--,8:17:30 PM,7/30/2025,
674,43.3,gf,3.180,mm,OK,--,8:17:30 PM,7/30/2025,
675,43.3,gf,3.185,mm,OK,--,8:17:30 PM,7/30/2025,
676,43.3,gf,3.190,mm,OK,--,8:17:30 PM,7/30/2025,
677,43.3,gf,3.190,mm,OK,--,8:17:30 PM,7/30/2025,
678,43.3,gf,3.195,mm,OK,--,8:17:30 PM,7/30/2025,
679,43.2,gf,3.200,mm,OK,--,8:17:30 PM,7/30/2025,
680,43.2,gf,3.200,mm,OK,--,8:17:30 PM,7/30/2025,
681,43.3,gf,3.205,mm,OK,--,8:17:31 PM,7/30/2025,
682,43.4,gf,3.210,mm,OK,--,8:17:31 PM,7/30/2025,
683,43.4,gf,3.215,mm,OK,--,8:17:31 PM,7/30/2025,
684,43.4,gf,3.215,mm,OK,--,8:17:31 PM,7/30/2025,
685,43.5,gf,3.220,mm,OK,--,8:17:31 PM,7/30/2025,
686,43.5,gf,3.225,mm,OK,--,8:17:31 PM,7/30/2025,
687,43.5,gf,3.230,mm,OK,--,8:17:31 PM,7/30/2025,
688,43.5,gf,3.235,mm,OK,--,8:17:31 PM,7/30/2025,
689,43.6,gf,3.235,mm,OK,--,8:17:31 PM,7/30/2025,
690,43.6,gf,3.240,mm,OK,--,8:17:31 PM,7/30/2025,
691,43.6,gf,3.245,mm,OK,--,8:17:32 PM,7/30/2025,
692,43.6,gf,3.245,mm,OK,--,8:17:32 PM,7/30/2025,
693,43.6,gf,3.250,mm,OK,--,8:17:32 PM,7/30/2025,
694,43.6,gf,3.250,mm,OK,--,8:17:32 PM,7/30/2025,
695,43.7,gf,3.255,mm,OK,--,8:17:32 PM,7/30/2025,
696,43.6,gf,3.260,mm,OK,--,8:17:32 PM,7/30/2025,
697,43.6,gf,3.265,mm,OK,--,8:17:32 PM,7/30/2025,
698,43.6,gf,3.270,mm,OK,--,8:17:32 PM,7/30/2025,
699,43.7,gf,3.275,mm,OK,--,8:17:32 PM,7/30/2025,
700,43.7,gf,3.280,mm,OK,--,8:17:32 PM,7/30/2025,
701,43.7,gf,3.285,mm,OK,--,8:17:33 PM,7/30/2025,
702,43.7,gf,3.285,mm,OK,--,8:17:33 PM,7/30/2025,
703,43.7,gf,3.290,mm,OK,--,8:17:33 PM,7/30/2025,
704,43.7,gf,3.295,mm,OK,--,8:17:33 PM,7/30/2025,
705,43.7,gf,3.295,mm,OK,--,8:17:33 PM,7/30/2025,
706,43.7,gf,3.300,mm,OK,--,8:17:33 PM,7/30/2025,
707,43.7,gf,3.300,mm,OK,--,8:17:33 PM,7/30/2025,
708,43.6,gf,3.300,mm,OK,--,8:17:33 PM,7/30/2025,
709,43.7,gf,3.300,mm,OK,--,8:17:33 PM,7/30/2025,
710,43.7,gf,3.300,mm,OK,--,8:17:33 PM,7/30/2025,
711,43.7,gf,3.305,mm,OK,--,8:17:34 PM,7/30/2025,
712,43.8,gf,3.305,mm,OK,--,8:17:34 PM,7/30/2025,
713,43.8,gf,3.305,mm,OK,--,8:17:34 PM,7/30/2025,
714,43.8,gf,3.310,mm,OK,--,8:17:34 PM,7/30/2025,
715,43.8,gf,3.310,mm,OK,--,8:17:34 PM,7/30/2025,
716,43.8,gf,3.315,mm,OK,--,8:17:34 PM,7/30/2025,
717,43.8,gf,3.315,mm,OK,--,8:17:34 PM,7/30/2025,
718,43.8,gf,3.320,mm,OK,--,8:17:34 PM,7/30/2025,
719,43.8,gf,3.320,mm,OK,--,8:17:34 PM,7/30/2025,
720,43.8,gf,3.320,mm,OK,--,8:17:34 PM,7/30/2025,
721,43.8,gf,3.320,mm,OK,--,8:17:35 PM,7/30/2025,
722,43.8,gf,3.320,mm,OK,--,8:17:35 PM,7/30/2025,
723,43.8,gf,3.325,mm,OK,--,8:17:35 PM,7/30/2025,
724,43.8,gf,3.325,mm,OK,--,8:17:35 PM,7/30/2025,
725,43.8,gf,3.325,mm,OK,--,8:17:35 PM,7/30/2025,
726,43.8,gf,3.330,mm,OK,--,8:17:35 PM,7/30/2025,
727,43.8,gf,3.330,mm,OK,--,8:17:35 PM,7/30/2025,
728,43.8,gf,3.330,mm,OK,--,8:17:35 PM,7/30/2025,
729,43.8,gf,3.330,mm,OK,--,8:17:35 PM,7/30/2025,
730,43.7,gf,3.330,mm,OK,--,8:17:35 PM,7/30/2025,
731,43.7,gf,3.330,mm,OK,--,8:17:36 PM,7/30/2025,
732,43.7,gf,3.330,mm,OK,--,8:17:36 PM,7/30/2025,
733,43.7,gf,3.335,mm,OK,--,8:17:36 PM,7/30/2025,
734,43.7,gf,3.335,mm,OK,--,8:17:36 PM,7/30/2025,
735,43.7,gf,3.335,mm,OK,--,8:17:36 PM,7/30/2025,
736,43.7,gf,3.335,mm,OK,--,8:17:36 PM,7/30/2025,
737,43.7,gf,3.340,mm,OK,--,8:17:36 PM,7/30/2025,
738,43.6,gf,3.340,mm,OK,--,8:17:36 PM,7/30/2025,
739,43.6,gf,3.345,mm,OK,--,8:17:36 PM,7/30/2025,
740,43.7,gf,3.345,mm,OK,--,8:17:36 PM,7/30/2025,
741,43.8,gf,3.350,mm,OK,--,8:17:37 PM,7/30/2025,
742,43.8,gf,3.355,mm,OK,--,8:17:37 PM,7/30/2025,
743,43.8,gf,3.360,mm,OK,--,8:17:37 PM,7/30/2025,
744,43.8,gf,3.365,mm,OK,--,8:17:37 PM,7/30/2025,
745,43.8,gf,3.370,mm,OK,--,8:17:37 PM,7/30/2025,
746,43.8,gf,3.375,mm,OK,--,8:17:37 PM,7/30/2025,
747,43.9,gf,3.385,mm,OK,--,8:17:37 PM,7/30/2025,
748,43.9,gf,3.390,mm,OK,--,8:17:37 PM,7/30/2025,
749,43.9,gf,3.395,mm,OK,--,8:17:37 PM,7/30/2025,
750,43.9,gf,3.400,mm,OK,--,8:17:37 PM,7/30/2025,
751,43.9,gf,3.405,mm,OK,--,8:17:38 PM,7/30/2025,
752,44.0,gf,3.405,mm,OK,--,8:17:38 PM,7/30/2025,
753,44.1,gf,3.410,mm,OK,--,8:17:38 PM,7/30/2025,
754,44.2,gf,3.415,mm,OK,--,8:17:38 PM,7/30/2025,
755,44.2,gf,3.415,mm,OK,--,8:17:38 PM,7/30/2025,
756,44.3,gf,3.420,mm,OK,--,8:17:38 PM,7/30/2025,
757,44.3,gf,3.425,mm,OK,--,8:17:38 PM,7/30/2025,
758,44.3,gf,3.425,mm,OK,--,8:17:38 PM,7/30/2025,
759,44.4,gf,3.430,mm,OK,--,8:17:38 PM,7/30/2025,
760,44.5,gf,3.430,mm,OK,--,8:17:38 PM,7/30/2025,
761,44.5,gf,3.435,mm,OK,--,8:17:39 PM,7/30/2025,
762,44.5,gf,3.435,mm,OK,--,8:17:39 PM,7/30/2025,
763,44.5,gf,3.440,mm,OK,--,8:17:39 PM,7/30/2025,
764,44.5,gf,3.440,mm,OK,--,8:17:39 PM,7/30/2025,
765,44.5,gf,3.445,mm,OK,--,8:17:39 PM,7/30/2025,
766,44.5,gf,3.445,mm,OK,--,8:17:39 PM,7/30/2025,
767,44.5,gf,3.450,mm,OK,--,8:17:39 PM,7/30/2025,
768,44.6,gf,3.455,mm,OK,--,8:17:39 PM,7/30/2025,
769,44.6,gf,3.460,mm,OK,--,8:17:39 PM,7/30/2025,
770,44.6,gf,3.465,mm,OK,--,8:17:39 PM,7/30/2025,
771,44.7,gf,3.470,mm,OK,--,8:17:40 PM,7/30/2025,
772,44.8,gf,3.475,mm,OK,--,8:17:40 PM,7/30/2025,
773,44.8,gf,3.480,mm,OK,--,8:17:40 PM,7/30/2025,
774,44.8,gf,3.485,mm,OK,--,8:17:40 PM,7/30/2025,
775,44.8,gf,3.490,mm,OK,--,8:17:40 PM,7/30/2025,
776,44.7,gf,3.490,mm,OK,--,8:17:40 PM,7/30/2025,
777,44.7,gf,3.495,mm,OK,--,8:17:40 PM,7/30/2025,
778,44.8,gf,3.500,mm,OK,--,8:17:40 PM,7/30/2025,
779,44.9,gf,3.510,mm,OK,--,8:17:40 PM,7/30/2025,
780,45.0,gf,3.515,mm,OK,--,8:17:40 PM,7/30/2025,
781,45.1,gf,3.520,mm,OK,--,8:17:41 PM,7/30/2025,
782,45.3,gf,3.525,mm,OK,--,8:17:41 PM,7/30/2025,
783,45.7,gf,3.535,mm,OK,--,8:17:41 PM,7/30/2025,
784,46.0,gf,3.535,mm,OK,--,8:17:41 PM,7/30/2025,
785,46.3,gf,3.540,mm,OK,--,8:17:41 PM,7/30/2025,
786,46.4,gf,3.545,mm,OK,--,8:17:41 PM,7/30/2025,
787,46.4,gf,3.550,mm,OK,--,8:17:41 PM,7/30/2025,
788,46.5,gf,3.555,mm,OK,--,8:17:41 PM,7/30/2025,
789,46.5,gf,3.560,mm,OK,--,8:17:41 PM,7/30/2025,
790,46.5,gf,3.565,mm,OK,--,8:17:41 PM,7/30/2025,
791,46.8,gf,3.565,mm,OK,--,8:17:42 PM,7/30/2025,
792,47.1,gf,3.570,mm,OK,--,8:17:42 PM,7/30/2025,
793,47.3,gf,3.570,mm,OK,--,8:17:42 PM,7/30/2025,
794,47.4,gf,3.575,mm,OK,--,8:17:42 PM,7/30/2025,
795,47.4,gf,3.575,mm,OK,--,8:17:42 PM,7/30/2025,
796,47.5,gf,3.580,mm,OK,--,8:17:42 PM,7/30/2025,
797,47.5,gf,3.580,mm,OK,--,8:17:42 PM,7/30/2025,
798,47.5,gf,3.585,mm,OK,--,8:17:42 PM,7/30/2025,
799,47.7,gf,3.585,mm,OK,--,8:17:42 PM,7/30/2025,
800,47.7,gf,3.590,mm,OK,--,8:17:42 PM,7/30/2025,
801,47.8,gf,3.595,mm,OK,--,8:17:43 PM,7/30/2025,
802,48.0,gf,3.600,mm,OK,--,8:17:43 PM,7/30/2025,
803,48.1,gf,3.605,mm,OK,--,8:17:43 PM,7/30/2025,
804,48.3,gf,3.615,mm,OK,--,8:17:43 PM,7/30/2025,
805,48.4,gf,3.620,mm,OK,--,8:17:43 PM,7/30/2025,
806,47.0,gf,3.630,mm,OK,--,8:17:43 PM,7/30/2025,
807,47.0,gf,3.635,mm,OK,--,8:17:43 PM,7/30/2025,
808,46.9,gf,3.640,mm,OK,--,8:17:43 PM,7/30/2025,
809,47.0,gf,3.645,mm,OK,--,8:17:43 PM,7/30/2025,
810,47.1,gf,3.650,mm,OK,--,8:17:43 PM,7/30/2025,
811,47.2,gf,3.655,mm,OK,--,8:17:44 PM,7/30/2025,
812,47.4,gf,3.655,mm,OK,--,8:17:44 PM,7/30/2025,
813,47.7,gf,3.660,mm,OK,--,8:17:44 PM,7/30/2025,
814,47.8,gf,3.660,mm,OK,--,8:17:44 PM,7/30/2025,
815,48.1,gf,3.665,mm,OK,--,8:17:44 PM,7/30/2025,
816,48.7,gf,3.665,mm,OK,--,8:17:44 PM,7/30/2025,
817,51.1,gf,3.670,mm,OK,--,8:17:44 PM,7/30/2025,
818,54.6,gf,3.675,mm,OK,--,8:17:44 PM,7/30/2025,
819,58.4,gf,3.680,mm,OK,--,8:17:44 PM,7/30/2025,
820,61.7,gf,3.680,mm,OK,--,8:17:44 PM,7/30/2025,
821,64.6,gf,3.685,mm,OK,--,8:17:45 PM,7/30/2025,
822,67.2,gf,3.690,mm,OK,--,8:17:45 PM,7/30/2025,
823,70.5,gf,3.690,mm,OK,--,8:17:45 PM,7/30/2025,
824,73.5,gf,3.695,mm,OK,--,8:17:45 PM,7/30/2025,
825,76.6,gf,3.700,mm,OK,--,8:17:45 PM,7/30/2025,
826,79.4,gf,3.700,mm,OK,--,8:17:45 PM,7/30/2025,
827,81.6,gf,3.705,mm,OK,--,8:17:45 PM,7/30/2025,
828,83.4,gf,3.705,mm,OK,--,8:17:45 PM,7/30/2025,
829,85.2,gf,3.705,mm,OK,--,8:17:45 PM,7/30/2025,
830,86.7,gf,3.710,mm,OK,--,8:17:45 PM,7/30/2025,
831,88.0,gf,3.710,mm,OK,--,8:17:46 PM,7/30/2025,
832,89.3,gf,3.710,mm,OK,--,8:17:46 PM,7/30/2025,
833,91.2,gf,3.715,mm,OK,--,8:17:46 PM,7/30/2025,
834,94.1,gf,3.715,mm,OK,--,8:17:46 PM,7/30/2025,
835,96.0,gf,3.720,mm,OK,--,8:17:46 PM,7/30/2025,
836,97.8,gf,3.720,mm,OK,--,8:17:46 PM,7/30/2025,
837,99.5,gf,3.720,mm,OK,--,8:17:46 PM,7/30/2025,
838,101.7,gf,3.725,mm,OK,--,8:17:46 PM,7/30/2025,
839,104.4,gf,3.725,mm,OK,--,8:17:46 PM,7/30/2025,
840,106.5,gf,3.730,mm,OK,--,8:17:46 PM,7/30/2025,
841,108.5,gf,3.730,mm,OK,--,8:17:47 PM,7/30/2025,
842,110.4,gf,3.730,mm,OK,--,8:17:47 PM,7/30/2025,
843,111.9,gf,3.735,mm,OK,--,8:17:47 PM,7/30/2025,
844,113.1,gf,3.735,mm,OK,--,8:17:47 PM,7/30/2025,
845,114.7,gf,3.735,mm,OK,--,8:17:47 PM,7/30/2025,
846,116.1,gf,3.735,mm,OK,--,8:17:47 PM,7/30/2025,
847,117.1,gf,3.740,mm,OK,--,8:17:47 PM,7/30/2025,
848,117.8,gf,3.740,mm,OK,--,8:17:47 PM,7/30/2025,
849,118.3,gf,3.740,mm,OK,--,8:17:47 PM,7/30/2025,
850,119.1,gf,3.740,mm,OK,--,8:17:47 PM,7/30/2025,
851,119.9,gf,3.740,mm,OK,--,8:17:48 PM,7/30/2025,
852,120.6,gf,3.740,mm,OK,--,8:17:48 PM,7/30/2025,
853,121.2,gf,3.740,mm,OK,--,8:17:48 PM,7/30/2025,
854,122.0,gf,3.745,mm,OK,--,8:17:48 PM,7/30/2025,
855,123.2,gf,3.745,mm,OK,--,8:17:48 PM,7/30/2025,
856,124.2,gf,3.745,mm,OK,--,8:17:48 PM,7/30/2025,
857,125.1,gf,3.745,mm,OK,--,8:17:48 PM,7/30/2025,
858,126.0,gf,3.745,mm,OK,--,8:17:48 PM,7/30/2025,
859,127.3,gf,3.750,mm,OK,--,8:17:48 PM,7/30/2025,
860,128.6,gf,3.750,mm,OK,--,8:17:48 PM,7/30/2025,
861,130.0,gf,3.750,mm,OK,--,8:17:49 PM,7/30/2025,
862,131.9,gf,3.755,mm,OK,--,8:17:49 PM,7/30/2025,
863,134.2,gf,3.755,mm,OK,--,8:17:49 PM,7/30/2025,
864,136.5,gf,3.760,mm,OK,--,8:17:49 PM,7/30/2025,
865,139.3,gf,3.760,mm,OK,--,8:17:49 PM,7/30/2025,
866,142.9,gf,3.765,mm,OK,--,8:17:49 PM,7/30/2025,
867,145.8,gf,3.765,mm,OK,--,8:17:49 PM,7/30/2025,
868,148.8,gf,3.770,mm,OK,--,8:17:49 PM,7/30/2025,
869,151.7,gf,3.775,mm,OK,--,8:17:49 PM,7/30/2025,
870,154.3,gf,3.775,mm,OK,--,8:17:49 PM,7/30/2025,
871,156.6,gf,3.780,mm,OK,--,8:17:50 PM,7/30/2025,
872,158.9,gf,3.780,mm,OK,--,8:17:50 PM,7/30/2025,
873,161.4,gf,3.780,mm,OK,--,8:17:50 PM,7/30/2025,
874,163.8,gf,3.785,mm,OK,--,8:17:50 PM,7/30/2025,
875,166.3,gf,3.790,mm,OK,--,8:17:50 PM,7/30/2025,
876,168.9,gf,3.790,mm,OK,--,8:17:50 PM,7/30/2025,
877,171.2,gf,3.795,mm,OK,--,8:17:50 PM,7/30/2025,
878,173.6,gf,3.795,mm,OK,--,8:17:50 PM,7/30/2025,
879,176.2,gf,3.795,mm,OK,--,8:17:50 PM,7/30/2025,
880,178.7,gf,3.800,mm,OK,--,8:17:50 PM,7/30/2025,
881,180.7,gf,3.800,mm,OK,--,8:17:51 PM,7/30/2025,
882,182.5,gf,3.805,mm,OK,--,8:17:51 PM,7/30/2025,
883,184.1,gf,3.805,mm,OK,--,8:17:51 PM,7/30/2025,
884,185.5,gf,3.805,mm,OK,--,8:17:51 PM,7/30/2025,
885,186.6,gf,3.810,mm,OK,--,8:17:51 PM,7/30/2025,
886,187.3,gf,3.810,mm,OK,--,8:17:51 PM,7/30/2025,
887,187.9,gf,3.810,mm,OK,--,8:17:51 PM,7/30/2025,
888,188.4,gf,3.810,mm,OK,--,8:17:51 PM,7/30/2025,
889,189.2,gf,3.810,mm,OK,--,8:17:51 PM,7/30/2025,
890,190.1,gf,3.810,mm,OK,--,8:17:51 PM,7/30/2025,
891,191.0,gf,3.810,mm,OK,--,8:17:52 PM,7/30/2025,
892,191.7,gf,3.815,mm,OK,--,8:17:52 PM,7/30/2025,
893,192.4,gf,3.815,mm,OK,--,8:17:52 PM,7/30/2025,
894,193.1,gf,3.815,mm,OK,--,8:17:52 PM,7/30/2025,
895,193.4,gf,3.815,mm,OK,--,8:17:52 PM,7/30/2025,
896,193.2,gf,3.815,mm,OK,--,8:17:52 PM,7/30/2025,
897,193.3,gf,3.815,mm,OK,--,8:17:52 PM,7/30/2025,
898,193.1,gf,3.815,mm,OK,--,8:17:52 PM,7/30/2025,
899,193.0,gf,3.815,mm,OK,--,8:17:52 PM,7/30/2025,
900,193.0,gf,3.815,mm,OK,--,8:17:52 PM,7/30/2025,
901,192.9,gf,3.815,mm,OK,--,8:17:53 PM,7/30/2025,
902,192.9,gf,3.815,mm,OK,--,8:17:53 PM,7/30/2025,
903,192.9,gf,3.815,mm,OK,--,8:17:53 PM,7/30/2025,
904,192.8,gf,3.815,mm,OK,--,8:17:53 PM,7/30/2025,
905,192.8,gf,3.815,mm,OK,--,8:17:53 PM,7/30/2025,
906,192.8,gf,3.815,mm,OK,--,8:17:53 PM,7/30/2025,
907,192.7,gf,3.815,mm,OK,--,8:17:53 PM,7/30/2025,
908,192.6,gf,3.815,mm,OK,--,8:17:53 PM,7/30/2025,
909,192.5,gf,3.815,mm,OK,--,8:17:53 PM,7/30/2025,
910,192.3,gf,3.815,mm,OK,--,8:17:53 PM,7/30/2025,
911,192.3,gf,3.815,mm,OK,--,8:17:54 PM,7/30/2025,
912,192.1,gf,3.815,mm,OK,--,8:17:54 PM,7/30/2025,
913,192.1,gf,3.815,mm,OK,--,8:17:54 PM,7/30/2025,
914,192.0,gf,3.815,mm,OK,--,8:17:54 PM,7/30/2025,
915,191.3,gf,3.815,mm,OK,--,8:17:54 PM,7/30/2025,
916,190.3,gf,3.815,mm,OK,--,8:17:54 PM,7/30/2025,
917,188.6,gf,3.810,mm,OK,--,8:17:54 PM,7/30/2025,
918,186.4,gf,3.810,mm,OK,--,8:17:54 PM,7/30/2025,
919,185.3,gf,3.810,mm,OK,--,8:17:54 PM,7/30/2025,
920,184.9,gf,3.810,mm,OK,--,8:17:54 PM,7/30/2025,
921,184.5,gf,3.810,mm,OK,--,8:17:55 PM,7/30/2025,
922,182.5,gf,3.805,mm,OK,--,8:17:55 PM,7/30/2025,
923,178.5,gf,3.805,mm,OK,--,8:17:55 PM,7/30/2025,
924,175.0,gf,3.800,mm,OK,--,8:17:55 PM,7/30/2025,
925,174.4,gf,3.800,mm,OK,--,8:17:55 PM,7/30/2025,
926,173.6,gf,3.800,mm,OK,--,8:17:55 PM,7/30/2025,
927,172.0,gf,3.795,mm,OK,--,8:17:55 PM,7/30/2025,
928,169.5,gf,3.795,mm,OK,--,8:17:55 PM,7/30/2025,
929,168.4,gf,3.795,mm,OK,--,8:17:55 PM,7/30/2025,
930,167.9,gf,3.795,mm,OK,--,8:17:55 PM,7/30/2025,
931,167.5,gf,3.795,mm,OK,--,8:17:56 PM,7/30/2025,
932,167.3,gf,3.795,mm,OK,--,8:17:56 PM,7/30/2025,
933,167.1,gf,3.790,mm,OK,--,8:17:56 PM,7/30/2025,
934,166.9,gf,3.790,mm,OK,--,8:17:56 PM,7/30/2025,
935,166.3,gf,3.790,mm,OK,--,8:17:56 PM,7/30/2025,
936,165.2,gf,3.790,mm,OK,--,8:17:56 PM,7/30/2025,
937,164.2,gf,3.790,mm,OK,--,8:17:56 PM,7/30/2025,
938,163.7,gf,3.790,mm,OK,--,8:17:56 PM,7/30/2025,
939,163.4,gf,3.790,mm,OK,--,8:17:56 PM,7/30/2025,
940,163.1,gf,3.790,mm,OK,--,8:17:56 PM,7/30/2025,
941,162.8,gf,3.790,mm,OK,--,8:17:57 PM,7/30/2025,
942,162.2,gf,3.790,mm,OK,--,8:17:57 PM,7/30/2025,
943,161.5,gf,3.785,mm,OK,--,8:17:57 PM,7/30/2025,
944,160.9,gf,3.785,mm,OK,--,8:17:57 PM,7/30/2025,
945,160.4,gf,3.785,mm,OK,--,8:17:57 PM,7/30/2025,
946,160.0,gf,3.785,mm,OK,--,8:17:57 PM,7/30/2025,
947,159.8,gf,3.785,mm,OK,--,8:17:57 PM,7/30/2025,
948,159.7,gf,3.785,mm,OK,--,8:17:57 PM,7/30/2025,
949,159.6,gf,3.785,mm,OK,--,8:17:57 PM,7/30/2025,
950,159.4,gf,3.785,mm,OK,--,8:17:57 PM,7/30/2025,
951,159.2,gf,3.785,mm,OK,--,8:17:58 PM,7/30/2025,
952,158.8,gf,3.785,mm,OK,--,8:17:58 PM,7/30/2025,
953,158.3,gf,3.785,mm,OK,--,8:17:58 PM,7/30/2025,
954,157.7,gf,3.785,mm,OK,--,8:17:58 PM,7/30/2025,
955,157.4,gf,3.785,mm,OK,--,8:17:58 PM,7/30/2025,
956,157.0,gf,3.780,mm,OK,--,8:17:58 PM,7/30/2025,
957,156.3,gf,3.780,mm,OK,--,8:17:58 PM,7/30/2025,
958,155.8,gf,3.780,mm,OK,--,8:17:58 PM,7/30/2025,
959,154.8,gf,3.780,mm,OK,--,8:17:58 PM,7/30/2025,
960,154.3,gf,3.780,mm,OK,--,8:17:58 PM,7/30/2025,
961,153.9,gf,3.780,mm,OK,--,8:17:59 PM,7/30/2025,
962,153.6,gf,3.780,mm,OK,--,8:17:59 PM,7/30/2025,
963,153.3,gf,3.780,mm,OK,--,8:17:59 PM,7/30/2025,
964,153.0,gf,3.780,mm,OK,--,8:17:59 PM,7/30/2025,
965,152.7,gf,3.780,mm,OK,--,8:17:59 PM,7/30/2025,
966,152.1,gf,3.780,mm,OK,--,8:17:59 PM,7/30/2025,
967,151.1,gf,3.775,mm,OK,--,8:17:59 PM,7/30/2025,
968,150.3,gf,3.775,mm,OK,--,8:17:59 PM,7/30/2025,
969,149.8,gf,3.775,mm,OK,--,8:17:59 PM,7/30/2025,
970,149.6,gf,3.775,mm,OK,--,8:17:59 PM,7/30/2025,
971,149.5,gf,3.775,mm,OK,--,8:18:00 PM,7/30/2025,
972,149.3,gf,3.775,mm,OK,--,8:18:00 PM,7/30/2025,
973,149.2,gf,3.775,mm,OK,--,8:18:00 PM,7/30/2025,
974,149.1,gf,3.775,mm,OK,--,8:18:00 PM,7/30/2025,
975,149.0,gf,3.775,mm,OK,--,8:18:00 PM,7/30/2025,
976,148.8,gf,3.775,mm,OK,--,8:18:00 PM,7/30/2025,
977,148.5,gf,3.775,mm,OK,--,8:18:00 PM,7/30/2025,
978,148.0,gf,3.775,mm,OK,--,8:18:00 PM,7/30/2025,
979,147.2,gf,3.775,mm,OK,--,8:18:00 PM,7/30/2025,
980,146.5,gf,3.770,mm,OK,--,8:18:00 PM,7/30/2025,
981,145.9,gf,3.770,mm,OK,--,8:18:01 PM,7/30/2025,
982,145.4,gf,3.770,mm,OK,--,8:18:01 PM,7/30/2025,
983,144.4,gf,3.770,mm,OK,--,8:18:01 PM,7/30/2025,
984,143.4,gf,3.770,mm,OK,--,8:18:01 PM,7/30/2025,
985,142.6,gf,3.770,mm,OK,--,8:18:01 PM,7/30/2025,
986,142.0,gf,3.770,mm,OK,--,8:18:01 PM,7/30/2025,
987,141.5,gf,3.765,mm,OK,--,8:18:01 PM,7/30/2025,
988,141.0,gf,3.765,mm,OK,--,8:18:01 PM,7/30/2025,
989,140.6,gf,3.765,mm,OK,--,8:18:01 PM,7/30/2025,
990,140.4,gf,3.765,mm,OK,--,8:18:01 PM,7/30/2025,
991,140.3,gf,3.765,mm,OK,--,8:18:02 PM,7/30/2025,
992,140.0,gf,3.765,mm,OK,--,8:18:02 PM,7/30/2025,
993,139.5,gf,3.765,mm,OK,--,8:18:02 PM,7/30/2025,
994,139.1,gf,3.765,mm,OK,--,8:18:02 PM,7/30/2025,
995,138.7,gf,3.765,mm,OK,--,8:18:02 PM,7/30/2025,
996,138.1,gf,3.765,mm,OK,--,8:18:02 PM,7/30/2025,
997,137.5,gf,3.765,mm,OK,--,8:18:02 PM,7/30/2025,
998,137.0,gf,3.765,mm,OK,--,8:18:02 PM,7/30/2025,
999,136.7,gf,3.760,mm,OK,--,8:18:02 PM,7/30/2025,
1000,136.2,gf,3.760,mm,OK,--,8:18:02 PM,7/30/2025,
1001,135.6,gf,3.760,mm,OK,--,8:18:03 PM,7/30/2025,
1002,134.9,gf,3.760,mm,OK,--,8:18:03 PM,7/30/2025,
1003,134.3,gf,3.760,mm,OK,--,8:18:03 PM,7/30/2025,
1004,133.3,gf,3.760,mm,OK,--,8:18:03 PM,7/30/2025,
1005,132.3,gf,3.760,mm,OK,--,8:18:03 PM,7/30/2025,
1006,131.4,gf,3.760,mm,OK,--,8:18:03 PM,7/30/2025,
1007,130.4,gf,3.755,mm,OK,--,8:18:03 PM,7/30/2025,
1008,129.3,gf,3.755,mm,OK,--,8:18:03 PM,7/30/2025,
1009,128.1,gf,3.755,mm,OK,--,8:18:03 PM,7/30/2025,
1010,126.8,gf,3.755,mm,OK,--,8:18:03 PM,7/30/2025,
1011,125.8,gf,3.750,mm,OK,--,8:18:04 PM,7/30/2025,
1012,124.7,gf,3.750,mm,OK,--,8:18:04 PM,7/30/2025,
1013,123.2,gf,3.750,mm,OK,--,8:18:04 PM,7/30/2025,
1014,121.7,gf,3.750,mm,OK,--,8:18:04 PM,7/30/2025,
1015,120.5,gf,3.745,mm,OK,--,8:18:04 PM,7/30/2025,
1016,119.6,gf,3.745,mm,OK,--,8:18:04 PM,7/30/2025,
1017,118.8,gf,3.745,mm,OK,--,8:18:04 PM,7/30/2025,
1018,117.9,gf,3.745,mm,OK,--,8:18:04 PM,7/30/2025,
1019,117.2,gf,3.745,mm,OK,--,8:18:04 PM,7/30/2025,
1020,116.6,gf,3.745,mm,OK,--,8:18:04 PM,7/30/2025,
1021,116.1,gf,3.745,mm,OK,--,8:18:05 PM,7/30/2025,
1022,115.7,gf,3.740,mm,OK,--,8:18:05 PM,7/30/2025,
1023,115.4,gf,3.740,mm,OK,--,8:18:05 PM,7/30/2025,
1024,115.0,gf,3.740,mm,OK,--,8:18:05 PM,7/30/2025,
1025,114.3,gf,3.740,mm,OK,--,8:18:05 PM,7/30/2025,
1026,113.7,gf,3.740,mm,OK,--,8:18:05 PM,7/30/2025,
1027,113.0,gf,3.740,mm,OK,--,8:18:05 PM,7/30/2025,
1028,112.3,gf,3.740,mm,OK,--,8:18:05 PM,7/30/2025,
1029,111.8,gf,3.740,mm,OK,--,8:18:05 PM,7/30/2025,
1030,111.3,gf,3.740,mm,OK,--,8:18:05 PM,7/30/2025,
1031,110.3,gf,3.735,mm,OK,--,8:18:06 PM,7/30/2025,
1032,109.3,gf,3.735,mm,OK,--,8:18:06 PM,7/30/2025,
1033,108.5,gf,3.735,mm,OK,--,8:18:06 PM,7/30/2025,
1034,107.8,gf,3.735,mm,OK,--,8:18:06 PM,7/30/2025,
1035,107.2,gf,3.735,mm,OK,--,8:18:06 PM,7/30/2025,
1036,106.6,gf,3.735,mm,OK,--,8:18:06 PM,7/30/2025,
1037,105.7,gf,3.735,mm,OK,--,8:18:06 PM,7/30/2025,
1038,104.8,gf,3.730,mm,OK,--,8:18:06 PM,7/30/2025,
1039,103.8,gf,3.730,mm,OK,--,8:18:06 PM,7/30/2025,
1040,102.6,gf,3.730,mm,OK,--,8:18:06 PM,7/30/2025,
1041,100.9,gf,3.730,mm,OK,--,8:18:07 PM,7/30/2025,
1042,98.1,gf,3.725,mm,OK,--,8:18:07 PM,7/30/2025,
1043,95.1,gf,3.725,mm,OK,--,8:18:07 PM,7/30/2025,
1044,92.4,gf,3.720,mm,OK,--,8:18:07 PM,7/30/2025,
1045,89.6,gf,3.720,mm,OK,--,8:18:07 PM,7/30/2025,
1046,87.0,gf,3.715,mm,OK,--,8:18:07 PM,7/30/2025,
1047,84.4,gf,3.710,mm,OK,--,8:18:07 PM,7/30/2025,
1048,80.8,gf,3.710,mm,OK,--,8:18:07 PM,7/30/2025,
1049,75.6,gf,3.705,mm,OK,--,8:18:07 PM,7/30/2025,
1050,71.5,gf,3.700,mm,OK,--,8:18:07 PM,7/30/2025,
1051,68.5,gf,3.695,mm,OK,--,8:18:08 PM,7/30/2025,
1052,65.7,gf,3.695,mm,OK,--,8:18:08 PM,7/30/2025,
1053,63.0,gf,3.690,mm,OK,--,8:18:08 PM,7/30/2025,
1054,59.4,gf,3.685,mm,OK,--,8:18:08 PM,7/30/2025,
1055,55.9,gf,3.685,mm,OK,--,8:18:08 PM,7/30/2025,
1056,52.7,gf,3.680,mm,OK,--,8:18:08 PM,7/30/2025,
1057,49.5,gf,3.675,mm,OK,--,8:18:08 PM,7/30/2025,
1058,46.4,gf,3.675,mm,OK,--,8:18:08 PM,7/30/2025,
1059,43.0,gf,3.670,mm,OK,--,8:18:08 PM,7/30/2025,
1060,43.5,gf,3.665,mm,OK,--,8:18:08 PM,7/30/2025,
1061,43.5,gf,3.660,mm,OK,--,8:18:09 PM,7/30/2025,
1062,43.5,gf,3.660,mm,OK,--,8:18:09 PM,7/30/2025,
1063,43.4,gf,3.655,mm,OK,--,8:18:09 PM,7/30/2025,
1064,43.5,gf,3.655,mm,OK,--,8:18:09 PM,7/30/2025,
1065,43.5,gf,3.650,mm,OK,--,8:18:09 PM,7/30/2025,
1066,43.6,gf,3.645,mm,OK,--,8:18:09 PM,7/30/2025,
1067,43.7,gf,3.640,mm,OK,--,8:18:09 PM,7/30/2025,
1068,43.7,gf,3.635,mm,OK,--,8:18:09 PM,7/30/2025,
1069,43.7,gf,3.635,mm,OK,--,8:18:09 PM,7/30/2025,
1070,43.7,gf,3.630,mm,OK,--,8:18:09 PM,7/30/2025,
1071,43.7,gf,3.630,mm,OK,--,8:18:10 PM,7/30/2025,
1072,43.7,gf,3.625,mm,OK,--,8:18:10 PM,7/30/2025,
1073,43.7,gf,3.625,mm,OK,--,8:18:10 PM,7/30/2025,
1074,43.7,gf,3.620,mm,OK,--,8:18:10 PM,7/30/2025,
1075,43.7,gf,3.615,mm,OK,--,8:18:10 PM,7/30/2025,
1076,43.7,gf,3.610,mm,OK,--,8:18:10 PM,7/30/2025,
1077,43.7,gf,3.600,mm,OK,--,8:18:10 PM,7/30/2025,
1078,43.7,gf,3.595,mm,OK,--,8:18:10 PM,7/30/2025,
1079,43.7,gf,3.585,mm,OK,--,8:18:10 PM,7/30/2025,
1080,43.7,gf,3.580,mm,OK,--,8:18:10 PM,7/30/2025,
1081,43.6,gf,3.580,mm,OK,--,8:18:11 PM,7/30/2025,
1082,43.6,gf,3.575,mm,OK,--,8:18:11 PM,7/30/2025,
1083,43.6,gf,3.570,mm,OK,--,8:18:11 PM,7/30/2025,
1084,43.6,gf,3.565,mm,OK,--,8:18:11 PM,7/30/2025,
1085,43.6,gf,3.560,mm,OK,--,8:18:11 PM,7/30/2025,
1086,43.5,gf,3.555,mm,OK,--,8:18:11 PM,7/30/2025,
1087,43.5,gf,3.550,mm,OK,--,8:18:11 PM,7/30/2025,
1088,43.4,gf,3.545,mm,OK,--,8:18:11 PM,7/30/2025,
1089,43.5,gf,3.540,mm,OK,--,8:18:11 PM,7/30/2025,
1090,43.4,gf,3.540,mm,OK,--,8:18:11 PM,7/30/2025,
1091,43.5,gf,3.530,mm,OK,--,8:18:12 PM,7/30/2025,
1092,43.5,gf,3.525,mm,OK,--,8:18:12 PM,7/30/2025,
1093,43.4,gf,3.515,mm,OK,--,8:18:12 PM,7/30/2025,
1094,43.4,gf,3.510,mm,OK,--,8:18:12 PM,7/30/2025,
1095,43.4,gf,3.505,mm,OK,--,8:18:12 PM,7/30/2025,
1096,43.4,gf,3.500,mm,OK,--,8:18:12 PM,7/30/2025,
1097,43.3,gf,3.495,mm,OK,--,8:18:12 PM,7/30/2025,
1098,43.3,gf,3.490,mm,OK,--,8:18:12 PM,7/30/2025,
1099,43.3,gf,3.485,mm,OK,--,8:18:12 PM,7/30/2025,
1100,43.2,gf,3.480,mm,OK,--,8:18:12 PM,7/30/2025,
1101,43.1,gf,3.475,mm,OK,--,8:18:13 PM,7/30/2025,
1102,43.1,gf,3.470,mm,OK,--,8:18:13 PM,7/30/2025,
1103,43.0,gf,3.460,mm,OK,--,8:18:13 PM,7/30/2025,
1104,43.0,gf,3.455,mm,OK,--,8:18:13 PM,7/30/2025,
1105,43.0,gf,3.450,mm,OK,--,8:18:13 PM,7/30/2025,
1106,43.0,gf,3.445,mm,OK,--,8:18:13 PM,7/30/2025,
1107,43.0,gf,3.440,mm,OK,--,8:18:13 PM,7/30/2025,
1108,43.0,gf,3.435,mm,OK,--,8:18:13 PM,7/30/2025,
1109,42.9,gf,3.430,mm,OK,--,8:18:13 PM,7/30/2025,
1110,42.9,gf,3.425,mm,OK,--,8:18:13 PM,7/30/2025,
1111,42.9,gf,3.420,mm,OK,--,8:18:14 PM,7/30/2025,
1112,42.9,gf,3.415,mm,OK,--,8:18:14 PM,7/30/2025,
1113,42.9,gf,3.410,mm,OK,--,8:18:14 PM,7/30/2025,
1114,42.9,gf,3.405,mm,OK,--,8:18:14 PM,7/30/2025,
1115,42.9,gf,3.400,mm,OK,--,8:18:14 PM,7/30/2025,
1116,42.9,gf,3.395,mm,OK,--,8:18:14 PM,7/30/2025,
1117,42.9,gf,3.390,mm,OK,--,8:18:14 PM,7/30/2025,
1118,42.9,gf,3.380,mm,OK,--,8:18:14 PM,7/30/2025,
1119,42.8,gf,3.375,mm,OK,--,8:18:14 PM,7/30/2025,
1120,42.8,gf,3.365,mm,OK,--,8:18:14 PM,7/30/2025,
1121,42.8,gf,3.355,mm,OK,--,8:18:15 PM,7/30/2025,
1122,42.8,gf,3.350,mm,OK,--,8:18:15 PM,7/30/2025,
1123,42.7,gf,3.345,mm,OK,--,8:18:15 PM,7/30/2025,
1124,42.7,gf,3.340,mm,OK,--,8:18:15 PM,7/30/2025,
1125,42.7,gf,3.335,mm,OK,--,8:18:15 PM,7/30/2025,
1126,42.7,gf,3.330,mm,OK,--,8:18:15 PM,7/30/2025,
1127,42.7,gf,3.325,mm,OK,--,8:18:15 PM,7/30/2025,
1128,42.6,gf,3.320,mm,OK,--,8:18:15 PM,7/30/2025,
1129,42.6,gf,3.315,mm,OK,--,8:18:15 PM,7/30/2025,
1130,42.6,gf,3.310,mm,OK,--,8:18:15 PM,7/30/2025,
1131,42.6,gf,3.310,mm,OK,--,8:18:16 PM,7/30/2025,
1132,42.6,gf,3.305,mm,OK,--,8:18:16 PM,7/30/2025,
1133,42.5,gf,3.300,mm,OK,--,8:18:16 PM,7/30/2025,
1134,42.5,gf,3.295,mm,OK,--,8:18:16 PM,7/30/2025,
1135,42.5,gf,3.295,mm,OK,--,8:18:16 PM,7/30/2025,
1136,42.5,gf,3.290,mm,OK,--,8:18:16 PM,7/30/2025,
1137,42.5,gf,3.285,mm,OK,--,8:18:16 PM,7/30/2025,
1138,42.5,gf,3.280,mm,OK,--,8:18:16 PM,7/30/2025,
1139,42.4,gf,3.275,mm,OK,--,8:18:16 PM,7/30/2025,
1140,42.4,gf,3.270,mm,OK,--,8:18:16 PM,7/30/2025,
1141,42.4,gf,3.260,mm,OK,--,8:18:17 PM,7/30/2025,
1142,42.4,gf,3.255,mm,OK,--,8:18:17 PM,7/30/2025,
1143,42.3,gf,3.250,mm,OK,--,8:18:17 PM,7/30/2025,
1144,42.3,gf,3.240,mm,OK,--,8:18:17 PM,7/30/2025,
1145,42.3,gf,3.235,mm,OK,--,8:18:17 PM,7/30/2025,
1146,42.3,gf,3.230,mm,OK,--,8:18:17 PM,7/30/2025,
1147,42.3,gf,3.220,mm,OK,--,8:18:17 PM,7/30/2025,
1148,42.3,gf,3.215,mm,OK,--,8:18:17 PM,7/30/2025,
1149,42.2,gf,3.205,mm,OK,--,8:18:17 PM,7/30/2025,
1150,42.2,gf,3.200,mm,OK,--,8:18:17 PM,7/30/2025,
1151,42.2,gf,3.190,mm,OK,--,8:18:18 PM,7/30/2025,
1152,42.2,gf,3.185,mm,OK,--,8:18:18 PM,7/30/2025,
1153,42.1,gf,3.175,mm,OK,--,8:18:18 PM,7/30/2025,
1154,42.1,gf,3.165,mm,OK,--,8:18:18 PM,7/30/2025,
1155,42.0,gf,3.155,mm,OK,--,8:18:18 PM,7/30/2025,
1156,42.0,gf,3.145,mm,OK,--,8:18:18 PM,7/30/2025,
1157,42.0,gf,3.140,mm,OK,--,8:18:18 PM,7/30/2025,
1158,42.0,gf,3.130,mm,OK,--,8:18:18 PM,7/30/2025,
1159,42.0,gf,3.125,mm,OK,--,8:18:18 PM,7/30/2025,
1160,41.9,gf,3.115,mm,OK,--,8:18:18 PM,7/30/2025,
1161,41.9,gf,3.115,mm,OK,--,8:18:19 PM,7/30/2025,
1162,41.9,gf,3.110,mm,OK,--,8:18:19 PM,7/30/2025,
1163,41.9,gf,3.105,mm,OK,--,8:18:19 PM,7/30/2025,
1164,41.9,gf,3.100,mm,OK,--,8:18:19 PM,7/30/2025,
1165,41.9,gf,3.100,mm,OK,--,8:18:19 PM,7/30/2025,
1166,41.9,gf,3.095,mm,OK,--,8:18:19 PM,7/30/2025,
1167,41.8,gf,3.090,mm,OK,--,8:18:19 PM,7/30/2025,
1168,41.8,gf,3.090,mm,OK,--,8:18:19 PM,7/30/2025,
1169,41.8,gf,3.085,mm,OK,--,8:18:19 PM,7/30/2025,
1170,41.8,gf,3.085,mm,OK,--,8:18:19 PM,7/30/2025,
1171,41.8,gf,3.080,mm,OK,--,8:18:20 PM,7/30/2025,
1172,41.8,gf,3.080,mm,OK,--,8:18:20 PM,7/30/2025,
1173,41.8,gf,3.075,mm,OK,--,8:18:20 PM,7/30/2025,
1174,41.8,gf,3.070,mm,OK,--,8:18:20 PM,7/30/2025,
1175,41.8,gf,3.070,mm,OK,--,8:18:20 PM,7/30/2025,
1176,41.8,gf,3.065,mm,OK,--,8:18:20 PM,7/30/2025,
1177,41.8,gf,3.060,mm,OK,--,8:18:20 PM,7/30/2025,
1178,41.7,gf,3.055,mm,OK,--,8:18:20 PM,7/30/2025,
1179,41.7,gf,3.050,mm,OK,--,8:18:20 PM,7/30/2025,
1180,41.7,gf,3.045,mm,OK,--,8:18:20 PM,7/30/2025,
1181,41.6,gf,3.040,mm,OK,--,8:18:21 PM,7/30/2025,
1182,41.6,gf,3.035,mm,OK,--,8:18:21 PM,7/30/2025,
1183,41.6,gf,3.030,mm,OK,--,8:18:21 PM,7/30/2025,
1184,41.6,gf,3.025,mm,OK,--,8:18:21 PM,7/30/2025,
1185,41.6,gf,3.020,mm,OK,--,8:18:21 PM,7/30/2025,
1186,41.5,gf,3.015,mm,OK,--,8:18:21 PM,7/30/2025,
1187,41.6,gf,3.010,mm,OK,--,8:18:21 PM,7/30/2025,
1188,41.5,gf,3.005,mm,OK,--,8:18:21 PM,7/30/2025,
1189,41.5,gf,3.005,mm,OK,--,8:18:21 PM,7/30/2025,
1190,41.5,gf,3.000,mm,OK,--,8:18:21 PM,7/30/2025,
1191,41.5,gf,3.000,mm,OK,--,8:18:22 PM,7/30/2025,
1192,41.5,gf,2.995,mm,OK,--,8:18:22 PM,7/30/2025,
1193,41.4,gf,2.990,mm,OK,--,8:18:22 PM,7/30/2025,
1194,41.5,gf,2.990,mm,OK,--,8:18:22 PM,7/30/2025,
1195,41.3,gf,2.980,mm,OK,--,8:18:22 PM,7/30/2025,
1196,41.4,gf,2.975,mm,OK,--,8:18:22 PM,7/30/2025,
1197,41.4,gf,2.965,mm,OK,--,8:18:22 PM,7/30/2025,
1198,41.4,gf,2.960,mm,OK,--,8:18:22 PM,7/30/2025,
1199,41.3,gf,2.955,mm,OK,--,8:18:22 PM,7/30/2025,
1200,41.2,gf,2.945,mm,OK,--,8:18:22 PM,7/30/2025,
1201,41.3,gf,2.940,mm,OK,--,8:18:23 PM,7/30/2025,
1202,41.3,gf,2.930,mm,OK,--,8:18:23 PM,7/30/2025,
1203,41.3,gf,2.925,mm,OK,--,8:18:23 PM,7/30/2025,
1204,41.3,gf,2.920,mm,OK,--,8:18:23 PM,7/30/2025,
1205,41.3,gf,2.915,mm,OK,--,8:18:23 PM,7/30/2025,
1206,41.3,gf,2.910,mm,OK,--,8:18:23 PM,7/30/2025,
1207,41.2,gf,2.905,mm,OK,--,8:18:23 PM,7/30/2025,
1208,41.2,gf,2.900,mm,OK,--,8:18:23 PM,7/30/2025,
1209,41.2,gf,2.900,mm,OK,--,8:18:23 PM,7/30/2025,
1210,41.2,gf,2.895,mm,OK,--,8:18:23 PM,7/30/2025,
1211,41.2,gf,2.890,mm,OK,--,8:18:24 PM,7/30/2025,
1212,41.2,gf,2.890,mm,OK,--,8:18:24 PM,7/30/2025,
1213,41.2,gf,2.880,mm,OK,--,8:18:24 PM,7/30/2025,
1214,41.2,gf,2.875,mm,OK,--,8:18:24 PM,7/30/2025,
1215,41.2,gf,2.870,mm,OK,--,8:18:24 PM,7/30/2025,
1216,41.1,gf,2.865,mm,OK,--,8:18:24 PM,7/30/2025,
1217,41.1,gf,2.860,mm,OK,--,8:18:24 PM,7/30/2025,
1218,41.0,gf,2.855,mm,OK,--,8:18:24 PM,7/30/2025,
1219,41.0,gf,2.845,mm,OK,--,8:18:24 PM,7/30/2025,
1220,41.0,gf,2.835,mm,OK,--,8:18:24 PM,7/30/2025,
1221,41.0,gf,2.825,mm,OK,--,8:18:25 PM,7/30/2025,
1222,40.9,gf,2.815,mm,OK,--,8:18:25 PM,7/30/2025,
1223,40.9,gf,2.810,mm,OK,--,8:18:25 PM,7/30/2025,
1224,40.9,gf,2.805,mm,OK,--,8:18:25 PM,7/30/2025,
1225,40.9,gf,2.795,mm,OK,--,8:18:25 PM,7/30/2025,
1226,40.9,gf,2.790,mm,OK,--,8:18:25 PM,7/30/2025,
1227,40.9,gf,2.785,mm,OK,--,8:18:25 PM,7/30/2025,
1228,40.8,gf,2.780,mm,OK,--,8:18:25 PM,7/30/2025,
1229,40.8,gf,2.775,mm,OK,--,8:18:25 PM,7/30/2025,
1230,40.8,gf,2.770,mm,OK,--,8:18:25 PM,7/30/2025,
1231,40.8,gf,2.760,mm,OK,--,8:18:26 PM,7/30/2025,
1232,40.8,gf,2.755,mm,OK,--,8:18:26 PM,7/30/2025,
1233,40.8,gf,2.750,mm,OK,--,8:18:26 PM,7/30/2025,
1234,40.8,gf,2.750,mm,OK,--,8:18:26 PM,7/30/2025,
1235,40.7,gf,2.745,mm,OK,--,8:18:26 PM,7/30/2025,
1236,40.7,gf,2.745,mm,OK,--,8:18:26 PM,7/30/2025,
1237,40.7,gf,2.740,mm,OK,--,8:18:26 PM,7/30/2025,
1238,40.7,gf,2.735,mm,OK,--,8:18:26 PM,7/30/2025,
1239,40.7,gf,2.735,mm,OK,--,8:18:26 PM,7/30/2025,
1240,40.7,gf,2.730,mm,OK,--,8:18:26 PM,7/30/2025,
1241,40.7,gf,2.725,mm,OK,--,8:18:27 PM,7/30/2025,
1242,40.7,gf,2.720,mm,OK,--,8:18:27 PM,7/30/2025,
1243,40.7,gf,2.715,mm,OK,--,8:18:27 PM,7/30/2025,
1244,40.6,gf,2.710,mm,OK,--,8:18:27 PM,7/30/2025,
1245,40.6,gf,2.705,mm,OK,--,8:18:27 PM,7/30/2025,
1246,40.6,gf,2.700,mm,OK,--,8:18:27 PM,7/30/2025,
1247,40.6,gf,2.700,mm,OK,--,8:18:27 PM,7/30/2025,
1248,40.5,gf,2.695,mm,OK,--,8:18:27 PM,7/30/2025,
1249,40.6,gf,2.690,mm,OK,--,8:18:27 PM,7/30/2025,
1250,40.6,gf,2.685,mm,OK,--,8:18:27 PM,7/30/2025,
1251,40.5,gf,2.680,mm,OK,--,8:18:28 PM,7/30/2025,
1252,40.5,gf,2.675,mm,OK,--,8:18:28 PM,7/30/2025,
1253,40.5,gf,2.670,mm,OK,--,8:18:28 PM,7/30/2025,
1254,40.5,gf,2.670,mm,OK,--,8:18:28 PM,7/30/2025,
1255,40.5,gf,2.665,mm,OK,--,8:18:28 PM,7/30/2025,
1256,40.5,gf,2.655,mm,OK,--,8:18:28 PM,7/30/2025,
1257,40.5,gf,2.650,mm,OK,--,8:18:28 PM,7/30/2025,
1258,40.4,gf,2.645,mm,OK,--,8:18:28 PM,7/30/2025,
1259,40.4,gf,2.640,mm,OK,--,8:18:28 PM,7/30/2025,
1260,40.4,gf,2.635,mm,OK,--,8:18:28 PM,7/30/2025,
1261,40.4,gf,2.635,mm,OK,--,8:18:29 PM,7/30/2025,
1262,40.4,gf,2.630,mm,OK,--,8:18:29 PM,7/30/2025,
1263,40.4,gf,2.630,mm,OK,--,8:18:29 PM,7/30/2025,
1264,40.4,gf,2.625,mm,OK,--,8:18:29 PM,7/30/2025,
1265,40.4,gf,2.620,mm,OK,--,8:18:29 PM,7/30/2025,
1266,40.3,gf,2.620,mm,OK,--,8:18:29 PM,7/30/2025,
1267,40.4,gf,2.610,mm,OK,--,8:18:29 PM,7/30/2025,
1268,40.3,gf,2.605,mm,OK,--,8:18:29 PM,7/30/2025,
1269,40.3,gf,2.600,mm,OK,--,8:18:29 PM,7/30/2025,
1270,40.3,gf,2.595,mm,OK,--,8:18:29 PM,7/30/2025,
1271,40.3,gf,2.595,mm,OK,--,8:18:30 PM,7/30/2025,
1272,40.3,gf,2.595,mm,OK,--,8:18:30 PM,7/30/2025,
1273,40.2,gf,2.590,mm,OK,--,8:18:30 PM,7/30/2025,
1274,40.2,gf,2.580,mm,OK,--,8:18:30 PM,7/30/2025,
1275,40.2,gf,2.575,mm,OK,--,8:18:30 PM,7/30/2025,
1276,40.2,gf,2.570,mm,OK,--,8:18:30 PM,7/30/2025,
1277,40.2,gf,2.565,mm,OK,--,8:18:30 PM,7/30/2025,
1278,40.2,gf,2.560,mm,OK,--,8:18:30 PM,7/30/2025,
1279,40.2,gf,2.555,mm,OK,--,8:18:30 PM,7/30/2025,
1280,40.1,gf,2.550,mm,OK,--,8:18:30 PM,7/30/2025,
1281,40.1,gf,2.545,mm,OK,--,8:18:31 PM,7/30/2025,
1282,40.0,gf,2.535,mm,OK,--,8:18:31 PM,7/30/2025,
1283,40.0,gf,2.530,mm,OK,--,8:18:31 PM,7/30/2025,
1284,40.0,gf,2.525,mm,OK,--,8:18:31 PM,7/30/2025,
1285,40.0,gf,2.520,mm,OK,--,8:18:31 PM,7/30/2025,
1286,40.0,gf,2.515,mm,OK,--,8:18:31 PM,7/30/2025,
1287,40.0,gf,2.505,mm,OK,--,8:18:31 PM,7/30/2025,
1288,40.0,gf,2.500,mm,OK,--,8:18:31 PM,7/30/2025,
1289,39.9,gf,2.490,mm,OK,--,8:18:31 PM,7/30/2025,
1290,39.9,gf,2.480,mm,OK,--,8:18:31 PM,7/30/2025,
1291,39.8,gf,2.470,mm,OK,--,8:18:32 PM,7/30/2025,
1292,39.8,gf,2.460,mm,OK,--,8:18:32 PM,7/30/2025,
1293,39.7,gf,2.450,mm,OK,--,8:18:32 PM,7/30/2025,
1294,39.7,gf,2.440,mm,OK,--,8:18:32 PM,7/30/2025,
1295,39.7,gf,2.430,mm,OK,--,8:18:32 PM,7/30/2025,
1296,39.7,gf,2.420,mm,OK,--,8:18:32 PM,7/30/2025,
1297,39.7,gf,2.415,mm,OK,--,8:18:32 PM,7/30/2025,
1298,39.7,gf,2.410,mm,OK,--,8:18:32 PM,7/30/2025,
1299,39.6,gf,2.405,mm,OK,--,8:18:32 PM,7/30/2025,
1300,39.6,gf,2.400,mm,OK,--,8:18:32 PM,7/30/2025,
1301,39.6,gf,2.395,mm,OK,--,8:18:33 PM,7/30/2025,
1302,39.6,gf,2.390,mm,OK,--,8:18:33 PM,7/30/2025,
1303,39.6,gf,2.385,mm,OK,--,8:18:33 PM,7/30/2025,
1304,39.5,gf,2.380,mm,OK,--,8:18:33 PM,7/30/2025,
1305,39.6,gf,2.380,mm,OK,--,8:18:33 PM,7/30/2025,
1306,39.5,gf,2.375,mm,OK,--,8:18:33 PM,7/30/2025,
1307,39.6,gf,2.370,mm,OK,--,8:18:33 PM,7/30/2025,
1308,39.5,gf,2.370,mm,OK,--,8:18:33 PM,7/30/2025,
1309,39.6,gf,2.365,mm,OK,--,8:18:33 PM,7/30/2025,
1310,39.5,gf,2.365,mm,OK,--,8:18:33 PM,7/30/2025,
1311,39.5,gf,2.360,mm,OK,--,8:18:34 PM,7/30/2025,
1312,39.4,gf,2.355,mm,OK,--,8:18:34 PM,7/30/2025,
1313,39.4,gf,2.340,mm,OK,--,8:18:34 PM,7/30/2025,
1314,39.4,gf,2.335,mm,OK,--,8:18:34 PM,7/30/2025,
1315,39.3,gf,2.325,mm,OK,--,8:18:34 PM,7/30/2025,
1316,39.3,gf,2.315,mm,OK,--,8:18:34 PM,7/30/2025,
1317,39.3,gf,2.310,mm,OK,--,8:18:34 PM,7/30/2025,
1318,39.3,gf,2.305,mm,OK,--,8:18:34 PM,7/30/2025,
1319,39.3,gf,2.300,mm,OK,--,8:18:34 PM,7/30/2025,
1320,39.3,gf,2.295,mm,OK,--,8:18:34 PM,7/30/2025,
1321,39.3,gf,2.290,mm,OK,--,8:18:35 PM,7/30/2025,
1322,39.3,gf,2.285,mm,OK,--,8:18:35 PM,7/30/2025,
1323,39.3,gf,2.280,mm,OK,--,8:18:35 PM,7/30/2025,
1324,39.2,gf,2.275,mm,OK,--,8:18:35 PM,7/30/2025,
1325,39.2,gf,2.265,mm,OK,--,8:18:35 PM,7/30/2025,
1326,39.1,gf,2.255,mm,OK,--,8:18:35 PM,7/30/2025,
1327,39.1,gf,2.250,mm,OK,--,8:18:35 PM,7/30/2025,
1328,39.1,gf,2.245,mm,OK,--,8:18:35 PM,7/30/2025,
1329,39.1,gf,2.240,mm,OK,--,8:18:35 PM,7/30/2025,
1330,39.1,gf,2.240,mm,OK,--,8:18:35 PM,7/30/2025,
1331,39.1,gf,2.235,mm,OK,--,8:18:36 PM,7/30/2025,
1332,39.1,gf,2.230,mm,OK,--,8:18:36 PM,7/30/2025,
1333,39.1,gf,2.225,mm,OK,--,8:18:36 PM,7/30/2025,
1334,39.1,gf,2.220,mm,OK,--,8:18:36 PM,7/30/2025,
1335,39.0,gf,2.215,mm,OK,--,8:18:36 PM,7/30/2025,
1336,39.0,gf,2.205,mm,OK,--,8:18:36 PM,7/30/2025,
1337,39.0,gf,2.200,mm,OK,--,8:18:36 PM,7/30/2025,
1338,38.9,gf,2.190,mm,OK,--,8:18:36 PM,7/30/2025,
1339,38.9,gf,2.180,mm,OK,--,8:18:36 PM,7/30/2025,
1340,38.9,gf,2.175,mm,OK,--,8:18:36 PM,7/30/2025,
1341,38.8,gf,2.165,mm,OK,--,8:18:37 PM,7/30/2025,
1342,38.8,gf,2.160,mm,OK,--,8:18:37 PM,7/30/2025,
1343,38.8,gf,2.155,mm,OK,--,8:18:37 PM,7/30/2025,
1344,38.8,gf,2.150,mm,OK,--,8:18:37 PM,7/30/2025,
1345,38.8,gf,2.145,mm,OK,--,8:18:37 PM,7/30/2025,
1346,38.7,gf,2.135,mm,OK,--,8:18:37 PM,7/30/2025,
1347,38.7,gf,2.125,mm,OK,--,8:18:37 PM,7/30/2025,
1348,38.7,gf,2.120,mm,OK,--,8:18:37 PM,7/30/2025,
1349,38.7,gf,2.110,mm,OK,--,8:18:37 PM,7/30/2025,
1350,38.6,gf,2.105,mm,OK,--,8:18:37 PM,7/30/2025,
1351,38.6,gf,2.095,mm,OK,--,8:18:38 PM,7/30/2025,
1352,38.6,gf,2.090,mm,OK,--,8:18:38 PM,7/30/2025,
1353,38.5,gf,2.080,mm,OK,--,8:18:38 PM,7/30/2025,
1354,38.5,gf,2.075,mm,OK,--,8:18:38 PM,7/30/2025,
1355,38.5,gf,2.070,mm,OK,--,8:18:38 PM,7/30/2025,
1356,38.5,gf,2.065,mm,OK,--,8:18:38 PM,7/30/2025,
1357,38.5,gf,2.055,mm,OK,--,8:18:38 PM,7/30/2025,
1358,38.5,gf,2.050,mm,OK,--,8:18:38 PM,7/30/2025,
1359,38.4,gf,2.035,mm,OK,--,8:18:38 PM,7/30/2025,
1360,38.4,gf,2.025,mm,OK,--,8:18:38 PM,7/30/2025,
1361,38.3,gf,2.015,mm,OK,--,8:18:39 PM,7/30/2025,
1362,38.3,gf,2.005,mm,OK,--,8:18:39 PM,7/30/2025,
1363,38.3,gf,2.000,mm,OK,--,8:18:39 PM,7/30/2025,
1364,38.3,gf,2.000,mm,OK,--,8:18:39 PM,7/30/2025,
1365,38.2,gf,1.995,mm,OK,--,8:18:39 PM,7/30/2025,
1366,38.3,gf,1.990,mm,OK,--,8:18:39 PM,7/30/2025,
1367,38.3,gf,1.990,mm,OK,--,8:18:39 PM,7/30/2025,
1368,38.2,gf,1.985,mm,OK,--,8:18:39 PM,7/30/2025,
1369,38.2,gf,1.980,mm,OK,--,8:18:39 PM,7/30/2025,
1370,38.2,gf,1.975,mm,OK,--,8:18:39 PM,7/30/2025,
1371,38.2,gf,1.970,mm,OK,--,8:18:40 PM,7/30/2025,
1372,38.2,gf,1.965,mm,OK,--,8:18:40 PM,7/30/2025,
1373,38.2,gf,1.960,mm,OK,--,8:18:40 PM,7/30/2025,
1374,38.2,gf,1.960,mm,OK,--,8:18:40 PM,7/30/2025,
1375,38.1,gf,1.950,mm,OK,--,8:18:40 PM,7/30/2025,
1376,38.1,gf,1.945,mm,OK,--,8:18:40 PM,7/30/2025,
1377,38.1,gf,1.940,mm,OK,--,8:18:40 PM,7/30/2025,
1378,38.0,gf,1.930,mm,OK,--,8:18:40 PM,7/30/2025,
1379,38.1,gf,1.920,mm,OK,--,8:18:40 PM,7/30/2025,
1380,38.0,gf,1.915,mm,OK,--,8:18:40 PM,7/30/2025,
1381,38.0,gf,1.905,mm,OK,--,8:18:41 PM,7/30/2025,
1382,38.0,gf,1.895,mm,OK,--,8:18:41 PM,7/30/2025,
1383,37.9,gf,1.890,mm,OK,--,8:18:41 PM,7/30/2025,
1384,37.9,gf,1.880,mm,OK,--,8:18:41 PM,7/30/2025,
1385,37.9,gf,1.870,mm,OK,--,8:18:41 PM,7/30/2025,
1386,37.8,gf,1.860,mm,OK,--,8:18:41 PM,7/30/2025,
1387,37.8,gf,1.855,mm,OK,--,8:18:41 PM,7/30/2025,
1388,37.8,gf,1.845,mm,OK,--,8:18:41 PM,7/30/2025,
1389,37.8,gf,1.840,mm,OK,--,8:18:41 PM,7/30/2025,
1390,37.8,gf,1.835,mm,OK,--,8:18:41 PM,7/30/2025,
1391,37.8,gf,1.830,mm,OK,--,8:18:42 PM,7/30/2025,
1392,37.7,gf,1.825,mm,OK,--,8:18:42 PM,7/30/2025,
1393,37.7,gf,1.820,mm,OK,--,8:18:42 PM,7/30/2025,
1394,37.7,gf,1.815,mm,OK,--,8:18:42 PM,7/30/2025,
1395,37.7,gf,1.815,mm,OK,--,8:18:42 PM,7/30/2025,
1396,37.7,gf,1.810,mm,OK,--,8:18:42 PM,7/30/2025,
1397,37.7,gf,1.805,mm,OK,--,8:18:42 PM,7/30/2025,
1398,37.7,gf,1.805,mm,OK,--,8:18:42 PM,7/30/2025,
1399,37.6,gf,1.800,mm,OK,--,8:18:42 PM,7/30/2025,
1400,37.6,gf,1.800,mm,OK,--,8:18:42 PM,7/30/2025,
1401,37.6,gf,1.795,mm,OK,--,8:18:43 PM,7/30/2025,
1402,37.6,gf,1.790,mm,OK,--,8:18:43 PM,7/30/2025,
1403,37.6,gf,1.785,mm,OK,--,8:18:43 PM,7/30/2025,
1404,37.6,gf,1.780,mm,OK,--,8:18:43 PM,7/30/2025,
1405,37.6,gf,1.775,mm,OK,--,8:18:43 PM,7/30/2025,
1406,37.6,gf,1.765,mm,OK,--,8:18:43 PM,7/30/2025,
1407,37.6,gf,1.760,mm,OK,--,8:18:43 PM,7/30/2025,
1408,37.5,gf,1.750,mm,OK,--,8:18:43 PM,7/30/2025,
1409,37.5,gf,1.745,mm,OK,--,8:18:43 PM,7/30/2025,
1410,37.5,gf,1.745,mm,OK,--,8:18:43 PM,7/30/2025,
1411,37.5,gf,1.740,mm,OK,--,8:18:44 PM,7/30/2025,
1412,37.5,gf,1.740,mm,OK,--,8:18:44 PM,7/30/2025,
1413,37.5,gf,1.735,mm,OK,--,8:18:44 PM,7/30/2025,
1414,37.4,gf,1.735,mm,OK,--,8:18:44 PM,7/30/2025,
1415,37.4,gf,1.730,mm,OK,--,8:18:44 PM,7/30/2025,
1416,37.4,gf,1.725,mm,OK,--,8:18:44 PM,7/30/2025,
1417,37.4,gf,1.725,mm,OK,--,8:18:44 PM,7/30/2025,
1418,37.4,gf,1.720,mm,OK,--,8:18:44 PM,7/30/2025,
1419,37.4,gf,1.715,mm,OK,--,8:18:44 PM,7/30/2025,
1420,37.4,gf,1.715,mm,OK,--,8:18:44 PM,7/30/2025,
1421,37.4,gf,1.710,mm,OK,--,8:18:45 PM,7/30/2025,
1422,37.4,gf,1.705,mm,OK,--,8:18:45 PM,7/30/2025,
1423,37.3,gf,1.695,mm,OK,--,8:18:45 PM,7/30/2025,
1424,37.3,gf,1.690,mm,OK,--,8:18:45 PM,7/30/2025,
1425,37.3,gf,1.680,mm,OK,--,8:18:45 PM,7/30/2025,
1426,37.2,gf,1.675,mm,OK,--,8:18:45 PM,7/30/2025,
1427,37.2,gf,1.665,mm,OK,--,8:18:45 PM,7/30/2025,
1428,37.2,gf,1.660,mm,OK,--,8:18:45 PM,7/30/2025,
1429,37.2,gf,1.655,mm,OK,--,8:18:45 PM,7/30/2025,
1430,37.2,gf,1.650,mm,OK,--,8:18:45 PM,7/30/2025,
1431,37.1,gf,1.640,mm,OK,--,8:18:46 PM,7/30/2025,
1432,37.1,gf,1.630,mm,OK,--,8:18:46 PM,7/30/2025,
1433,37.0,gf,1.625,mm,OK,--,8:18:46 PM,7/30/2025,
1434,37.0,gf,1.620,mm,OK,--,8:18:46 PM,7/30/2025,
1435,37.1,gf,1.615,mm,OK,--,8:18:46 PM,7/30/2025,
1436,37.0,gf,1.605,mm,OK,--,8:18:46 PM,7/30/2025,
1437,37.0,gf,1.600,mm,OK,--,8:18:46 PM,7/30/2025,
1438,37.0,gf,1.595,mm,OK,--,8:18:46 PM,7/30/2025,
1439,37.0,gf,1.590,mm,OK,--,8:18:46 PM,7/30/2025,
1440,37.0,gf,1.585,mm,OK,--,8:18:46 PM,7/30/2025,
1441,36.9,gf,1.580,mm,OK,--,8:18:47 PM,7/30/2025,
1442,36.9,gf,1.575,mm,OK,--,8:18:47 PM,7/30/2025,
1443,36.9,gf,1.570,mm,OK,--,8:18:47 PM,7/30/2025,
1444,36.9,gf,1.565,mm,OK,--,8:18:47 PM,7/30/2025,
1445,36.8,gf,1.555,mm,OK,--,8:18:47 PM,7/30/2025,
1446,36.8,gf,1.550,mm,OK,--,8:18:47 PM,7/30/2025,
1447,36.8,gf,1.540,mm,OK,--,8:18:47 PM,7/30/2025,
1448,36.7,gf,1.535,mm,OK,--,8:18:47 PM,7/30/2025,
1449,36.8,gf,1.525,mm,OK,--,8:18:47 PM,7/30/2025,
1450,36.7,gf,1.520,mm,OK,--,8:18:47 PM,7/30/2025,
1451,36.7,gf,1.515,mm,OK,--,8:18:48 PM,7/30/2025,
1452,36.7,gf,1.510,mm,OK,--,8:18:48 PM,7/30/2025,
1453,36.6,gf,1.505,mm,OK,--,8:18:48 PM,7/30/2025,
1454,36.6,gf,1.500,mm,OK,--,8:18:48 PM,7/30/2025,
1455,36.6,gf,1.495,mm,OK,--,8:18:48 PM,7/30/2025,
1456,36.6,gf,1.490,mm,OK,--,8:18:48 PM,7/30/2025,
1457,36.6,gf,1.485,mm,OK,--,8:18:48 PM,7/30/2025,
1458,36.6,gf,1.480,mm,OK,--,8:18:48 PM,7/30/2025,
1459,36.5,gf,1.475,mm,OK,--,8:18:48 PM,7/30/2025,
1460,36.5,gf,1.470,mm,OK,--,8:18:48 PM,7/30/2025,
1461,36.5,gf,1.465,mm,OK,--,8:18:49 PM,7/30/2025,
1462,36.5,gf,1.460,mm,OK,--,8:18:49 PM,7/30/2025,
1463,36.5,gf,1.460,mm,OK,--,8:18:49 PM,7/30/2025,
1464,36.5,gf,1.455,mm,OK,--,8:18:49 PM,7/30/2025,
1465,36.5,gf,1.450,mm,OK,--,8:18:49 PM,7/30/2025,
1466,36.5,gf,1.445,mm,OK,--,8:18:49 PM,7/30/2025,
1467,36.5,gf,1.445,mm,OK,--,8:18:49 PM,7/30/2025,
1468,36.5,gf,1.440,mm,OK,--,8:18:49 PM,7/30/2025,
1469,36.5,gf,1.440,mm,OK,--,8:18:49 PM,7/30/2025,
1470,36.5,gf,1.440,mm,OK,--,8:18:49 PM,7/30/2025,
1471,36.5,gf,1.435,mm,OK,--,8:18:50 PM,7/30/2025,
1472,36.4,gf,1.435,mm,OK,--,8:18:50 PM,7/30/2025,
1473,36.4,gf,1.430,mm,OK,--,8:18:50 PM,7/30/2025,
1474,36.4,gf,1.425,mm,OK,--,8:18:50 PM,7/30/2025,
1475,36.4,gf,1.420,mm,OK,--,8:18:50 PM,7/30/2025,
1476,36.4,gf,1.415,mm,OK,--,8:18:50 PM,7/30/2025,
1477,36.4,gf,1.415,mm,OK,--,8:18:50 PM,7/30/2025,
1478,36.4,gf,1.410,mm,OK,--,8:18:50 PM,7/30/2025,
1479,36.4,gf,1.405,mm,OK,--,8:18:50 PM,7/30/2025,
1480,36.3,gf,1.400,mm,OK,--,8:18:50 PM,7/30/2025,
1481,36.3,gf,1.395,mm,OK,--,8:18:51 PM,7/30/2025,
1482,36.3,gf,1.390,mm,OK,--,8:18:51 PM,7/30/2025,
1483,36.3,gf,1.385,mm,OK,--,8:18:51 PM,7/30/2025,
1484,36.3,gf,1.385,mm,OK,--,8:18:51 PM,7/30/2025,
1485,36.3,gf,1.380,mm,OK,--,8:18:51 PM,7/30/2025,
1486,36.2,gf,1.375,mm,OK,--,8:18:51 PM,7/30/2025,
1487,36.2,gf,1.365,mm,OK,--,8:18:51 PM,7/30/2025,
1488,36.2,gf,1.360,mm,OK,--,8:18:51 PM,7/30/2025,
1489,36.2,gf,1.355,mm,OK,--,8:18:51 PM,7/30/2025,
1490,36.2,gf,1.350,mm,OK,--,8:18:51 PM,7/30/2025,
1491,36.2,gf,1.350,mm,OK,--,8:18:52 PM,7/30/2025,
1492,36.1,gf,1.340,mm,OK,--,8:18:52 PM,7/30/2025,
1493,36.1,gf,1.335,mm,OK,--,8:18:52 PM,7/30/2025,
1494,36.2,gf,1.330,mm,OK,--,8:18:52 PM,7/30/2025,
1495,36.1,gf,1.325,mm,OK,--,8:18:52 PM,7/30/2025,
1496,36.1,gf,1.320,mm,OK,--,8:18:52 PM,7/30/2025,
1497,36.1,gf,1.315,mm,OK,--,8:18:52 PM,7/30/2025,
1498,36.1,gf,1.310,mm,OK,--,8:18:52 PM,7/30/2025,
1499,36.0,gf,1.310,mm,OK,--,8:18:52 PM,7/30/2025,
1500,36.0,gf,1.300,mm,OK,--,8:18:52 PM,7/30/2025,
1501,36.0,gf,1.295,mm,OK,--,8:18:53 PM,7/30/2025,
1502,36.0,gf,1.295,mm,OK,--,8:18:53 PM,7/30/2025,
1503,36.0,gf,1.290,mm,OK,--,8:18:53 PM,7/30/2025,
1504,36.0,gf,1.290,mm,OK,--,8:18:53 PM,7/30/2025,
1505,36.0,gf,1.285,mm,OK,--,8:18:53 PM,7/30/2025,
1506,36.0,gf,1.285,mm,OK,--,8:18:53 PM,7/30/2025,
1507,35.9,gf,1.280,mm,OK,--,8:18:53 PM,7/30/2025,
1508,35.9,gf,1.280,mm,OK,--,8:18:53 PM,7/30/2025,
1509,35.9,gf,1.270,mm,OK,--,8:18:53 PM,7/30/2025,
1510,35.9,gf,1.265,mm,OK,--,8:18:53 PM,7/30/2025,
1511,35.9,gf,1.260,mm,OK,--,8:18:54 PM,7/30/2025,
1512,35.8,gf,1.255,mm,OK,--,8:18:54 PM,7/30/2025,
1513,35.8,gf,1.250,mm,OK,--,8:18:54 PM,7/30/2025,
1514,35.8,gf,1.250,mm,OK,--,8:18:54 PM,7/30/2025,
1515,35.8,gf,1.245,mm,OK,--,8:18:54 PM,7/30/2025,
1516,35.8,gf,1.240,mm,OK,--,8:18:54 PM,7/30/2025,
1517,35.8,gf,1.230,mm,OK,--,8:18:54 PM,7/30/2025,
1518,35.8,gf,1.225,mm,OK,--,8:18:54 PM,7/30/2025,
1519,35.8,gf,1.225,mm,OK,--,8:18:54 PM,7/30/2025,
1520,35.8,gf,1.220,mm,OK,--,8:18:54 PM,7/30/2025,
1521,35.8,gf,1.215,mm,OK,--,8:18:55 PM,7/30/2025,
1522,35.8,gf,1.215,mm,OK,--,8:18:55 PM,7/30/2025,
1523,35.7,gf,1.210,mm,OK,--,8:18:55 PM,7/30/2025,
1524,35.7,gf,1.205,mm,OK,--,8:18:55 PM,7/30/2025,
1525,35.7,gf,1.195,mm,OK,--,8:18:55 PM,7/30/2025,
1526,35.7,gf,1.190,mm,OK,--,8:18:55 PM,7/30/2025,
1527,35.6,gf,1.185,mm,OK,--,8:18:55 PM,7/30/2025,
1528,35.7,gf,1.180,mm,OK,--,8:18:55 PM,7/30/2025,
1529,35.6,gf,1.170,mm,OK,--,8:18:55 PM,7/30/2025,
1530,35.6,gf,1.165,mm,OK,--,8:18:55 PM,7/30/2025,
1531,35.6,gf,1.160,mm,OK,--,8:18:56 PM,7/30/2025,
1532,35.5,gf,1.155,mm,OK,--,8:18:56 PM,7/30/2025,
1533,35.5,gf,1.145,mm,OK,--,8:18:56 PM,7/30/2025,
1534,35.5,gf,1.140,mm,OK,--,8:18:56 PM,7/30/2025,
1535,35.5,gf,1.135,mm,OK,--,8:18:56 PM,7/30/2025,
1536,35.4,gf,1.130,mm,OK,--,8:18:56 PM,7/30/2025,
1537,35.4,gf,1.120,mm,OK,--,8:18:56 PM,7/30/2025,
1538,35.4,gf,1.115,mm,OK,--,8:18:56 PM,7/30/2025,
1539,35.4,gf,1.110,mm,OK,--,8:18:56 PM,7/30/2025,
1540,35.3,gf,1.105,mm,OK,--,8:18:56 PM,7/30/2025,
1541,35.4,gf,1.105,mm,OK,--,8:18:57 PM,7/30/2025,
1542,35.3,gf,1.100,mm,OK,--,8:18:57 PM,7/30/2025,
1543,35.3,gf,1.100,mm,OK,--,8:18:57 PM,7/30/2025,
1544,35.3,gf,1.095,mm,OK,--,8:18:57 PM,7/30/2025,
1545,35.3,gf,1.090,mm,OK,--,8:18:57 PM,7/30/2025,
1546,35.3,gf,1.085,mm,OK,--,8:18:57 PM,7/30/2025,
1547,35.3,gf,1.085,mm,OK,--,8:18:57 PM,7/30/2025,
1548,35.3,gf,1.080,mm,OK,--,8:18:57 PM,7/30/2025,
1549,35.2,gf,1.075,mm,OK,--,8:18:57 PM,7/30/2025,
1550,35.2,gf,1.075,mm,OK,--,8:18:57 PM,7/30/2025,
1551,35.2,gf,1.070,mm,OK,--,8:18:58 PM,7/30/2025,
1552,35.2,gf,1.070,mm,OK,--,8:18:58 PM,7/30/2025,
1553,35.2,gf,1.065,mm,OK,--,8:18:58 PM,7/30/2025,
1554,35.2,gf,1.060,mm,OK,--,8:18:58 PM,7/30/2025,
1555,35.2,gf,1.055,mm,OK,--,8:18:58 PM,7/30/2025,
1556,35.2,gf,1.050,mm,OK,--,8:18:58 PM,7/30/2025,
1557,35.2,gf,1.045,mm,OK,--,8:18:58 PM,7/30/2025,
1558,35.2,gf,1.040,mm,OK,--,8:18:58 PM,7/30/2025,
1559,35.2,gf,1.035,mm,OK,--,8:18:58 PM,7/30/2025,
1560,35.1,gf,1.030,mm,OK,--,8:18:58 PM,7/30/2025,
1561,35.1,gf,1.020,mm,OK,--,8:18:59 PM,7/30/2025,
1562,35.0,gf,1.010,mm,OK,--,8:18:59 PM,7/30/2025,
1563,34.9,gf,1.000,mm,OK,--,8:18:59 PM,7/30/2025,
1564,35.1,gf,0.995,mm,OK,--,8:18:59 PM,7/30/2025,
1565,35.0,gf,0.990,mm,OK,--,8:18:59 PM,7/30/2025,
1566,34.9,gf,0.985,mm,OK,--,8:18:59 PM,7/30/2025,
1567,34.9,gf,0.975,mm,OK,--,8:18:59 PM,7/30/2025,
1568,35.0,gf,0.970,mm,OK,--,8:18:59 PM,7/30/2025,
1569,34.9,gf,0.965,mm,OK,--,8:18:59 PM,7/30/2025,
1570,34.9,gf,0.965,mm,OK,--,8:18:59 PM,7/30/2025,
1571,34.9,gf,0.965,mm,OK,--,8:19:00 PM,7/30/2025,
1572,34.9,gf,0.965,mm,OK,--,8:19:00 PM,7/30/2025,
1573,34.9,gf,0.965,mm,OK,--,8:19:00 PM,7/30/2025,
1574,34.9,gf,0.965,mm,OK,--,8:19:00 PM,7/30/2025,
1575,34.9,gf,0.965,mm,OK,--,8:19:00 PM,7/30/2025,
1576,34.9,gf,0.960,mm,OK,--,8:19:00 PM,7/30/2025,
1577,34.9,gf,0.960,mm,OK,--,8:19:00 PM,7/30/2025,
1578,35.0,gf,0.955,mm,OK,--,8:19:00 PM,7/30/2025,
1579,34.9,gf,0.945,mm,OK,--,8:19:00 PM,7/30/2025,
1580,34.8,gf,0.945,mm,OK,--,8:19:00 PM,7/30/2025,
1581,34.8,gf,0.945,mm,OK,--,8:19:01 PM,7/30/2025,
1582,34.9,gf,0.945,mm,OK,--,8:19:01 PM,7/30/2025,
1583,34.8,gf,0.945,mm,OK,--,8:19:01 PM,7/30/2025,
1584,34.8,gf,0.945,mm,OK,--,8:19:01 PM,7/30/2025,
1585,34.8,gf,0.945,mm,OK,--,8:19:01 PM,7/30/2025,
1586,34.8,gf,0.945,mm,OK,--,8:19:01 PM,7/30/2025,
1587,34.9,gf,0.945,mm,OK,--,8:19:01 PM,7/30/2025,
1588,34.9,gf,0.945,mm,OK,--,8:19:01 PM,7/30/2025,
1589,34.8,gf,0.940,mm,OK,--,8:19:01 PM,7/30/2025,
1590,34.8,gf,0.940,mm,OK,--,8:19:01 PM,7/30/2025,
1591,34.8,gf,0.940,mm,OK,--,8:19:02 PM,7/30/2025,
1592,34.8,gf,0.940,mm,OK,--,8:19:02 PM,7/30/2025,
1593,34.8,gf,0.935,mm,OK,--,8:19:02 PM,7/30/2025,
1594,34.8,gf,0.935,mm,OK,--,8:19:02 PM,7/30/2025,
1595,34.8,gf,0.930,mm,OK,--,8:19:02 PM,7/30/2025,
1596,34.7,gf,0.925,mm,OK,--,8:19:02 PM,7/30/2025,
1597,34.7,gf,0.915,mm,OK,--,8:19:02 PM,7/30/2025,
1598,34.7,gf,0.900,mm,OK,--,8:19:02 PM,7/30/2025,
1599,34.6,gf,0.890,mm,OK,--,8:19:02 PM,7/30/2025,
1600,34.7,gf,0.885,mm,OK,--,8:19:02 PM,7/30/2025,
1601,34.6,gf,0.880,mm,OK,--,8:19:03 PM,7/30/2025,
1602,34.6,gf,0.870,mm,OK,--,8:19:03 PM,7/30/2025,
1603,34.6,gf,0.865,mm,OK,--,8:19:03 PM,7/30/2025,
1604,34.5,gf,0.855,mm,OK,--,8:19:03 PM,7/30/2025,
1605,34.5,gf,0.845,mm,OK,--,8:19:03 PM,7/30/2025,
1606,34.5,gf,0.840,mm,OK,--,8:19:03 PM,7/30/2025,
1607,34.5,gf,0.830,mm,OK,--,8:19:03 PM,7/30/2025,
1608,34.4,gf,0.825,mm,OK,--,8:19:03 PM,7/30/2025,
1609,34.4,gf,0.820,mm,OK,--,8:19:03 PM,7/30/2025,
1610,34.5,gf,0.815,mm,OK,--,8:19:03 PM,7/30/2025,
1611,34.4,gf,0.810,mm,OK,--,8:19:04 PM,7/30/2025,
1612,34.4,gf,0.805,mm,OK,--,8:19:04 PM,7/30/2025,
1613,34.3,gf,0.800,mm,OK,--,8:19:04 PM,7/30/2025,
1614,34.3,gf,0.795,mm,OK,--,8:19:04 PM,7/30/2025,
1615,34.3,gf,0.790,mm,OK,--,8:19:04 PM,7/30/2025,
1616,34.3,gf,0.790,mm,OK,--,8:19:04 PM,7/30/2025,
1617,34.3,gf,0.785,mm,OK,--,8:19:04 PM,7/30/2025,
1618,34.3,gf,0.785,mm,OK,--,8:19:04 PM,7/30/2025,
1619,34.3,gf,0.780,mm,OK,--,8:19:04 PM,7/30/2025,
1620,34.3,gf,0.780,mm,OK,--,8:19:04 PM,7/30/2025,
1621,34.3,gf,0.775,mm,OK,--,8:19:05 PM,7/30/2025,
1622,34.3,gf,0.775,mm,OK,--,8:19:05 PM,7/30/2025,
1623,34.3,gf,0.775,mm,OK,--,8:19:05 PM,7/30/2025,
1624,34.3,gf,0.775,mm,OK,--,8:19:05 PM,7/30/2025,
1625,34.3,gf,0.770,mm,OK,--,8:19:05 PM,7/30/2025,
1626,34.3,gf,0.770,mm,OK,--,8:19:05 PM,7/30/2025,
1627,34.3,gf,0.770,mm,OK,--,8:19:05 PM,7/30/2025,
1628,34.2,gf,0.765,mm,OK,--,8:19:05 PM,7/30/2025,
1629,34.2,gf,0.760,mm,OK,--,8:19:05 PM,7/30/2025,
1630,34.2,gf,0.760,mm,OK,--,8:19:05 PM,7/30/2025,
1631,34.2,gf,0.755,mm,OK,--,8:19:06 PM,7/30/2025,
1632,34.2,gf,0.755,mm,OK,--,8:19:06 PM,7/30/2025,
1633,34.2,gf,0.750,mm,OK,--,8:19:06 PM,7/30/2025,
1634,34.1,gf,0.745,mm,OK,--,8:19:06 PM,7/30/2025,
1635,34.2,gf,0.740,mm,OK,--,8:19:06 PM,7/30/2025,
1636,34.1,gf,0.735,mm,OK,--,8:19:06 PM,7/30/2025,
1637,34.1,gf,0.730,mm,OK,--,8:19:06 PM,7/30/2025,
1638,34.1,gf,0.725,mm,OK,--,8:19:06 PM,7/30/2025,
1639,34.0,gf,0.720,mm,OK,--,8:19:06 PM,7/30/2025,
1640,34.0,gf,0.715,mm,OK,--,8:19:06 PM,7/30/2025,
1641,34.0,gf,0.700,mm,OK,--,8:19:07 PM,7/30/2025,
1642,34.0,gf,0.690,mm,OK,--,8:19:07 PM,7/30/2025,
1643,33.9,gf,0.680,mm,OK,--,8:19:07 PM,7/30/2025,
1644,33.9,gf,0.670,mm,OK,--,8:19:07 PM,7/30/2025,
1645,33.9,gf,0.665,mm,OK,--,8:19:07 PM,7/30/2025,
1646,33.8,gf,0.660,mm,OK,--,8:19:07 PM,7/30/2025,
1647,33.9,gf,0.640,mm,OK,--,8:19:07 PM,7/30/2025,
1648,33.7,gf,0.625,mm,OK,--,8:19:07 PM,7/30/2025,
1649,33.8,gf,0.615,mm,OK,--,8:19:07 PM,7/30/2025,
1650,33.7,gf,0.605,mm,OK,--,8:19:07 PM,7/30/2025,
1651,33.7,gf,0.600,mm,OK,--,8:19:08 PM,7/30/2025,
1652,33.7,gf,0.595,mm,OK,--,8:19:08 PM,7/30/2025,
1653,33.7,gf,0.595,mm,OK,--,8:19:08 PM,7/30/2025,
1654,33.7,gf,0.595,mm,OK,--,8:19:08 PM,7/30/2025,
1655,33.7,gf,0.595,mm,OK,--,8:19:08 PM,7/30/2025,
1656,33.7,gf,0.590,mm,OK,--,8:19:08 PM,7/30/2025,
1657,33.7,gf,0.590,mm,OK,--,8:19:08 PM,7/30/2025,
1658,33.7,gf,0.590,mm,OK,--,8:19:08 PM,7/30/2025,
1659,33.7,gf,0.590,mm,OK,--,8:19:08 PM,7/30/2025,
1660,33.7,gf,0.590,mm,OK,--,8:19:08 PM,7/30/2025,
1661,33.6,gf,0.590,mm,OK,--,8:19:09 PM,7/30/2025,
1662,33.6,gf,0.585,mm,OK,--,8:19:09 PM,7/30/2025,
1663,33.6,gf,0.575,mm,OK,--,8:19:09 PM,7/30/2025,
1664,33.6,gf,0.575,mm,OK,--,8:19:09 PM,7/30/2025,
1665,33.6,gf,0.570,mm,OK,--,8:19:09 PM,7/30/2025,
1666,33.6,gf,0.565,mm,OK,--,8:19:09 PM,7/30/2025,
1667,33.6,gf,0.560,mm,OK,--,8:19:09 PM,7/30/2025,
1668,33.5,gf,0.560,mm,OK,--,8:19:09 PM,7/30/2025,
1669,33.5,gf,0.555,mm,OK,--,8:19:09 PM,7/30/2025,
1670,33.5,gf,0.550,mm,OK,--,8:19:09 PM,7/30/2025,
1671,33.5,gf,0.550,mm,OK,--,8:19:10 PM,7/30/2025,
1672,33.5,gf,0.545,mm,OK,--,8:19:10 PM,7/30/2025,
1673,33.5,gf,0.545,mm,OK,--,8:19:10 PM,7/30/2025,
1674,33.5,gf,0.540,mm,OK,--,8:19:10 PM,7/30/2025,
1675,33.5,gf,0.535,mm,OK,--,8:19:10 PM,7/30/2025,
1676,33.5,gf,0.535,mm,OK,--,8:19:10 PM,7/30/2025,
1677,33.5,gf,0.535,mm,OK,--,8:19:10 PM,7/30/2025,
1678,33.5,gf,0.530,mm,OK,--,8:19:10 PM,7/30/2025,
1679,33.5,gf,0.530,mm,OK,--,8:19:10 PM,7/30/2025,
1680,33.4,gf,0.525,mm,OK,--,8:19:10 PM,7/30/2025,
1681,33.4,gf,0.520,mm,OK,--,8:19:11 PM,7/30/2025,
1682,33.4,gf,0.515,mm,OK,--,8:19:11 PM,7/30/2025,
1683,33.4,gf,0.510,mm,OK,--,8:19:11 PM,7/30/2025,
1684,33.4,gf,0.505,mm,OK,--,8:19:11 PM,7/30/2025,
1685,33.4,gf,0.505,mm,OK,--,8:19:11 PM,7/30/2025,
1686,33.4,gf,0.505,mm,OK,--,8:19:11 PM,7/30/2025,
1687,33.4,gf,0.500,mm,OK,--,8:19:11 PM,7/30/2025,
1688,33.4,gf,0.495,mm,OK,--,8:19:11 PM,7/30/2025,
1689,33.3,gf,0.490,mm,OK,--,8:19:11 PM,7/30/2025,
1690,33.3,gf,0.490,mm,OK,--,8:19:11 PM,7/30/2025,
1691,33.3,gf,0.485,mm,OK,--,8:19:12 PM,7/30/2025,
1692,33.3,gf,0.485,mm,OK,--,8:19:12 PM,7/30/2025,
1693,33.3,gf,0.480,mm,OK,--,8:19:12 PM,7/30/2025,
1694,33.2,gf,0.475,mm,OK,--,8:19:12 PM,7/30/2025,
1695,33.1,gf,0.465,mm,OK,--,8:19:12 PM,7/30/2025,
1696,33.1,gf,0.460,mm,OK,--,8:19:12 PM,7/30/2025,
1697,33.0,gf,0.455,mm,OK,--,8:19:12 PM,7/30/2025,
1698,32.9,gf,0.450,mm,OK,--,8:19:12 PM,7/30/2025,
1699,32.8,gf,0.445,mm,OK,--,8:19:12 PM,7/30/2025,
1700,32.8,gf,0.440,mm,OK,--,8:19:12 PM,7/30/2025,
1701,32.7,gf,0.435,mm,OK,--,8:19:13 PM,7/30/2025,
1702,32.7,gf,0.435,mm,OK,--,8:19:13 PM,7/30/2025,
1703,32.7,gf,0.435,mm,OK,--,8:19:13 PM,7/30/2025,
1704,32.7,gf,0.430,mm,OK,--,8:19:13 PM,7/30/2025,
1705,32.7,gf,0.430,mm,OK,--,8:19:13 PM,7/30/2025,
1706,32.6,gf,0.425,mm,OK,--,8:19:13 PM,7/30/2025,
1707,32.6,gf,0.420,mm,OK,--,8:19:13 PM,7/30/2025,
1708,32.6,gf,0.420,mm,OK,--,8:19:13 PM,7/30/2025,
1709,32.4,gf,0.415,mm,OK,--,8:19:13 PM,7/30/2025,
1710,32.4,gf,0.405,mm,OK,--,8:19:13 PM,7/30/2025,
1711,32.4,gf,0.395,mm,OK,--,8:19:14 PM,7/30/2025,
1712,32.3,gf,0.390,mm,OK,--,8:19:14 PM,7/30/2025,
1713,32.3,gf,0.385,mm,OK,--,8:19:14 PM,7/30/2025,
1714,32.2,gf,0.385,mm,OK,--,8:19:14 PM,7/30/2025,
1715,32.1,gf,0.380,mm,OK,--,8:19:14 PM,7/30/2025,
1716,32.2,gf,0.375,mm,OK,--,8:19:14 PM,7/30/2025,
1717,32.1,gf,0.370,mm,OK,--,8:19:14 PM,7/30/2025,
1718,32.1,gf,0.365,mm,OK,--,8:19:14 PM,7/30/2025,
1719,32.0,gf,0.360,mm,OK,--,8:19:14 PM,7/30/2025,
1720,31.9,gf,0.350,mm,OK,--,8:19:14 PM,7/30/2025,
1721,31.9,gf,0.345,mm,OK,--,8:19:15 PM,7/30/2025,
1722,31.8,gf,0.335,mm,OK,--,8:19:15 PM,7/30/2025,
1723,31.8,gf,0.330,mm,OK,--,8:19:15 PM,7/30/2025,
1724,31.8,gf,0.320,mm,OK,--,8:19:15 PM,7/30/2025,
1725,31.7,gf,0.315,mm,OK,--,8:19:15 PM,7/30/2025,
1726,31.5,gf,0.305,mm,OK,--,8:19:15 PM,7/30/2025,
1727,31.5,gf,0.300,mm,OK,--,8:19:15 PM,7/30/2025,
1728,31.4,gf,0.290,mm,OK,--,8:19:15 PM,7/30/2025,
1729,31.4,gf,0.285,mm,OK,--,8:19:15 PM,7/30/2025,
1730,31.4,gf,0.280,mm,OK,--,8:19:15 PM,7/30/2025,
1731,31.4,gf,0.270,mm,OK,--,8:19:16 PM,7/30/2025,
1732,31.3,gf,0.260,mm,OK,--,8:19:16 PM,7/30/2025,
1733,31.3,gf,0.255,mm,OK,--,8:19:16 PM,7/30/2025,
1734,31.3,gf,0.250,mm,OK,--,8:19:16 PM,7/30/2025,
1735,31.2,gf,0.245,mm,OK,--,8:19:16 PM,7/30/2025,
1736,31.2,gf,0.240,mm,OK,--,8:19:16 PM,7/30/2025,
1737,31.2,gf,0.235,mm,OK,--,8:19:16 PM,7/30/2025,
1738,31.2,gf,0.230,mm,OK,--,8:19:16 PM,7/30/2025,
1739,31.2,gf,0.225,mm,OK,--,8:19:16 PM,7/30/2025,
1740,31.2,gf,0.220,mm,OK,--,8:19:16 PM,7/30/2025,
1741,31.2,gf,0.220,mm,OK,--,8:19:17 PM,7/30/2025,
1742,31.2,gf,0.215,mm,OK,--,8:19:17 PM,7/30/2025,
1743,30.7,gf,0.215,mm,OK,--,8:19:17 PM,7/30/2025,
1744,28.0,gf,0.210,mm,OK,--,8:19:17 PM,7/30/2025,
1745,27.0,gf,0.205,mm,OK,--,8:19:17 PM,7/30/2025,
1746,27.2,gf,0.200,mm,OK,--,8:19:17 PM,7/30/2025,
1747,26.9,gf,0.195,mm,OK,--,8:19:17 PM,7/30/2025,
1748,27.1,gf,0.195,mm,OK,--,8:19:17 PM,7/30/2025,
1749,25.1,gf,0.190,mm,OK,--,8:19:17 PM,7/30/2025,
1750,23.0,gf,0.185,mm,OK,--,8:19:17 PM,7/30/2025,
1751,13.7,gf,0.170,mm,OK,--,8:19:18 PM,7/30/2025,
1752,6.1,gf,0.155,mm,OK,--,8:19:18 PM,7/30/2025,
1753,1.7,gf,0.145,mm,OK,--,8:19:18 PM,7/30/2025,
1754,0.1,gf,0.125,mm,OK,--,8:19:18 PM,7/30/2025,
1755,0.0,gf,0.115,mm,OK,--,8:19:18 PM,7/30/2025,
1756,0.0,gf,0.105,mm,OK,--,8:19:18 PM,7/30/2025,
1757,0.1,gf,0.090,mm,OK,--,8:19:18 PM,7/30/2025,
1758,0.0,gf,0.080,mm,OK,--,8:19:18 PM,7/30/2025,
1759,0.1,gf,0.070,mm,OK,--,8:19:18 PM,7/30/2025,
1760,0.0,gf,0.060,mm,OK,--,8:19:18 PM,7/30/2025,
1761,0.0,gf,0.040,mm,OK,--,8:19:19 PM,7/30/2025,
1762,0.0,gf,0.020,mm,OK,--,8:19:19 PM,7/30/2025,
1763,0.0,gf,0.000,mm,OK,--,8:19:19 PM,7/30/2025,
1764,0.0,gf,-0.015,mm,OK,--,8:19:19 PM,7/30/2025,
1765,0.0,gf,-0.020,mm,OK,--,8:19:19 PM,7/30/2025,
1766,0.0,gf,-0.025,mm,OK,--,8:19:19 PM,7/30/2025,
1767,0.1,gf,-0.025,mm,OK,--,8:19:19 PM,7/30/2025,
1768,0.0,gf,-0.025,mm,OK,--,8:19:19 PM,7/30/2025,
1769,0.0,gf,-0.025,mm,OK,--,8:19:19 PM,7/30/2025,
1770,0.1,gf,-0.025,mm,OK,--,8:19:19 PM,7/30/2025,
1771,0.0,gf,-0.025,mm,OK,--,8:19:20 PM,7/30/2025,
1772,0.0,gf,-0.025,mm,OK,--,8:19:20 PM,7/30/2025,
1773,-0.1,gf,-0.020,mm,OK,--,8:19:20 PM,7/30/2025,
1774,0.1,gf,-0.020,mm,OK,--,8:19:20 PM,7/30/2025,
1775,0.0,gf,-0.020,mm,OK,--,8:19:20 PM,7/30/2025,
1776,0.0,gf,-0.020,mm,OK,--,8:19:20 PM,7/30/2025,
1777,0.1,gf,-0.015,mm,OK,--,8:19:20 PM,7/30/2025,
1778,0.0,gf,-0.015,mm,OK,--,8:19:20 PM,7/30/2025,
1779,0.1,gf,-0.010,mm,OK,--,8:19:20 PM,7/30/2025,
1780,0.0,gf,-0.010,mm,OK,--,8:19:20 PM,7/30/2025,
1781,0.1,gf,-0.005,mm,OK,--,8:19:21 PM,7/30/2025,
1782,0.0,gf,-0.005,mm,OK,--,8:19:21 PM,7/30/2025,
1783,0.0,gf,-0.005,mm,OK,--,8:19:21 PM,7/30/2025,
1784,0.0,gf,-0.005,mm,OK,--,8:19:21 PM,7/30/2025,
1785,0.1,gf,0.000,mm,OK,--,8:19:21 PM,7/30/2025,
1786,0.0,gf,0.000,mm,OK,--,8:19:21 PM,7/30/2025,
1787,0.0,gf,0.000,mm,OK,--,8:19:21 PM,7/30/2025,
1788,0.0,gf,0.000,mm,OK,--,8:19:21 PM,7/30/2025,
1789,0.0,gf,0.000,mm,OK,--,8:19:21 PM,7/30/2025,
1790,0.0,gf,0.005,mm,OK,--,8:19:21 PM,7/30/2025,
