Maximum,195.1,@,No.948,,,,,,
Minimum,-0.1,@,No.10,,,,,,
Average,57.25,,,,,,,,
Data Quantity,1900,,,,,,,,
Number of NG,0,,,,,,,,
No.,Force,Unit,Displacement,Unit,Judge,Position,Time,Date,
1,0.0,gf,0.000,mm,OK,--,5:24:49 PM,8/16/2025,
2,0.0,gf,0.000,mm,OK,--,5:24:49 PM,8/16/2025,
3,0.0,gf,0.000,mm,OK,--,5:24:49 PM,8/16/2025,
4,0.0,gf,0.000,mm,OK,--,5:24:49 PM,8/16/2025,
5,0.0,gf,0.000,mm,OK,--,5:24:49 PM,8/16/2025,
6,0.0,gf,0.000,mm,OK,--,5:24:49 PM,8/16/2025,
7,0.0,gf,0.000,mm,OK,--,5:24:49 PM,8/16/2025,
8,0.0,gf,0.000,mm,OK,--,5:24:50 PM,8/16/2025,
9,0.1,gf,0.000,mm,OK,--,5:24:50 PM,8/16/2025,
10,-0.1,gf,0.000,mm,OK,--,5:24:50 PM,8/16/2025,
11,0.0,gf,0.000,mm,OK,--,5:24:50 PM,8/16/2025,
12,0.0,gf,0.000,mm,OK,--,5:24:50 PM,8/16/2025,
13,0.0,gf,0.000,mm,OK,--,5:24:50 PM,8/16/2025,
14,0.0,gf,0.000,mm,OK,--,5:24:50 PM,8/16/2025,
15,0.0,gf,0.000,mm,OK,--,5:24:50 PM,8/16/2025,
16,0.0,gf,0.000,mm,OK,--,5:24:50 PM,8/16/2025,
17,-0.1,gf,0.000,mm,OK,--,5:24:50 PM,8/16/2025,
18,0.0,gf,0.000,mm,OK,--,5:24:51 PM,8/16/2025,
19,0.0,gf,0.000,mm,OK,--,5:24:51 PM,8/16/2025,
20,0.0,gf,0.000,mm,OK,--,5:24:51 PM,8/16/2025,
21,0.0,gf,0.000,mm,OK,--,5:24:51 PM,8/16/2025,
22,-0.1,gf,0.000,mm,OK,--,5:24:51 PM,8/16/2025,
23,0.0,gf,0.000,mm,OK,--,5:24:51 PM,8/16/2025,
24,-0.1,gf,0.000,mm,OK,--,5:24:51 PM,8/16/2025,
25,-0.1,gf,0.005,mm,OK,--,5:24:51 PM,8/16/2025,
26,0.0,gf,0.005,mm,OK,--,5:24:51 PM,8/16/2025,
27,0.0,gf,0.005,mm,OK,--,5:24:51 PM,8/16/2025,
28,0.0,gf,0.005,mm,OK,--,5:24:52 PM,8/16/2025,
29,0.0,gf,0.005,mm,OK,--,5:24:52 PM,8/16/2025,
30,0.0,gf,0.005,mm,OK,--,5:24:52 PM,8/16/2025,
31,0.0,gf,0.010,mm,OK,--,5:24:52 PM,8/16/2025,
32,0.0,gf,0.010,mm,OK,--,5:24:52 PM,8/16/2025,
33,0.0,gf,0.015,mm,OK,--,5:24:52 PM,8/16/2025,
34,0.0,gf,0.015,mm,OK,--,5:24:52 PM,8/16/2025,
35,0.0,gf,0.020,mm,OK,--,5:24:52 PM,8/16/2025,
36,0.0,gf,0.020,mm,OK,--,5:24:52 PM,8/16/2025,
37,0.0,gf,0.025,mm,OK,--,5:24:52 PM,8/16/2025,
38,0.0,gf,0.025,mm,OK,--,5:24:53 PM,8/16/2025,
39,0.0,gf,0.030,mm,OK,--,5:24:53 PM,8/16/2025,
40,0.0,gf,0.035,mm,OK,--,5:24:53 PM,8/16/2025,
41,0.0,gf,0.035,mm,OK,--,5:24:53 PM,8/16/2025,
42,3.1,gf,0.040,mm,OK,--,5:24:53 PM,8/16/2025,
43,8.2,gf,0.045,mm,OK,--,5:24:53 PM,8/16/2025,
44,13.2,gf,0.055,mm,OK,--,5:24:53 PM,8/16/2025,
45,16.8,gf,0.060,mm,OK,--,5:24:53 PM,8/16/2025,
46,21.4,gf,0.065,mm,OK,--,5:24:53 PM,8/16/2025,
47,26.4,gf,0.070,mm,OK,--,5:24:53 PM,8/16/2025,
48,31.3,gf,0.075,mm,OK,--,5:24:54 PM,8/16/2025,
49,35.0,gf,0.085,mm,OK,--,5:24:54 PM,8/16/2025,
50,35.6,gf,0.090,mm,OK,--,5:24:54 PM,8/16/2025,
51,36.8,gf,0.095,mm,OK,--,5:24:54 PM,8/16/2025,
52,37.5,gf,0.100,mm,OK,--,5:24:54 PM,8/16/2025,
53,36.8,gf,0.100,mm,OK,--,5:24:54 PM,8/16/2025,
54,37.7,gf,0.105,mm,OK,--,5:24:54 PM,8/16/2025,
55,38.0,gf,0.110,mm,OK,--,5:24:54 PM,8/16/2025,
56,38.3,gf,0.115,mm,OK,--,5:24:54 PM,8/16/2025,
57,38.5,gf,0.120,mm,OK,--,5:24:54 PM,8/16/2025,
58,38.9,gf,0.120,mm,OK,--,5:24:55 PM,8/16/2025,
59,39.2,gf,0.125,mm,OK,--,5:24:55 PM,8/16/2025,
60,39.5,gf,0.130,mm,OK,--,5:24:55 PM,8/16/2025,
61,39.7,gf,0.130,mm,OK,--,5:24:55 PM,8/16/2025,
62,39.7,gf,0.135,mm,OK,--,5:24:55 PM,8/16/2025,
63,39.7,gf,0.140,mm,OK,--,5:24:55 PM,8/16/2025,
64,39.8,gf,0.145,mm,OK,--,5:24:55 PM,8/16/2025,
65,39.9,gf,0.145,mm,OK,--,5:24:55 PM,8/16/2025,
66,40.1,gf,0.150,mm,OK,--,5:24:55 PM,8/16/2025,
67,40.2,gf,0.155,mm,OK,--,5:24:55 PM,8/16/2025,
68,40.3,gf,0.160,mm,OK,--,5:24:56 PM,8/16/2025,
69,40.5,gf,0.160,mm,OK,--,5:24:56 PM,8/16/2025,
70,40.6,gf,0.165,mm,OK,--,5:24:56 PM,8/16/2025,
71,40.6,gf,0.170,mm,OK,--,5:24:56 PM,8/16/2025,
72,40.5,gf,0.175,mm,OK,--,5:24:56 PM,8/16/2025,
73,40.5,gf,0.175,mm,OK,--,5:24:56 PM,8/16/2025,
74,40.5,gf,0.180,mm,OK,--,5:24:56 PM,8/16/2025,
75,40.5,gf,0.180,mm,OK,--,5:24:56 PM,8/16/2025,
76,40.5,gf,0.185,mm,OK,--,5:24:56 PM,8/16/2025,
77,40.5,gf,0.185,mm,OK,--,5:24:56 PM,8/16/2025,
78,40.5,gf,0.190,mm,OK,--,5:24:57 PM,8/16/2025,
79,40.5,gf,0.195,mm,OK,--,5:24:57 PM,8/16/2025,
80,40.5,gf,0.195,mm,OK,--,5:24:57 PM,8/16/2025,
81,40.5,gf,0.200,mm,OK,--,5:24:57 PM,8/16/2025,
82,40.5,gf,0.205,mm,OK,--,5:24:57 PM,8/16/2025,
83,40.5,gf,0.205,mm,OK,--,5:24:57 PM,8/16/2025,
84,40.5,gf,0.210,mm,OK,--,5:24:57 PM,8/16/2025,
85,40.5,gf,0.215,mm,OK,--,5:24:57 PM,8/16/2025,
86,40.5,gf,0.215,mm,OK,--,5:24:57 PM,8/16/2025,
87,40.5,gf,0.220,mm,OK,--,5:24:57 PM,8/16/2025,
88,40.5,gf,0.225,mm,OK,--,5:24:58 PM,8/16/2025,
89,40.5,gf,0.225,mm,OK,--,5:24:58 PM,8/16/2025,
90,40.5,gf,0.230,mm,OK,--,5:24:58 PM,8/16/2025,
91,40.5,gf,0.230,mm,OK,--,5:24:58 PM,8/16/2025,
92,40.5,gf,0.235,mm,OK,--,5:24:58 PM,8/16/2025,
93,40.5,gf,0.240,mm,OK,--,5:24:58 PM,8/16/2025,
94,40.6,gf,0.245,mm,OK,--,5:24:58 PM,8/16/2025,
95,40.6,gf,0.250,mm,OK,--,5:24:58 PM,8/16/2025,
96,40.6,gf,0.255,mm,OK,--,5:24:58 PM,8/16/2025,
97,40.6,gf,0.260,mm,OK,--,5:24:58 PM,8/16/2025,
98,40.6,gf,0.265,mm,OK,--,5:24:59 PM,8/16/2025,
99,40.6,gf,0.270,mm,OK,--,5:24:59 PM,8/16/2025,
100,40.6,gf,0.275,mm,OK,--,5:24:59 PM,8/16/2025,
101,40.7,gf,0.280,mm,OK,--,5:24:59 PM,8/16/2025,
102,40.7,gf,0.285,mm,OK,--,5:24:59 PM,8/16/2025,
103,40.6,gf,0.285,mm,OK,--,5:24:59 PM,8/16/2025,
104,40.7,gf,0.290,mm,OK,--,5:24:59 PM,8/16/2025,
105,40.7,gf,0.295,mm,OK,--,5:24:59 PM,8/16/2025,
106,40.7,gf,0.300,mm,OK,--,5:24:59 PM,8/16/2025,
107,40.6,gf,0.305,mm,OK,--,5:24:59 PM,8/16/2025,
108,40.7,gf,0.310,mm,OK,--,5:25:00 PM,8/16/2025,
109,40.7,gf,0.315,mm,OK,--,5:25:00 PM,8/16/2025,
110,40.6,gf,0.320,mm,OK,--,5:25:00 PM,8/16/2025,
111,40.7,gf,0.325,mm,OK,--,5:25:00 PM,8/16/2025,
112,40.7,gf,0.330,mm,OK,--,5:25:00 PM,8/16/2025,
113,40.6,gf,0.335,mm,OK,--,5:25:00 PM,8/16/2025,
114,40.6,gf,0.340,mm,OK,--,5:25:00 PM,8/16/2025,
115,40.7,gf,0.345,mm,OK,--,5:25:00 PM,8/16/2025,
116,40.7,gf,0.350,mm,OK,--,5:25:00 PM,8/16/2025,
117,40.6,gf,0.360,mm,OK,--,5:25:00 PM,8/16/2025,
118,40.8,gf,0.365,mm,OK,--,5:25:01 PM,8/16/2025,
119,40.8,gf,0.370,mm,OK,--,5:25:01 PM,8/16/2025,
120,40.7,gf,0.375,mm,OK,--,5:25:01 PM,8/16/2025,
121,40.8,gf,0.380,mm,OK,--,5:25:01 PM,8/16/2025,
122,40.8,gf,0.385,mm,OK,--,5:25:01 PM,8/16/2025,
123,40.8,gf,0.385,mm,OK,--,5:25:01 PM,8/16/2025,
124,40.8,gf,0.390,mm,OK,--,5:25:01 PM,8/16/2025,
125,40.8,gf,0.395,mm,OK,--,5:25:01 PM,8/16/2025,
126,40.8,gf,0.400,mm,OK,--,5:25:01 PM,8/16/2025,
127,40.7,gf,0.400,mm,OK,--,5:25:01 PM,8/16/2025,
128,40.7,gf,0.405,mm,OK,--,5:25:02 PM,8/16/2025,
129,40.8,gf,0.405,mm,OK,--,5:25:02 PM,8/16/2025,
130,40.8,gf,0.410,mm,OK,--,5:25:02 PM,8/16/2025,
131,40.9,gf,0.415,mm,OK,--,5:25:02 PM,8/16/2025,
132,40.9,gf,0.415,mm,OK,--,5:25:02 PM,8/16/2025,
133,40.9,gf,0.420,mm,OK,--,5:25:02 PM,8/16/2025,
134,41.0,gf,0.425,mm,OK,--,5:25:02 PM,8/16/2025,
135,41.0,gf,0.425,mm,OK,--,5:25:02 PM,8/16/2025,
136,41.0,gf,0.430,mm,OK,--,5:25:02 PM,8/16/2025,
137,41.0,gf,0.435,mm,OK,--,5:25:02 PM,8/16/2025,
138,41.0,gf,0.440,mm,OK,--,5:25:03 PM,8/16/2025,
139,41.1,gf,0.440,mm,OK,--,5:25:03 PM,8/16/2025,
140,41.0,gf,0.445,mm,OK,--,5:25:03 PM,8/16/2025,
141,41.1,gf,0.450,mm,OK,--,5:25:03 PM,8/16/2025,
142,41.1,gf,0.450,mm,OK,--,5:25:03 PM,8/16/2025,
143,41.1,gf,0.455,mm,OK,--,5:25:03 PM,8/16/2025,
144,41.0,gf,0.460,mm,OK,--,5:25:03 PM,8/16/2025,
145,41.0,gf,0.465,mm,OK,--,5:25:03 PM,8/16/2025,
146,41.0,gf,0.470,mm,OK,--,5:25:03 PM,8/16/2025,
147,41.0,gf,0.475,mm,OK,--,5:25:03 PM,8/16/2025,
148,41.0,gf,0.480,mm,OK,--,5:25:04 PM,8/16/2025,
149,41.0,gf,0.480,mm,OK,--,5:25:04 PM,8/16/2025,
150,41.0,gf,0.485,mm,OK,--,5:25:04 PM,8/16/2025,
151,41.1,gf,0.490,mm,OK,--,5:25:04 PM,8/16/2025,
152,41.2,gf,0.495,mm,OK,--,5:25:04 PM,8/16/2025,
153,41.2,gf,0.495,mm,OK,--,5:25:04 PM,8/16/2025,
154,41.2,gf,0.500,mm,OK,--,5:25:04 PM,8/16/2025,
155,41.2,gf,0.500,mm,OK,--,5:25:04 PM,8/16/2025,
156,41.2,gf,0.505,mm,OK,--,5:25:04 PM,8/16/2025,
157,41.3,gf,0.505,mm,OK,--,5:25:04 PM,8/16/2025,
158,41.3,gf,0.510,mm,OK,--,5:25:05 PM,8/16/2025,
159,41.3,gf,0.510,mm,OK,--,5:25:05 PM,8/16/2025,
160,41.3,gf,0.515,mm,OK,--,5:25:05 PM,8/16/2025,
161,41.3,gf,0.515,mm,OK,--,5:25:05 PM,8/16/2025,
162,41.3,gf,0.520,mm,OK,--,5:25:05 PM,8/16/2025,
163,41.4,gf,0.520,mm,OK,--,5:25:05 PM,8/16/2025,
164,41.3,gf,0.520,mm,OK,--,5:25:05 PM,8/16/2025,
165,41.4,gf,0.525,mm,OK,--,5:25:05 PM,8/16/2025,
166,41.4,gf,0.530,mm,OK,--,5:25:05 PM,8/16/2025,
167,41.3,gf,0.530,mm,OK,--,5:25:05 PM,8/16/2025,
168,41.4,gf,0.530,mm,OK,--,5:25:06 PM,8/16/2025,
169,41.3,gf,0.535,mm,OK,--,5:25:06 PM,8/16/2025,
170,41.4,gf,0.540,mm,OK,--,5:25:06 PM,8/16/2025,
171,41.4,gf,0.540,mm,OK,--,5:25:06 PM,8/16/2025,
172,41.4,gf,0.545,mm,OK,--,5:25:06 PM,8/16/2025,
173,41.4,gf,0.545,mm,OK,--,5:25:06 PM,8/16/2025,
174,41.3,gf,0.550,mm,OK,--,5:25:06 PM,8/16/2025,
175,41.4,gf,0.550,mm,OK,--,5:25:06 PM,8/16/2025,
176,41.4,gf,0.550,mm,OK,--,5:25:06 PM,8/16/2025,
177,41.4,gf,0.555,mm,OK,--,5:25:06 PM,8/16/2025,
178,41.4,gf,0.555,mm,OK,--,5:25:07 PM,8/16/2025,
179,41.4,gf,0.560,mm,OK,--,5:25:07 PM,8/16/2025,
180,41.4,gf,0.560,mm,OK,--,5:25:07 PM,8/16/2025,
181,41.4,gf,0.560,mm,OK,--,5:25:07 PM,8/16/2025,
182,41.4,gf,0.565,mm,OK,--,5:25:07 PM,8/16/2025,
183,41.4,gf,0.565,mm,OK,--,5:25:07 PM,8/16/2025,
184,41.4,gf,0.565,mm,OK,--,5:25:07 PM,8/16/2025,
185,41.4,gf,0.570,mm,OK,--,5:25:07 PM,8/16/2025,
186,41.5,gf,0.570,mm,OK,--,5:25:07 PM,8/16/2025,
187,41.5,gf,0.575,mm,OK,--,5:25:07 PM,8/16/2025,
188,41.6,gf,0.575,mm,OK,--,5:25:08 PM,8/16/2025,
189,41.6,gf,0.580,mm,OK,--,5:25:08 PM,8/16/2025,
190,41.5,gf,0.580,mm,OK,--,5:25:08 PM,8/16/2025,
191,41.6,gf,0.585,mm,OK,--,5:25:08 PM,8/16/2025,
192,41.7,gf,0.590,mm,OK,--,5:25:08 PM,8/16/2025,
193,41.6,gf,0.590,mm,OK,--,5:25:08 PM,8/16/2025,
194,41.6,gf,0.595,mm,OK,--,5:25:08 PM,8/16/2025,
195,41.7,gf,0.605,mm,OK,--,5:25:08 PM,8/16/2025,
196,41.7,gf,0.610,mm,OK,--,5:25:08 PM,8/16/2025,
197,41.7,gf,0.620,mm,OK,--,5:25:08 PM,8/16/2025,
198,41.7,gf,0.630,mm,OK,--,5:25:09 PM,8/16/2025,
199,41.7,gf,0.635,mm,OK,--,5:25:09 PM,8/16/2025,
200,41.8,gf,0.640,mm,OK,--,5:25:09 PM,8/16/2025,
201,41.8,gf,0.645,mm,OK,--,5:25:09 PM,8/16/2025,
202,41.8,gf,0.650,mm,OK,--,5:25:09 PM,8/16/2025,
203,41.8,gf,0.660,mm,OK,--,5:25:09 PM,8/16/2025,
204,41.9,gf,0.665,mm,OK,--,5:25:09 PM,8/16/2025,
205,41.9,gf,0.670,mm,OK,--,5:25:09 PM,8/16/2025,
206,41.9,gf,0.675,mm,OK,--,5:25:09 PM,8/16/2025,
207,42.0,gf,0.680,mm,OK,--,5:25:09 PM,8/16/2025,
208,41.9,gf,0.685,mm,OK,--,5:25:10 PM,8/16/2025,
209,42.0,gf,0.690,mm,OK,--,5:25:10 PM,8/16/2025,
210,42.0,gf,0.700,mm,OK,--,5:25:10 PM,8/16/2025,
211,42.0,gf,0.705,mm,OK,--,5:25:10 PM,8/16/2025,
212,42.0,gf,0.710,mm,OK,--,5:25:10 PM,8/16/2025,
213,42.0,gf,0.720,mm,OK,--,5:25:10 PM,8/16/2025,
214,42.0,gf,0.720,mm,OK,--,5:25:10 PM,8/16/2025,
215,42.0,gf,0.725,mm,OK,--,5:25:10 PM,8/16/2025,
216,42.0,gf,0.730,mm,OK,--,5:25:10 PM,8/16/2025,
217,42.0,gf,0.735,mm,OK,--,5:25:10 PM,8/16/2025,
218,42.1,gf,0.740,mm,OK,--,5:25:11 PM,8/16/2025,
219,42.1,gf,0.745,mm,OK,--,5:25:11 PM,8/16/2025,
220,42.1,gf,0.745,mm,OK,--,5:25:11 PM,8/16/2025,
221,42.2,gf,0.750,mm,OK,--,5:25:11 PM,8/16/2025,
222,42.2,gf,0.755,mm,OK,--,5:25:11 PM,8/16/2025,
223,42.3,gf,0.760,mm,OK,--,5:25:11 PM,8/16/2025,
224,42.3,gf,0.765,mm,OK,--,5:25:11 PM,8/16/2025,
225,42.3,gf,0.770,mm,OK,--,5:25:11 PM,8/16/2025,
226,42.4,gf,0.775,mm,OK,--,5:25:11 PM,8/16/2025,
227,42.4,gf,0.780,mm,OK,--,5:25:11 PM,8/16/2025,
228,42.4,gf,0.785,mm,OK,--,5:25:12 PM,8/16/2025,
229,42.4,gf,0.790,mm,OK,--,5:25:12 PM,8/16/2025,
230,42.4,gf,0.795,mm,OK,--,5:25:12 PM,8/16/2025,
231,42.5,gf,0.795,mm,OK,--,5:25:12 PM,8/16/2025,
232,42.5,gf,0.800,mm,OK,--,5:25:12 PM,8/16/2025,
233,42.6,gf,0.810,mm,OK,--,5:25:12 PM,8/16/2025,
234,42.5,gf,0.815,mm,OK,--,5:25:12 PM,8/16/2025,
235,42.5,gf,0.820,mm,OK,--,5:25:12 PM,8/16/2025,
236,42.4,gf,0.825,mm,OK,--,5:25:12 PM,8/16/2025,
237,42.5,gf,0.835,mm,OK,--,5:25:12 PM,8/16/2025,
238,42.5,gf,0.840,mm,OK,--,5:25:13 PM,8/16/2025,
239,42.5,gf,0.845,mm,OK,--,5:25:13 PM,8/16/2025,
240,42.5,gf,0.850,mm,OK,--,5:25:13 PM,8/16/2025,
241,42.6,gf,0.855,mm,OK,--,5:25:13 PM,8/16/2025,
242,42.6,gf,0.860,mm,OK,--,5:25:13 PM,8/16/2025,
243,42.6,gf,0.865,mm,OK,--,5:25:13 PM,8/16/2025,
244,42.7,gf,0.870,mm,OK,--,5:25:13 PM,8/16/2025,
245,42.7,gf,0.875,mm,OK,--,5:25:13 PM,8/16/2025,
246,42.7,gf,0.880,mm,OK,--,5:25:13 PM,8/16/2025,
247,42.7,gf,0.885,mm,OK,--,5:25:13 PM,8/16/2025,
248,42.7,gf,0.890,mm,OK,--,5:25:14 PM,8/16/2025,
249,42.7,gf,0.895,mm,OK,--,5:25:14 PM,8/16/2025,
250,42.7,gf,0.900,mm,OK,--,5:25:14 PM,8/16/2025,
251,42.7,gf,0.905,mm,OK,--,5:25:14 PM,8/16/2025,
252,42.8,gf,0.910,mm,OK,--,5:25:14 PM,8/16/2025,
253,42.8,gf,0.915,mm,OK,--,5:25:14 PM,8/16/2025,
254,42.8,gf,0.920,mm,OK,--,5:25:14 PM,8/16/2025,
255,42.9,gf,0.925,mm,OK,--,5:25:14 PM,8/16/2025,
256,42.9,gf,0.935,mm,OK,--,5:25:14 PM,8/16/2025,
257,42.8,gf,0.940,mm,OK,--,5:25:14 PM,8/16/2025,
258,42.9,gf,0.945,mm,OK,--,5:25:15 PM,8/16/2025,
259,42.8,gf,0.950,mm,OK,--,5:25:15 PM,8/16/2025,
260,42.8,gf,0.955,mm,OK,--,5:25:15 PM,8/16/2025,
261,42.8,gf,0.960,mm,OK,--,5:25:15 PM,8/16/2025,
262,42.9,gf,0.965,mm,OK,--,5:25:15 PM,8/16/2025,
263,42.9,gf,0.975,mm,OK,--,5:25:15 PM,8/16/2025,
264,42.9,gf,0.980,mm,OK,--,5:25:15 PM,8/16/2025,
265,42.9,gf,0.980,mm,OK,--,5:25:15 PM,8/16/2025,
266,42.9,gf,0.985,mm,OK,--,5:25:15 PM,8/16/2025,
267,43.0,gf,0.990,mm,OK,--,5:25:15 PM,8/16/2025,
268,43.0,gf,0.995,mm,OK,--,5:25:16 PM,8/16/2025,
269,43.0,gf,1.000,mm,OK,--,5:25:16 PM,8/16/2025,
270,43.0,gf,1.005,mm,OK,--,5:25:16 PM,8/16/2025,
271,43.0,gf,1.010,mm,OK,--,5:25:16 PM,8/16/2025,
272,43.0,gf,1.015,mm,OK,--,5:25:16 PM,8/16/2025,
273,43.0,gf,1.020,mm,OK,--,5:25:16 PM,8/16/2025,
274,43.0,gf,1.025,mm,OK,--,5:25:16 PM,8/16/2025,
275,43.1,gf,1.030,mm,OK,--,5:25:16 PM,8/16/2025,
276,43.1,gf,1.035,mm,OK,--,5:25:16 PM,8/16/2025,
277,43.1,gf,1.040,mm,OK,--,5:25:16 PM,8/16/2025,
278,43.1,gf,1.045,mm,OK,--,5:25:17 PM,8/16/2025,
279,43.1,gf,1.050,mm,OK,--,5:25:17 PM,8/16/2025,
280,43.1,gf,1.055,mm,OK,--,5:25:17 PM,8/16/2025,
281,43.2,gf,1.055,mm,OK,--,5:25:17 PM,8/16/2025,
282,43.2,gf,1.060,mm,OK,--,5:25:17 PM,8/16/2025,
283,43.2,gf,1.060,mm,OK,--,5:25:17 PM,8/16/2025,
284,43.2,gf,1.065,mm,OK,--,5:25:17 PM,8/16/2025,
285,43.2,gf,1.065,mm,OK,--,5:25:17 PM,8/16/2025,
286,43.2,gf,1.070,mm,OK,--,5:25:17 PM,8/16/2025,
287,43.2,gf,1.070,mm,OK,--,5:25:17 PM,8/16/2025,
288,43.2,gf,1.075,mm,OK,--,5:25:18 PM,8/16/2025,
289,43.2,gf,1.080,mm,OK,--,5:25:18 PM,8/16/2025,
290,43.2,gf,1.085,mm,OK,--,5:25:18 PM,8/16/2025,
291,43.2,gf,1.085,mm,OK,--,5:25:18 PM,8/16/2025,
292,43.3,gf,1.090,mm,OK,--,5:25:18 PM,8/16/2025,
293,43.3,gf,1.095,mm,OK,--,5:25:18 PM,8/16/2025,
294,43.3,gf,1.095,mm,OK,--,5:25:18 PM,8/16/2025,
295,43.3,gf,1.100,mm,OK,--,5:25:18 PM,8/16/2025,
296,43.3,gf,1.100,mm,OK,--,5:25:18 PM,8/16/2025,
297,43.3,gf,1.105,mm,OK,--,5:25:18 PM,8/16/2025,
298,43.3,gf,1.110,mm,OK,--,5:25:19 PM,8/16/2025,
299,43.3,gf,1.110,mm,OK,--,5:25:19 PM,8/16/2025,
300,43.4,gf,1.115,mm,OK,--,5:25:19 PM,8/16/2025,
301,43.4,gf,1.120,mm,OK,--,5:25:19 PM,8/16/2025,
302,43.4,gf,1.125,mm,OK,--,5:25:19 PM,8/16/2025,
303,43.4,gf,1.125,mm,OK,--,5:25:19 PM,8/16/2025,
304,43.4,gf,1.130,mm,OK,--,5:25:19 PM,8/16/2025,
305,43.4,gf,1.135,mm,OK,--,5:25:19 PM,8/16/2025,
306,43.4,gf,1.140,mm,OK,--,5:25:19 PM,8/16/2025,
307,43.4,gf,1.145,mm,OK,--,5:25:19 PM,8/16/2025,
308,43.4,gf,1.145,mm,OK,--,5:25:20 PM,8/16/2025,
309,43.5,gf,1.150,mm,OK,--,5:25:20 PM,8/16/2025,
310,43.5,gf,1.155,mm,OK,--,5:25:20 PM,8/16/2025,
311,43.5,gf,1.165,mm,OK,--,5:25:20 PM,8/16/2025,
312,43.5,gf,1.170,mm,OK,--,5:25:20 PM,8/16/2025,
313,43.6,gf,1.175,mm,OK,--,5:25:20 PM,8/16/2025,
314,43.7,gf,1.180,mm,OK,--,5:25:20 PM,8/16/2025,
315,43.6,gf,1.185,mm,OK,--,5:25:20 PM,8/16/2025,
316,43.6,gf,1.190,mm,OK,--,5:25:20 PM,8/16/2025,
317,43.6,gf,1.195,mm,OK,--,5:25:20 PM,8/16/2025,
318,43.7,gf,1.200,mm,OK,--,5:25:21 PM,8/16/2025,
319,43.7,gf,1.205,mm,OK,--,5:25:21 PM,8/16/2025,
320,43.7,gf,1.210,mm,OK,--,5:25:21 PM,8/16/2025,
321,43.7,gf,1.210,mm,OK,--,5:25:21 PM,8/16/2025,
322,43.7,gf,1.215,mm,OK,--,5:25:21 PM,8/16/2025,
323,43.7,gf,1.215,mm,OK,--,5:25:21 PM,8/16/2025,
324,43.7,gf,1.220,mm,OK,--,5:25:21 PM,8/16/2025,
325,43.7,gf,1.220,mm,OK,--,5:25:21 PM,8/16/2025,
326,43.7,gf,1.225,mm,OK,--,5:25:21 PM,8/16/2025,
327,43.8,gf,1.230,mm,OK,--,5:25:21 PM,8/16/2025,
328,43.8,gf,1.230,mm,OK,--,5:25:22 PM,8/16/2025,
329,43.8,gf,1.235,mm,OK,--,5:25:22 PM,8/16/2025,
330,43.8,gf,1.235,mm,OK,--,5:25:22 PM,8/16/2025,
331,43.8,gf,1.240,mm,OK,--,5:25:22 PM,8/16/2025,
332,43.8,gf,1.245,mm,OK,--,5:25:22 PM,8/16/2025,
333,43.8,gf,1.245,mm,OK,--,5:25:22 PM,8/16/2025,
334,43.8,gf,1.250,mm,OK,--,5:25:22 PM,8/16/2025,
335,43.8,gf,1.250,mm,OK,--,5:25:22 PM,8/16/2025,
336,43.9,gf,1.255,mm,OK,--,5:25:22 PM,8/16/2025,
337,43.9,gf,1.260,mm,OK,--,5:25:22 PM,8/16/2025,
338,43.9,gf,1.260,mm,OK,--,5:25:23 PM,8/16/2025,
339,43.9,gf,1.265,mm,OK,--,5:25:23 PM,8/16/2025,
340,43.9,gf,1.270,mm,OK,--,5:25:23 PM,8/16/2025,
341,43.9,gf,1.270,mm,OK,--,5:25:23 PM,8/16/2025,
342,44.0,gf,1.275,mm,OK,--,5:25:23 PM,8/16/2025,
343,43.9,gf,1.280,mm,OK,--,5:25:23 PM,8/16/2025,
344,44.0,gf,1.285,mm,OK,--,5:25:23 PM,8/16/2025,
345,44.0,gf,1.285,mm,OK,--,5:25:23 PM,8/16/2025,
346,44.0,gf,1.290,mm,OK,--,5:25:23 PM,8/16/2025,
347,44.0,gf,1.295,mm,OK,--,5:25:23 PM,8/16/2025,
348,44.0,gf,1.300,mm,OK,--,5:25:24 PM,8/16/2025,
349,44.0,gf,1.305,mm,OK,--,5:25:24 PM,8/16/2025,
350,44.0,gf,1.305,mm,OK,--,5:25:24 PM,8/16/2025,
351,44.0,gf,1.310,mm,OK,--,5:25:24 PM,8/16/2025,
352,44.1,gf,1.315,mm,OK,--,5:25:24 PM,8/16/2025,
353,44.1,gf,1.320,mm,OK,--,5:25:24 PM,8/16/2025,
354,44.1,gf,1.325,mm,OK,--,5:25:24 PM,8/16/2025,
355,44.1,gf,1.330,mm,OK,--,5:25:24 PM,8/16/2025,
356,44.1,gf,1.335,mm,OK,--,5:25:24 PM,8/16/2025,
357,44.1,gf,1.335,mm,OK,--,5:25:24 PM,8/16/2025,
358,44.2,gf,1.340,mm,OK,--,5:25:25 PM,8/16/2025,
359,44.2,gf,1.345,mm,OK,--,5:25:25 PM,8/16/2025,
360,44.3,gf,1.355,mm,OK,--,5:25:25 PM,8/16/2025,
361,44.3,gf,1.360,mm,OK,--,5:25:25 PM,8/16/2025,
362,44.3,gf,1.365,mm,OK,--,5:25:25 PM,8/16/2025,
363,44.3,gf,1.370,mm,OK,--,5:25:25 PM,8/16/2025,
364,44.3,gf,1.375,mm,OK,--,5:25:25 PM,8/16/2025,
365,44.3,gf,1.380,mm,OK,--,5:25:25 PM,8/16/2025,
366,44.3,gf,1.385,mm,OK,--,5:25:25 PM,8/16/2025,
367,44.3,gf,1.390,mm,OK,--,5:25:25 PM,8/16/2025,
368,44.4,gf,1.400,mm,OK,--,5:25:26 PM,8/16/2025,
369,44.4,gf,1.405,mm,OK,--,5:25:26 PM,8/16/2025,
370,44.4,gf,1.410,mm,OK,--,5:25:26 PM,8/16/2025,
371,44.5,gf,1.415,mm,OK,--,5:25:26 PM,8/16/2025,
372,44.4,gf,1.420,mm,OK,--,5:25:26 PM,8/16/2025,
373,44.5,gf,1.430,mm,OK,--,5:25:26 PM,8/16/2025,
374,44.5,gf,1.435,mm,OK,--,5:25:26 PM,8/16/2025,
375,44.6,gf,1.440,mm,OK,--,5:25:26 PM,8/16/2025,
376,44.6,gf,1.450,mm,OK,--,5:25:26 PM,8/16/2025,
377,44.6,gf,1.455,mm,OK,--,5:25:26 PM,8/16/2025,
378,44.7,gf,1.465,mm,OK,--,5:25:27 PM,8/16/2025,
379,44.7,gf,1.470,mm,OK,--,5:25:27 PM,8/16/2025,
380,44.7,gf,1.480,mm,OK,--,5:25:27 PM,8/16/2025,
381,44.8,gf,1.485,mm,OK,--,5:25:27 PM,8/16/2025,
382,44.8,gf,1.495,mm,OK,--,5:25:27 PM,8/16/2025,
383,44.8,gf,1.500,mm,OK,--,5:25:27 PM,8/16/2025,
384,44.9,gf,1.505,mm,OK,--,5:25:27 PM,8/16/2025,
385,44.9,gf,1.515,mm,OK,--,5:25:27 PM,8/16/2025,
386,45.0,gf,1.520,mm,OK,--,5:25:27 PM,8/16/2025,
387,44.9,gf,1.525,mm,OK,--,5:25:27 PM,8/16/2025,
388,45.0,gf,1.530,mm,OK,--,5:25:28 PM,8/16/2025,
389,45.0,gf,1.535,mm,OK,--,5:25:28 PM,8/16/2025,
390,45.1,gf,1.540,mm,OK,--,5:25:28 PM,8/16/2025,
391,45.0,gf,1.545,mm,OK,--,5:25:28 PM,8/16/2025,
392,45.0,gf,1.550,mm,OK,--,5:25:28 PM,8/16/2025,
393,45.0,gf,1.555,mm,OK,--,5:25:28 PM,8/16/2025,
394,45.0,gf,1.560,mm,OK,--,5:25:28 PM,8/16/2025,
395,45.0,gf,1.565,mm,OK,--,5:25:28 PM,8/16/2025,
396,45.1,gf,1.565,mm,OK,--,5:25:28 PM,8/16/2025,
397,45.1,gf,1.570,mm,OK,--,5:25:28 PM,8/16/2025,
398,45.1,gf,1.575,mm,OK,--,5:25:29 PM,8/16/2025,
399,45.1,gf,1.580,mm,OK,--,5:25:29 PM,8/16/2025,
400,45.1,gf,1.580,mm,OK,--,5:25:29 PM,8/16/2025,
401,45.1,gf,1.585,mm,OK,--,5:25:29 PM,8/16/2025,
402,45.1,gf,1.585,mm,OK,--,5:25:29 PM,8/16/2025,
403,45.1,gf,1.590,mm,OK,--,5:25:29 PM,8/16/2025,
404,45.1,gf,1.590,mm,OK,--,5:25:29 PM,8/16/2025,
405,45.2,gf,1.595,mm,OK,--,5:25:29 PM,8/16/2025,
406,45.2,gf,1.600,mm,OK,--,5:25:29 PM,8/16/2025,
407,45.3,gf,1.605,mm,OK,--,5:25:29 PM,8/16/2025,
408,45.2,gf,1.615,mm,OK,--,5:25:30 PM,8/16/2025,
409,45.1,gf,1.615,mm,OK,--,5:25:30 PM,8/16/2025,
410,45.2,gf,1.615,mm,OK,--,5:25:30 PM,8/16/2025,
411,45.1,gf,1.615,mm,OK,--,5:25:30 PM,8/16/2025,
412,45.2,gf,1.615,mm,OK,--,5:25:30 PM,8/16/2025,
413,45.3,gf,1.620,mm,OK,--,5:25:30 PM,8/16/2025,
414,45.3,gf,1.620,mm,OK,--,5:25:30 PM,8/16/2025,
415,45.3,gf,1.620,mm,OK,--,5:25:30 PM,8/16/2025,
416,45.4,gf,1.625,mm,OK,--,5:25:30 PM,8/16/2025,
417,45.3,gf,1.625,mm,OK,--,5:25:30 PM,8/16/2025,
418,45.3,gf,1.630,mm,OK,--,5:25:31 PM,8/16/2025,
419,45.3,gf,1.630,mm,OK,--,5:25:31 PM,8/16/2025,
420,45.3,gf,1.635,mm,OK,--,5:25:31 PM,8/16/2025,
421,45.3,gf,1.635,mm,OK,--,5:25:31 PM,8/16/2025,
422,45.3,gf,1.635,mm,OK,--,5:25:31 PM,8/16/2025,
423,45.4,gf,1.640,mm,OK,--,5:25:31 PM,8/16/2025,
424,45.5,gf,1.645,mm,OK,--,5:25:31 PM,8/16/2025,
425,45.4,gf,1.650,mm,OK,--,5:25:31 PM,8/16/2025,
426,45.5,gf,1.660,mm,OK,--,5:25:31 PM,8/16/2025,
427,45.4,gf,1.665,mm,OK,--,5:25:31 PM,8/16/2025,
428,45.4,gf,1.670,mm,OK,--,5:25:32 PM,8/16/2025,
429,45.5,gf,1.670,mm,OK,--,5:25:32 PM,8/16/2025,
430,45.4,gf,1.675,mm,OK,--,5:25:32 PM,8/16/2025,
431,45.4,gf,1.675,mm,OK,--,5:25:32 PM,8/16/2025,
432,45.5,gf,1.680,mm,OK,--,5:25:32 PM,8/16/2025,
433,45.6,gf,1.685,mm,OK,--,5:25:32 PM,8/16/2025,
434,45.5,gf,1.690,mm,OK,--,5:25:32 PM,8/16/2025,
435,45.6,gf,1.695,mm,OK,--,5:25:32 PM,8/16/2025,
436,45.6,gf,1.700,mm,OK,--,5:25:32 PM,8/16/2025,
437,45.5,gf,1.700,mm,OK,--,5:25:32 PM,8/16/2025,
438,45.6,gf,1.705,mm,OK,--,5:25:33 PM,8/16/2025,
439,45.7,gf,1.710,mm,OK,--,5:25:33 PM,8/16/2025,
440,45.6,gf,1.715,mm,OK,--,5:25:33 PM,8/16/2025,
441,45.6,gf,1.720,mm,OK,--,5:25:33 PM,8/16/2025,
442,45.7,gf,1.725,mm,OK,--,5:25:33 PM,8/16/2025,
443,45.7,gf,1.735,mm,OK,--,5:25:33 PM,8/16/2025,
444,45.7,gf,1.745,mm,OK,--,5:25:33 PM,8/16/2025,
445,45.7,gf,1.760,mm,OK,--,5:25:33 PM,8/16/2025,
446,45.8,gf,1.770,mm,OK,--,5:25:33 PM,8/16/2025,
447,45.9,gf,1.780,mm,OK,--,5:25:33 PM,8/16/2025,
448,46.0,gf,1.790,mm,OK,--,5:25:34 PM,8/16/2025,
449,46.0,gf,1.800,mm,OK,--,5:25:34 PM,8/16/2025,
450,46.0,gf,1.815,mm,OK,--,5:25:34 PM,8/16/2025,
451,46.1,gf,1.825,mm,OK,--,5:25:34 PM,8/16/2025,
452,46.0,gf,1.830,mm,OK,--,5:25:34 PM,8/16/2025,
453,46.1,gf,1.840,mm,OK,--,5:25:34 PM,8/16/2025,
454,46.1,gf,1.850,mm,OK,--,5:25:34 PM,8/16/2025,
455,46.1,gf,1.860,mm,OK,--,5:25:34 PM,8/16/2025,
456,46.1,gf,1.870,mm,OK,--,5:25:34 PM,8/16/2025,
457,46.3,gf,1.885,mm,OK,--,5:25:34 PM,8/16/2025,
458,46.3,gf,1.895,mm,OK,--,5:25:35 PM,8/16/2025,
459,46.4,gf,1.905,mm,OK,--,5:25:35 PM,8/16/2025,
460,46.5,gf,1.920,mm,OK,--,5:25:35 PM,8/16/2025,
461,46.5,gf,1.935,mm,OK,--,5:25:35 PM,8/16/2025,
462,46.6,gf,1.945,mm,OK,--,5:25:35 PM,8/16/2025,
463,46.6,gf,1.950,mm,OK,--,5:25:35 PM,8/16/2025,
464,46.6,gf,1.955,mm,OK,--,5:25:35 PM,8/16/2025,
465,46.6,gf,1.965,mm,OK,--,5:25:35 PM,8/16/2025,
466,46.7,gf,1.970,mm,OK,--,5:25:35 PM,8/16/2025,
467,46.6,gf,1.975,mm,OK,--,5:25:35 PM,8/16/2025,
468,46.6,gf,1.980,mm,OK,--,5:25:36 PM,8/16/2025,
469,46.6,gf,1.980,mm,OK,--,5:25:36 PM,8/16/2025,
470,46.6,gf,1.985,mm,OK,--,5:25:36 PM,8/16/2025,
471,46.7,gf,1.985,mm,OK,--,5:25:36 PM,8/16/2025,
472,46.7,gf,1.990,mm,OK,--,5:25:36 PM,8/16/2025,
473,46.7,gf,1.990,mm,OK,--,5:25:36 PM,8/16/2025,
474,46.7,gf,1.990,mm,OK,--,5:25:36 PM,8/16/2025,
475,46.7,gf,1.990,mm,OK,--,5:25:36 PM,8/16/2025,
476,46.7,gf,1.990,mm,OK,--,5:25:36 PM,8/16/2025,
477,46.7,gf,1.990,mm,OK,--,5:25:36 PM,8/16/2025,
478,46.7,gf,1.995,mm,OK,--,5:25:37 PM,8/16/2025,
479,46.7,gf,1.995,mm,OK,--,5:25:37 PM,8/16/2025,
480,46.8,gf,1.995,mm,OK,--,5:25:37 PM,8/16/2025,
481,46.8,gf,1.995,mm,OK,--,5:25:37 PM,8/16/2025,
482,46.8,gf,1.995,mm,OK,--,5:25:37 PM,8/16/2025,
483,46.8,gf,2.000,mm,OK,--,5:25:37 PM,8/16/2025,
484,46.8,gf,2.000,mm,OK,--,5:25:37 PM,8/16/2025,
485,46.8,gf,2.000,mm,OK,--,5:25:37 PM,8/16/2025,
486,46.8,gf,2.005,mm,OK,--,5:25:37 PM,8/16/2025,
487,46.8,gf,2.005,mm,OK,--,5:25:37 PM,8/16/2025,
488,46.8,gf,2.010,mm,OK,--,5:25:38 PM,8/16/2025,
489,46.8,gf,2.010,mm,OK,--,5:25:38 PM,8/16/2025,
490,46.9,gf,2.015,mm,OK,--,5:25:38 PM,8/16/2025,
491,46.9,gf,2.015,mm,OK,--,5:25:38 PM,8/16/2025,
492,46.9,gf,2.015,mm,OK,--,5:25:38 PM,8/16/2025,
493,46.9,gf,2.015,mm,OK,--,5:25:38 PM,8/16/2025,
494,46.9,gf,2.020,mm,OK,--,5:25:38 PM,8/16/2025,
495,46.9,gf,2.020,mm,OK,--,5:25:38 PM,8/16/2025,
496,47.0,gf,2.020,mm,OK,--,5:25:38 PM,8/16/2025,
497,46.9,gf,2.025,mm,OK,--,5:25:38 PM,8/16/2025,
498,46.9,gf,2.025,mm,OK,--,5:25:39 PM,8/16/2025,
499,47.0,gf,2.030,mm,OK,--,5:25:39 PM,8/16/2025,
500,47.0,gf,2.030,mm,OK,--,5:25:39 PM,8/16/2025,
501,47.0,gf,2.035,mm,OK,--,5:25:39 PM,8/16/2025,
502,47.0,gf,2.040,mm,OK,--,5:25:39 PM,8/16/2025,
503,47.0,gf,2.045,mm,OK,--,5:25:39 PM,8/16/2025,
504,47.1,gf,2.050,mm,OK,--,5:25:39 PM,8/16/2025,
505,47.1,gf,2.060,mm,OK,--,5:25:39 PM,8/16/2025,
506,47.1,gf,2.065,mm,OK,--,5:25:39 PM,8/16/2025,
507,47.1,gf,2.065,mm,OK,--,5:25:39 PM,8/16/2025,
508,47.1,gf,2.070,mm,OK,--,5:25:40 PM,8/16/2025,
509,47.1,gf,2.075,mm,OK,--,5:25:40 PM,8/16/2025,
510,47.1,gf,2.080,mm,OK,--,5:25:40 PM,8/16/2025,
511,47.2,gf,2.085,mm,OK,--,5:25:40 PM,8/16/2025,
512,47.2,gf,2.090,mm,OK,--,5:25:40 PM,8/16/2025,
513,47.2,gf,2.095,mm,OK,--,5:25:40 PM,8/16/2025,
514,47.2,gf,2.095,mm,OK,--,5:25:40 PM,8/16/2025,
515,47.2,gf,2.100,mm,OK,--,5:25:40 PM,8/16/2025,
516,47.2,gf,2.100,mm,OK,--,5:25:40 PM,8/16/2025,
517,47.2,gf,2.105,mm,OK,--,5:25:40 PM,8/16/2025,
518,47.2,gf,2.105,mm,OK,--,5:25:41 PM,8/16/2025,
519,47.2,gf,2.110,mm,OK,--,5:25:41 PM,8/16/2025,
520,47.2,gf,2.110,mm,OK,--,5:25:41 PM,8/16/2025,
521,47.3,gf,2.115,mm,OK,--,5:25:41 PM,8/16/2025,
522,47.3,gf,2.120,mm,OK,--,5:25:41 PM,8/16/2025,
523,47.3,gf,2.125,mm,OK,--,5:25:41 PM,8/16/2025,
524,47.3,gf,2.125,mm,OK,--,5:25:41 PM,8/16/2025,
525,47.3,gf,2.130,mm,OK,--,5:25:41 PM,8/16/2025,
526,47.3,gf,2.135,mm,OK,--,5:25:41 PM,8/16/2025,
527,47.4,gf,2.135,mm,OK,--,5:25:41 PM,8/16/2025,
528,47.4,gf,2.140,mm,OK,--,5:25:42 PM,8/16/2025,
529,47.4,gf,2.145,mm,OK,--,5:25:42 PM,8/16/2025,
530,47.4,gf,2.145,mm,OK,--,5:25:42 PM,8/16/2025,
531,47.5,gf,2.150,mm,OK,--,5:25:42 PM,8/16/2025,
532,47.5,gf,2.155,mm,OK,--,5:25:42 PM,8/16/2025,
533,47.5,gf,2.160,mm,OK,--,5:25:42 PM,8/16/2025,
534,47.5,gf,2.165,mm,OK,--,5:25:42 PM,8/16/2025,
535,47.5,gf,2.165,mm,OK,--,5:25:42 PM,8/16/2025,
536,47.5,gf,2.170,mm,OK,--,5:25:42 PM,8/16/2025,
537,47.5,gf,2.175,mm,OK,--,5:25:42 PM,8/16/2025,
538,47.6,gf,2.180,mm,OK,--,5:25:43 PM,8/16/2025,
539,47.6,gf,2.185,mm,OK,--,5:25:43 PM,8/16/2025,
540,47.7,gf,2.190,mm,OK,--,5:25:43 PM,8/16/2025,
541,47.7,gf,2.195,mm,OK,--,5:25:43 PM,8/16/2025,
542,47.7,gf,2.200,mm,OK,--,5:25:43 PM,8/16/2025,
543,47.7,gf,2.205,mm,OK,--,5:25:43 PM,8/16/2025,
544,47.7,gf,2.210,mm,OK,--,5:25:43 PM,8/16/2025,
545,47.8,gf,2.215,mm,OK,--,5:25:43 PM,8/16/2025,
546,47.8,gf,2.220,mm,OK,--,5:25:43 PM,8/16/2025,
547,47.8,gf,2.225,mm,OK,--,5:25:43 PM,8/16/2025,
548,47.8,gf,2.230,mm,OK,--,5:25:44 PM,8/16/2025,
549,47.8,gf,2.235,mm,OK,--,5:25:44 PM,8/16/2025,
550,47.8,gf,2.240,mm,OK,--,5:25:44 PM,8/16/2025,
551,47.8,gf,2.240,mm,OK,--,5:25:44 PM,8/16/2025,
552,47.9,gf,2.245,mm,OK,--,5:25:44 PM,8/16/2025,
553,47.9,gf,2.255,mm,OK,--,5:25:44 PM,8/16/2025,
554,47.9,gf,2.255,mm,OK,--,5:25:44 PM,8/16/2025,
555,47.9,gf,2.260,mm,OK,--,5:25:44 PM,8/16/2025,
556,48.0,gf,2.265,mm,OK,--,5:25:44 PM,8/16/2025,
557,47.9,gf,2.270,mm,OK,--,5:25:44 PM,8/16/2025,
558,48.0,gf,2.270,mm,OK,--,5:25:45 PM,8/16/2025,
559,48.0,gf,2.270,mm,OK,--,5:25:45 PM,8/16/2025,
560,48.0,gf,2.275,mm,OK,--,5:25:45 PM,8/16/2025,
561,48.0,gf,2.275,mm,OK,--,5:25:45 PM,8/16/2025,
562,48.0,gf,2.280,mm,OK,--,5:25:45 PM,8/16/2025,
563,48.0,gf,2.280,mm,OK,--,5:25:45 PM,8/16/2025,
564,48.0,gf,2.280,mm,OK,--,5:25:45 PM,8/16/2025,
565,48.0,gf,2.280,mm,OK,--,5:25:45 PM,8/16/2025,
566,48.0,gf,2.285,mm,OK,--,5:25:45 PM,8/16/2025,
567,48.0,gf,2.285,mm,OK,--,5:25:45 PM,8/16/2025,
568,48.0,gf,2.285,mm,OK,--,5:25:46 PM,8/16/2025,
569,48.0,gf,2.285,mm,OK,--,5:25:46 PM,8/16/2025,
570,48.0,gf,2.290,mm,OK,--,5:25:46 PM,8/16/2025,
571,48.0,gf,2.290,mm,OK,--,5:25:46 PM,8/16/2025,
572,48.0,gf,2.295,mm,OK,--,5:25:46 PM,8/16/2025,
573,48.0,gf,2.295,mm,OK,--,5:25:46 PM,8/16/2025,
574,48.0,gf,2.300,mm,OK,--,5:25:46 PM,8/16/2025,
575,48.1,gf,2.305,mm,OK,--,5:25:46 PM,8/16/2025,
576,48.1,gf,2.310,mm,OK,--,5:25:46 PM,8/16/2025,
577,48.1,gf,2.315,mm,OK,--,5:25:46 PM,8/16/2025,
578,48.1,gf,2.320,mm,OK,--,5:25:47 PM,8/16/2025,
579,48.1,gf,2.325,mm,OK,--,5:25:47 PM,8/16/2025,
580,48.1,gf,2.325,mm,OK,--,5:25:47 PM,8/16/2025,
581,48.1,gf,2.330,mm,OK,--,5:25:47 PM,8/16/2025,
582,48.2,gf,2.335,mm,OK,--,5:25:47 PM,8/16/2025,
583,48.2,gf,2.340,mm,OK,--,5:25:47 PM,8/16/2025,
584,48.2,gf,2.345,mm,OK,--,5:25:47 PM,8/16/2025,
585,48.2,gf,2.350,mm,OK,--,5:25:47 PM,8/16/2025,
586,48.3,gf,2.360,mm,OK,--,5:25:47 PM,8/16/2025,
587,48.3,gf,2.365,mm,OK,--,5:25:47 PM,8/16/2025,
588,48.2,gf,2.370,mm,OK,--,5:25:48 PM,8/16/2025,
589,48.3,gf,2.370,mm,OK,--,5:25:48 PM,8/16/2025,
590,48.3,gf,2.375,mm,OK,--,5:25:48 PM,8/16/2025,
591,48.3,gf,2.375,mm,OK,--,5:25:48 PM,8/16/2025,
592,48.3,gf,2.380,mm,OK,--,5:25:48 PM,8/16/2025,
593,48.4,gf,2.380,mm,OK,--,5:25:48 PM,8/16/2025,
594,48.4,gf,2.385,mm,OK,--,5:25:48 PM,8/16/2025,
595,48.5,gf,2.390,mm,OK,--,5:25:48 PM,8/16/2025,
596,48.5,gf,2.390,mm,OK,--,5:25:48 PM,8/16/2025,
597,48.6,gf,2.395,mm,OK,--,5:25:48 PM,8/16/2025,
598,48.6,gf,2.400,mm,OK,--,5:25:49 PM,8/16/2025,
599,48.7,gf,2.400,mm,OK,--,5:25:49 PM,8/16/2025,
600,48.7,gf,2.405,mm,OK,--,5:25:49 PM,8/16/2025,
601,48.8,gf,2.405,mm,OK,--,5:25:49 PM,8/16/2025,
602,48.8,gf,2.410,mm,OK,--,5:25:49 PM,8/16/2025,
603,48.8,gf,2.415,mm,OK,--,5:25:49 PM,8/16/2025,
604,48.9,gf,2.415,mm,OK,--,5:25:49 PM,8/16/2025,
605,48.9,gf,2.420,mm,OK,--,5:25:49 PM,8/16/2025,
606,49.0,gf,2.425,mm,OK,--,5:25:49 PM,8/16/2025,
607,49.0,gf,2.430,mm,OK,--,5:25:49 PM,8/16/2025,
608,49.0,gf,2.435,mm,OK,--,5:25:50 PM,8/16/2025,
609,49.0,gf,2.435,mm,OK,--,5:25:50 PM,8/16/2025,
610,49.1,gf,2.440,mm,OK,--,5:25:50 PM,8/16/2025,
611,49.2,gf,2.445,mm,OK,--,5:25:50 PM,8/16/2025,
612,49.1,gf,2.445,mm,OK,--,5:25:50 PM,8/16/2025,
613,49.1,gf,2.450,mm,OK,--,5:25:50 PM,8/16/2025,
614,49.2,gf,2.455,mm,OK,--,5:25:50 PM,8/16/2025,
615,49.2,gf,2.460,mm,OK,--,5:25:50 PM,8/16/2025,
616,49.2,gf,2.465,mm,OK,--,5:25:50 PM,8/16/2025,
617,49.3,gf,2.470,mm,OK,--,5:25:50 PM,8/16/2025,
618,49.3,gf,2.475,mm,OK,--,5:25:51 PM,8/16/2025,
619,49.3,gf,2.480,mm,OK,--,5:25:51 PM,8/16/2025,
620,49.3,gf,2.485,mm,OK,--,5:25:51 PM,8/16/2025,
621,49.3,gf,2.485,mm,OK,--,5:25:51 PM,8/16/2025,
622,49.3,gf,2.490,mm,OK,--,5:25:51 PM,8/16/2025,
623,49.4,gf,2.495,mm,OK,--,5:25:51 PM,8/16/2025,
624,49.4,gf,2.500,mm,OK,--,5:25:51 PM,8/16/2025,
625,49.4,gf,2.505,mm,OK,--,5:25:51 PM,8/16/2025,
626,49.4,gf,2.510,mm,OK,--,5:25:51 PM,8/16/2025,
627,49.5,gf,2.515,mm,OK,--,5:25:51 PM,8/16/2025,
628,49.5,gf,2.520,mm,OK,--,5:25:52 PM,8/16/2025,
629,49.5,gf,2.525,mm,OK,--,5:25:52 PM,8/16/2025,
630,49.5,gf,2.530,mm,OK,--,5:25:52 PM,8/16/2025,
631,49.6,gf,2.535,mm,OK,--,5:25:52 PM,8/16/2025,
632,49.6,gf,2.540,mm,OK,--,5:25:52 PM,8/16/2025,
633,49.6,gf,2.545,mm,OK,--,5:25:52 PM,8/16/2025,
634,49.6,gf,2.550,mm,OK,--,5:25:52 PM,8/16/2025,
635,49.6,gf,2.555,mm,OK,--,5:25:52 PM,8/16/2025,
636,49.7,gf,2.565,mm,OK,--,5:25:52 PM,8/16/2025,
637,49.7,gf,2.570,mm,OK,--,5:25:52 PM,8/16/2025,
638,49.7,gf,2.575,mm,OK,--,5:25:53 PM,8/16/2025,
639,49.7,gf,2.580,mm,OK,--,5:25:53 PM,8/16/2025,
640,49.7,gf,2.580,mm,OK,--,5:25:53 PM,8/16/2025,
641,49.7,gf,2.585,mm,OK,--,5:25:53 PM,8/16/2025,
642,49.7,gf,2.590,mm,OK,--,5:25:53 PM,8/16/2025,
643,49.7,gf,2.595,mm,OK,--,5:25:53 PM,8/16/2025,
644,49.7,gf,2.600,mm,OK,--,5:25:53 PM,8/16/2025,
645,49.8,gf,2.600,mm,OK,--,5:25:53 PM,8/16/2025,
646,49.8,gf,2.605,mm,OK,--,5:25:53 PM,8/16/2025,
647,49.8,gf,2.610,mm,OK,--,5:25:53 PM,8/16/2025,
648,49.9,gf,2.620,mm,OK,--,5:25:54 PM,8/16/2025,
649,49.8,gf,2.625,mm,OK,--,5:25:54 PM,8/16/2025,
650,49.9,gf,2.635,mm,OK,--,5:25:54 PM,8/16/2025,
651,49.9,gf,2.640,mm,OK,--,5:25:54 PM,8/16/2025,
652,49.9,gf,2.645,mm,OK,--,5:25:54 PM,8/16/2025,
653,49.9,gf,2.645,mm,OK,--,5:25:54 PM,8/16/2025,
654,49.9,gf,2.650,mm,OK,--,5:25:54 PM,8/16/2025,
655,50.0,gf,2.655,mm,OK,--,5:25:54 PM,8/16/2025,
656,50.0,gf,2.655,mm,OK,--,5:25:54 PM,8/16/2025,
657,50.0,gf,2.660,mm,OK,--,5:25:54 PM,8/16/2025,
658,50.0,gf,2.665,mm,OK,--,5:25:55 PM,8/16/2025,
659,50.0,gf,2.665,mm,OK,--,5:25:55 PM,8/16/2025,
660,50.0,gf,2.670,mm,OK,--,5:25:55 PM,8/16/2025,
661,50.0,gf,2.675,mm,OK,--,5:25:55 PM,8/16/2025,
662,50.0,gf,2.680,mm,OK,--,5:25:55 PM,8/16/2025,
663,50.0,gf,2.685,mm,OK,--,5:25:55 PM,8/16/2025,
664,50.1,gf,2.690,mm,OK,--,5:25:55 PM,8/16/2025,
665,50.1,gf,2.695,mm,OK,--,5:25:55 PM,8/16/2025,
666,50.1,gf,2.700,mm,OK,--,5:25:55 PM,8/16/2025,
667,50.1,gf,2.705,mm,OK,--,5:25:55 PM,8/16/2025,
668,50.1,gf,2.705,mm,OK,--,5:25:56 PM,8/16/2025,
669,50.1,gf,2.710,mm,OK,--,5:25:56 PM,8/16/2025,
670,50.2,gf,2.715,mm,OK,--,5:25:56 PM,8/16/2025,
671,50.2,gf,2.720,mm,OK,--,5:25:56 PM,8/16/2025,
672,50.2,gf,2.730,mm,OK,--,5:25:56 PM,8/16/2025,
673,50.3,gf,2.735,mm,OK,--,5:25:56 PM,8/16/2025,
674,50.3,gf,2.745,mm,OK,--,5:25:56 PM,8/16/2025,
675,50.3,gf,2.750,mm,OK,--,5:25:56 PM,8/16/2025,
676,50.3,gf,2.755,mm,OK,--,5:25:56 PM,8/16/2025,
677,50.4,gf,2.765,mm,OK,--,5:25:56 PM,8/16/2025,
678,50.5,gf,2.770,mm,OK,--,5:25:57 PM,8/16/2025,
679,50.5,gf,2.780,mm,OK,--,5:25:57 PM,8/16/2025,
680,50.5,gf,2.785,mm,OK,--,5:25:57 PM,8/16/2025,
681,50.5,gf,2.795,mm,OK,--,5:25:57 PM,8/16/2025,
682,50.5,gf,2.805,mm,OK,--,5:25:57 PM,8/16/2025,
683,50.6,gf,2.815,mm,OK,--,5:25:57 PM,8/16/2025,
684,50.7,gf,2.830,mm,OK,--,5:25:57 PM,8/16/2025,
685,50.7,gf,2.840,mm,OK,--,5:25:57 PM,8/16/2025,
686,50.8,gf,2.850,mm,OK,--,5:25:57 PM,8/16/2025,
687,50.8,gf,2.860,mm,OK,--,5:25:57 PM,8/16/2025,
688,50.8,gf,2.875,mm,OK,--,5:25:58 PM,8/16/2025,
689,50.8,gf,2.885,mm,OK,--,5:25:58 PM,8/16/2025,
690,50.9,gf,2.900,mm,OK,--,5:25:58 PM,8/16/2025,
691,50.9,gf,2.915,mm,OK,--,5:25:58 PM,8/16/2025,
692,51.0,gf,2.925,mm,OK,--,5:25:58 PM,8/16/2025,
693,51.1,gf,2.935,mm,OK,--,5:25:58 PM,8/16/2025,
694,51.1,gf,2.945,mm,OK,--,5:25:58 PM,8/16/2025,
695,51.1,gf,2.960,mm,OK,--,5:25:58 PM,8/16/2025,
696,51.2,gf,2.970,mm,OK,--,5:25:58 PM,8/16/2025,
697,51.2,gf,2.980,mm,OK,--,5:25:58 PM,8/16/2025,
698,51.2,gf,2.995,mm,OK,--,5:25:59 PM,8/16/2025,
699,51.3,gf,3.000,mm,OK,--,5:25:59 PM,8/16/2025,
700,51.3,gf,3.005,mm,OK,--,5:25:59 PM,8/16/2025,
701,51.3,gf,3.010,mm,OK,--,5:25:59 PM,8/16/2025,
702,51.3,gf,3.015,mm,OK,--,5:25:59 PM,8/16/2025,
703,51.4,gf,3.020,mm,OK,--,5:25:59 PM,8/16/2025,
704,51.3,gf,3.020,mm,OK,--,5:25:59 PM,8/16/2025,
705,51.4,gf,3.025,mm,OK,--,5:25:59 PM,8/16/2025,
706,51.3,gf,3.035,mm,OK,--,5:25:59 PM,8/16/2025,
707,51.4,gf,3.040,mm,OK,--,5:25:59 PM,8/16/2025,
708,51.4,gf,3.045,mm,OK,--,5:26:00 PM,8/16/2025,
709,51.5,gf,3.050,mm,OK,--,5:26:00 PM,8/16/2025,
710,51.4,gf,3.055,mm,OK,--,5:26:00 PM,8/16/2025,
711,51.5,gf,3.060,mm,OK,--,5:26:00 PM,8/16/2025,
712,51.5,gf,3.065,mm,OK,--,5:26:00 PM,8/16/2025,
713,51.5,gf,3.070,mm,OK,--,5:26:00 PM,8/16/2025,
714,51.5,gf,3.070,mm,OK,--,5:26:00 PM,8/16/2025,
715,51.6,gf,3.075,mm,OK,--,5:26:00 PM,8/16/2025,
716,51.6,gf,3.075,mm,OK,--,5:26:00 PM,8/16/2025,
717,51.6,gf,3.080,mm,OK,--,5:26:00 PM,8/16/2025,
718,51.6,gf,3.080,mm,OK,--,5:26:01 PM,8/16/2025,
719,51.6,gf,3.085,mm,OK,--,5:26:01 PM,8/16/2025,
720,51.6,gf,3.085,mm,OK,--,5:26:01 PM,8/16/2025,
721,51.6,gf,3.090,mm,OK,--,5:26:01 PM,8/16/2025,
722,51.6,gf,3.090,mm,OK,--,5:26:01 PM,8/16/2025,
723,51.6,gf,3.100,mm,OK,--,5:26:01 PM,8/16/2025,
724,51.6,gf,3.100,mm,OK,--,5:26:01 PM,8/16/2025,
725,51.6,gf,3.105,mm,OK,--,5:26:01 PM,8/16/2025,
726,51.6,gf,3.110,mm,OK,--,5:26:01 PM,8/16/2025,
727,51.7,gf,3.115,mm,OK,--,5:26:01 PM,8/16/2025,
728,51.7,gf,3.120,mm,OK,--,5:26:02 PM,8/16/2025,
729,51.7,gf,3.120,mm,OK,--,5:26:02 PM,8/16/2025,
730,51.7,gf,3.125,mm,OK,--,5:26:02 PM,8/16/2025,
731,51.7,gf,3.125,mm,OK,--,5:26:02 PM,8/16/2025,
732,51.7,gf,3.125,mm,OK,--,5:26:02 PM,8/16/2025,
733,51.7,gf,3.130,mm,OK,--,5:26:02 PM,8/16/2025,
734,51.7,gf,3.135,mm,OK,--,5:26:02 PM,8/16/2025,
735,51.8,gf,3.135,mm,OK,--,5:26:02 PM,8/16/2025,
736,51.7,gf,3.135,mm,OK,--,5:26:02 PM,8/16/2025,
737,51.7,gf,3.140,mm,OK,--,5:26:02 PM,8/16/2025,
738,51.8,gf,3.140,mm,OK,--,5:26:03 PM,8/16/2025,
739,51.8,gf,3.140,mm,OK,--,5:26:03 PM,8/16/2025,
740,51.8,gf,3.145,mm,OK,--,5:26:03 PM,8/16/2025,
741,51.8,gf,3.145,mm,OK,--,5:26:03 PM,8/16/2025,
742,51.8,gf,3.145,mm,OK,--,5:26:03 PM,8/16/2025,
743,51.8,gf,3.150,mm,OK,--,5:26:03 PM,8/16/2025,
744,51.8,gf,3.150,mm,OK,--,5:26:03 PM,8/16/2025,
745,51.8,gf,3.150,mm,OK,--,5:26:03 PM,8/16/2025,
746,51.8,gf,3.155,mm,OK,--,5:26:03 PM,8/16/2025,
747,51.8,gf,3.155,mm,OK,--,5:26:03 PM,8/16/2025,
748,51.8,gf,3.155,mm,OK,--,5:26:04 PM,8/16/2025,
749,51.8,gf,3.160,mm,OK,--,5:26:04 PM,8/16/2025,
750,51.9,gf,3.160,mm,OK,--,5:26:04 PM,8/16/2025,
751,51.9,gf,3.165,mm,OK,--,5:26:04 PM,8/16/2025,
752,51.9,gf,3.170,mm,OK,--,5:26:04 PM,8/16/2025,
753,51.9,gf,3.170,mm,OK,--,5:26:04 PM,8/16/2025,
754,51.9,gf,3.170,mm,OK,--,5:26:04 PM,8/16/2025,
755,51.9,gf,3.170,mm,OK,--,5:26:04 PM,8/16/2025,
756,51.9,gf,3.170,mm,OK,--,5:26:04 PM,8/16/2025,
757,51.9,gf,3.175,mm,OK,--,5:26:04 PM,8/16/2025,
758,52.0,gf,3.175,mm,OK,--,5:26:05 PM,8/16/2025,
759,52.0,gf,3.175,mm,OK,--,5:26:05 PM,8/16/2025,
760,52.0,gf,3.180,mm,OK,--,5:26:05 PM,8/16/2025,
761,52.0,gf,3.185,mm,OK,--,5:26:05 PM,8/16/2025,
762,52.0,gf,3.190,mm,OK,--,5:26:05 PM,8/16/2025,
763,52.0,gf,3.195,mm,OK,--,5:26:05 PM,8/16/2025,
764,52.1,gf,3.195,mm,OK,--,5:26:05 PM,8/16/2025,
765,52.1,gf,3.200,mm,OK,--,5:26:05 PM,8/16/2025,
766,52.1,gf,3.205,mm,OK,--,5:26:05 PM,8/16/2025,
767,52.2,gf,3.210,mm,OK,--,5:26:05 PM,8/16/2025,
768,52.2,gf,3.215,mm,OK,--,5:26:06 PM,8/16/2025,
769,52.2,gf,3.220,mm,OK,--,5:26:06 PM,8/16/2025,
770,52.2,gf,3.225,mm,OK,--,5:26:06 PM,8/16/2025,
771,52.3,gf,3.230,mm,OK,--,5:26:06 PM,8/16/2025,
772,52.3,gf,3.235,mm,OK,--,5:26:06 PM,8/16/2025,
773,52.4,gf,3.245,mm,OK,--,5:26:06 PM,8/16/2025,
774,52.4,gf,3.250,mm,OK,--,5:26:06 PM,8/16/2025,
775,52.4,gf,3.260,mm,OK,--,5:26:06 PM,8/16/2025,
776,52.5,gf,3.270,mm,OK,--,5:26:06 PM,8/16/2025,
777,52.6,gf,3.280,mm,OK,--,5:26:06 PM,8/16/2025,
778,52.5,gf,3.285,mm,OK,--,5:26:07 PM,8/16/2025,
779,52.6,gf,3.295,mm,OK,--,5:26:07 PM,8/16/2025,
780,52.6,gf,3.305,mm,OK,--,5:26:07 PM,8/16/2025,
781,52.6,gf,3.315,mm,OK,--,5:26:07 PM,8/16/2025,
782,52.6,gf,3.325,mm,OK,--,5:26:07 PM,8/16/2025,
783,52.6,gf,3.340,mm,OK,--,5:26:07 PM,8/16/2025,
784,52.7,gf,3.350,mm,OK,--,5:26:07 PM,8/16/2025,
785,52.7,gf,3.360,mm,OK,--,5:26:07 PM,8/16/2025,
786,52.7,gf,3.370,mm,OK,--,5:26:07 PM,8/16/2025,
787,52.6,gf,3.375,mm,OK,--,5:26:07 PM,8/16/2025,
788,52.6,gf,3.380,mm,OK,--,5:26:08 PM,8/16/2025,
789,52.6,gf,3.380,mm,OK,--,5:26:08 PM,8/16/2025,
790,52.7,gf,3.385,mm,OK,--,5:26:08 PM,8/16/2025,
791,52.6,gf,3.395,mm,OK,--,5:26:08 PM,8/16/2025,
792,52.7,gf,3.400,mm,OK,--,5:26:08 PM,8/16/2025,
793,52.7,gf,3.405,mm,OK,--,5:26:08 PM,8/16/2025,
794,52.7,gf,3.410,mm,OK,--,5:26:08 PM,8/16/2025,
795,52.7,gf,3.415,mm,OK,--,5:26:08 PM,8/16/2025,
796,52.7,gf,3.420,mm,OK,--,5:26:08 PM,8/16/2025,
797,52.7,gf,3.430,mm,OK,--,5:26:08 PM,8/16/2025,
798,52.7,gf,3.440,mm,OK,--,5:26:09 PM,8/16/2025,
799,52.8,gf,3.450,mm,OK,--,5:26:09 PM,8/16/2025,
800,52.8,gf,3.455,mm,OK,--,5:26:09 PM,8/16/2025,
801,52.9,gf,3.465,mm,OK,--,5:26:09 PM,8/16/2025,
802,52.9,gf,3.475,mm,OK,--,5:26:09 PM,8/16/2025,
803,52.9,gf,3.485,mm,OK,--,5:26:09 PM,8/16/2025,
804,53.0,gf,3.500,mm,OK,--,5:26:09 PM,8/16/2025,
805,53.1,gf,3.510,mm,OK,--,5:26:09 PM,8/16/2025,
806,53.1,gf,3.525,mm,OK,--,5:26:09 PM,8/16/2025,
807,53.1,gf,3.540,mm,OK,--,5:26:09 PM,8/16/2025,
808,53.3,gf,3.550,mm,OK,--,5:26:10 PM,8/16/2025,
809,53.2,gf,3.560,mm,OK,--,5:26:10 PM,8/16/2025,
810,53.2,gf,3.565,mm,OK,--,5:26:10 PM,8/16/2025,
811,53.3,gf,3.575,mm,OK,--,5:26:10 PM,8/16/2025,
812,53.4,gf,3.585,mm,OK,--,5:26:10 PM,8/16/2025,
813,53.3,gf,3.590,mm,OK,--,5:26:10 PM,8/16/2025,
814,53.3,gf,3.600,mm,OK,--,5:26:10 PM,8/16/2025,
815,53.4,gf,3.610,mm,OK,--,5:26:10 PM,8/16/2025,
816,53.4,gf,3.620,mm,OK,--,5:26:10 PM,8/16/2025,
817,53.4,gf,3.630,mm,OK,--,5:26:10 PM,8/16/2025,
818,53.5,gf,3.640,mm,OK,--,5:26:11 PM,8/16/2025,
819,53.5,gf,3.645,mm,OK,--,5:26:11 PM,8/16/2025,
820,53.5,gf,3.650,mm,OK,--,5:26:11 PM,8/16/2025,
821,53.6,gf,3.655,mm,OK,--,5:26:11 PM,8/16/2025,
822,53.6,gf,3.660,mm,OK,--,5:26:11 PM,8/16/2025,
823,53.6,gf,3.665,mm,OK,--,5:26:11 PM,8/16/2025,
824,53.6,gf,3.670,mm,OK,--,5:26:11 PM,8/16/2025,
825,53.7,gf,3.675,mm,OK,--,5:26:11 PM,8/16/2025,
826,53.7,gf,3.675,mm,OK,--,5:26:11 PM,8/16/2025,
827,53.7,gf,3.680,mm,OK,--,5:26:11 PM,8/16/2025,
828,53.7,gf,3.680,mm,OK,--,5:26:12 PM,8/16/2025,
829,53.7,gf,3.685,mm,OK,--,5:26:12 PM,8/16/2025,
830,53.7,gf,3.690,mm,OK,--,5:26:12 PM,8/16/2025,
831,53.7,gf,3.690,mm,OK,--,5:26:12 PM,8/16/2025,
832,53.7,gf,3.695,mm,OK,--,5:26:12 PM,8/16/2025,
833,53.8,gf,3.695,mm,OK,--,5:26:12 PM,8/16/2025,
834,53.8,gf,3.695,mm,OK,--,5:26:12 PM,8/16/2025,
835,53.8,gf,3.700,mm,OK,--,5:26:12 PM,8/16/2025,
836,53.7,gf,3.700,mm,OK,--,5:26:12 PM,8/16/2025,
837,53.7,gf,3.700,mm,OK,--,5:26:12 PM,8/16/2025,
838,53.8,gf,3.705,mm,OK,--,5:26:13 PM,8/16/2025,
839,53.8,gf,3.705,mm,OK,--,5:26:13 PM,8/16/2025,
840,53.8,gf,3.710,mm,OK,--,5:26:13 PM,8/16/2025,
841,53.8,gf,3.710,mm,OK,--,5:26:13 PM,8/16/2025,
842,53.8,gf,3.715,mm,OK,--,5:26:13 PM,8/16/2025,
843,53.8,gf,3.720,mm,OK,--,5:26:13 PM,8/16/2025,
844,53.8,gf,3.725,mm,OK,--,5:26:13 PM,8/16/2025,
845,53.8,gf,3.730,mm,OK,--,5:26:13 PM,8/16/2025,
846,53.8,gf,3.730,mm,OK,--,5:26:13 PM,8/16/2025,
847,53.9,gf,3.735,mm,OK,--,5:26:13 PM,8/16/2025,
848,53.9,gf,3.740,mm,OK,--,5:26:14 PM,8/16/2025,
849,53.9,gf,3.745,mm,OK,--,5:26:14 PM,8/16/2025,
850,53.9,gf,3.745,mm,OK,--,5:26:14 PM,8/16/2025,
851,54.0,gf,3.750,mm,OK,--,5:26:14 PM,8/16/2025,
852,54.0,gf,3.755,mm,OK,--,5:26:14 PM,8/16/2025,
853,54.0,gf,3.760,mm,OK,--,5:26:14 PM,8/16/2025,
854,54.4,gf,3.765,mm,OK,--,5:26:14 PM,8/16/2025,
855,57.8,gf,3.770,mm,OK,--,5:26:14 PM,8/16/2025,
856,61.2,gf,3.775,mm,OK,--,5:26:14 PM,8/16/2025,
857,63.9,gf,3.775,mm,OK,--,5:26:14 PM,8/16/2025,
858,66.2,gf,3.780,mm,OK,--,5:26:15 PM,8/16/2025,
859,69.1,gf,3.780,mm,OK,--,5:26:15 PM,8/16/2025,
860,72.0,gf,3.785,mm,OK,--,5:26:15 PM,8/16/2025,
861,74.5,gf,3.785,mm,OK,--,5:26:15 PM,8/16/2025,
862,76.8,gf,3.790,mm,OK,--,5:26:15 PM,8/16/2025,
863,78.9,gf,3.790,mm,OK,--,5:26:15 PM,8/16/2025,
864,80.8,gf,3.790,mm,OK,--,5:26:15 PM,8/16/2025,
865,82.9,gf,3.795,mm,OK,--,5:26:15 PM,8/16/2025,
866,84.8,gf,3.795,mm,OK,--,5:26:15 PM,8/16/2025,
867,86.3,gf,3.800,mm,OK,--,5:26:15 PM,8/16/2025,
868,88.0,gf,3.800,mm,OK,--,5:26:16 PM,8/16/2025,
869,89.5,gf,3.800,mm,OK,--,5:26:16 PM,8/16/2025,
870,91.5,gf,3.800,mm,OK,--,5:26:16 PM,8/16/2025,
871,93.2,gf,3.805,mm,OK,--,5:26:16 PM,8/16/2025,
872,95.0,gf,3.805,mm,OK,--,5:26:16 PM,8/16/2025,
873,96.9,gf,3.810,mm,OK,--,5:26:16 PM,8/16/2025,
874,98.7,gf,3.810,mm,OK,--,5:26:16 PM,8/16/2025,
875,100.2,gf,3.810,mm,OK,--,5:26:16 PM,8/16/2025,
876,101.6,gf,3.815,mm,OK,--,5:26:16 PM,8/16/2025,
877,103.4,gf,3.815,mm,OK,--,5:26:16 PM,8/16/2025,
878,105.0,gf,3.815,mm,OK,--,5:26:17 PM,8/16/2025,
879,106.4,gf,3.820,mm,OK,--,5:26:17 PM,8/16/2025,
880,108.0,gf,3.820,mm,OK,--,5:26:17 PM,8/16/2025,
881,109.8,gf,3.820,mm,OK,--,5:26:17 PM,8/16/2025,
882,111.7,gf,3.825,mm,OK,--,5:26:17 PM,8/16/2025,
883,113.6,gf,3.825,mm,OK,--,5:26:17 PM,8/16/2025,
884,115.3,gf,3.825,mm,OK,--,5:26:17 PM,8/16/2025,
885,117.1,gf,3.830,mm,OK,--,5:26:17 PM,8/16/2025,
886,119.0,gf,3.830,mm,OK,--,5:26:17 PM,8/16/2025,
887,120.5,gf,3.830,mm,OK,--,5:26:17 PM,8/16/2025,
888,121.9,gf,3.835,mm,OK,--,5:26:18 PM,8/16/2025,
889,123.2,gf,3.835,mm,OK,--,5:26:18 PM,8/16/2025,
890,124.4,gf,3.835,mm,OK,--,5:26:18 PM,8/16/2025,
891,125.4,gf,3.835,mm,OK,--,5:26:18 PM,8/16/2025,
892,126.3,gf,3.840,mm,OK,--,5:26:18 PM,8/16/2025,
893,127.1,gf,3.840,mm,OK,--,5:26:18 PM,8/16/2025,
894,128.0,gf,3.840,mm,OK,--,5:26:18 PM,8/16/2025,
895,129.0,gf,3.840,mm,OK,--,5:26:18 PM,8/16/2025,
896,129.9,gf,3.840,mm,OK,--,5:26:18 PM,8/16/2025,
897,130.9,gf,3.845,mm,OK,--,5:26:18 PM,8/16/2025,
898,131.8,gf,3.845,mm,OK,--,5:26:19 PM,8/16/2025,
899,132.7,gf,3.845,mm,OK,--,5:26:19 PM,8/16/2025,
900,133.6,gf,3.845,mm,OK,--,5:26:19 PM,8/16/2025,
901,134.4,gf,3.845,mm,OK,--,5:26:19 PM,8/16/2025,
902,135.2,gf,3.845,mm,OK,--,5:26:19 PM,8/16/2025,
903,136.1,gf,3.850,mm,OK,--,5:26:19 PM,8/16/2025,
904,137.0,gf,3.850,mm,OK,--,5:26:19 PM,8/16/2025,
905,137.9,gf,3.850,mm,OK,--,5:26:19 PM,8/16/2025,
906,138.7,gf,3.850,mm,OK,--,5:26:19 PM,8/16/2025,
907,139.6,gf,3.850,mm,OK,--,5:26:19 PM,8/16/2025,
908,140.6,gf,3.855,mm,OK,--,5:26:20 PM,8/16/2025,
909,141.5,gf,3.855,mm,OK,--,5:26:20 PM,8/16/2025,
910,142.4,gf,3.855,mm,OK,--,5:26:20 PM,8/16/2025,
911,143.6,gf,3.855,mm,OK,--,5:26:20 PM,8/16/2025,
912,144.9,gf,3.855,mm,OK,--,5:26:20 PM,8/16/2025,
913,146.1,gf,3.860,mm,OK,--,5:26:20 PM,8/16/2025,
914,147.3,gf,3.860,mm,OK,--,5:26:20 PM,8/16/2025,
915,148.3,gf,3.860,mm,OK,--,5:26:20 PM,8/16/2025,
916,149.4,gf,3.860,mm,OK,--,5:26:20 PM,8/16/2025,
917,150.5,gf,3.860,mm,OK,--,5:26:20 PM,8/16/2025,
918,151.6,gf,3.865,mm,OK,--,5:26:21 PM,8/16/2025,
919,152.6,gf,3.865,mm,OK,--,5:26:21 PM,8/16/2025,
920,153.5,gf,3.865,mm,OK,--,5:26:21 PM,8/16/2025,
921,154.4,gf,3.865,mm,OK,--,5:26:21 PM,8/16/2025,
922,155.1,gf,3.865,mm,OK,--,5:26:21 PM,8/16/2025,
923,155.8,gf,3.865,mm,OK,--,5:26:21 PM,8/16/2025,
924,156.7,gf,3.870,mm,OK,--,5:26:21 PM,8/16/2025,
925,157.5,gf,3.870,mm,OK,--,5:26:21 PM,8/16/2025,
926,158.4,gf,3.870,mm,OK,--,5:26:21 PM,8/16/2025,
927,159.3,gf,3.870,mm,OK,--,5:26:21 PM,8/16/2025,
928,160.3,gf,3.870,mm,OK,--,5:26:22 PM,8/16/2025,
929,161.2,gf,3.875,mm,OK,--,5:26:22 PM,8/16/2025,
930,162.0,gf,3.875,mm,OK,--,5:26:22 PM,8/16/2025,
931,163.0,gf,3.875,mm,OK,--,5:26:22 PM,8/16/2025,
932,164.3,gf,3.875,mm,OK,--,5:26:22 PM,8/16/2025,
933,165.9,gf,3.880,mm,OK,--,5:26:22 PM,8/16/2025,
934,168.0,gf,3.880,mm,OK,--,5:26:22 PM,8/16/2025,
935,170.2,gf,3.880,mm,OK,--,5:26:22 PM,8/16/2025,
936,172.3,gf,3.885,mm,OK,--,5:26:22 PM,8/16/2025,
937,174.1,gf,3.885,mm,OK,--,5:26:22 PM,8/16/2025,
938,175.7,gf,3.885,mm,OK,--,5:26:23 PM,8/16/2025,
939,177.8,gf,3.890,mm,OK,--,5:26:23 PM,8/16/2025,
940,180.3,gf,3.890,mm,OK,--,5:26:23 PM,8/16/2025,
941,182.7,gf,3.895,mm,OK,--,5:26:23 PM,8/16/2025,
942,185.0,gf,3.895,mm,OK,--,5:26:23 PM,8/16/2025,
943,187.1,gf,3.900,mm,OK,--,5:26:23 PM,8/16/2025,
944,189.4,gf,3.900,mm,OK,--,5:26:23 PM,8/16/2025,
945,191.6,gf,3.905,mm,OK,--,5:26:23 PM,8/16/2025,
946,193.3,gf,3.905,mm,OK,--,5:26:23 PM,8/16/2025,
947,194.6,gf,3.905,mm,OK,--,5:26:23 PM,8/16/2025,
948,195.1,gf,3.905,mm,OK,--,5:26:24 PM,8/16/2025,
949,195.0,gf,3.905,mm,OK,--,5:26:24 PM,8/16/2025,
950,195.0,gf,3.905,mm,OK,--,5:26:24 PM,8/16/2025,
951,195.0,gf,3.905,mm,OK,--,5:26:24 PM,8/16/2025,
952,194.8,gf,3.905,mm,OK,--,5:26:24 PM,8/16/2025,
953,194.7,gf,3.905,mm,OK,--,5:26:24 PM,8/16/2025,
954,194.7,gf,3.905,mm,OK,--,5:26:24 PM,8/16/2025,
955,194.6,gf,3.905,mm,OK,--,5:26:24 PM,8/16/2025,
956,194.6,gf,3.905,mm,OK,--,5:26:24 PM,8/16/2025,
957,194.6,gf,3.905,mm,OK,--,5:26:24 PM,8/16/2025,
958,194.6,gf,3.905,mm,OK,--,5:26:25 PM,8/16/2025,
959,194.5,gf,3.905,mm,OK,--,5:26:25 PM,8/16/2025,
960,194.5,gf,3.905,mm,OK,--,5:26:25 PM,8/16/2025,
961,194.2,gf,3.905,mm,OK,--,5:26:25 PM,8/16/2025,
962,194.2,gf,3.905,mm,OK,--,5:26:25 PM,8/16/2025,
963,194.1,gf,3.905,mm,OK,--,5:26:25 PM,8/16/2025,
964,193.9,gf,3.905,mm,OK,--,5:26:25 PM,8/16/2025,
965,193.7,gf,3.905,mm,OK,--,5:26:25 PM,8/16/2025,
966,193.5,gf,3.905,mm,OK,--,5:26:25 PM,8/16/2025,
967,193.4,gf,3.905,mm,OK,--,5:26:25 PM,8/16/2025,
968,193.0,gf,3.905,mm,OK,--,5:26:26 PM,8/16/2025,
969,192.0,gf,3.905,mm,OK,--,5:26:26 PM,8/16/2025,
970,190.8,gf,3.905,mm,OK,--,5:26:26 PM,8/16/2025,
971,189.5,gf,3.905,mm,OK,--,5:26:26 PM,8/16/2025,
972,188.6,gf,3.905,mm,OK,--,5:26:26 PM,8/16/2025,
973,188.0,gf,3.900,mm,OK,--,5:26:26 PM,8/16/2025,
974,187.2,gf,3.900,mm,OK,--,5:26:26 PM,8/16/2025,
975,186.5,gf,3.900,mm,OK,--,5:26:26 PM,8/16/2025,
976,185.8,gf,3.900,mm,OK,--,5:26:26 PM,8/16/2025,
977,184.8,gf,3.900,mm,OK,--,5:26:26 PM,8/16/2025,
978,183.6,gf,3.900,mm,OK,--,5:26:27 PM,8/16/2025,
979,182.9,gf,3.900,mm,OK,--,5:26:27 PM,8/16/2025,
980,182.6,gf,3.900,mm,OK,--,5:26:27 PM,8/16/2025,
981,181.9,gf,3.895,mm,OK,--,5:26:27 PM,8/16/2025,
982,179.7,gf,3.895,mm,OK,--,5:26:27 PM,8/16/2025,
983,177.0,gf,3.890,mm,OK,--,5:26:27 PM,8/16/2025,
984,174.4,gf,3.890,mm,OK,--,5:26:27 PM,8/16/2025,
985,172.9,gf,3.890,mm,OK,--,5:26:27 PM,8/16/2025,
986,171.4,gf,3.885,mm,OK,--,5:26:27 PM,8/16/2025,
987,170.5,gf,3.885,mm,OK,--,5:26:27 PM,8/16/2025,
988,169.9,gf,3.885,mm,OK,--,5:26:28 PM,8/16/2025,
989,169.4,gf,3.885,mm,OK,--,5:26:28 PM,8/16/2025,
990,169.2,gf,3.885,mm,OK,--,5:26:28 PM,8/16/2025,
991,169.1,gf,3.885,mm,OK,--,5:26:28 PM,8/16/2025,
992,169.1,gf,3.885,mm,OK,--,5:26:28 PM,8/16/2025,
993,169.1,gf,3.885,mm,OK,--,5:26:28 PM,8/16/2025,
994,169.0,gf,3.885,mm,OK,--,5:26:28 PM,8/16/2025,
995,168.9,gf,3.885,mm,OK,--,5:26:28 PM,8/16/2025,
996,168.8,gf,3.885,mm,OK,--,5:26:28 PM,8/16/2025,
997,168.6,gf,3.885,mm,OK,--,5:26:28 PM,8/16/2025,
998,168.5,gf,3.885,mm,OK,--,5:26:29 PM,8/16/2025,
999,168.3,gf,3.885,mm,OK,--,5:26:29 PM,8/16/2025,
1000,168.2,gf,3.885,mm,OK,--,5:26:29 PM,8/16/2025,
1001,167.9,gf,3.885,mm,OK,--,5:26:29 PM,8/16/2025,
1002,167.6,gf,3.885,mm,OK,--,5:26:29 PM,8/16/2025,
1003,167.4,gf,3.885,mm,OK,--,5:26:29 PM,8/16/2025,
1004,167.3,gf,3.885,mm,OK,--,5:26:29 PM,8/16/2025,
1005,167.1,gf,3.885,mm,OK,--,5:26:29 PM,8/16/2025,
1006,167.1,gf,3.885,mm,OK,--,5:26:29 PM,8/16/2025,
1007,167.0,gf,3.885,mm,OK,--,5:26:29 PM,8/16/2025,
1008,166.8,gf,3.880,mm,OK,--,5:26:30 PM,8/16/2025,
1009,166.5,gf,3.880,mm,OK,--,5:26:30 PM,8/16/2025,
1010,166.4,gf,3.880,mm,OK,--,5:26:30 PM,8/16/2025,
1011,166.2,gf,3.880,mm,OK,--,5:26:30 PM,8/16/2025,
1012,166.1,gf,3.880,mm,OK,--,5:26:30 PM,8/16/2025,
1013,165.9,gf,3.880,mm,OK,--,5:26:30 PM,8/16/2025,
1014,165.7,gf,3.880,mm,OK,--,5:26:30 PM,8/16/2025,
1015,165.4,gf,3.880,mm,OK,--,5:26:30 PM,8/16/2025,
1016,165.2,gf,3.880,mm,OK,--,5:26:30 PM,8/16/2025,
1017,164.9,gf,3.880,mm,OK,--,5:26:30 PM,8/16/2025,
1018,164.6,gf,3.880,mm,OK,--,5:26:31 PM,8/16/2025,
1019,164.2,gf,3.880,mm,OK,--,5:26:31 PM,8/16/2025,
1020,163.7,gf,3.880,mm,OK,--,5:26:31 PM,8/16/2025,
1021,163.2,gf,3.880,mm,OK,--,5:26:31 PM,8/16/2025,
1022,162.6,gf,3.880,mm,OK,--,5:26:31 PM,8/16/2025,
1023,162.1,gf,3.880,mm,OK,--,5:26:31 PM,8/16/2025,
1024,161.8,gf,3.880,mm,OK,--,5:26:31 PM,8/16/2025,
1025,161.3,gf,3.875,mm,OK,--,5:26:31 PM,8/16/2025,
1026,161.0,gf,3.875,mm,OK,--,5:26:31 PM,8/16/2025,
1027,160.7,gf,3.875,mm,OK,--,5:26:31 PM,8/16/2025,
1028,160.4,gf,3.875,mm,OK,--,5:26:32 PM,8/16/2025,
1029,160.1,gf,3.875,mm,OK,--,5:26:32 PM,8/16/2025,
1030,159.9,gf,3.875,mm,OK,--,5:26:32 PM,8/16/2025,
1031,159.6,gf,3.875,mm,OK,--,5:26:32 PM,8/16/2025,
1032,159.4,gf,3.875,mm,OK,--,5:26:32 PM,8/16/2025,
1033,159.3,gf,3.875,mm,OK,--,5:26:32 PM,8/16/2025,
1034,159.1,gf,3.875,mm,OK,--,5:26:32 PM,8/16/2025,
1035,158.8,gf,3.875,mm,OK,--,5:26:32 PM,8/16/2025,
1036,158.5,gf,3.875,mm,OK,--,5:26:32 PM,8/16/2025,
1037,158.2,gf,3.875,mm,OK,--,5:26:32 PM,8/16/2025,
1038,158.0,gf,3.875,mm,OK,--,5:26:33 PM,8/16/2025,
1039,157.5,gf,3.875,mm,OK,--,5:26:33 PM,8/16/2025,
1040,157.0,gf,3.875,mm,OK,--,5:26:33 PM,8/16/2025,
1041,156.7,gf,3.875,mm,OK,--,5:26:33 PM,8/16/2025,
1042,156.4,gf,3.875,mm,OK,--,5:26:33 PM,8/16/2025,
1043,156.1,gf,3.870,mm,OK,--,5:26:33 PM,8/16/2025,
1044,155.8,gf,3.870,mm,OK,--,5:26:33 PM,8/16/2025,
1045,155.5,gf,3.870,mm,OK,--,5:26:33 PM,8/16/2025,
1046,155.3,gf,3.870,mm,OK,--,5:26:33 PM,8/16/2025,
1047,155.0,gf,3.870,mm,OK,--,5:26:33 PM,8/16/2025,
1048,154.7,gf,3.870,mm,OK,--,5:26:34 PM,8/16/2025,
1049,154.4,gf,3.870,mm,OK,--,5:26:34 PM,8/16/2025,
1050,154.1,gf,3.870,mm,OK,--,5:26:34 PM,8/16/2025,
1051,153.8,gf,3.870,mm,OK,--,5:26:34 PM,8/16/2025,
1052,153.5,gf,3.870,mm,OK,--,5:26:34 PM,8/16/2025,
1053,153.1,gf,3.870,mm,OK,--,5:26:34 PM,8/16/2025,
1054,152.6,gf,3.870,mm,OK,--,5:26:34 PM,8/16/2025,
1055,152.3,gf,3.870,mm,OK,--,5:26:34 PM,8/16/2025,
1056,152.0,gf,3.870,mm,OK,--,5:26:34 PM,8/16/2025,
1057,151.5,gf,3.870,mm,OK,--,5:26:34 PM,8/16/2025,
1058,150.9,gf,3.870,mm,OK,--,5:26:35 PM,8/16/2025,
1059,150.1,gf,3.865,mm,OK,--,5:26:35 PM,8/16/2025,
1060,149.3,gf,3.865,mm,OK,--,5:26:35 PM,8/16/2025,
1061,148.6,gf,3.865,mm,OK,--,5:26:35 PM,8/16/2025,
1062,148.0,gf,3.865,mm,OK,--,5:26:35 PM,8/16/2025,
1063,147.7,gf,3.865,mm,OK,--,5:26:35 PM,8/16/2025,
1064,147.4,gf,3.865,mm,OK,--,5:26:35 PM,8/16/2025,
1065,146.9,gf,3.865,mm,OK,--,5:26:35 PM,8/16/2025,
1066,146.4,gf,3.865,mm,OK,--,5:26:35 PM,8/16/2025,
1067,145.8,gf,3.865,mm,OK,--,5:26:35 PM,8/16/2025,
1068,145.2,gf,3.860,mm,OK,--,5:26:36 PM,8/16/2025,
1069,144.5,gf,3.860,mm,OK,--,5:26:36 PM,8/16/2025,
1070,143.8,gf,3.860,mm,OK,--,5:26:36 PM,8/16/2025,
1071,143.2,gf,3.860,mm,OK,--,5:26:36 PM,8/16/2025,
1072,142.7,gf,3.860,mm,OK,--,5:26:36 PM,8/16/2025,
1073,142.1,gf,3.860,mm,OK,--,5:26:36 PM,8/16/2025,
1074,141.4,gf,3.860,mm,OK,--,5:26:36 PM,8/16/2025,
1075,140.7,gf,3.860,mm,OK,--,5:26:36 PM,8/16/2025,
1076,139.9,gf,3.860,mm,OK,--,5:26:36 PM,8/16/2025,
1077,139.2,gf,3.855,mm,OK,--,5:26:36 PM,8/16/2025,
1078,138.2,gf,3.855,mm,OK,--,5:26:37 PM,8/16/2025,
1079,137.1,gf,3.855,mm,OK,--,5:26:37 PM,8/16/2025,
1080,135.6,gf,3.855,mm,OK,--,5:26:37 PM,8/16/2025,
1081,134.2,gf,3.850,mm,OK,--,5:26:37 PM,8/16/2025,
1082,132.8,gf,3.850,mm,OK,--,5:26:37 PM,8/16/2025,
1083,131.2,gf,3.850,mm,OK,--,5:26:37 PM,8/16/2025,
1084,129.4,gf,3.850,mm,OK,--,5:26:37 PM,8/16/2025,
1085,127.5,gf,3.845,mm,OK,--,5:26:37 PM,8/16/2025,
1086,125.4,gf,3.845,mm,OK,--,5:26:37 PM,8/16/2025,
1087,123.1,gf,3.840,mm,OK,--,5:26:37 PM,8/16/2025,
1088,121.0,gf,3.840,mm,OK,--,5:26:38 PM,8/16/2025,
1089,119.3,gf,3.840,mm,OK,--,5:26:38 PM,8/16/2025,
1090,117.5,gf,3.835,mm,OK,--,5:26:38 PM,8/16/2025,
1091,115.8,gf,3.835,mm,OK,--,5:26:38 PM,8/16/2025,
1092,114.2,gf,3.835,mm,OK,--,5:26:38 PM,8/16/2025,
1093,112.8,gf,3.830,mm,OK,--,5:26:38 PM,8/16/2025,
1094,111.5,gf,3.830,mm,OK,--,5:26:38 PM,8/16/2025,
1095,110.3,gf,3.830,mm,OK,--,5:26:38 PM,8/16/2025,
1096,108.9,gf,3.830,mm,OK,--,5:26:38 PM,8/16/2025,
1097,107.3,gf,3.825,mm,OK,--,5:26:38 PM,8/16/2025,
1098,105.8,gf,3.825,mm,OK,--,5:26:39 PM,8/16/2025,
1099,104.4,gf,3.825,mm,OK,--,5:26:39 PM,8/16/2025,
1100,102.8,gf,3.820,mm,OK,--,5:26:39 PM,8/16/2025,
1101,101.2,gf,3.820,mm,OK,--,5:26:39 PM,8/16/2025,
1102,99.4,gf,3.820,mm,OK,--,5:26:39 PM,8/16/2025,
1103,97.6,gf,3.815,mm,OK,--,5:26:39 PM,8/16/2025,
1104,95.7,gf,3.815,mm,OK,--,5:26:39 PM,8/16/2025,
1105,93.9,gf,3.815,mm,OK,--,5:26:39 PM,8/16/2025,
1106,92.2,gf,3.810,mm,OK,--,5:26:39 PM,8/16/2025,
1107,90.8,gf,3.810,mm,OK,--,5:26:39 PM,8/16/2025,
1108,89.5,gf,3.810,mm,OK,--,5:26:40 PM,8/16/2025,
1109,88.0,gf,3.805,mm,OK,--,5:26:40 PM,8/16/2025,
1110,86.4,gf,3.805,mm,OK,--,5:26:40 PM,8/16/2025,
1111,84.7,gf,3.805,mm,OK,--,5:26:40 PM,8/16/2025,
1112,82.9,gf,3.800,mm,OK,--,5:26:40 PM,8/16/2025,
1113,81.2,gf,3.800,mm,OK,--,5:26:40 PM,8/16/2025,
1114,79.4,gf,3.800,mm,OK,--,5:26:40 PM,8/16/2025,
1115,77.7,gf,3.795,mm,OK,--,5:26:40 PM,8/16/2025,
1116,75.8,gf,3.795,mm,OK,--,5:26:40 PM,8/16/2025,
1117,74.2,gf,3.795,mm,OK,--,5:26:40 PM,8/16/2025,
1118,72.8,gf,3.790,mm,OK,--,5:26:41 PM,8/16/2025,
1119,71.2,gf,3.790,mm,OK,--,5:26:41 PM,8/16/2025,
1120,69.7,gf,3.790,mm,OK,--,5:26:41 PM,8/16/2025,
1121,67.9,gf,3.785,mm,OK,--,5:26:41 PM,8/16/2025,
1122,66.4,gf,3.785,mm,OK,--,5:26:41 PM,8/16/2025,
1123,64.8,gf,3.785,mm,OK,--,5:26:41 PM,8/16/2025,
1124,63.2,gf,3.785,mm,OK,--,5:26:41 PM,8/16/2025,
1125,61.8,gf,3.780,mm,OK,--,5:26:41 PM,8/16/2025,
1126,60.2,gf,3.780,mm,OK,--,5:26:41 PM,8/16/2025,
1127,58.4,gf,3.780,mm,OK,--,5:26:41 PM,8/16/2025,
1128,56.4,gf,3.775,mm,OK,--,5:26:42 PM,8/16/2025,
1129,54.6,gf,3.775,mm,OK,--,5:26:42 PM,8/16/2025,
1130,53.2,gf,3.770,mm,OK,--,5:26:42 PM,8/16/2025,
1131,53.2,gf,3.770,mm,OK,--,5:26:42 PM,8/16/2025,
1132,53.2,gf,3.765,mm,OK,--,5:26:42 PM,8/16/2025,
1133,53.2,gf,3.765,mm,OK,--,5:26:42 PM,8/16/2025,
1134,53.2,gf,3.760,mm,OK,--,5:26:42 PM,8/16/2025,
1135,53.2,gf,3.755,mm,OK,--,5:26:42 PM,8/16/2025,
1136,53.1,gf,3.750,mm,OK,--,5:26:42 PM,8/16/2025,
1137,53.1,gf,3.745,mm,OK,--,5:26:42 PM,8/16/2025,
1138,53.1,gf,3.745,mm,OK,--,5:26:43 PM,8/16/2025,
1139,53.1,gf,3.740,mm,OK,--,5:26:43 PM,8/16/2025,
1140,53.0,gf,3.740,mm,OK,--,5:26:43 PM,8/16/2025,
1141,53.0,gf,3.735,mm,OK,--,5:26:43 PM,8/16/2025,
1142,53.0,gf,3.730,mm,OK,--,5:26:43 PM,8/16/2025,
1143,53.0,gf,3.730,mm,OK,--,5:26:43 PM,8/16/2025,
1144,53.0,gf,3.725,mm,OK,--,5:26:43 PM,8/16/2025,
1145,53.0,gf,3.720,mm,OK,--,5:26:43 PM,8/16/2025,
1146,52.9,gf,3.720,mm,OK,--,5:26:43 PM,8/16/2025,
1147,52.9,gf,3.715,mm,OK,--,5:26:43 PM,8/16/2025,
1148,52.8,gf,3.710,mm,OK,--,5:26:44 PM,8/16/2025,
1149,52.8,gf,3.710,mm,OK,--,5:26:44 PM,8/16/2025,
1150,52.8,gf,3.705,mm,OK,--,5:26:44 PM,8/16/2025,
1151,52.8,gf,3.705,mm,OK,--,5:26:44 PM,8/16/2025,
1152,52.8,gf,3.700,mm,OK,--,5:26:44 PM,8/16/2025,
1153,52.7,gf,3.695,mm,OK,--,5:26:44 PM,8/16/2025,
1154,52.8,gf,3.690,mm,OK,--,5:26:44 PM,8/16/2025,
1155,52.7,gf,3.685,mm,OK,--,5:26:44 PM,8/16/2025,
1156,52.7,gf,3.685,mm,OK,--,5:26:44 PM,8/16/2025,
1157,52.7,gf,3.680,mm,OK,--,5:26:44 PM,8/16/2025,
1158,52.7,gf,3.675,mm,OK,--,5:26:45 PM,8/16/2025,
1159,52.6,gf,3.665,mm,OK,--,5:26:45 PM,8/16/2025,
1160,52.6,gf,3.660,mm,OK,--,5:26:45 PM,8/16/2025,
1161,52.6,gf,3.655,mm,OK,--,5:26:45 PM,8/16/2025,
1162,52.5,gf,3.645,mm,OK,--,5:26:45 PM,8/16/2025,
1163,52.5,gf,3.640,mm,OK,--,5:26:45 PM,8/16/2025,
1164,52.5,gf,3.635,mm,OK,--,5:26:45 PM,8/16/2025,
1165,52.4,gf,3.630,mm,OK,--,5:26:45 PM,8/16/2025,
1166,52.4,gf,3.625,mm,OK,--,5:26:45 PM,8/16/2025,
1167,52.4,gf,3.620,mm,OK,--,5:26:45 PM,8/16/2025,
1168,52.4,gf,3.615,mm,OK,--,5:26:46 PM,8/16/2025,
1169,52.4,gf,3.610,mm,OK,--,5:26:46 PM,8/16/2025,
1170,52.4,gf,3.605,mm,OK,--,5:26:46 PM,8/16/2025,
1171,52.4,gf,3.605,mm,OK,--,5:26:46 PM,8/16/2025,
1172,52.4,gf,3.600,mm,OK,--,5:26:46 PM,8/16/2025,
1173,52.3,gf,3.600,mm,OK,--,5:26:46 PM,8/16/2025,
1174,52.3,gf,3.595,mm,OK,--,5:26:46 PM,8/16/2025,
1175,52.3,gf,3.590,mm,OK,--,5:26:46 PM,8/16/2025,
1176,52.3,gf,3.585,mm,OK,--,5:26:46 PM,8/16/2025,
1177,52.3,gf,3.580,mm,OK,--,5:26:46 PM,8/16/2025,
1178,52.3,gf,3.580,mm,OK,--,5:26:47 PM,8/16/2025,
1179,52.2,gf,3.575,mm,OK,--,5:26:47 PM,8/16/2025,
1180,52.2,gf,3.570,mm,OK,--,5:26:47 PM,8/16/2025,
1181,52.2,gf,3.565,mm,OK,--,5:26:47 PM,8/16/2025,
1182,52.2,gf,3.560,mm,OK,--,5:26:47 PM,8/16/2025,
1183,52.2,gf,3.560,mm,OK,--,5:26:47 PM,8/16/2025,
1184,52.2,gf,3.555,mm,OK,--,5:26:47 PM,8/16/2025,
1185,52.1,gf,3.550,mm,OK,--,5:26:47 PM,8/16/2025,
1186,52.1,gf,3.545,mm,OK,--,5:26:47 PM,8/16/2025,
1187,52.1,gf,3.540,mm,OK,--,5:26:47 PM,8/16/2025,
1188,52.1,gf,3.530,mm,OK,--,5:26:48 PM,8/16/2025,
1189,52.0,gf,3.525,mm,OK,--,5:26:48 PM,8/16/2025,
1190,52.0,gf,3.520,mm,OK,--,5:26:48 PM,8/16/2025,
1191,52.0,gf,3.515,mm,OK,--,5:26:48 PM,8/16/2025,
1192,52.0,gf,3.515,mm,OK,--,5:26:48 PM,8/16/2025,
1193,52.0,gf,3.510,mm,OK,--,5:26:48 PM,8/16/2025,
1194,52.0,gf,3.505,mm,OK,--,5:26:48 PM,8/16/2025,
1195,52.0,gf,3.500,mm,OK,--,5:26:48 PM,8/16/2025,
1196,51.9,gf,3.495,mm,OK,--,5:26:48 PM,8/16/2025,
1197,51.9,gf,3.490,mm,OK,--,5:26:48 PM,8/16/2025,
1198,51.9,gf,3.485,mm,OK,--,5:26:49 PM,8/16/2025,
1199,51.9,gf,3.480,mm,OK,--,5:26:49 PM,8/16/2025,
1200,51.9,gf,3.475,mm,OK,--,5:26:49 PM,8/16/2025,
1201,51.9,gf,3.470,mm,OK,--,5:26:49 PM,8/16/2025,
1202,51.8,gf,3.465,mm,OK,--,5:26:49 PM,8/16/2025,
1203,51.8,gf,3.460,mm,OK,--,5:26:49 PM,8/16/2025,
1204,51.8,gf,3.455,mm,OK,--,5:26:49 PM,8/16/2025,
1205,51.8,gf,3.450,mm,OK,--,5:26:49 PM,8/16/2025,
1206,51.8,gf,3.445,mm,OK,--,5:26:49 PM,8/16/2025,
1207,51.7,gf,3.440,mm,OK,--,5:26:49 PM,8/16/2025,
1208,51.7,gf,3.435,mm,OK,--,5:26:50 PM,8/16/2025,
1209,51.7,gf,3.435,mm,OK,--,5:26:50 PM,8/16/2025,
1210,51.7,gf,3.430,mm,OK,--,5:26:50 PM,8/16/2025,
1211,51.7,gf,3.425,mm,OK,--,5:26:50 PM,8/16/2025,
1212,51.6,gf,3.420,mm,OK,--,5:26:50 PM,8/16/2025,
1213,51.5,gf,3.415,mm,OK,--,5:26:50 PM,8/16/2025,
1214,51.4,gf,3.410,mm,OK,--,5:26:50 PM,8/16/2025,
1215,51.4,gf,3.405,mm,OK,--,5:26:50 PM,8/16/2025,
1216,51.3,gf,3.405,mm,OK,--,5:26:50 PM,8/16/2025,
1217,51.3,gf,3.400,mm,OK,--,5:26:50 PM,8/16/2025,
1218,51.3,gf,3.395,mm,OK,--,5:26:51 PM,8/16/2025,
1219,51.2,gf,3.390,mm,OK,--,5:26:51 PM,8/16/2025,
1220,51.2,gf,3.385,mm,OK,--,5:26:51 PM,8/16/2025,
1221,51.2,gf,3.385,mm,OK,--,5:26:51 PM,8/16/2025,
1222,51.1,gf,3.380,mm,OK,--,5:26:51 PM,8/16/2025,
1223,51.2,gf,3.370,mm,OK,--,5:26:51 PM,8/16/2025,
1224,51.1,gf,3.365,mm,OK,--,5:26:51 PM,8/16/2025,
1225,51.1,gf,3.360,mm,OK,--,5:26:51 PM,8/16/2025,
1226,51.1,gf,3.355,mm,OK,--,5:26:51 PM,8/16/2025,
1227,51.1,gf,3.350,mm,OK,--,5:26:51 PM,8/16/2025,
1228,51.1,gf,3.345,mm,OK,--,5:26:52 PM,8/16/2025,
1229,51.1,gf,3.340,mm,OK,--,5:26:52 PM,8/16/2025,
1230,51.1,gf,3.335,mm,OK,--,5:26:52 PM,8/16/2025,
1231,51.0,gf,3.330,mm,OK,--,5:26:52 PM,8/16/2025,
1232,51.0,gf,3.325,mm,OK,--,5:26:52 PM,8/16/2025,
1233,51.0,gf,3.320,mm,OK,--,5:26:52 PM,8/16/2025,
1234,51.0,gf,3.315,mm,OK,--,5:26:52 PM,8/16/2025,
1235,51.0,gf,3.310,mm,OK,--,5:26:52 PM,8/16/2025,
1236,51.0,gf,3.310,mm,OK,--,5:26:52 PM,8/16/2025,
1237,51.0,gf,3.305,mm,OK,--,5:26:52 PM,8/16/2025,
1238,51.0,gf,3.300,mm,OK,--,5:26:53 PM,8/16/2025,
1239,51.0,gf,3.300,mm,OK,--,5:26:53 PM,8/16/2025,
1240,51.0,gf,3.295,mm,OK,--,5:26:53 PM,8/16/2025,
1241,51.0,gf,3.290,mm,OK,--,5:26:53 PM,8/16/2025,
1242,51.0,gf,3.290,mm,OK,--,5:26:53 PM,8/16/2025,
1243,50.9,gf,3.285,mm,OK,--,5:26:53 PM,8/16/2025,
1244,50.9,gf,3.280,mm,OK,--,5:26:53 PM,8/16/2025,
1245,51.0,gf,3.275,mm,OK,--,5:26:53 PM,8/16/2025,
1246,50.9,gf,3.270,mm,OK,--,5:26:53 PM,8/16/2025,
1247,50.9,gf,3.265,mm,OK,--,5:26:53 PM,8/16/2025,
1248,50.9,gf,3.265,mm,OK,--,5:26:54 PM,8/16/2025,
1249,50.9,gf,3.260,mm,OK,--,5:26:54 PM,8/16/2025,
1250,50.9,gf,3.260,mm,OK,--,5:26:54 PM,8/16/2025,
1251,50.9,gf,3.255,mm,OK,--,5:26:54 PM,8/16/2025,
1252,50.9,gf,3.250,mm,OK,--,5:26:54 PM,8/16/2025,
1253,50.9,gf,3.250,mm,OK,--,5:26:54 PM,8/16/2025,
1254,50.9,gf,3.245,mm,OK,--,5:26:54 PM,8/16/2025,
1255,50.9,gf,3.240,mm,OK,--,5:26:54 PM,8/16/2025,
1256,50.9,gf,3.235,mm,OK,--,5:26:54 PM,8/16/2025,
1257,50.9,gf,3.230,mm,OK,--,5:26:54 PM,8/16/2025,
1258,50.9,gf,3.225,mm,OK,--,5:26:55 PM,8/16/2025,
1259,50.9,gf,3.220,mm,OK,--,5:26:55 PM,8/16/2025,
1260,50.9,gf,3.215,mm,OK,--,5:26:55 PM,8/16/2025,
1261,50.9,gf,3.215,mm,OK,--,5:26:55 PM,8/16/2025,
1262,50.9,gf,3.205,mm,OK,--,5:26:55 PM,8/16/2025,
1263,50.9,gf,3.200,mm,OK,--,5:26:55 PM,8/16/2025,
1264,50.9,gf,3.195,mm,OK,--,5:26:55 PM,8/16/2025,
1265,50.9,gf,3.185,mm,OK,--,5:26:55 PM,8/16/2025,
1266,50.8,gf,3.180,mm,OK,--,5:26:55 PM,8/16/2025,
1267,50.8,gf,3.175,mm,OK,--,5:26:55 PM,8/16/2025,
1268,50.8,gf,3.170,mm,OK,--,5:26:56 PM,8/16/2025,
1269,50.8,gf,3.165,mm,OK,--,5:26:56 PM,8/16/2025,
1270,50.8,gf,3.160,mm,OK,--,5:26:56 PM,8/16/2025,
1271,50.7,gf,3.150,mm,OK,--,5:26:56 PM,8/16/2025,
1272,50.7,gf,3.145,mm,OK,--,5:26:56 PM,8/16/2025,
1273,50.7,gf,3.145,mm,OK,--,5:26:56 PM,8/16/2025,
1274,50.7,gf,3.140,mm,OK,--,5:26:56 PM,8/16/2025,
1275,50.7,gf,3.135,mm,OK,--,5:26:56 PM,8/16/2025,
1276,50.7,gf,3.130,mm,OK,--,5:26:56 PM,8/16/2025,
1277,50.7,gf,3.130,mm,OK,--,5:26:56 PM,8/16/2025,
1278,50.7,gf,3.125,mm,OK,--,5:26:57 PM,8/16/2025,
1279,50.6,gf,3.120,mm,OK,--,5:26:57 PM,8/16/2025,
1280,50.6,gf,3.115,mm,OK,--,5:26:57 PM,8/16/2025,
1281,50.6,gf,3.110,mm,OK,--,5:26:57 PM,8/16/2025,
1282,50.6,gf,3.105,mm,OK,--,5:26:57 PM,8/16/2025,
1283,50.6,gf,3.100,mm,OK,--,5:26:57 PM,8/16/2025,
1284,50.6,gf,3.095,mm,OK,--,5:26:57 PM,8/16/2025,
1285,50.5,gf,3.090,mm,OK,--,5:26:57 PM,8/16/2025,
1286,50.5,gf,3.085,mm,OK,--,5:26:57 PM,8/16/2025,
1287,50.5,gf,3.080,mm,OK,--,5:26:57 PM,8/16/2025,
1288,50.5,gf,3.075,mm,OK,--,5:26:58 PM,8/16/2025,
1289,50.5,gf,3.070,mm,OK,--,5:26:58 PM,8/16/2025,
1290,50.5,gf,3.065,mm,OK,--,5:26:58 PM,8/16/2025,
1291,50.5,gf,3.060,mm,OK,--,5:26:58 PM,8/16/2025,
1292,50.4,gf,3.055,mm,OK,--,5:26:58 PM,8/16/2025,
1293,50.4,gf,3.050,mm,OK,--,5:26:58 PM,8/16/2025,
1294,50.4,gf,3.045,mm,OK,--,5:26:58 PM,8/16/2025,
1295,50.4,gf,3.040,mm,OK,--,5:26:58 PM,8/16/2025,
1296,50.4,gf,3.035,mm,OK,--,5:26:58 PM,8/16/2025,
1297,50.4,gf,3.030,mm,OK,--,5:26:58 PM,8/16/2025,
1298,50.3,gf,3.025,mm,OK,--,5:26:59 PM,8/16/2025,
1299,50.3,gf,3.020,mm,OK,--,5:26:59 PM,8/16/2025,
1300,50.3,gf,3.015,mm,OK,--,5:26:59 PM,8/16/2025,
1301,50.3,gf,3.010,mm,OK,--,5:26:59 PM,8/16/2025,
1302,50.3,gf,3.005,mm,OK,--,5:26:59 PM,8/16/2025,
1303,50.3,gf,3.000,mm,OK,--,5:26:59 PM,8/16/2025,
1304,50.2,gf,2.990,mm,OK,--,5:26:59 PM,8/16/2025,
1305,50.2,gf,2.985,mm,OK,--,5:26:59 PM,8/16/2025,
1306,50.2,gf,2.985,mm,OK,--,5:26:59 PM,8/16/2025,
1307,50.2,gf,2.980,mm,OK,--,5:26:59 PM,8/16/2025,
1308,50.1,gf,2.975,mm,OK,--,5:27:00 PM,8/16/2025,
1309,50.1,gf,2.965,mm,OK,--,5:27:00 PM,8/16/2025,
1310,50.1,gf,2.960,mm,OK,--,5:27:00 PM,8/16/2025,
1311,50.1,gf,2.955,mm,OK,--,5:27:00 PM,8/16/2025,
1312,50.1,gf,2.950,mm,OK,--,5:27:00 PM,8/16/2025,
1313,50.0,gf,2.940,mm,OK,--,5:27:00 PM,8/16/2025,
1314,50.0,gf,2.940,mm,OK,--,5:27:00 PM,8/16/2025,
1315,50.0,gf,2.935,mm,OK,--,5:27:00 PM,8/16/2025,
1316,50.0,gf,2.930,mm,OK,--,5:27:00 PM,8/16/2025,
1317,50.0,gf,2.925,mm,OK,--,5:27:00 PM,8/16/2025,
1318,50.0,gf,2.925,mm,OK,--,5:27:01 PM,8/16/2025,
1319,50.0,gf,2.920,mm,OK,--,5:27:01 PM,8/16/2025,
1320,50.0,gf,2.915,mm,OK,--,5:27:01 PM,8/16/2025,
1321,49.9,gf,2.910,mm,OK,--,5:27:01 PM,8/16/2025,
1322,49.9,gf,2.905,mm,OK,--,5:27:01 PM,8/16/2025,
1323,49.9,gf,2.900,mm,OK,--,5:27:01 PM,8/16/2025,
1324,49.9,gf,2.895,mm,OK,--,5:27:01 PM,8/16/2025,
1325,49.9,gf,2.890,mm,OK,--,5:27:01 PM,8/16/2025,
1326,49.9,gf,2.885,mm,OK,--,5:27:01 PM,8/16/2025,
1327,49.8,gf,2.885,mm,OK,--,5:27:01 PM,8/16/2025,
1328,49.7,gf,2.880,mm,OK,--,5:27:02 PM,8/16/2025,
1329,49.8,gf,2.875,mm,OK,--,5:27:02 PM,8/16/2025,
1330,49.8,gf,2.870,mm,OK,--,5:27:02 PM,8/16/2025,
1331,49.7,gf,2.865,mm,OK,--,5:27:02 PM,8/16/2025,
1332,49.7,gf,2.860,mm,OK,--,5:27:02 PM,8/16/2025,
1333,49.7,gf,2.855,mm,OK,--,5:27:02 PM,8/16/2025,
1334,49.7,gf,2.850,mm,OK,--,5:27:02 PM,8/16/2025,
1335,49.6,gf,2.845,mm,OK,--,5:27:02 PM,8/16/2025,
1336,49.6,gf,2.840,mm,OK,--,5:27:02 PM,8/16/2025,
1337,49.6,gf,2.840,mm,OK,--,5:27:02 PM,8/16/2025,
1338,49.6,gf,2.835,mm,OK,--,5:27:03 PM,8/16/2025,
1339,49.6,gf,2.830,mm,OK,--,5:27:03 PM,8/16/2025,
1340,49.6,gf,2.825,mm,OK,--,5:27:03 PM,8/16/2025,
1341,49.6,gf,2.820,mm,OK,--,5:27:03 PM,8/16/2025,
1342,49.6,gf,2.815,mm,OK,--,5:27:03 PM,8/16/2025,
1343,49.6,gf,2.810,mm,OK,--,5:27:03 PM,8/16/2025,
1344,49.6,gf,2.810,mm,OK,--,5:27:03 PM,8/16/2025,
1345,49.5,gf,2.805,mm,OK,--,5:27:03 PM,8/16/2025,
1346,49.5,gf,2.800,mm,OK,--,5:27:03 PM,8/16/2025,
1347,49.5,gf,2.795,mm,OK,--,5:27:03 PM,8/16/2025,
1348,49.5,gf,2.790,mm,OK,--,5:27:04 PM,8/16/2025,
1349,49.5,gf,2.785,mm,OK,--,5:27:04 PM,8/16/2025,
1350,49.5,gf,2.780,mm,OK,--,5:27:04 PM,8/16/2025,
1351,49.5,gf,2.780,mm,OK,--,5:27:04 PM,8/16/2025,
1352,49.5,gf,2.775,mm,OK,--,5:27:04 PM,8/16/2025,
1353,49.5,gf,2.775,mm,OK,--,5:27:04 PM,8/16/2025,
1354,49.4,gf,2.770,mm,OK,--,5:27:04 PM,8/16/2025,
1355,49.4,gf,2.765,mm,OK,--,5:27:04 PM,8/16/2025,
1356,49.4,gf,2.760,mm,OK,--,5:27:04 PM,8/16/2025,
1357,49.4,gf,2.755,mm,OK,--,5:27:04 PM,8/16/2025,
1358,49.4,gf,2.755,mm,OK,--,5:27:05 PM,8/16/2025,
1359,49.4,gf,2.750,mm,OK,--,5:27:05 PM,8/16/2025,
1360,49.4,gf,2.740,mm,OK,--,5:27:05 PM,8/16/2025,
1361,49.3,gf,2.735,mm,OK,--,5:27:05 PM,8/16/2025,
1362,49.3,gf,2.725,mm,OK,--,5:27:05 PM,8/16/2025,
1363,49.3,gf,2.720,mm,OK,--,5:27:05 PM,8/16/2025,
1364,49.2,gf,2.715,mm,OK,--,5:27:05 PM,8/16/2025,
1365,49.2,gf,2.710,mm,OK,--,5:27:05 PM,8/16/2025,
1366,49.2,gf,2.705,mm,OK,--,5:27:05 PM,8/16/2025,
1367,49.2,gf,2.700,mm,OK,--,5:27:05 PM,8/16/2025,
1368,49.2,gf,2.695,mm,OK,--,5:27:06 PM,8/16/2025,
1369,49.1,gf,2.690,mm,OK,--,5:27:06 PM,8/16/2025,
1370,49.1,gf,2.680,mm,OK,--,5:27:06 PM,8/16/2025,
1371,49.1,gf,2.675,mm,OK,--,5:27:06 PM,8/16/2025,
1372,49.1,gf,2.670,mm,OK,--,5:27:06 PM,8/16/2025,
1373,49.1,gf,2.665,mm,OK,--,5:27:06 PM,8/16/2025,
1374,49.0,gf,2.660,mm,OK,--,5:27:06 PM,8/16/2025,
1375,49.0,gf,2.655,mm,OK,--,5:27:06 PM,8/16/2025,
1376,49.0,gf,2.650,mm,OK,--,5:27:06 PM,8/16/2025,
1377,49.0,gf,2.645,mm,OK,--,5:27:06 PM,8/16/2025,
1378,49.0,gf,2.640,mm,OK,--,5:27:07 PM,8/16/2025,
1379,48.9,gf,2.635,mm,OK,--,5:27:07 PM,8/16/2025,
1380,48.9,gf,2.630,mm,OK,--,5:27:07 PM,8/16/2025,
1381,48.9,gf,2.625,mm,OK,--,5:27:07 PM,8/16/2025,
1382,48.9,gf,2.625,mm,OK,--,5:27:07 PM,8/16/2025,
1383,48.9,gf,2.620,mm,OK,--,5:27:07 PM,8/16/2025,
1384,48.9,gf,2.615,mm,OK,--,5:27:07 PM,8/16/2025,
1385,48.8,gf,2.610,mm,OK,--,5:27:07 PM,8/16/2025,
1386,48.8,gf,2.605,mm,OK,--,5:27:07 PM,8/16/2025,
1387,48.8,gf,2.600,mm,OK,--,5:27:07 PM,8/16/2025,
1388,48.8,gf,2.600,mm,OK,--,5:27:08 PM,8/16/2025,
1389,48.8,gf,2.595,mm,OK,--,5:27:08 PM,8/16/2025,
1390,48.8,gf,2.590,mm,OK,--,5:27:08 PM,8/16/2025,
1391,48.7,gf,2.580,mm,OK,--,5:27:08 PM,8/16/2025,
1392,48.7,gf,2.575,mm,OK,--,5:27:08 PM,8/16/2025,
1393,48.7,gf,2.570,mm,OK,--,5:27:08 PM,8/16/2025,
1394,48.7,gf,2.565,mm,OK,--,5:27:08 PM,8/16/2025,
1395,48.7,gf,2.560,mm,OK,--,5:27:08 PM,8/16/2025,
1396,48.7,gf,2.555,mm,OK,--,5:27:08 PM,8/16/2025,
1397,48.6,gf,2.550,mm,OK,--,5:27:08 PM,8/16/2025,
1398,48.6,gf,2.545,mm,OK,--,5:27:09 PM,8/16/2025,
1399,48.6,gf,2.540,mm,OK,--,5:27:09 PM,8/16/2025,
1400,48.5,gf,2.535,mm,OK,--,5:27:09 PM,8/16/2025,
1401,48.5,gf,2.530,mm,OK,--,5:27:09 PM,8/16/2025,
1402,48.4,gf,2.525,mm,OK,--,5:27:09 PM,8/16/2025,
1403,48.4,gf,2.515,mm,OK,--,5:27:09 PM,8/16/2025,
1404,48.3,gf,2.505,mm,OK,--,5:27:09 PM,8/16/2025,
1405,48.3,gf,2.500,mm,OK,--,5:27:09 PM,8/16/2025,
1406,48.3,gf,2.495,mm,OK,--,5:27:09 PM,8/16/2025,
1407,48.3,gf,2.490,mm,OK,--,5:27:09 PM,8/16/2025,
1408,48.3,gf,2.490,mm,OK,--,5:27:10 PM,8/16/2025,
1409,48.2,gf,2.485,mm,OK,--,5:27:10 PM,8/16/2025,
1410,48.2,gf,2.480,mm,OK,--,5:27:10 PM,8/16/2025,
1411,48.2,gf,2.475,mm,OK,--,5:27:10 PM,8/16/2025,
1412,48.2,gf,2.470,mm,OK,--,5:27:10 PM,8/16/2025,
1413,48.1,gf,2.465,mm,OK,--,5:27:10 PM,8/16/2025,
1414,48.1,gf,2.460,mm,OK,--,5:27:10 PM,8/16/2025,
1415,48.1,gf,2.455,mm,OK,--,5:27:10 PM,8/16/2025,
1416,48.0,gf,2.450,mm,OK,--,5:27:10 PM,8/16/2025,
1417,48.0,gf,2.445,mm,OK,--,5:27:10 PM,8/16/2025,
1418,47.9,gf,2.445,mm,OK,--,5:27:11 PM,8/16/2025,
1419,47.8,gf,2.440,mm,OK,--,5:27:11 PM,8/16/2025,
1420,47.8,gf,2.435,mm,OK,--,5:27:11 PM,8/16/2025,
1421,47.7,gf,2.430,mm,OK,--,5:27:11 PM,8/16/2025,
1422,47.6,gf,2.430,mm,OK,--,5:27:11 PM,8/16/2025,
1423,47.6,gf,2.425,mm,OK,--,5:27:11 PM,8/16/2025,
1424,47.6,gf,2.420,mm,OK,--,5:27:11 PM,8/16/2025,
1425,47.5,gf,2.415,mm,OK,--,5:27:11 PM,8/16/2025,
1426,47.4,gf,2.410,mm,OK,--,5:27:11 PM,8/16/2025,
1427,47.4,gf,2.400,mm,OK,--,5:27:11 PM,8/16/2025,
1428,47.3,gf,2.395,mm,OK,--,5:27:12 PM,8/16/2025,
1429,47.2,gf,2.390,mm,OK,--,5:27:12 PM,8/16/2025,
1430,47.2,gf,2.385,mm,OK,--,5:27:12 PM,8/16/2025,
1431,47.3,gf,2.380,mm,OK,--,5:27:12 PM,8/16/2025,
1432,47.2,gf,2.375,mm,OK,--,5:27:12 PM,8/16/2025,
1433,47.2,gf,2.370,mm,OK,--,5:27:12 PM,8/16/2025,
1434,47.2,gf,2.365,mm,OK,--,5:27:12 PM,8/16/2025,
1435,47.2,gf,2.360,mm,OK,--,5:27:12 PM,8/16/2025,
1436,47.2,gf,2.355,mm,OK,--,5:27:12 PM,8/16/2025,
1437,47.2,gf,2.355,mm,OK,--,5:27:12 PM,8/16/2025,
1438,47.1,gf,2.350,mm,OK,--,5:27:13 PM,8/16/2025,
1439,47.1,gf,2.345,mm,OK,--,5:27:13 PM,8/16/2025,
1440,47.1,gf,2.345,mm,OK,--,5:27:13 PM,8/16/2025,
1441,47.1,gf,2.340,mm,OK,--,5:27:13 PM,8/16/2025,
1442,47.1,gf,2.340,mm,OK,--,5:27:13 PM,8/16/2025,
1443,47.1,gf,2.335,mm,OK,--,5:27:13 PM,8/16/2025,
1444,47.1,gf,2.335,mm,OK,--,5:27:13 PM,8/16/2025,
1445,47.1,gf,2.330,mm,OK,--,5:27:13 PM,8/16/2025,
1446,47.1,gf,2.330,mm,OK,--,5:27:13 PM,8/16/2025,
1447,47.1,gf,2.325,mm,OK,--,5:27:13 PM,8/16/2025,
1448,47.1,gf,2.325,mm,OK,--,5:27:14 PM,8/16/2025,
1449,47.1,gf,2.320,mm,OK,--,5:27:14 PM,8/16/2025,
1450,47.1,gf,2.320,mm,OK,--,5:27:14 PM,8/16/2025,
1451,47.1,gf,2.320,mm,OK,--,5:27:14 PM,8/16/2025,
1452,47.1,gf,2.315,mm,OK,--,5:27:14 PM,8/16/2025,
1453,47.0,gf,2.305,mm,OK,--,5:27:14 PM,8/16/2025,
1454,46.9,gf,2.300,mm,OK,--,5:27:14 PM,8/16/2025,
1455,46.8,gf,2.295,mm,OK,--,5:27:14 PM,8/16/2025,
1456,46.9,gf,2.290,mm,OK,--,5:27:14 PM,8/16/2025,
1457,46.8,gf,2.280,mm,OK,--,5:27:14 PM,8/16/2025,
1458,46.7,gf,2.275,mm,OK,--,5:27:15 PM,8/16/2025,
1459,46.7,gf,2.265,mm,OK,--,5:27:15 PM,8/16/2025,
1460,46.7,gf,2.260,mm,OK,--,5:27:15 PM,8/16/2025,
1461,46.7,gf,2.255,mm,OK,--,5:27:15 PM,8/16/2025,
1462,46.6,gf,2.245,mm,OK,--,5:27:15 PM,8/16/2025,
1463,46.5,gf,2.235,mm,OK,--,5:27:15 PM,8/16/2025,
1464,46.4,gf,2.225,mm,OK,--,5:27:15 PM,8/16/2025,
1465,46.4,gf,2.210,mm,OK,--,5:27:15 PM,8/16/2025,
1466,46.4,gf,2.205,mm,OK,--,5:27:15 PM,8/16/2025,
1467,46.3,gf,2.200,mm,OK,--,5:27:15 PM,8/16/2025,
1468,46.3,gf,2.195,mm,OK,--,5:27:16 PM,8/16/2025,
1469,46.3,gf,2.195,mm,OK,--,5:27:16 PM,8/16/2025,
1470,46.2,gf,2.190,mm,OK,--,5:27:16 PM,8/16/2025,
1471,46.1,gf,2.180,mm,OK,--,5:27:16 PM,8/16/2025,
1472,46.1,gf,2.175,mm,OK,--,5:27:16 PM,8/16/2025,
1473,46.1,gf,2.170,mm,OK,--,5:27:16 PM,8/16/2025,
1474,46.0,gf,2.165,mm,OK,--,5:27:16 PM,8/16/2025,
1475,46.0,gf,2.160,mm,OK,--,5:27:16 PM,8/16/2025,
1476,46.0,gf,2.155,mm,OK,--,5:27:16 PM,8/16/2025,
1477,46.0,gf,2.150,mm,OK,--,5:27:16 PM,8/16/2025,
1478,45.9,gf,2.140,mm,OK,--,5:27:17 PM,8/16/2025,
1479,45.9,gf,2.135,mm,OK,--,5:27:17 PM,8/16/2025,
1480,45.8,gf,2.130,mm,OK,--,5:27:17 PM,8/16/2025,
1481,45.8,gf,2.125,mm,OK,--,5:27:17 PM,8/16/2025,
1482,45.8,gf,2.115,mm,OK,--,5:27:17 PM,8/16/2025,
1483,45.7,gf,2.110,mm,OK,--,5:27:17 PM,8/16/2025,
1484,45.6,gf,2.100,mm,OK,--,5:27:17 PM,8/16/2025,
1485,45.5,gf,2.090,mm,OK,--,5:27:17 PM,8/16/2025,
1486,45.4,gf,2.085,mm,OK,--,5:27:17 PM,8/16/2025,
1487,45.2,gf,2.080,mm,OK,--,5:27:17 PM,8/16/2025,
1488,45.1,gf,2.075,mm,OK,--,5:27:18 PM,8/16/2025,
1489,45.1,gf,2.070,mm,OK,--,5:27:18 PM,8/16/2025,
1490,45.0,gf,2.065,mm,OK,--,5:27:18 PM,8/16/2025,
1491,44.9,gf,2.060,mm,OK,--,5:27:18 PM,8/16/2025,
1492,44.8,gf,2.055,mm,OK,--,5:27:18 PM,8/16/2025,
1493,44.8,gf,2.050,mm,OK,--,5:27:18 PM,8/16/2025,
1494,44.7,gf,2.050,mm,OK,--,5:27:18 PM,8/16/2025,
1495,44.6,gf,2.045,mm,OK,--,5:27:18 PM,8/16/2025,
1496,44.6,gf,2.040,mm,OK,--,5:27:18 PM,8/16/2025,
1497,44.6,gf,2.040,mm,OK,--,5:27:18 PM,8/16/2025,
1498,44.5,gf,2.035,mm,OK,--,5:27:19 PM,8/16/2025,
1499,44.5,gf,2.025,mm,OK,--,5:27:19 PM,8/16/2025,
1500,44.5,gf,2.015,mm,OK,--,5:27:19 PM,8/16/2025,
1501,44.4,gf,2.010,mm,OK,--,5:27:19 PM,8/16/2025,
1502,44.4,gf,2.005,mm,OK,--,5:27:19 PM,8/16/2025,
1503,44.4,gf,2.000,mm,OK,--,5:27:19 PM,8/16/2025,
1504,44.3,gf,1.995,mm,OK,--,5:27:19 PM,8/16/2025,
1505,44.3,gf,1.985,mm,OK,--,5:27:19 PM,8/16/2025,
1506,44.3,gf,1.975,mm,OK,--,5:27:19 PM,8/16/2025,
1507,44.2,gf,1.965,mm,OK,--,5:27:19 PM,8/16/2025,
1508,44.2,gf,1.955,mm,OK,--,5:27:20 PM,8/16/2025,
1509,44.2,gf,1.945,mm,OK,--,5:27:20 PM,8/16/2025,
1510,44.0,gf,1.940,mm,OK,--,5:27:20 PM,8/16/2025,
1511,44.0,gf,1.925,mm,OK,--,5:27:20 PM,8/16/2025,
1512,43.9,gf,1.915,mm,OK,--,5:27:20 PM,8/16/2025,
1513,43.9,gf,1.895,mm,OK,--,5:27:20 PM,8/16/2025,
1514,43.9,gf,1.885,mm,OK,--,5:27:20 PM,8/16/2025,
1515,43.7,gf,1.865,mm,OK,--,5:27:20 PM,8/16/2025,
1516,43.6,gf,1.850,mm,OK,--,5:27:20 PM,8/16/2025,
1517,43.5,gf,1.835,mm,OK,--,5:27:20 PM,8/16/2025,
1518,43.5,gf,1.820,mm,OK,--,5:27:21 PM,8/16/2025,
1519,43.4,gf,1.805,mm,OK,--,5:27:21 PM,8/16/2025,
1520,43.4,gf,1.790,mm,OK,--,5:27:21 PM,8/16/2025,
1521,43.4,gf,1.780,mm,OK,--,5:27:21 PM,8/16/2025,
1522,43.4,gf,1.770,mm,OK,--,5:27:21 PM,8/16/2025,
1523,43.3,gf,1.755,mm,OK,--,5:27:21 PM,8/16/2025,
1524,43.4,gf,1.750,mm,OK,--,5:27:21 PM,8/16/2025,
1525,43.2,gf,1.745,mm,OK,--,5:27:21 PM,8/16/2025,
1526,43.2,gf,1.740,mm,OK,--,5:27:21 PM,8/16/2025,
1527,43.1,gf,1.725,mm,OK,--,5:27:21 PM,8/16/2025,
1528,43.2,gf,1.715,mm,OK,--,5:27:22 PM,8/16/2025,
1529,43.1,gf,1.710,mm,OK,--,5:27:22 PM,8/16/2025,
1530,43.0,gf,1.700,mm,OK,--,5:27:22 PM,8/16/2025,
1531,42.9,gf,1.690,mm,OK,--,5:27:22 PM,8/16/2025,
1532,43.0,gf,1.680,mm,OK,--,5:27:22 PM,8/16/2025,
1533,42.9,gf,1.665,mm,OK,--,5:27:22 PM,8/16/2025,
1534,42.8,gf,1.655,mm,OK,--,5:27:22 PM,8/16/2025,
1535,42.8,gf,1.640,mm,OK,--,5:27:22 PM,8/16/2025,
1536,42.7,gf,1.625,mm,OK,--,5:27:22 PM,8/16/2025,
1537,42.7,gf,1.610,mm,OK,--,5:27:22 PM,8/16/2025,
1538,42.6,gf,1.600,mm,OK,--,5:27:23 PM,8/16/2025,
1539,42.5,gf,1.585,mm,OK,--,5:27:23 PM,8/16/2025,
1540,42.5,gf,1.570,mm,OK,--,5:27:23 PM,8/16/2025,
1541,42.5,gf,1.560,mm,OK,--,5:27:23 PM,8/16/2025,
1542,42.4,gf,1.555,mm,OK,--,5:27:23 PM,8/16/2025,
1543,42.5,gf,1.550,mm,OK,--,5:27:23 PM,8/16/2025,
1544,42.4,gf,1.545,mm,OK,--,5:27:23 PM,8/16/2025,
1545,42.3,gf,1.535,mm,OK,--,5:27:23 PM,8/16/2025,
1546,42.3,gf,1.530,mm,OK,--,5:27:23 PM,8/16/2025,
1547,42.3,gf,1.520,mm,OK,--,5:27:23 PM,8/16/2025,
1548,42.3,gf,1.515,mm,OK,--,5:27:24 PM,8/16/2025,
1549,42.3,gf,1.505,mm,OK,--,5:27:24 PM,8/16/2025,
1550,42.2,gf,1.500,mm,OK,--,5:27:24 PM,8/16/2025,
1551,42.2,gf,1.495,mm,OK,--,5:27:24 PM,8/16/2025,
1552,42.2,gf,1.495,mm,OK,--,5:27:24 PM,8/16/2025,
1553,42.2,gf,1.490,mm,OK,--,5:27:24 PM,8/16/2025,
1554,42.2,gf,1.490,mm,OK,--,5:27:24 PM,8/16/2025,
1555,42.1,gf,1.485,mm,OK,--,5:27:24 PM,8/16/2025,
1556,42.1,gf,1.480,mm,OK,--,5:27:24 PM,8/16/2025,
1557,42.1,gf,1.480,mm,OK,--,5:27:24 PM,8/16/2025,
1558,42.0,gf,1.475,mm,OK,--,5:27:25 PM,8/16/2025,
1559,42.0,gf,1.470,mm,OK,--,5:27:25 PM,8/16/2025,
1560,42.0,gf,1.465,mm,OK,--,5:27:25 PM,8/16/2025,
1561,42.0,gf,1.460,mm,OK,--,5:27:25 PM,8/16/2025,
1562,41.9,gf,1.455,mm,OK,--,5:27:25 PM,8/16/2025,
1563,41.9,gf,1.450,mm,OK,--,5:27:25 PM,8/16/2025,
1564,41.8,gf,1.440,mm,OK,--,5:27:25 PM,8/16/2025,
1565,41.8,gf,1.430,mm,OK,--,5:27:25 PM,8/16/2025,
1566,41.7,gf,1.425,mm,OK,--,5:27:25 PM,8/16/2025,
1567,41.8,gf,1.415,mm,OK,--,5:27:25 PM,8/16/2025,
1568,41.7,gf,1.405,mm,OK,--,5:27:26 PM,8/16/2025,
1569,41.7,gf,1.400,mm,OK,--,5:27:26 PM,8/16/2025,
1570,41.6,gf,1.385,mm,OK,--,5:27:26 PM,8/16/2025,
1571,41.5,gf,1.375,mm,OK,--,5:27:26 PM,8/16/2025,
1572,41.5,gf,1.365,mm,OK,--,5:27:26 PM,8/16/2025,
1573,41.5,gf,1.360,mm,OK,--,5:27:26 PM,8/16/2025,
1574,41.5,gf,1.355,mm,OK,--,5:27:26 PM,8/16/2025,
1575,41.5,gf,1.350,mm,OK,--,5:27:26 PM,8/16/2025,
1576,41.4,gf,1.345,mm,OK,--,5:27:26 PM,8/16/2025,
1577,41.5,gf,1.340,mm,OK,--,5:27:26 PM,8/16/2025,
1578,41.4,gf,1.335,mm,OK,--,5:27:27 PM,8/16/2025,
1579,41.4,gf,1.330,mm,OK,--,5:27:27 PM,8/16/2025,
1580,41.5,gf,1.330,mm,OK,--,5:27:27 PM,8/16/2025,
1581,41.6,gf,1.325,mm,OK,--,5:27:27 PM,8/16/2025,
1582,41.4,gf,1.325,mm,OK,--,5:27:27 PM,8/16/2025,
1583,41.4,gf,1.325,mm,OK,--,5:27:27 PM,8/16/2025,
1584,41.3,gf,1.320,mm,OK,--,5:27:27 PM,8/16/2025,
1585,41.4,gf,1.320,mm,OK,--,5:27:27 PM,8/16/2025,
1586,41.3,gf,1.315,mm,OK,--,5:27:27 PM,8/16/2025,
1587,41.3,gf,1.315,mm,OK,--,5:27:27 PM,8/16/2025,
1588,41.1,gf,1.305,mm,OK,--,5:27:28 PM,8/16/2025,
1589,41.1,gf,1.290,mm,OK,--,5:27:28 PM,8/16/2025,
1590,41.0,gf,1.280,mm,OK,--,5:27:28 PM,8/16/2025,
1591,41.0,gf,1.270,mm,OK,--,5:27:28 PM,8/16/2025,
1592,41.0,gf,1.265,mm,OK,--,5:27:28 PM,8/16/2025,
1593,41.0,gf,1.260,mm,OK,--,5:27:28 PM,8/16/2025,
1594,40.9,gf,1.255,mm,OK,--,5:27:28 PM,8/16/2025,
1595,40.9,gf,1.245,mm,OK,--,5:27:28 PM,8/16/2025,
1596,41.0,gf,1.240,mm,OK,--,5:27:28 PM,8/16/2025,
1597,40.9,gf,1.240,mm,OK,--,5:27:28 PM,8/16/2025,
1598,40.9,gf,1.235,mm,OK,--,5:27:29 PM,8/16/2025,
1599,41.0,gf,1.230,mm,OK,--,5:27:29 PM,8/16/2025,
1600,40.8,gf,1.230,mm,OK,--,5:27:29 PM,8/16/2025,
1601,40.7,gf,1.220,mm,OK,--,5:27:29 PM,8/16/2025,
1602,40.6,gf,1.210,mm,OK,--,5:27:29 PM,8/16/2025,
1603,40.8,gf,1.200,mm,OK,--,5:27:29 PM,8/16/2025,
1604,40.8,gf,1.195,mm,OK,--,5:27:29 PM,8/16/2025,
1605,40.8,gf,1.195,mm,OK,--,5:27:29 PM,8/16/2025,
1606,40.7,gf,1.190,mm,OK,--,5:27:29 PM,8/16/2025,
1607,40.7,gf,1.185,mm,OK,--,5:27:29 PM,8/16/2025,
1608,40.7,gf,1.180,mm,OK,--,5:27:30 PM,8/16/2025,
1609,40.7,gf,1.180,mm,OK,--,5:27:30 PM,8/16/2025,
1610,40.6,gf,1.175,mm,OK,--,5:27:30 PM,8/16/2025,
1611,40.5,gf,1.170,mm,OK,--,5:27:30 PM,8/16/2025,
1612,40.4,gf,1.165,mm,OK,--,5:27:30 PM,8/16/2025,
1613,40.5,gf,1.155,mm,OK,--,5:27:30 PM,8/16/2025,
1614,40.4,gf,1.145,mm,OK,--,5:27:30 PM,8/16/2025,
1615,40.4,gf,1.135,mm,OK,--,5:27:30 PM,8/16/2025,
1616,40.4,gf,1.125,mm,OK,--,5:27:30 PM,8/16/2025,
1617,40.4,gf,1.120,mm,OK,--,5:27:30 PM,8/16/2025,
1618,40.2,gf,1.115,mm,OK,--,5:27:31 PM,8/16/2025,
1619,40.2,gf,1.100,mm,OK,--,5:27:31 PM,8/16/2025,
1620,40.1,gf,1.085,mm,OK,--,5:27:31 PM,8/16/2025,
1621,40.1,gf,1.075,mm,OK,--,5:27:31 PM,8/16/2025,
1622,40.1,gf,1.065,mm,OK,--,5:27:31 PM,8/16/2025,
1623,39.9,gf,1.055,mm,OK,--,5:27:31 PM,8/16/2025,
1624,40.0,gf,1.045,mm,OK,--,5:27:31 PM,8/16/2025,
1625,40.0,gf,1.040,mm,OK,--,5:27:31 PM,8/16/2025,
1626,39.8,gf,1.030,mm,OK,--,5:27:31 PM,8/16/2025,
1627,39.8,gf,1.020,mm,OK,--,5:27:31 PM,8/16/2025,
1628,39.8,gf,1.010,mm,OK,--,5:27:32 PM,8/16/2025,
1629,39.8,gf,1.005,mm,OK,--,5:27:32 PM,8/16/2025,
1630,39.7,gf,0.995,mm,OK,--,5:27:32 PM,8/16/2025,
1631,39.7,gf,0.990,mm,OK,--,5:27:32 PM,8/16/2025,
1632,39.6,gf,0.985,mm,OK,--,5:27:32 PM,8/16/2025,
1633,39.7,gf,0.980,mm,OK,--,5:27:32 PM,8/16/2025,
1634,39.7,gf,0.975,mm,OK,--,5:27:32 PM,8/16/2025,
1635,39.7,gf,0.970,mm,OK,--,5:27:32 PM,8/16/2025,
1636,39.6,gf,0.970,mm,OK,--,5:27:32 PM,8/16/2025,
1637,39.6,gf,0.965,mm,OK,--,5:27:32 PM,8/16/2025,
1638,39.6,gf,0.965,mm,OK,--,5:27:33 PM,8/16/2025,
1639,39.5,gf,0.960,mm,OK,--,5:27:33 PM,8/16/2025,
1640,39.6,gf,0.955,mm,OK,--,5:27:33 PM,8/16/2025,
1641,39.6,gf,0.950,mm,OK,--,5:27:33 PM,8/16/2025,
1642,39.5,gf,0.945,mm,OK,--,5:27:33 PM,8/16/2025,
1643,39.4,gf,0.940,mm,OK,--,5:27:33 PM,8/16/2025,
1644,39.5,gf,0.940,mm,OK,--,5:27:33 PM,8/16/2025,
1645,39.5,gf,0.935,mm,OK,--,5:27:33 PM,8/16/2025,
1646,39.4,gf,0.930,mm,OK,--,5:27:33 PM,8/16/2025,
1647,39.4,gf,0.925,mm,OK,--,5:27:33 PM,8/16/2025,
1648,39.3,gf,0.920,mm,OK,--,5:27:34 PM,8/16/2025,
1649,39.3,gf,0.915,mm,OK,--,5:27:34 PM,8/16/2025,
1650,39.1,gf,0.910,mm,OK,--,5:27:34 PM,8/16/2025,
1651,39.2,gf,0.900,mm,OK,--,5:27:34 PM,8/16/2025,
1652,39.0,gf,0.890,mm,OK,--,5:27:34 PM,8/16/2025,
1653,39.1,gf,0.880,mm,OK,--,5:27:34 PM,8/16/2025,
1654,39.0,gf,0.865,mm,OK,--,5:27:34 PM,8/16/2025,
1655,38.8,gf,0.850,mm,OK,--,5:27:34 PM,8/16/2025,
1656,38.9,gf,0.840,mm,OK,--,5:27:34 PM,8/16/2025,
1657,38.9,gf,0.835,mm,OK,--,5:27:34 PM,8/16/2025,
1658,39.2,gf,0.830,mm,OK,--,5:27:35 PM,8/16/2025,
1659,39.2,gf,0.830,mm,OK,--,5:27:35 PM,8/16/2025,
1660,39.0,gf,0.830,mm,OK,--,5:27:35 PM,8/16/2025,
1661,38.8,gf,0.830,mm,OK,--,5:27:35 PM,8/16/2025,
1662,38.8,gf,0.825,mm,OK,--,5:27:35 PM,8/16/2025,
1663,38.7,gf,0.815,mm,OK,--,5:27:35 PM,8/16/2025,
1664,38.8,gf,0.805,mm,OK,--,5:27:35 PM,8/16/2025,
1665,38.9,gf,0.800,mm,OK,--,5:27:35 PM,8/16/2025,
1666,38.8,gf,0.795,mm,OK,--,5:27:35 PM,8/16/2025,
1667,38.8,gf,0.790,mm,OK,--,5:27:35 PM,8/16/2025,
1668,38.8,gf,0.785,mm,OK,--,5:27:36 PM,8/16/2025,
1669,38.7,gf,0.780,mm,OK,--,5:27:36 PM,8/16/2025,
1670,38.6,gf,0.770,mm,OK,--,5:27:36 PM,8/16/2025,
1671,38.6,gf,0.765,mm,OK,--,5:27:36 PM,8/16/2025,
1672,38.6,gf,0.760,mm,OK,--,5:27:36 PM,8/16/2025,
1673,38.6,gf,0.750,mm,OK,--,5:27:36 PM,8/16/2025,
1674,38.6,gf,0.745,mm,OK,--,5:27:36 PM,8/16/2025,
1675,38.6,gf,0.740,mm,OK,--,5:27:36 PM,8/16/2025,
1676,38.5,gf,0.735,mm,OK,--,5:27:36 PM,8/16/2025,
1677,38.5,gf,0.725,mm,OK,--,5:27:36 PM,8/16/2025,
1678,38.3,gf,0.715,mm,OK,--,5:27:37 PM,8/16/2025,
1679,38.4,gf,0.705,mm,OK,--,5:27:37 PM,8/16/2025,
1680,38.4,gf,0.690,mm,OK,--,5:27:37 PM,8/16/2025,
1681,38.4,gf,0.685,mm,OK,--,5:27:37 PM,8/16/2025,
1682,38.5,gf,0.680,mm,OK,--,5:27:37 PM,8/16/2025,
1683,38.4,gf,0.680,mm,OK,--,5:27:37 PM,8/16/2025,
1684,38.4,gf,0.675,mm,OK,--,5:27:37 PM,8/16/2025,
1685,38.4,gf,0.670,mm,OK,--,5:27:37 PM,8/16/2025,
1686,38.3,gf,0.670,mm,OK,--,5:27:37 PM,8/16/2025,
1687,38.3,gf,0.665,mm,OK,--,5:27:37 PM,8/16/2025,
1688,38.3,gf,0.660,mm,OK,--,5:27:38 PM,8/16/2025,
1689,38.2,gf,0.660,mm,OK,--,5:27:38 PM,8/16/2025,
1690,38.2,gf,0.655,mm,OK,--,5:27:38 PM,8/16/2025,
1691,38.3,gf,0.650,mm,OK,--,5:27:38 PM,8/16/2025,
1692,38.4,gf,0.650,mm,OK,--,5:27:38 PM,8/16/2025,
1693,38.3,gf,0.645,mm,OK,--,5:27:38 PM,8/16/2025,
1694,38.1,gf,0.640,mm,OK,--,5:27:38 PM,8/16/2025,
1695,38.3,gf,0.640,mm,OK,--,5:27:38 PM,8/16/2025,
1696,38.3,gf,0.635,mm,OK,--,5:27:38 PM,8/16/2025,
1697,38.3,gf,0.635,mm,OK,--,5:27:38 PM,8/16/2025,
1698,38.3,gf,0.635,mm,OK,--,5:27:39 PM,8/16/2025,
1699,38.2,gf,0.630,mm,OK,--,5:27:39 PM,8/16/2025,
1700,38.2,gf,0.630,mm,OK,--,5:27:39 PM,8/16/2025,
1701,38.0,gf,0.625,mm,OK,--,5:27:39 PM,8/16/2025,
1702,38.0,gf,0.620,mm,OK,--,5:27:39 PM,8/16/2025,
1703,38.1,gf,0.615,mm,OK,--,5:27:39 PM,8/16/2025,
1704,38.0,gf,0.615,mm,OK,--,5:27:39 PM,8/16/2025,
1705,38.1,gf,0.610,mm,OK,--,5:27:39 PM,8/16/2025,
1706,38.0,gf,0.605,mm,OK,--,5:27:39 PM,8/16/2025,
1707,38.1,gf,0.600,mm,OK,--,5:27:39 PM,8/16/2025,
1708,38.0,gf,0.600,mm,OK,--,5:27:40 PM,8/16/2025,
1709,37.9,gf,0.595,mm,OK,--,5:27:40 PM,8/16/2025,
1710,38.0,gf,0.590,mm,OK,--,5:27:40 PM,8/16/2025,
1711,38.1,gf,0.585,mm,OK,--,5:27:40 PM,8/16/2025,
1712,38.0,gf,0.580,mm,OK,--,5:27:40 PM,8/16/2025,
1713,38.0,gf,0.580,mm,OK,--,5:27:40 PM,8/16/2025,
1714,37.9,gf,0.575,mm,OK,--,5:27:40 PM,8/16/2025,
1715,37.9,gf,0.570,mm,OK,--,5:27:40 PM,8/16/2025,
1716,37.9,gf,0.565,mm,OK,--,5:27:40 PM,8/16/2025,
1717,37.9,gf,0.555,mm,OK,--,5:27:40 PM,8/16/2025,
1718,37.9,gf,0.550,mm,OK,--,5:27:41 PM,8/16/2025,
1719,37.9,gf,0.545,mm,OK,--,5:27:41 PM,8/16/2025,
1720,37.7,gf,0.535,mm,OK,--,5:27:41 PM,8/16/2025,
1721,37.6,gf,0.525,mm,OK,--,5:27:41 PM,8/16/2025,
1722,37.6,gf,0.515,mm,OK,--,5:27:41 PM,8/16/2025,
1723,37.7,gf,0.510,mm,OK,--,5:27:41 PM,8/16/2025,
1724,37.6,gf,0.505,mm,OK,--,5:27:41 PM,8/16/2025,
1725,37.7,gf,0.500,mm,OK,--,5:27:41 PM,8/16/2025,
1726,37.8,gf,0.495,mm,OK,--,5:27:41 PM,8/16/2025,
1727,37.8,gf,0.490,mm,OK,--,5:27:41 PM,8/16/2025,
1728,37.7,gf,0.490,mm,OK,--,5:27:42 PM,8/16/2025,
1729,37.7,gf,0.485,mm,OK,--,5:27:42 PM,8/16/2025,
1730,37.6,gf,0.480,mm,OK,--,5:27:42 PM,8/16/2025,
1731,37.7,gf,0.480,mm,OK,--,5:27:42 PM,8/16/2025,
1732,37.7,gf,0.475,mm,OK,--,5:27:42 PM,8/16/2025,
1733,37.5,gf,0.475,mm,OK,--,5:27:42 PM,8/16/2025,
1734,37.6,gf,0.475,mm,OK,--,5:27:42 PM,8/16/2025,
1735,37.6,gf,0.470,mm,OK,--,5:27:42 PM,8/16/2025,
1736,37.5,gf,0.470,mm,OK,--,5:27:42 PM,8/16/2025,
1737,37.6,gf,0.465,mm,OK,--,5:27:42 PM,8/16/2025,
1738,37.5,gf,0.465,mm,OK,--,5:27:43 PM,8/16/2025,
1739,37.5,gf,0.460,mm,OK,--,5:27:43 PM,8/16/2025,
1740,37.4,gf,0.455,mm,OK,--,5:27:43 PM,8/16/2025,
1741,37.5,gf,0.455,mm,OK,--,5:27:43 PM,8/16/2025,
1742,37.5,gf,0.450,mm,OK,--,5:27:43 PM,8/16/2025,
1743,37.5,gf,0.450,mm,OK,--,5:27:43 PM,8/16/2025,
1744,37.4,gf,0.445,mm,OK,--,5:27:43 PM,8/16/2025,
1745,37.4,gf,0.440,mm,OK,--,5:27:43 PM,8/16/2025,
1746,37.4,gf,0.440,mm,OK,--,5:27:43 PM,8/16/2025,
1747,37.4,gf,0.435,mm,OK,--,5:27:43 PM,8/16/2025,
1748,37.4,gf,0.430,mm,OK,--,5:27:44 PM,8/16/2025,
1749,37.6,gf,0.425,mm,OK,--,5:27:44 PM,8/16/2025,
1750,37.6,gf,0.420,mm,OK,--,5:27:44 PM,8/16/2025,
1751,37.5,gf,0.420,mm,OK,--,5:27:44 PM,8/16/2025,
1752,37.5,gf,0.420,mm,OK,--,5:27:44 PM,8/16/2025,
1753,37.6,gf,0.415,mm,OK,--,5:27:44 PM,8/16/2025,
1754,37.4,gf,0.415,mm,OK,--,5:27:44 PM,8/16/2025,
1755,37.3,gf,0.415,mm,OK,--,5:27:44 PM,8/16/2025,
1756,37.5,gf,0.410,mm,OK,--,5:27:44 PM,8/16/2025,
1757,37.4,gf,0.410,mm,OK,--,5:27:44 PM,8/16/2025,
1758,37.3,gf,0.410,mm,OK,--,5:27:45 PM,8/16/2025,
1759,37.4,gf,0.405,mm,OK,--,5:27:45 PM,8/16/2025,
1760,37.3,gf,0.405,mm,OK,--,5:27:45 PM,8/16/2025,
1761,37.3,gf,0.405,mm,OK,--,5:27:45 PM,8/16/2025,
1762,37.2,gf,0.400,mm,OK,--,5:27:45 PM,8/16/2025,
1763,37.2,gf,0.400,mm,OK,--,5:27:45 PM,8/16/2025,
1764,37.3,gf,0.395,mm,OK,--,5:27:45 PM,8/16/2025,
1765,37.2,gf,0.395,mm,OK,--,5:27:45 PM,8/16/2025,
1766,37.3,gf,0.395,mm,OK,--,5:27:45 PM,8/16/2025,
1767,37.2,gf,0.390,mm,OK,--,5:27:45 PM,8/16/2025,
1768,37.1,gf,0.385,mm,OK,--,5:27:46 PM,8/16/2025,
1769,37.1,gf,0.380,mm,OK,--,5:27:46 PM,8/16/2025,
1770,37.1,gf,0.380,mm,OK,--,5:27:46 PM,8/16/2025,
1771,37.1,gf,0.375,mm,OK,--,5:27:46 PM,8/16/2025,
1772,37.2,gf,0.370,mm,OK,--,5:27:46 PM,8/16/2025,
1773,37.2,gf,0.365,mm,OK,--,5:27:46 PM,8/16/2025,
1774,37.2,gf,0.365,mm,OK,--,5:27:46 PM,8/16/2025,
1775,36.9,gf,0.360,mm,OK,--,5:27:46 PM,8/16/2025,
1776,37.0,gf,0.350,mm,OK,--,5:27:46 PM,8/16/2025,
1777,36.9,gf,0.340,mm,OK,--,5:27:46 PM,8/16/2025,
1778,37.0,gf,0.325,mm,OK,--,5:27:47 PM,8/16/2025,
1779,37.0,gf,0.320,mm,OK,--,5:27:47 PM,8/16/2025,
1780,37.0,gf,0.320,mm,OK,--,5:27:47 PM,8/16/2025,
1781,37.0,gf,0.315,mm,OK,--,5:27:47 PM,8/16/2025,
1782,36.8,gf,0.315,mm,OK,--,5:27:47 PM,8/16/2025,
1783,36.8,gf,0.310,mm,OK,--,5:27:47 PM,8/16/2025,
1784,36.8,gf,0.305,mm,OK,--,5:27:47 PM,8/16/2025,
1785,36.9,gf,0.300,mm,OK,--,5:27:47 PM,8/16/2025,
1786,36.8,gf,0.300,mm,OK,--,5:27:47 PM,8/16/2025,
1787,36.7,gf,0.295,mm,OK,--,5:27:47 PM,8/16/2025,
1788,36.7,gf,0.290,mm,OK,--,5:27:48 PM,8/16/2025,
1789,36.7,gf,0.285,mm,OK,--,5:27:48 PM,8/16/2025,
1790,36.8,gf,0.285,mm,OK,--,5:27:48 PM,8/16/2025,
1791,36.7,gf,0.280,mm,OK,--,5:27:48 PM,8/16/2025,
1792,36.7,gf,0.275,mm,OK,--,5:27:48 PM,8/16/2025,
1793,36.8,gf,0.270,mm,OK,--,5:27:48 PM,8/16/2025,
1794,36.6,gf,0.270,mm,OK,--,5:27:48 PM,8/16/2025,
1795,36.6,gf,0.265,mm,OK,--,5:27:48 PM,8/16/2025,
1796,36.8,gf,0.260,mm,OK,--,5:27:48 PM,8/16/2025,
1797,36.7,gf,0.260,mm,OK,--,5:27:48 PM,8/16/2025,
1798,36.7,gf,0.255,mm,OK,--,5:27:49 PM,8/16/2025,
1799,36.7,gf,0.255,mm,OK,--,5:27:49 PM,8/16/2025,
1800,36.6,gf,0.255,mm,OK,--,5:27:49 PM,8/16/2025,
1801,36.6,gf,0.250,mm,OK,--,5:27:49 PM,8/16/2025,
1802,36.6,gf,0.245,mm,OK,--,5:27:49 PM,8/16/2025,
1803,36.6,gf,0.245,mm,OK,--,5:27:49 PM,8/16/2025,
1804,36.5,gf,0.240,mm,OK,--,5:27:49 PM,8/16/2025,
1805,36.5,gf,0.240,mm,OK,--,5:27:49 PM,8/16/2025,
1806,36.4,gf,0.235,mm,OK,--,5:27:49 PM,8/16/2025,
1807,36.4,gf,0.235,mm,OK,--,5:27:49 PM,8/16/2025,
1808,36.3,gf,0.230,mm,OK,--,5:27:50 PM,8/16/2025,
1809,36.2,gf,0.230,mm,OK,--,5:27:50 PM,8/16/2025,
1810,36.2,gf,0.225,mm,OK,--,5:27:50 PM,8/16/2025,
1811,36.2,gf,0.220,mm,OK,--,5:27:50 PM,8/16/2025,
1812,36.0,gf,0.215,mm,OK,--,5:27:50 PM,8/16/2025,
1813,35.9,gf,0.210,mm,OK,--,5:27:50 PM,8/16/2025,
1814,36.0,gf,0.210,mm,OK,--,5:27:50 PM,8/16/2025,
1815,36.0,gf,0.205,mm,OK,--,5:27:50 PM,8/16/2025,
1816,35.9,gf,0.205,mm,OK,--,5:27:50 PM,8/16/2025,
1817,35.8,gf,0.200,mm,OK,--,5:27:50 PM,8/16/2025,
1818,35.8,gf,0.200,mm,OK,--,5:27:51 PM,8/16/2025,
1819,35.7,gf,0.195,mm,OK,--,5:27:51 PM,8/16/2025,
1820,35.6,gf,0.195,mm,OK,--,5:27:51 PM,8/16/2025,
1821,35.7,gf,0.195,mm,OK,--,5:27:51 PM,8/16/2025,
1822,35.8,gf,0.190,mm,OK,--,5:27:51 PM,8/16/2025,
1823,35.8,gf,0.190,mm,OK,--,5:27:51 PM,8/16/2025,
1824,35.6,gf,0.190,mm,OK,--,5:27:51 PM,8/16/2025,
1825,35.5,gf,0.185,mm,OK,--,5:27:51 PM,8/16/2025,
1826,35.4,gf,0.185,mm,OK,--,5:27:51 PM,8/16/2025,
1827,35.3,gf,0.180,mm,OK,--,5:27:51 PM,8/16/2025,
1828,35.3,gf,0.175,mm,OK,--,5:27:52 PM,8/16/2025,
1829,35.5,gf,0.170,mm,OK,--,5:27:52 PM,8/16/2025,
1830,35.5,gf,0.170,mm,OK,--,5:27:52 PM,8/16/2025,
1831,35.5,gf,0.165,mm,OK,--,5:27:52 PM,8/16/2025,
1832,35.4,gf,0.165,mm,OK,--,5:27:52 PM,8/16/2025,
1833,35.3,gf,0.160,mm,OK,--,5:27:52 PM,8/16/2025,
1834,35.3,gf,0.160,mm,OK,--,5:27:52 PM,8/16/2025,
1835,35.4,gf,0.155,mm,OK,--,5:27:52 PM,8/16/2025,
1836,35.5,gf,0.155,mm,OK,--,5:27:52 PM,8/16/2025,
1837,35.5,gf,0.155,mm,OK,--,5:27:52 PM,8/16/2025,
1838,35.4,gf,0.155,mm,OK,--,5:27:53 PM,8/16/2025,
1839,35.4,gf,0.150,mm,OK,--,5:27:53 PM,8/16/2025,
1840,35.3,gf,0.150,mm,OK,--,5:27:53 PM,8/16/2025,
1841,35.2,gf,0.145,mm,OK,--,5:27:53 PM,8/16/2025,
1842,35.3,gf,0.145,mm,OK,--,5:27:53 PM,8/16/2025,
1843,35.3,gf,0.140,mm,OK,--,5:27:53 PM,8/16/2025,
1844,35.3,gf,0.140,mm,OK,--,5:27:53 PM,8/16/2025,
1845,35.2,gf,0.135,mm,OK,--,5:27:53 PM,8/16/2025,
1846,35.3,gf,0.130,mm,OK,--,5:27:53 PM,8/16/2025,
1847,35.2,gf,0.130,mm,OK,--,5:27:53 PM,8/16/2025,
1848,35.2,gf,0.125,mm,OK,--,5:27:54 PM,8/16/2025,
1849,34.8,gf,0.125,mm,OK,--,5:27:54 PM,8/16/2025,
1850,33.3,gf,0.120,mm,OK,--,5:27:54 PM,8/16/2025,
1851,30.9,gf,0.115,mm,OK,--,5:27:54 PM,8/16/2025,
1852,29.3,gf,0.115,mm,OK,--,5:27:54 PM,8/16/2025,
1853,26.4,gf,0.110,mm,OK,--,5:27:54 PM,8/16/2025,
1854,23.1,gf,0.105,mm,OK,--,5:27:54 PM,8/16/2025,
1855,18.8,gf,0.100,mm,OK,--,5:27:54 PM,8/16/2025,
1856,13.8,gf,0.095,mm,OK,--,5:27:54 PM,8/16/2025,
1857,11.4,gf,0.085,mm,OK,--,5:27:54 PM,8/16/2025,
1858,9.1,gf,0.075,mm,OK,--,5:27:55 PM,8/16/2025,
1859,6.9,gf,0.070,mm,OK,--,5:27:55 PM,8/16/2025,
1860,2.1,gf,0.050,mm,OK,--,5:27:55 PM,8/16/2025,
1861,0.0,gf,0.035,mm,OK,--,5:27:55 PM,8/16/2025,
1862,0.0,gf,0.025,mm,OK,--,5:27:55 PM,8/16/2025,
1863,0.0,gf,0.020,mm,OK,--,5:27:55 PM,8/16/2025,
1864,0.1,gf,0.010,mm,OK,--,5:27:55 PM,8/16/2025,
1865,0.0,gf,0.000,mm,OK,--,5:27:55 PM,8/16/2025,
1866,0.0,gf,-0.005,mm,OK,--,5:27:55 PM,8/16/2025,
1867,0.1,gf,-0.010,mm,OK,--,5:27:55 PM,8/16/2025,
1868,0.0,gf,-0.015,mm,OK,--,5:27:56 PM,8/16/2025,
1869,-0.1,gf,-0.020,mm,OK,--,5:27:56 PM,8/16/2025,
1870,0.0,gf,-0.020,mm,OK,--,5:27:56 PM,8/16/2025,
1871,0.0,gf,-0.025,mm,OK,--,5:27:56 PM,8/16/2025,
1872,0.0,gf,-0.030,mm,OK,--,5:27:56 PM,8/16/2025,
1873,0.0,gf,-0.030,mm,OK,--,5:27:56 PM,8/16/2025,
1874,0.1,gf,-0.035,mm,OK,--,5:27:56 PM,8/16/2025,
1875,0.0,gf,-0.040,mm,OK,--,5:27:56 PM,8/16/2025,
1876,0.0,gf,-0.040,mm,OK,--,5:27:56 PM,8/16/2025,
1877,0.1,gf,-0.040,mm,OK,--,5:27:56 PM,8/16/2025,
1878,0.0,gf,-0.040,mm,OK,--,5:27:57 PM,8/16/2025,
1879,0.0,gf,-0.040,mm,OK,--,5:27:57 PM,8/16/2025,
1880,-0.1,gf,-0.040,mm,OK,--,5:27:57 PM,8/16/2025,
1881,0.0,gf,-0.040,mm,OK,--,5:27:57 PM,8/16/2025,
1882,0.4,gf,-0.040,mm,OK,--,5:27:57 PM,8/16/2025,
1883,0.3,gf,-0.040,mm,OK,--,5:27:57 PM,8/16/2025,
1884,0.2,gf,-0.035,mm,OK,--,5:27:57 PM,8/16/2025,
1885,0.1,gf,-0.035,mm,OK,--,5:27:57 PM,8/16/2025,
1886,0.0,gf,-0.035,mm,OK,--,5:27:57 PM,8/16/2025,
1887,0.0,gf,-0.035,mm,OK,--,5:27:57 PM,8/16/2025,
1888,0.0,gf,-0.035,mm,OK,--,5:27:58 PM,8/16/2025,
1889,0.0,gf,-0.030,mm,OK,--,5:27:58 PM,8/16/2025,
1890,0.0,gf,-0.030,mm,OK,--,5:27:58 PM,8/16/2025,
1891,0.0,gf,-0.030,mm,OK,--,5:27:58 PM,8/16/2025,
1892,0.0,gf,-0.030,mm,OK,--,5:27:58 PM,8/16/2025,
1893,0.0,gf,-0.030,mm,OK,--,5:27:58 PM,8/16/2025,
1894,0.0,gf,-0.030,mm,OK,--,5:27:58 PM,8/16/2025,
1895,0.0,gf,-0.030,mm,OK,--,5:27:58 PM,8/16/2025,
1896,0.0,gf,-0.030,mm,OK,--,5:27:58 PM,8/16/2025,
1897,0.1,gf,-0.030,mm,OK,--,5:27:58 PM,8/16/2025,
1898,0.0,gf,-0.025,mm,OK,--,5:27:59 PM,8/16/2025,
1899,0.0,gf,-0.025,mm,OK,--,5:27:59 PM,8/16/2025,
1900,0.0,gf,-0.025,mm,OK,--,5:27:59 PM,8/16/2025,
