Maximum,192.5,@,No.939,,,,,,
Minimum,-0.2,@,No.2,,,,,,
Average,46.76,,,,,,,,
Data Quantity,1896,,,,,,,,
Number of NG,0,,,,,,,,
No.,Force,Unit,Displacement,Unit,Judge,Position,Time,Date,
1,0.1,gf,0.000,mm,OK,--,3:05:41 PM,11/27/2025,
2,-0.2,gf,0.000,mm,OK,--,3:05:41 PM,11/27/2025,
3,0.1,gf,0.000,mm,OK,--,3:05:41 PM,11/27/2025,
4,0.1,gf,0.000,mm,OK,--,3:05:41 PM,11/27/2025,
5,0.0,gf,0.000,mm,OK,--,3:05:41 PM,11/27/2025,
6,0.1,gf,0.000,mm,OK,--,3:05:41 PM,11/27/2025,
7,0.1,gf,0.000,mm,OK,--,3:05:41 PM,11/27/2025,
8,0.1,gf,0.000,mm,OK,--,3:05:42 PM,11/27/2025,
9,-0.1,gf,0.000,mm,OK,--,3:05:42 PM,11/27/2025,
10,0.0,gf,0.000,mm,OK,--,3:05:42 PM,11/27/2025,
11,0.0,gf,0.000,mm,OK,--,3:05:42 PM,11/27/2025,
12,0.0,gf,0.000,mm,OK,--,3:05:42 PM,11/27/2025,
13,0.0,gf,0.000,mm,OK,--,3:05:42 PM,11/27/2025,
14,0.2,gf,0.000,mm,OK,--,3:05:42 PM,11/27/2025,
15,0.0,gf,0.000,mm,OK,--,3:05:42 PM,11/27/2025,
16,-0.1,gf,0.000,mm,OK,--,3:05:42 PM,11/27/2025,
17,0.0,gf,0.000,mm,OK,--,3:05:42 PM,11/27/2025,
18,0.0,gf,0.000,mm,OK,--,3:05:43 PM,11/27/2025,
19,0.1,gf,0.000,mm,OK,--,3:05:43 PM,11/27/2025,
20,-0.1,gf,0.000,mm,OK,--,3:05:43 PM,11/27/2025,
21,-0.1,gf,0.000,mm,OK,--,3:05:43 PM,11/27/2025,
22,0.1,gf,0.000,mm,OK,--,3:05:43 PM,11/27/2025,
23,0.1,gf,0.000,mm,OK,--,3:05:43 PM,11/27/2025,
24,-0.1,gf,0.000,mm,OK,--,3:05:43 PM,11/27/2025,
25,0.1,gf,0.000,mm,OK,--,3:05:43 PM,11/27/2025,
26,0.1,gf,0.000,mm,OK,--,3:05:43 PM,11/27/2025,
27,0.0,gf,0.000,mm,OK,--,3:05:43 PM,11/27/2025,
28,0.0,gf,0.000,mm,OK,--,3:05:44 PM,11/27/2025,
29,0.0,gf,0.000,mm,OK,--,3:05:44 PM,11/27/2025,
30,0.1,gf,0.000,mm,OK,--,3:05:44 PM,11/27/2025,
31,0.0,gf,0.000,mm,OK,--,3:05:44 PM,11/27/2025,
32,-0.1,gf,0.000,mm,OK,--,3:05:44 PM,11/27/2025,
33,0.1,gf,0.000,mm,OK,--,3:05:44 PM,11/27/2025,
34,0.0,gf,0.000,mm,OK,--,3:05:44 PM,11/27/2025,
35,-0.1,gf,0.000,mm,OK,--,3:05:44 PM,11/27/2025,
36,0.0,gf,0.005,mm,OK,--,3:05:44 PM,11/27/2025,
37,0.2,gf,0.005,mm,OK,--,3:05:44 PM,11/27/2025,
38,0.0,gf,0.010,mm,OK,--,3:05:45 PM,11/27/2025,
39,-0.1,gf,0.010,mm,OK,--,3:05:45 PM,11/27/2025,
40,0.2,gf,0.020,mm,OK,--,3:05:45 PM,11/27/2025,
41,0.0,gf,0.025,mm,OK,--,3:05:45 PM,11/27/2025,
42,-0.1,gf,0.035,mm,OK,--,3:05:45 PM,11/27/2025,
43,0.0,gf,0.040,mm,OK,--,3:05:45 PM,11/27/2025,
44,0.0,gf,0.045,mm,OK,--,3:05:45 PM,11/27/2025,
45,0.0,gf,0.050,mm,OK,--,3:05:45 PM,11/27/2025,
46,-0.1,gf,0.055,mm,OK,--,3:05:45 PM,11/27/2025,
47,0.0,gf,0.060,mm,OK,--,3:05:45 PM,11/27/2025,
48,0.1,gf,0.065,mm,OK,--,3:05:46 PM,11/27/2025,
49,-0.1,gf,0.070,mm,OK,--,3:05:46 PM,11/27/2025,
50,0.0,gf,0.075,mm,OK,--,3:05:46 PM,11/27/2025,
51,0.1,gf,0.080,mm,OK,--,3:05:46 PM,11/27/2025,
52,0.0,gf,0.090,mm,OK,--,3:05:46 PM,11/27/2025,
53,0.0,gf,0.095,mm,OK,--,3:05:46 PM,11/27/2025,
54,0.1,gf,0.100,mm,OK,--,3:05:46 PM,11/27/2025,
55,0.1,gf,0.105,mm,OK,--,3:05:46 PM,11/27/2025,
56,0.1,gf,0.115,mm,OK,--,3:05:46 PM,11/27/2025,
57,0.0,gf,0.120,mm,OK,--,3:05:46 PM,11/27/2025,
58,0.1,gf,0.125,mm,OK,--,3:05:47 PM,11/27/2025,
59,0.2,gf,0.135,mm,OK,--,3:05:47 PM,11/27/2025,
60,0.0,gf,0.145,mm,OK,--,3:05:47 PM,11/27/2025,
61,0.0,gf,0.150,mm,OK,--,3:05:47 PM,11/27/2025,
62,0.0,gf,0.155,mm,OK,--,3:05:47 PM,11/27/2025,
63,0.1,gf,0.165,mm,OK,--,3:05:47 PM,11/27/2025,
64,-0.1,gf,0.170,mm,OK,--,3:05:47 PM,11/27/2025,
65,-0.1,gf,0.175,mm,OK,--,3:05:47 PM,11/27/2025,
66,0.1,gf,0.180,mm,OK,--,3:05:47 PM,11/27/2025,
67,0.1,gf,0.185,mm,OK,--,3:05:47 PM,11/27/2025,
68,-0.1,gf,0.185,mm,OK,--,3:05:48 PM,11/27/2025,
69,0.0,gf,0.190,mm,OK,--,3:05:48 PM,11/27/2025,
70,0.1,gf,0.195,mm,OK,--,3:05:48 PM,11/27/2025,
71,0.1,gf,0.200,mm,OK,--,3:05:48 PM,11/27/2025,
72,-0.1,gf,0.210,mm,OK,--,3:05:48 PM,11/27/2025,
73,0.2,gf,0.215,mm,OK,--,3:05:48 PM,11/27/2025,
74,0.0,gf,0.230,mm,OK,--,3:05:48 PM,11/27/2025,
75,0.0,gf,0.240,mm,OK,--,3:05:48 PM,11/27/2025,
76,-0.1,gf,0.250,mm,OK,--,3:05:48 PM,11/27/2025,
77,0.1,gf,0.260,mm,OK,--,3:05:48 PM,11/27/2025,
78,0.0,gf,0.265,mm,OK,--,3:05:49 PM,11/27/2025,
79,0.0,gf,0.270,mm,OK,--,3:05:49 PM,11/27/2025,
80,0.0,gf,0.275,mm,OK,--,3:05:49 PM,11/27/2025,
81,0.1,gf,0.285,mm,OK,--,3:05:49 PM,11/27/2025,
82,0.0,gf,0.290,mm,OK,--,3:05:49 PM,11/27/2025,
83,-0.1,gf,0.300,mm,OK,--,3:05:49 PM,11/27/2025,
84,0.1,gf,0.310,mm,OK,--,3:05:49 PM,11/27/2025,
85,0.2,gf,0.315,mm,OK,--,3:05:49 PM,11/27/2025,
86,0.0,gf,0.325,mm,OK,--,3:05:49 PM,11/27/2025,
87,-0.1,gf,0.335,mm,OK,--,3:05:49 PM,11/27/2025,
88,1.4,gf,0.340,mm,OK,--,3:05:50 PM,11/27/2025,
89,7.1,gf,0.345,mm,OK,--,3:05:50 PM,11/27/2025,
90,12.4,gf,0.350,mm,OK,--,3:05:50 PM,11/27/2025,
91,16.9,gf,0.355,mm,OK,--,3:05:50 PM,11/27/2025,
92,20.2,gf,0.360,mm,OK,--,3:05:50 PM,11/27/2025,
93,23.7,gf,0.365,mm,OK,--,3:05:50 PM,11/27/2025,
94,27.0,gf,0.370,mm,OK,--,3:05:50 PM,11/27/2025,
95,30.1,gf,0.370,mm,OK,--,3:05:50 PM,11/27/2025,
96,33.1,gf,0.375,mm,OK,--,3:05:50 PM,11/27/2025,
97,34.1,gf,0.380,mm,OK,--,3:05:50 PM,11/27/2025,
98,34.2,gf,0.380,mm,OK,--,3:05:51 PM,11/27/2025,
99,33.7,gf,0.385,mm,OK,--,3:05:51 PM,11/27/2025,
100,33.7,gf,0.385,mm,OK,--,3:05:51 PM,11/27/2025,
101,33.7,gf,0.390,mm,OK,--,3:05:51 PM,11/27/2025,
102,33.6,gf,0.390,mm,OK,--,3:05:51 PM,11/27/2025,
103,33.4,gf,0.395,mm,OK,--,3:05:51 PM,11/27/2025,
104,33.3,gf,0.400,mm,OK,--,3:05:51 PM,11/27/2025,
105,33.2,gf,0.405,mm,OK,--,3:05:51 PM,11/27/2025,
106,33.1,gf,0.405,mm,OK,--,3:05:51 PM,11/27/2025,
107,33.1,gf,0.410,mm,OK,--,3:05:51 PM,11/27/2025,
108,33.1,gf,0.415,mm,OK,--,3:05:52 PM,11/27/2025,
109,33.0,gf,0.415,mm,OK,--,3:05:52 PM,11/27/2025,
110,32.9,gf,0.420,mm,OK,--,3:05:52 PM,11/27/2025,
111,32.8,gf,0.420,mm,OK,--,3:05:52 PM,11/27/2025,
112,33.0,gf,0.425,mm,OK,--,3:05:52 PM,11/27/2025,
113,32.9,gf,0.425,mm,OK,--,3:05:52 PM,11/27/2025,
114,32.8,gf,0.430,mm,OK,--,3:05:52 PM,11/27/2025,
115,32.9,gf,0.430,mm,OK,--,3:05:52 PM,11/27/2025,
116,32.8,gf,0.435,mm,OK,--,3:05:52 PM,11/27/2025,
117,32.8,gf,0.440,mm,OK,--,3:05:52 PM,11/27/2025,
118,32.8,gf,0.440,mm,OK,--,3:05:53 PM,11/27/2025,
119,33.0,gf,0.445,mm,OK,--,3:05:53 PM,11/27/2025,
120,33.0,gf,0.450,mm,OK,--,3:05:53 PM,11/27/2025,
121,33.0,gf,0.455,mm,OK,--,3:05:53 PM,11/27/2025,
122,32.9,gf,0.460,mm,OK,--,3:05:53 PM,11/27/2025,
123,32.9,gf,0.465,mm,OK,--,3:05:53 PM,11/27/2025,
124,32.8,gf,0.465,mm,OK,--,3:05:53 PM,11/27/2025,
125,32.9,gf,0.470,mm,OK,--,3:05:53 PM,11/27/2025,
126,33.0,gf,0.475,mm,OK,--,3:05:53 PM,11/27/2025,
127,32.9,gf,0.480,mm,OK,--,3:05:53 PM,11/27/2025,
128,32.8,gf,0.485,mm,OK,--,3:05:54 PM,11/27/2025,
129,32.6,gf,0.485,mm,OK,--,3:05:54 PM,11/27/2025,
130,32.5,gf,0.490,mm,OK,--,3:05:54 PM,11/27/2025,
131,32.5,gf,0.495,mm,OK,--,3:05:54 PM,11/27/2025,
132,32.5,gf,0.495,mm,OK,--,3:05:54 PM,11/27/2025,
133,32.5,gf,0.500,mm,OK,--,3:05:54 PM,11/27/2025,
134,32.5,gf,0.500,mm,OK,--,3:05:54 PM,11/27/2025,
135,32.5,gf,0.505,mm,OK,--,3:05:54 PM,11/27/2025,
136,32.6,gf,0.505,mm,OK,--,3:05:54 PM,11/27/2025,
137,32.6,gf,0.505,mm,OK,--,3:05:54 PM,11/27/2025,
138,32.8,gf,0.510,mm,OK,--,3:05:55 PM,11/27/2025,
139,32.8,gf,0.515,mm,OK,--,3:05:55 PM,11/27/2025,
140,32.7,gf,0.515,mm,OK,--,3:05:55 PM,11/27/2025,
141,32.8,gf,0.515,mm,OK,--,3:05:55 PM,11/27/2025,
142,32.8,gf,0.520,mm,OK,--,3:05:55 PM,11/27/2025,
143,32.8,gf,0.520,mm,OK,--,3:05:55 PM,11/27/2025,
144,33.0,gf,0.525,mm,OK,--,3:05:55 PM,11/27/2025,
145,33.1,gf,0.530,mm,OK,--,3:05:55 PM,11/27/2025,
146,33.0,gf,0.535,mm,OK,--,3:05:55 PM,11/27/2025,
147,33.1,gf,0.535,mm,OK,--,3:05:55 PM,11/27/2025,
148,33.0,gf,0.540,mm,OK,--,3:05:56 PM,11/27/2025,
149,33.0,gf,0.545,mm,OK,--,3:05:56 PM,11/27/2025,
150,33.0,gf,0.550,mm,OK,--,3:05:56 PM,11/27/2025,
151,33.1,gf,0.555,mm,OK,--,3:05:56 PM,11/27/2025,
152,33.2,gf,0.555,mm,OK,--,3:05:56 PM,11/27/2025,
153,33.0,gf,0.560,mm,OK,--,3:05:56 PM,11/27/2025,
154,33.1,gf,0.565,mm,OK,--,3:05:56 PM,11/27/2025,
155,33.1,gf,0.570,mm,OK,--,3:05:56 PM,11/27/2025,
156,33.1,gf,0.575,mm,OK,--,3:05:56 PM,11/27/2025,
157,33.1,gf,0.580,mm,OK,--,3:05:56 PM,11/27/2025,
158,33.1,gf,0.585,mm,OK,--,3:05:57 PM,11/27/2025,
159,33.2,gf,0.595,mm,OK,--,3:05:57 PM,11/27/2025,
160,33.1,gf,0.600,mm,OK,--,3:05:57 PM,11/27/2025,
161,33.1,gf,0.605,mm,OK,--,3:05:57 PM,11/27/2025,
162,33.0,gf,0.610,mm,OK,--,3:05:57 PM,11/27/2025,
163,33.0,gf,0.615,mm,OK,--,3:05:57 PM,11/27/2025,
164,33.0,gf,0.620,mm,OK,--,3:05:57 PM,11/27/2025,
165,32.9,gf,0.625,mm,OK,--,3:05:57 PM,11/27/2025,
166,33.0,gf,0.630,mm,OK,--,3:05:57 PM,11/27/2025,
167,33.2,gf,0.630,mm,OK,--,3:05:57 PM,11/27/2025,
168,33.3,gf,0.640,mm,OK,--,3:05:58 PM,11/27/2025,
169,33.3,gf,0.645,mm,OK,--,3:05:58 PM,11/27/2025,
170,33.3,gf,0.650,mm,OK,--,3:05:58 PM,11/27/2025,
171,33.3,gf,0.655,mm,OK,--,3:05:58 PM,11/27/2025,
172,33.3,gf,0.660,mm,OK,--,3:05:58 PM,11/27/2025,
173,33.3,gf,0.665,mm,OK,--,3:05:58 PM,11/27/2025,
174,33.1,gf,0.670,mm,OK,--,3:05:58 PM,11/27/2025,
175,33.2,gf,0.675,mm,OK,--,3:05:58 PM,11/27/2025,
176,33.2,gf,0.680,mm,OK,--,3:05:58 PM,11/27/2025,
177,33.3,gf,0.685,mm,OK,--,3:05:58 PM,11/27/2025,
178,33.3,gf,0.690,mm,OK,--,3:05:59 PM,11/27/2025,
179,33.3,gf,0.695,mm,OK,--,3:05:59 PM,11/27/2025,
180,33.3,gf,0.700,mm,OK,--,3:05:59 PM,11/27/2025,
181,33.5,gf,0.705,mm,OK,--,3:05:59 PM,11/27/2025,
182,33.5,gf,0.710,mm,OK,--,3:05:59 PM,11/27/2025,
183,33.5,gf,0.715,mm,OK,--,3:05:59 PM,11/27/2025,
184,33.5,gf,0.725,mm,OK,--,3:05:59 PM,11/27/2025,
185,33.4,gf,0.730,mm,OK,--,3:05:59 PM,11/27/2025,
186,33.4,gf,0.735,mm,OK,--,3:05:59 PM,11/27/2025,
187,33.4,gf,0.740,mm,OK,--,3:05:59 PM,11/27/2025,
188,33.4,gf,0.745,mm,OK,--,3:06:00 PM,11/27/2025,
189,33.4,gf,0.750,mm,OK,--,3:06:00 PM,11/27/2025,
190,33.4,gf,0.755,mm,OK,--,3:06:00 PM,11/27/2025,
191,33.4,gf,0.760,mm,OK,--,3:06:00 PM,11/27/2025,
192,33.3,gf,0.760,mm,OK,--,3:06:00 PM,11/27/2025,
193,33.5,gf,0.765,mm,OK,--,3:06:00 PM,11/27/2025,
194,33.4,gf,0.770,mm,OK,--,3:06:00 PM,11/27/2025,
195,33.4,gf,0.775,mm,OK,--,3:06:00 PM,11/27/2025,
196,33.5,gf,0.775,mm,OK,--,3:06:00 PM,11/27/2025,
197,33.4,gf,0.780,mm,OK,--,3:06:00 PM,11/27/2025,
198,33.4,gf,0.780,mm,OK,--,3:06:01 PM,11/27/2025,
199,33.4,gf,0.785,mm,OK,--,3:06:01 PM,11/27/2025,
200,33.4,gf,0.785,mm,OK,--,3:06:01 PM,11/27/2025,
201,33.5,gf,0.790,mm,OK,--,3:06:01 PM,11/27/2025,
202,33.5,gf,0.795,mm,OK,--,3:06:01 PM,11/27/2025,
203,33.6,gf,0.800,mm,OK,--,3:06:01 PM,11/27/2025,
204,33.5,gf,0.805,mm,OK,--,3:06:01 PM,11/27/2025,
205,33.5,gf,0.810,mm,OK,--,3:06:01 PM,11/27/2025,
206,33.6,gf,0.815,mm,OK,--,3:06:01 PM,11/27/2025,
207,33.5,gf,0.815,mm,OK,--,3:06:01 PM,11/27/2025,
208,33.5,gf,0.820,mm,OK,--,3:06:02 PM,11/27/2025,
209,33.6,gf,0.820,mm,OK,--,3:06:02 PM,11/27/2025,
210,33.5,gf,0.825,mm,OK,--,3:06:02 PM,11/27/2025,
211,33.5,gf,0.830,mm,OK,--,3:06:02 PM,11/27/2025,
212,33.5,gf,0.835,mm,OK,--,3:06:02 PM,11/27/2025,
213,33.6,gf,0.835,mm,OK,--,3:06:02 PM,11/27/2025,
214,33.6,gf,0.840,mm,OK,--,3:06:02 PM,11/27/2025,
215,33.6,gf,0.845,mm,OK,--,3:06:02 PM,11/27/2025,
216,33.7,gf,0.845,mm,OK,--,3:06:02 PM,11/27/2025,
217,33.7,gf,0.850,mm,OK,--,3:06:02 PM,11/27/2025,
218,33.7,gf,0.855,mm,OK,--,3:06:03 PM,11/27/2025,
219,33.9,gf,0.860,mm,OK,--,3:06:03 PM,11/27/2025,
220,34.3,gf,0.865,mm,OK,--,3:06:03 PM,11/27/2025,
221,34.3,gf,0.865,mm,OK,--,3:06:03 PM,11/27/2025,
222,34.3,gf,0.870,mm,OK,--,3:06:03 PM,11/27/2025,
223,34.2,gf,0.875,mm,OK,--,3:06:03 PM,11/27/2025,
224,34.2,gf,0.875,mm,OK,--,3:06:03 PM,11/27/2025,
225,34.2,gf,0.880,mm,OK,--,3:06:03 PM,11/27/2025,
226,34.2,gf,0.885,mm,OK,--,3:06:03 PM,11/27/2025,
227,34.1,gf,0.885,mm,OK,--,3:06:03 PM,11/27/2025,
228,34.1,gf,0.885,mm,OK,--,3:06:04 PM,11/27/2025,
229,34.1,gf,0.890,mm,OK,--,3:06:04 PM,11/27/2025,
230,34.2,gf,0.890,mm,OK,--,3:06:04 PM,11/27/2025,
231,34.4,gf,0.895,mm,OK,--,3:06:04 PM,11/27/2025,
232,34.3,gf,0.895,mm,OK,--,3:06:04 PM,11/27/2025,
233,34.3,gf,0.900,mm,OK,--,3:06:04 PM,11/27/2025,
234,34.4,gf,0.910,mm,OK,--,3:06:04 PM,11/27/2025,
235,34.3,gf,0.915,mm,OK,--,3:06:04 PM,11/27/2025,
236,34.3,gf,0.915,mm,OK,--,3:06:04 PM,11/27/2025,
237,34.3,gf,0.920,mm,OK,--,3:06:04 PM,11/27/2025,
238,34.3,gf,0.925,mm,OK,--,3:06:05 PM,11/27/2025,
239,34.3,gf,0.935,mm,OK,--,3:06:05 PM,11/27/2025,
240,34.2,gf,0.935,mm,OK,--,3:06:05 PM,11/27/2025,
241,34.2,gf,0.940,mm,OK,--,3:06:05 PM,11/27/2025,
242,34.2,gf,0.945,mm,OK,--,3:06:05 PM,11/27/2025,
243,34.2,gf,0.950,mm,OK,--,3:06:05 PM,11/27/2025,
244,34.2,gf,0.955,mm,OK,--,3:06:05 PM,11/27/2025,
245,34.2,gf,0.960,mm,OK,--,3:06:05 PM,11/27/2025,
246,34.2,gf,0.960,mm,OK,--,3:06:05 PM,11/27/2025,
247,34.2,gf,0.965,mm,OK,--,3:06:05 PM,11/27/2025,
248,34.2,gf,0.970,mm,OK,--,3:06:06 PM,11/27/2025,
249,34.2,gf,0.970,mm,OK,--,3:06:06 PM,11/27/2025,
250,34.2,gf,0.975,mm,OK,--,3:06:06 PM,11/27/2025,
251,34.2,gf,0.980,mm,OK,--,3:06:06 PM,11/27/2025,
252,34.2,gf,0.980,mm,OK,--,3:06:06 PM,11/27/2025,
253,34.2,gf,0.985,mm,OK,--,3:06:06 PM,11/27/2025,
254,34.2,gf,0.990,mm,OK,--,3:06:06 PM,11/27/2025,
255,34.2,gf,0.990,mm,OK,--,3:06:06 PM,11/27/2025,
256,34.2,gf,0.995,mm,OK,--,3:06:06 PM,11/27/2025,
257,34.3,gf,1.000,mm,OK,--,3:06:06 PM,11/27/2025,
258,34.3,gf,1.005,mm,OK,--,3:06:07 PM,11/27/2025,
259,34.3,gf,1.010,mm,OK,--,3:06:07 PM,11/27/2025,
260,34.2,gf,1.015,mm,OK,--,3:06:07 PM,11/27/2025,
261,34.2,gf,1.020,mm,OK,--,3:06:07 PM,11/27/2025,
262,34.3,gf,1.020,mm,OK,--,3:06:07 PM,11/27/2025,
263,34.3,gf,1.025,mm,OK,--,3:06:07 PM,11/27/2025,
264,34.2,gf,1.030,mm,OK,--,3:06:07 PM,11/27/2025,
265,34.2,gf,1.035,mm,OK,--,3:06:07 PM,11/27/2025,
266,34.2,gf,1.040,mm,OK,--,3:06:07 PM,11/27/2025,
267,34.2,gf,1.045,mm,OK,--,3:06:07 PM,11/27/2025,
268,34.2,gf,1.045,mm,OK,--,3:06:08 PM,11/27/2025,
269,34.2,gf,1.050,mm,OK,--,3:06:08 PM,11/27/2025,
270,34.2,gf,1.055,mm,OK,--,3:06:08 PM,11/27/2025,
271,34.2,gf,1.060,mm,OK,--,3:06:08 PM,11/27/2025,
272,34.3,gf,1.060,mm,OK,--,3:06:08 PM,11/27/2025,
273,34.3,gf,1.065,mm,OK,--,3:06:08 PM,11/27/2025,
274,34.3,gf,1.070,mm,OK,--,3:06:08 PM,11/27/2025,
275,34.3,gf,1.075,mm,OK,--,3:06:08 PM,11/27/2025,
276,34.3,gf,1.080,mm,OK,--,3:06:08 PM,11/27/2025,
277,34.2,gf,1.080,mm,OK,--,3:06:08 PM,11/27/2025,
278,34.2,gf,1.085,mm,OK,--,3:06:09 PM,11/27/2025,
279,34.2,gf,1.090,mm,OK,--,3:06:09 PM,11/27/2025,
280,34.1,gf,1.095,mm,OK,--,3:06:09 PM,11/27/2025,
281,34.2,gf,1.095,mm,OK,--,3:06:09 PM,11/27/2025,
282,34.2,gf,1.100,mm,OK,--,3:06:09 PM,11/27/2025,
283,34.2,gf,1.100,mm,OK,--,3:06:09 PM,11/27/2025,
284,34.2,gf,1.105,mm,OK,--,3:06:09 PM,11/27/2025,
285,34.2,gf,1.110,mm,OK,--,3:06:09 PM,11/27/2025,
286,34.1,gf,1.110,mm,OK,--,3:06:09 PM,11/27/2025,
287,34.2,gf,1.115,mm,OK,--,3:06:09 PM,11/27/2025,
288,34.2,gf,1.120,mm,OK,--,3:06:10 PM,11/27/2025,
289,34.2,gf,1.125,mm,OK,--,3:06:10 PM,11/27/2025,
290,34.2,gf,1.130,mm,OK,--,3:06:10 PM,11/27/2025,
291,34.2,gf,1.135,mm,OK,--,3:06:10 PM,11/27/2025,
292,34.2,gf,1.135,mm,OK,--,3:06:10 PM,11/27/2025,
293,34.2,gf,1.140,mm,OK,--,3:06:10 PM,11/27/2025,
294,34.2,gf,1.145,mm,OK,--,3:06:10 PM,11/27/2025,
295,34.2,gf,1.150,mm,OK,--,3:06:10 PM,11/27/2025,
296,34.2,gf,1.150,mm,OK,--,3:06:10 PM,11/27/2025,
297,34.3,gf,1.155,mm,OK,--,3:06:10 PM,11/27/2025,
298,34.2,gf,1.160,mm,OK,--,3:06:11 PM,11/27/2025,
299,34.2,gf,1.165,mm,OK,--,3:06:11 PM,11/27/2025,
300,34.3,gf,1.165,mm,OK,--,3:06:11 PM,11/27/2025,
301,34.3,gf,1.170,mm,OK,--,3:06:11 PM,11/27/2025,
302,34.3,gf,1.170,mm,OK,--,3:06:11 PM,11/27/2025,
303,34.3,gf,1.175,mm,OK,--,3:06:11 PM,11/27/2025,
304,34.3,gf,1.180,mm,OK,--,3:06:11 PM,11/27/2025,
305,34.3,gf,1.180,mm,OK,--,3:06:11 PM,11/27/2025,
306,34.3,gf,1.185,mm,OK,--,3:06:11 PM,11/27/2025,
307,34.4,gf,1.190,mm,OK,--,3:06:11 PM,11/27/2025,
308,34.5,gf,1.190,mm,OK,--,3:06:12 PM,11/27/2025,
309,34.5,gf,1.195,mm,OK,--,3:06:12 PM,11/27/2025,
310,34.5,gf,1.200,mm,OK,--,3:06:12 PM,11/27/2025,
311,34.5,gf,1.200,mm,OK,--,3:06:12 PM,11/27/2025,
312,34.5,gf,1.205,mm,OK,--,3:06:12 PM,11/27/2025,
313,34.5,gf,1.210,mm,OK,--,3:06:12 PM,11/27/2025,
314,34.5,gf,1.215,mm,OK,--,3:06:12 PM,11/27/2025,
315,34.5,gf,1.215,mm,OK,--,3:06:12 PM,11/27/2025,
316,34.6,gf,1.220,mm,OK,--,3:06:12 PM,11/27/2025,
317,34.5,gf,1.225,mm,OK,--,3:06:12 PM,11/27/2025,
318,34.5,gf,1.225,mm,OK,--,3:06:13 PM,11/27/2025,
319,34.5,gf,1.230,mm,OK,--,3:06:13 PM,11/27/2025,
320,34.5,gf,1.235,mm,OK,--,3:06:13 PM,11/27/2025,
321,34.5,gf,1.235,mm,OK,--,3:06:13 PM,11/27/2025,
322,34.5,gf,1.240,mm,OK,--,3:06:13 PM,11/27/2025,
323,34.4,gf,1.245,mm,OK,--,3:06:13 PM,11/27/2025,
324,34.4,gf,1.250,mm,OK,--,3:06:13 PM,11/27/2025,
325,34.4,gf,1.255,mm,OK,--,3:06:13 PM,11/27/2025,
326,34.4,gf,1.260,mm,OK,--,3:06:13 PM,11/27/2025,
327,34.4,gf,1.270,mm,OK,--,3:06:13 PM,11/27/2025,
328,34.4,gf,1.275,mm,OK,--,3:06:14 PM,11/27/2025,
329,34.6,gf,1.280,mm,OK,--,3:06:14 PM,11/27/2025,
330,34.6,gf,1.290,mm,OK,--,3:06:14 PM,11/27/2025,
331,34.7,gf,1.295,mm,OK,--,3:06:14 PM,11/27/2025,
332,34.8,gf,1.305,mm,OK,--,3:06:14 PM,11/27/2025,
333,34.9,gf,1.315,mm,OK,--,3:06:14 PM,11/27/2025,
334,34.9,gf,1.320,mm,OK,--,3:06:14 PM,11/27/2025,
335,35.0,gf,1.330,mm,OK,--,3:06:14 PM,11/27/2025,
336,35.0,gf,1.340,mm,OK,--,3:06:14 PM,11/27/2025,
337,34.9,gf,1.345,mm,OK,--,3:06:14 PM,11/27/2025,
338,34.9,gf,1.350,mm,OK,--,3:06:15 PM,11/27/2025,
339,35.0,gf,1.360,mm,OK,--,3:06:15 PM,11/27/2025,
340,35.0,gf,1.365,mm,OK,--,3:06:15 PM,11/27/2025,
341,35.1,gf,1.375,mm,OK,--,3:06:15 PM,11/27/2025,
342,35.1,gf,1.380,mm,OK,--,3:06:15 PM,11/27/2025,
343,35.1,gf,1.390,mm,OK,--,3:06:15 PM,11/27/2025,
344,35.1,gf,1.395,mm,OK,--,3:06:15 PM,11/27/2025,
345,35.2,gf,1.400,mm,OK,--,3:06:15 PM,11/27/2025,
346,35.1,gf,1.405,mm,OK,--,3:06:15 PM,11/27/2025,
347,35.2,gf,1.415,mm,OK,--,3:06:15 PM,11/27/2025,
348,35.2,gf,1.420,mm,OK,--,3:06:16 PM,11/27/2025,
349,35.2,gf,1.425,mm,OK,--,3:06:16 PM,11/27/2025,
350,35.2,gf,1.430,mm,OK,--,3:06:16 PM,11/27/2025,
351,35.2,gf,1.435,mm,OK,--,3:06:16 PM,11/27/2025,
352,35.3,gf,1.435,mm,OK,--,3:06:16 PM,11/27/2025,
353,35.3,gf,1.440,mm,OK,--,3:06:16 PM,11/27/2025,
354,35.3,gf,1.445,mm,OK,--,3:06:16 PM,11/27/2025,
355,35.3,gf,1.445,mm,OK,--,3:06:16 PM,11/27/2025,
356,35.3,gf,1.450,mm,OK,--,3:06:16 PM,11/27/2025,
357,35.3,gf,1.455,mm,OK,--,3:06:16 PM,11/27/2025,
358,35.4,gf,1.460,mm,OK,--,3:06:17 PM,11/27/2025,
359,35.4,gf,1.465,mm,OK,--,3:06:17 PM,11/27/2025,
360,35.4,gf,1.470,mm,OK,--,3:06:17 PM,11/27/2025,
361,35.5,gf,1.475,mm,OK,--,3:06:17 PM,11/27/2025,
362,35.5,gf,1.480,mm,OK,--,3:06:17 PM,11/27/2025,
363,35.5,gf,1.490,mm,OK,--,3:06:17 PM,11/27/2025,
364,35.5,gf,1.495,mm,OK,--,3:06:17 PM,11/27/2025,
365,35.6,gf,1.500,mm,OK,--,3:06:17 PM,11/27/2025,
366,35.6,gf,1.505,mm,OK,--,3:06:17 PM,11/27/2025,
367,35.7,gf,1.510,mm,OK,--,3:06:17 PM,11/27/2025,
368,35.7,gf,1.520,mm,OK,--,3:06:18 PM,11/27/2025,
369,35.7,gf,1.525,mm,OK,--,3:06:18 PM,11/27/2025,
370,35.8,gf,1.530,mm,OK,--,3:06:18 PM,11/27/2025,
371,35.7,gf,1.535,mm,OK,--,3:06:18 PM,11/27/2025,
372,35.7,gf,1.540,mm,OK,--,3:06:18 PM,11/27/2025,
373,35.8,gf,1.545,mm,OK,--,3:06:18 PM,11/27/2025,
374,35.9,gf,1.550,mm,OK,--,3:06:18 PM,11/27/2025,
375,35.9,gf,1.555,mm,OK,--,3:06:18 PM,11/27/2025,
376,36.0,gf,1.560,mm,OK,--,3:06:18 PM,11/27/2025,
377,35.9,gf,1.565,mm,OK,--,3:06:18 PM,11/27/2025,
378,36.0,gf,1.570,mm,OK,--,3:06:19 PM,11/27/2025,
379,35.9,gf,1.575,mm,OK,--,3:06:19 PM,11/27/2025,
380,35.9,gf,1.580,mm,OK,--,3:06:19 PM,11/27/2025,
381,35.9,gf,1.580,mm,OK,--,3:06:19 PM,11/27/2025,
382,36.0,gf,1.585,mm,OK,--,3:06:19 PM,11/27/2025,
383,36.0,gf,1.590,mm,OK,--,3:06:19 PM,11/27/2025,
384,36.1,gf,1.595,mm,OK,--,3:06:19 PM,11/27/2025,
385,36.0,gf,1.600,mm,OK,--,3:06:19 PM,11/27/2025,
386,36.1,gf,1.605,mm,OK,--,3:06:19 PM,11/27/2025,
387,36.2,gf,1.610,mm,OK,--,3:06:19 PM,11/27/2025,
388,36.2,gf,1.615,mm,OK,--,3:06:20 PM,11/27/2025,
389,36.2,gf,1.615,mm,OK,--,3:06:20 PM,11/27/2025,
390,36.3,gf,1.620,mm,OK,--,3:06:20 PM,11/27/2025,
391,36.3,gf,1.625,mm,OK,--,3:06:20 PM,11/27/2025,
392,36.3,gf,1.625,mm,OK,--,3:06:20 PM,11/27/2025,
393,36.3,gf,1.630,mm,OK,--,3:06:20 PM,11/27/2025,
394,36.3,gf,1.635,mm,OK,--,3:06:20 PM,11/27/2025,
395,36.3,gf,1.640,mm,OK,--,3:06:20 PM,11/27/2025,
396,36.3,gf,1.640,mm,OK,--,3:06:20 PM,11/27/2025,
397,36.3,gf,1.645,mm,OK,--,3:06:20 PM,11/27/2025,
398,36.3,gf,1.650,mm,OK,--,3:06:21 PM,11/27/2025,
399,36.3,gf,1.650,mm,OK,--,3:06:21 PM,11/27/2025,
400,36.3,gf,1.655,mm,OK,--,3:06:21 PM,11/27/2025,
401,36.3,gf,1.655,mm,OK,--,3:06:21 PM,11/27/2025,
402,36.4,gf,1.660,mm,OK,--,3:06:21 PM,11/27/2025,
403,36.4,gf,1.665,mm,OK,--,3:06:21 PM,11/27/2025,
404,36.3,gf,1.670,mm,OK,--,3:06:21 PM,11/27/2025,
405,36.3,gf,1.675,mm,OK,--,3:06:21 PM,11/27/2025,
406,36.3,gf,1.680,mm,OK,--,3:06:21 PM,11/27/2025,
407,36.3,gf,1.685,mm,OK,--,3:06:21 PM,11/27/2025,
408,36.4,gf,1.690,mm,OK,--,3:06:22 PM,11/27/2025,
409,36.3,gf,1.690,mm,OK,--,3:06:22 PM,11/27/2025,
410,36.4,gf,1.695,mm,OK,--,3:06:22 PM,11/27/2025,
411,36.4,gf,1.700,mm,OK,--,3:06:22 PM,11/27/2025,
412,36.4,gf,1.705,mm,OK,--,3:06:22 PM,11/27/2025,
413,36.4,gf,1.705,mm,OK,--,3:06:22 PM,11/27/2025,
414,36.4,gf,1.710,mm,OK,--,3:06:22 PM,11/27/2025,
415,36.4,gf,1.715,mm,OK,--,3:06:22 PM,11/27/2025,
416,36.5,gf,1.715,mm,OK,--,3:06:22 PM,11/27/2025,
417,36.6,gf,1.720,mm,OK,--,3:06:22 PM,11/27/2025,
418,36.5,gf,1.725,mm,OK,--,3:06:23 PM,11/27/2025,
419,36.6,gf,1.730,mm,OK,--,3:06:23 PM,11/27/2025,
420,36.6,gf,1.735,mm,OK,--,3:06:23 PM,11/27/2025,
421,36.6,gf,1.740,mm,OK,--,3:06:23 PM,11/27/2025,
422,36.6,gf,1.745,mm,OK,--,3:06:23 PM,11/27/2025,
423,36.6,gf,1.750,mm,OK,--,3:06:23 PM,11/27/2025,
424,36.6,gf,1.750,mm,OK,--,3:06:23 PM,11/27/2025,
425,36.6,gf,1.755,mm,OK,--,3:06:23 PM,11/27/2025,
426,36.6,gf,1.760,mm,OK,--,3:06:23 PM,11/27/2025,
427,36.6,gf,1.760,mm,OK,--,3:06:23 PM,11/27/2025,
428,36.6,gf,1.765,mm,OK,--,3:06:24 PM,11/27/2025,
429,36.6,gf,1.770,mm,OK,--,3:06:24 PM,11/27/2025,
430,36.7,gf,1.775,mm,OK,--,3:06:24 PM,11/27/2025,
431,36.7,gf,1.775,mm,OK,--,3:06:24 PM,11/27/2025,
432,36.7,gf,1.780,mm,OK,--,3:06:24 PM,11/27/2025,
433,36.8,gf,1.785,mm,OK,--,3:06:24 PM,11/27/2025,
434,36.8,gf,1.785,mm,OK,--,3:06:24 PM,11/27/2025,
435,36.8,gf,1.785,mm,OK,--,3:06:24 PM,11/27/2025,
436,36.8,gf,1.790,mm,OK,--,3:06:24 PM,11/27/2025,
437,36.8,gf,1.790,mm,OK,--,3:06:24 PM,11/27/2025,
438,36.8,gf,1.795,mm,OK,--,3:06:25 PM,11/27/2025,
439,36.8,gf,1.795,mm,OK,--,3:06:25 PM,11/27/2025,
440,36.8,gf,1.800,mm,OK,--,3:06:25 PM,11/27/2025,
441,36.8,gf,1.800,mm,OK,--,3:06:25 PM,11/27/2025,
442,36.8,gf,1.800,mm,OK,--,3:06:25 PM,11/27/2025,
443,36.8,gf,1.805,mm,OK,--,3:06:25 PM,11/27/2025,
444,36.8,gf,1.805,mm,OK,--,3:06:25 PM,11/27/2025,
445,36.8,gf,1.805,mm,OK,--,3:06:25 PM,11/27/2025,
446,36.8,gf,1.805,mm,OK,--,3:06:25 PM,11/27/2025,
447,36.8,gf,1.810,mm,OK,--,3:06:25 PM,11/27/2025,
448,36.8,gf,1.810,mm,OK,--,3:06:26 PM,11/27/2025,
449,36.8,gf,1.810,mm,OK,--,3:06:26 PM,11/27/2025,
450,36.8,gf,1.810,mm,OK,--,3:06:26 PM,11/27/2025,
451,36.8,gf,1.815,mm,OK,--,3:06:26 PM,11/27/2025,
452,36.8,gf,1.815,mm,OK,--,3:06:26 PM,11/27/2025,
453,36.8,gf,1.815,mm,OK,--,3:06:26 PM,11/27/2025,
454,36.8,gf,1.815,mm,OK,--,3:06:26 PM,11/27/2025,
455,36.9,gf,1.820,mm,OK,--,3:06:26 PM,11/27/2025,
456,36.9,gf,1.820,mm,OK,--,3:06:26 PM,11/27/2025,
457,36.9,gf,1.820,mm,OK,--,3:06:26 PM,11/27/2025,
458,37.0,gf,1.825,mm,OK,--,3:06:27 PM,11/27/2025,
459,37.0,gf,1.825,mm,OK,--,3:06:27 PM,11/27/2025,
460,36.9,gf,1.830,mm,OK,--,3:06:27 PM,11/27/2025,
461,37.0,gf,1.830,mm,OK,--,3:06:27 PM,11/27/2025,
462,36.9,gf,1.835,mm,OK,--,3:06:27 PM,11/27/2025,
463,36.9,gf,1.835,mm,OK,--,3:06:27 PM,11/27/2025,
464,36.9,gf,1.840,mm,OK,--,3:06:27 PM,11/27/2025,
465,36.9,gf,1.845,mm,OK,--,3:06:27 PM,11/27/2025,
466,37.0,gf,1.850,mm,OK,--,3:06:27 PM,11/27/2025,
467,37.0,gf,1.850,mm,OK,--,3:06:27 PM,11/27/2025,
468,37.0,gf,1.855,mm,OK,--,3:06:28 PM,11/27/2025,
469,37.0,gf,1.860,mm,OK,--,3:06:28 PM,11/27/2025,
470,37.0,gf,1.865,mm,OK,--,3:06:28 PM,11/27/2025,
471,37.0,gf,1.870,mm,OK,--,3:06:28 PM,11/27/2025,
472,37.0,gf,1.875,mm,OK,--,3:06:28 PM,11/27/2025,
473,37.1,gf,1.880,mm,OK,--,3:06:28 PM,11/27/2025,
474,37.1,gf,1.880,mm,OK,--,3:06:28 PM,11/27/2025,
475,37.1,gf,1.885,mm,OK,--,3:06:28 PM,11/27/2025,
476,37.2,gf,1.890,mm,OK,--,3:06:28 PM,11/27/2025,
477,37.2,gf,1.895,mm,OK,--,3:06:28 PM,11/27/2025,
478,37.2,gf,1.895,mm,OK,--,3:06:29 PM,11/27/2025,
479,37.2,gf,1.900,mm,OK,--,3:06:29 PM,11/27/2025,
480,37.2,gf,1.905,mm,OK,--,3:06:29 PM,11/27/2025,
481,37.2,gf,1.910,mm,OK,--,3:06:29 PM,11/27/2025,
482,37.2,gf,1.910,mm,OK,--,3:06:29 PM,11/27/2025,
483,37.2,gf,1.915,mm,OK,--,3:06:29 PM,11/27/2025,
484,37.2,gf,1.915,mm,OK,--,3:06:29 PM,11/27/2025,
485,37.2,gf,1.920,mm,OK,--,3:06:29 PM,11/27/2025,
486,37.2,gf,1.925,mm,OK,--,3:06:29 PM,11/27/2025,
487,37.2,gf,1.925,mm,OK,--,3:06:29 PM,11/27/2025,
488,37.2,gf,1.930,mm,OK,--,3:06:30 PM,11/27/2025,
489,37.2,gf,1.930,mm,OK,--,3:06:30 PM,11/27/2025,
490,37.3,gf,1.935,mm,OK,--,3:06:30 PM,11/27/2025,
491,37.3,gf,1.940,mm,OK,--,3:06:30 PM,11/27/2025,
492,37.4,gf,1.940,mm,OK,--,3:06:30 PM,11/27/2025,
493,37.4,gf,1.945,mm,OK,--,3:06:30 PM,11/27/2025,
494,37.4,gf,1.950,mm,OK,--,3:06:30 PM,11/27/2025,
495,37.4,gf,1.955,mm,OK,--,3:06:30 PM,11/27/2025,
496,37.4,gf,1.955,mm,OK,--,3:06:30 PM,11/27/2025,
497,37.4,gf,1.960,mm,OK,--,3:06:30 PM,11/27/2025,
498,37.4,gf,1.965,mm,OK,--,3:06:31 PM,11/27/2025,
499,37.4,gf,1.965,mm,OK,--,3:06:31 PM,11/27/2025,
500,37.4,gf,1.970,mm,OK,--,3:06:31 PM,11/27/2025,
501,37.4,gf,1.970,mm,OK,--,3:06:31 PM,11/27/2025,
502,37.3,gf,1.975,mm,OK,--,3:06:31 PM,11/27/2025,
503,37.3,gf,1.975,mm,OK,--,3:06:31 PM,11/27/2025,
504,37.4,gf,1.980,mm,OK,--,3:06:31 PM,11/27/2025,
505,37.4,gf,1.985,mm,OK,--,3:06:31 PM,11/27/2025,
506,37.4,gf,1.985,mm,OK,--,3:06:31 PM,11/27/2025,
507,37.4,gf,1.990,mm,OK,--,3:06:31 PM,11/27/2025,
508,37.5,gf,1.990,mm,OK,--,3:06:32 PM,11/27/2025,
509,37.6,gf,1.995,mm,OK,--,3:06:32 PM,11/27/2025,
510,37.6,gf,2.000,mm,OK,--,3:06:32 PM,11/27/2025,
511,37.6,gf,2.005,mm,OK,--,3:06:32 PM,11/27/2025,
512,37.6,gf,2.010,mm,OK,--,3:06:32 PM,11/27/2025,
513,37.6,gf,2.010,mm,OK,--,3:06:32 PM,11/27/2025,
514,37.6,gf,2.015,mm,OK,--,3:06:32 PM,11/27/2025,
515,37.6,gf,2.020,mm,OK,--,3:06:32 PM,11/27/2025,
516,37.6,gf,2.020,mm,OK,--,3:06:32 PM,11/27/2025,
517,37.6,gf,2.025,mm,OK,--,3:06:32 PM,11/27/2025,
518,37.7,gf,2.030,mm,OK,--,3:06:33 PM,11/27/2025,
519,37.7,gf,2.035,mm,OK,--,3:06:33 PM,11/27/2025,
520,37.7,gf,2.040,mm,OK,--,3:06:33 PM,11/27/2025,
521,37.7,gf,2.045,mm,OK,--,3:06:33 PM,11/27/2025,
522,37.7,gf,2.050,mm,OK,--,3:06:33 PM,11/27/2025,
523,37.7,gf,2.050,mm,OK,--,3:06:33 PM,11/27/2025,
524,37.7,gf,2.055,mm,OK,--,3:06:33 PM,11/27/2025,
525,37.7,gf,2.060,mm,OK,--,3:06:33 PM,11/27/2025,
526,37.7,gf,2.065,mm,OK,--,3:06:33 PM,11/27/2025,
527,37.8,gf,2.070,mm,OK,--,3:06:33 PM,11/27/2025,
528,37.9,gf,2.075,mm,OK,--,3:06:34 PM,11/27/2025,
529,37.9,gf,2.080,mm,OK,--,3:06:34 PM,11/27/2025,
530,37.9,gf,2.085,mm,OK,--,3:06:34 PM,11/27/2025,
531,37.9,gf,2.090,mm,OK,--,3:06:34 PM,11/27/2025,
532,37.9,gf,2.095,mm,OK,--,3:06:34 PM,11/27/2025,
533,37.9,gf,2.095,mm,OK,--,3:06:34 PM,11/27/2025,
534,37.9,gf,2.100,mm,OK,--,3:06:34 PM,11/27/2025,
535,37.9,gf,2.105,mm,OK,--,3:06:34 PM,11/27/2025,
536,37.9,gf,2.105,mm,OK,--,3:06:34 PM,11/27/2025,
537,37.9,gf,2.110,mm,OK,--,3:06:34 PM,11/27/2025,
538,37.9,gf,2.115,mm,OK,--,3:06:35 PM,11/27/2025,
539,37.9,gf,2.120,mm,OK,--,3:06:35 PM,11/27/2025,
540,37.9,gf,2.125,mm,OK,--,3:06:35 PM,11/27/2025,
541,38.1,gf,2.130,mm,OK,--,3:06:35 PM,11/27/2025,
542,38.1,gf,2.140,mm,OK,--,3:06:35 PM,11/27/2025,
543,38.1,gf,2.150,mm,OK,--,3:06:35 PM,11/27/2025,
544,38.1,gf,2.155,mm,OK,--,3:06:35 PM,11/27/2025,
545,38.2,gf,2.165,mm,OK,--,3:06:35 PM,11/27/2025,
546,38.3,gf,2.175,mm,OK,--,3:06:35 PM,11/27/2025,
547,38.5,gf,2.185,mm,OK,--,3:06:35 PM,11/27/2025,
548,38.6,gf,2.200,mm,OK,--,3:06:36 PM,11/27/2025,
549,38.6,gf,2.210,mm,OK,--,3:06:36 PM,11/27/2025,
550,38.7,gf,2.225,mm,OK,--,3:06:36 PM,11/27/2025,
551,38.8,gf,2.235,mm,OK,--,3:06:36 PM,11/27/2025,
552,38.9,gf,2.250,mm,OK,--,3:06:36 PM,11/27/2025,
553,39.0,gf,2.265,mm,OK,--,3:06:36 PM,11/27/2025,
554,39.0,gf,2.275,mm,OK,--,3:06:36 PM,11/27/2025,
555,39.1,gf,2.285,mm,OK,--,3:06:36 PM,11/27/2025,
556,39.1,gf,2.295,mm,OK,--,3:06:36 PM,11/27/2025,
557,39.1,gf,2.305,mm,OK,--,3:06:36 PM,11/27/2025,
558,39.2,gf,2.310,mm,OK,--,3:06:37 PM,11/27/2025,
559,39.2,gf,2.315,mm,OK,--,3:06:37 PM,11/27/2025,
560,39.2,gf,2.320,mm,OK,--,3:06:37 PM,11/27/2025,
561,39.2,gf,2.325,mm,OK,--,3:06:37 PM,11/27/2025,
562,39.2,gf,2.330,mm,OK,--,3:06:37 PM,11/27/2025,
563,39.3,gf,2.335,mm,OK,--,3:06:37 PM,11/27/2025,
564,39.3,gf,2.335,mm,OK,--,3:06:37 PM,11/27/2025,
565,39.3,gf,2.340,mm,OK,--,3:06:37 PM,11/27/2025,
566,39.3,gf,2.345,mm,OK,--,3:06:37 PM,11/27/2025,
567,39.3,gf,2.345,mm,OK,--,3:06:37 PM,11/27/2025,
568,39.3,gf,2.350,mm,OK,--,3:06:37 PM,11/27/2025,
569,39.3,gf,2.355,mm,OK,--,3:06:38 PM,11/27/2025,
570,39.4,gf,2.360,mm,OK,--,3:06:38 PM,11/27/2025,
571,39.4,gf,2.360,mm,OK,--,3:06:38 PM,11/27/2025,
572,39.4,gf,2.365,mm,OK,--,3:06:38 PM,11/27/2025,
573,39.5,gf,2.375,mm,OK,--,3:06:38 PM,11/27/2025,
574,39.6,gf,2.380,mm,OK,--,3:06:38 PM,11/27/2025,
575,39.5,gf,2.385,mm,OK,--,3:06:38 PM,11/27/2025,
576,39.6,gf,2.395,mm,OK,--,3:06:38 PM,11/27/2025,
577,39.6,gf,2.400,mm,OK,--,3:06:38 PM,11/27/2025,
578,39.6,gf,2.405,mm,OK,--,3:06:39 PM,11/27/2025,
579,39.6,gf,2.410,mm,OK,--,3:06:39 PM,11/27/2025,
580,39.6,gf,2.415,mm,OK,--,3:06:39 PM,11/27/2025,
581,39.6,gf,2.420,mm,OK,--,3:06:39 PM,11/27/2025,
582,39.6,gf,2.420,mm,OK,--,3:06:39 PM,11/27/2025,
583,39.6,gf,2.425,mm,OK,--,3:06:39 PM,11/27/2025,
584,39.7,gf,2.430,mm,OK,--,3:06:39 PM,11/27/2025,
585,39.7,gf,2.440,mm,OK,--,3:06:39 PM,11/27/2025,
586,39.7,gf,2.445,mm,OK,--,3:06:39 PM,11/27/2025,
587,39.7,gf,2.450,mm,OK,--,3:06:39 PM,11/27/2025,
588,39.7,gf,2.455,mm,OK,--,3:06:39 PM,11/27/2025,
589,39.7,gf,2.460,mm,OK,--,3:06:40 PM,11/27/2025,
590,39.7,gf,2.465,mm,OK,--,3:06:40 PM,11/27/2025,
591,39.8,gf,2.470,mm,OK,--,3:06:40 PM,11/27/2025,
592,39.8,gf,2.475,mm,OK,--,3:06:40 PM,11/27/2025,
593,39.9,gf,2.485,mm,OK,--,3:06:40 PM,11/27/2025,
594,39.9,gf,2.490,mm,OK,--,3:06:40 PM,11/27/2025,
595,39.9,gf,2.495,mm,OK,--,3:06:40 PM,11/27/2025,
596,39.9,gf,2.495,mm,OK,--,3:06:40 PM,11/27/2025,
597,39.9,gf,2.500,mm,OK,--,3:06:40 PM,11/27/2025,
598,39.9,gf,2.505,mm,OK,--,3:06:41 PM,11/27/2025,
599,40.0,gf,2.510,mm,OK,--,3:06:41 PM,11/27/2025,
600,39.9,gf,2.515,mm,OK,--,3:06:41 PM,11/27/2025,
601,40.0,gf,2.520,mm,OK,--,3:06:41 PM,11/27/2025,
602,40.0,gf,2.520,mm,OK,--,3:06:41 PM,11/27/2025,
603,40.0,gf,2.525,mm,OK,--,3:06:41 PM,11/27/2025,
604,40.0,gf,2.525,mm,OK,--,3:06:41 PM,11/27/2025,
605,40.0,gf,2.530,mm,OK,--,3:06:41 PM,11/27/2025,
606,40.0,gf,2.535,mm,OK,--,3:06:41 PM,11/27/2025,
607,40.0,gf,2.535,mm,OK,--,3:06:41 PM,11/27/2025,
608,40.0,gf,2.540,mm,OK,--,3:06:42 PM,11/27/2025,
609,40.0,gf,2.540,mm,OK,--,3:06:42 PM,11/27/2025,
610,40.1,gf,2.545,mm,OK,--,3:06:42 PM,11/27/2025,
611,40.1,gf,2.550,mm,OK,--,3:06:42 PM,11/27/2025,
612,40.1,gf,2.555,mm,OK,--,3:06:42 PM,11/27/2025,
613,40.1,gf,2.555,mm,OK,--,3:06:42 PM,11/27/2025,
614,40.1,gf,2.560,mm,OK,--,3:06:42 PM,11/27/2025,
615,40.1,gf,2.565,mm,OK,--,3:06:42 PM,11/27/2025,
616,40.1,gf,2.565,mm,OK,--,3:06:42 PM,11/27/2025,
617,40.1,gf,2.570,mm,OK,--,3:06:42 PM,11/27/2025,
618,40.1,gf,2.570,mm,OK,--,3:06:42 PM,11/27/2025,
619,40.1,gf,2.575,mm,OK,--,3:06:43 PM,11/27/2025,
620,40.2,gf,2.580,mm,OK,--,3:06:43 PM,11/27/2025,
621,40.2,gf,2.580,mm,OK,--,3:06:43 PM,11/27/2025,
622,40.2,gf,2.585,mm,OK,--,3:06:43 PM,11/27/2025,
623,40.2,gf,2.590,mm,OK,--,3:06:43 PM,11/27/2025,
624,40.2,gf,2.590,mm,OK,--,3:06:43 PM,11/27/2025,
625,40.2,gf,2.595,mm,OK,--,3:06:43 PM,11/27/2025,
626,40.2,gf,2.600,mm,OK,--,3:06:43 PM,11/27/2025,
627,40.2,gf,2.600,mm,OK,--,3:06:43 PM,11/27/2025,
628,40.3,gf,2.605,mm,OK,--,3:06:43 PM,11/27/2025,
629,40.3,gf,2.610,mm,OK,--,3:06:44 PM,11/27/2025,
630,40.3,gf,2.610,mm,OK,--,3:06:44 PM,11/27/2025,
631,40.2,gf,2.615,mm,OK,--,3:06:44 PM,11/27/2025,
632,40.2,gf,2.615,mm,OK,--,3:06:44 PM,11/27/2025,
633,40.3,gf,2.620,mm,OK,--,3:06:44 PM,11/27/2025,
634,40.3,gf,2.625,mm,OK,--,3:06:44 PM,11/27/2025,
635,40.3,gf,2.625,mm,OK,--,3:06:44 PM,11/27/2025,
636,40.3,gf,2.630,mm,OK,--,3:06:44 PM,11/27/2025,
637,40.3,gf,2.630,mm,OK,--,3:06:44 PM,11/27/2025,
638,40.3,gf,2.635,mm,OK,--,3:06:44 PM,11/27/2025,
639,40.3,gf,2.635,mm,OK,--,3:06:45 PM,11/27/2025,
640,40.3,gf,2.640,mm,OK,--,3:06:45 PM,11/27/2025,
641,40.3,gf,2.640,mm,OK,--,3:06:45 PM,11/27/2025,
642,40.4,gf,2.645,mm,OK,--,3:06:45 PM,11/27/2025,
643,40.4,gf,2.650,mm,OK,--,3:06:45 PM,11/27/2025,
644,40.4,gf,2.650,mm,OK,--,3:06:45 PM,11/27/2025,
645,40.4,gf,2.655,mm,OK,--,3:06:45 PM,11/27/2025,
646,40.5,gf,2.660,mm,OK,--,3:06:45 PM,11/27/2025,
647,40.5,gf,2.665,mm,OK,--,3:06:45 PM,11/27/2025,
648,40.5,gf,2.665,mm,OK,--,3:06:45 PM,11/27/2025,
649,40.6,gf,2.670,mm,OK,--,3:06:46 PM,11/27/2025,
650,40.6,gf,2.675,mm,OK,--,3:06:46 PM,11/27/2025,
651,40.6,gf,2.685,mm,OK,--,3:06:46 PM,11/27/2025,
652,40.7,gf,2.695,mm,OK,--,3:06:46 PM,11/27/2025,
653,40.8,gf,2.705,mm,OK,--,3:06:46 PM,11/27/2025,
654,40.8,gf,2.715,mm,OK,--,3:06:46 PM,11/27/2025,
655,40.8,gf,2.720,mm,OK,--,3:06:46 PM,11/27/2025,
656,40.8,gf,2.725,mm,OK,--,3:06:46 PM,11/27/2025,
657,40.8,gf,2.730,mm,OK,--,3:06:46 PM,11/27/2025,
658,40.8,gf,2.735,mm,OK,--,3:06:46 PM,11/27/2025,
659,40.7,gf,2.740,mm,OK,--,3:06:47 PM,11/27/2025,
660,40.8,gf,2.745,mm,OK,--,3:06:47 PM,11/27/2025,
661,40.8,gf,2.750,mm,OK,--,3:06:47 PM,11/27/2025,
662,40.8,gf,2.750,mm,OK,--,3:06:47 PM,11/27/2025,
663,40.8,gf,2.755,mm,OK,--,3:06:47 PM,11/27/2025,
664,40.9,gf,2.760,mm,OK,--,3:06:47 PM,11/27/2025,
665,40.9,gf,2.765,mm,OK,--,3:06:47 PM,11/27/2025,
666,40.9,gf,2.770,mm,OK,--,3:06:47 PM,11/27/2025,
667,40.9,gf,2.770,mm,OK,--,3:06:47 PM,11/27/2025,
668,40.9,gf,2.775,mm,OK,--,3:06:47 PM,11/27/2025,
669,40.9,gf,2.775,mm,OK,--,3:06:48 PM,11/27/2025,
670,40.9,gf,2.780,mm,OK,--,3:06:48 PM,11/27/2025,
671,41.0,gf,2.785,mm,OK,--,3:06:48 PM,11/27/2025,
672,41.1,gf,2.790,mm,OK,--,3:06:48 PM,11/27/2025,
673,41.1,gf,2.795,mm,OK,--,3:06:48 PM,11/27/2025,
674,41.1,gf,2.805,mm,OK,--,3:06:48 PM,11/27/2025,
675,41.1,gf,2.810,mm,OK,--,3:06:48 PM,11/27/2025,
676,41.1,gf,2.815,mm,OK,--,3:06:48 PM,11/27/2025,
677,41.1,gf,2.820,mm,OK,--,3:06:48 PM,11/27/2025,
678,41.1,gf,2.830,mm,OK,--,3:06:48 PM,11/27/2025,
679,41.1,gf,2.840,mm,OK,--,3:06:49 PM,11/27/2025,
680,41.1,gf,2.845,mm,OK,--,3:06:49 PM,11/27/2025,
681,41.1,gf,2.850,mm,OK,--,3:06:49 PM,11/27/2025,
682,41.1,gf,2.855,mm,OK,--,3:06:49 PM,11/27/2025,
683,41.2,gf,2.860,mm,OK,--,3:06:49 PM,11/27/2025,
684,41.3,gf,2.870,mm,OK,--,3:06:49 PM,11/27/2025,
685,41.3,gf,2.885,mm,OK,--,3:06:49 PM,11/27/2025,
686,41.4,gf,2.895,mm,OK,--,3:06:49 PM,11/27/2025,
687,41.4,gf,2.910,mm,OK,--,3:06:49 PM,11/27/2025,
688,41.4,gf,2.920,mm,OK,--,3:06:49 PM,11/27/2025,
689,41.5,gf,2.930,mm,OK,--,3:06:50 PM,11/27/2025,
690,41.5,gf,2.945,mm,OK,--,3:06:50 PM,11/27/2025,
691,41.6,gf,2.955,mm,OK,--,3:06:50 PM,11/27/2025,
692,41.6,gf,2.965,mm,OK,--,3:06:50 PM,11/27/2025,
693,41.6,gf,2.970,mm,OK,--,3:06:50 PM,11/27/2025,
694,41.6,gf,2.975,mm,OK,--,3:06:50 PM,11/27/2025,
695,41.6,gf,2.980,mm,OK,--,3:06:50 PM,11/27/2025,
696,41.6,gf,2.985,mm,OK,--,3:06:50 PM,11/27/2025,
697,41.6,gf,2.990,mm,OK,--,3:06:50 PM,11/27/2025,
698,41.6,gf,2.995,mm,OK,--,3:06:50 PM,11/27/2025,
699,41.7,gf,2.995,mm,OK,--,3:06:51 PM,11/27/2025,
700,41.7,gf,3.000,mm,OK,--,3:06:51 PM,11/27/2025,
701,41.7,gf,3.005,mm,OK,--,3:06:51 PM,11/27/2025,
702,41.8,gf,3.010,mm,OK,--,3:06:51 PM,11/27/2025,
703,41.8,gf,3.015,mm,OK,--,3:06:51 PM,11/27/2025,
704,41.8,gf,3.020,mm,OK,--,3:06:51 PM,11/27/2025,
705,41.8,gf,3.025,mm,OK,--,3:06:51 PM,11/27/2025,
706,41.9,gf,3.030,mm,OK,--,3:06:51 PM,11/27/2025,
707,41.9,gf,3.035,mm,OK,--,3:06:51 PM,11/27/2025,
708,41.9,gf,3.040,mm,OK,--,3:06:51 PM,11/27/2025,
709,42.0,gf,3.050,mm,OK,--,3:06:52 PM,11/27/2025,
710,41.9,gf,3.055,mm,OK,--,3:06:52 PM,11/27/2025,
711,42.0,gf,3.060,mm,OK,--,3:06:52 PM,11/27/2025,
712,42.0,gf,3.065,mm,OK,--,3:06:52 PM,11/27/2025,
713,42.0,gf,3.070,mm,OK,--,3:06:52 PM,11/27/2025,
714,42.0,gf,3.075,mm,OK,--,3:06:52 PM,11/27/2025,
715,42.0,gf,3.080,mm,OK,--,3:06:52 PM,11/27/2025,
716,42.0,gf,3.085,mm,OK,--,3:06:52 PM,11/27/2025,
717,42.0,gf,3.090,mm,OK,--,3:06:52 PM,11/27/2025,
718,42.1,gf,3.095,mm,OK,--,3:06:52 PM,11/27/2025,
719,42.1,gf,3.105,mm,OK,--,3:06:53 PM,11/27/2025,
720,42.1,gf,3.110,mm,OK,--,3:06:53 PM,11/27/2025,
721,42.1,gf,3.115,mm,OK,--,3:06:53 PM,11/27/2025,
722,42.2,gf,3.125,mm,OK,--,3:06:53 PM,11/27/2025,
723,42.2,gf,3.130,mm,OK,--,3:06:53 PM,11/27/2025,
724,42.2,gf,3.135,mm,OK,--,3:06:53 PM,11/27/2025,
725,42.2,gf,3.140,mm,OK,--,3:06:53 PM,11/27/2025,
726,42.2,gf,3.150,mm,OK,--,3:06:53 PM,11/27/2025,
727,42.2,gf,3.155,mm,OK,--,3:06:53 PM,11/27/2025,
728,42.2,gf,3.160,mm,OK,--,3:06:53 PM,11/27/2025,
729,42.3,gf,3.165,mm,OK,--,3:06:54 PM,11/27/2025,
730,42.3,gf,3.170,mm,OK,--,3:06:54 PM,11/27/2025,
731,42.3,gf,3.170,mm,OK,--,3:06:54 PM,11/27/2025,
732,42.3,gf,3.175,mm,OK,--,3:06:54 PM,11/27/2025,
733,42.3,gf,3.185,mm,OK,--,3:06:54 PM,11/27/2025,
734,42.3,gf,3.190,mm,OK,--,3:06:54 PM,11/27/2025,
735,42.4,gf,3.195,mm,OK,--,3:06:54 PM,11/27/2025,
736,42.4,gf,3.200,mm,OK,--,3:06:54 PM,11/27/2025,
737,42.4,gf,3.205,mm,OK,--,3:06:54 PM,11/27/2025,
738,42.4,gf,3.210,mm,OK,--,3:06:54 PM,11/27/2025,
739,42.5,gf,3.215,mm,OK,--,3:06:55 PM,11/27/2025,
740,42.5,gf,3.220,mm,OK,--,3:06:55 PM,11/27/2025,
741,42.5,gf,3.225,mm,OK,--,3:06:55 PM,11/27/2025,
742,42.6,gf,3.235,mm,OK,--,3:06:55 PM,11/27/2025,
743,42.6,gf,3.240,mm,OK,--,3:06:55 PM,11/27/2025,
744,42.6,gf,3.245,mm,OK,--,3:06:55 PM,11/27/2025,
745,42.7,gf,3.250,mm,OK,--,3:06:55 PM,11/27/2025,
746,42.7,gf,3.255,mm,OK,--,3:06:55 PM,11/27/2025,
747,42.6,gf,3.260,mm,OK,--,3:06:55 PM,11/27/2025,
748,42.6,gf,3.265,mm,OK,--,3:06:55 PM,11/27/2025,
749,42.6,gf,3.270,mm,OK,--,3:06:56 PM,11/27/2025,
750,42.7,gf,3.275,mm,OK,--,3:06:56 PM,11/27/2025,
751,42.7,gf,3.285,mm,OK,--,3:06:56 PM,11/27/2025,
752,42.7,gf,3.290,mm,OK,--,3:06:56 PM,11/27/2025,
753,42.7,gf,3.295,mm,OK,--,3:06:56 PM,11/27/2025,
754,42.7,gf,3.300,mm,OK,--,3:06:56 PM,11/27/2025,
755,42.8,gf,3.305,mm,OK,--,3:06:56 PM,11/27/2025,
756,42.8,gf,3.310,mm,OK,--,3:06:56 PM,11/27/2025,
757,42.8,gf,3.315,mm,OK,--,3:06:56 PM,11/27/2025,
758,42.8,gf,3.320,mm,OK,--,3:06:56 PM,11/27/2025,
759,42.9,gf,3.325,mm,OK,--,3:06:57 PM,11/27/2025,
760,42.9,gf,3.330,mm,OK,--,3:06:57 PM,11/27/2025,
761,42.9,gf,3.330,mm,OK,--,3:06:57 PM,11/27/2025,
762,42.9,gf,3.335,mm,OK,--,3:06:57 PM,11/27/2025,
763,43.0,gf,3.340,mm,OK,--,3:06:57 PM,11/27/2025,
764,43.0,gf,3.345,mm,OK,--,3:06:57 PM,11/27/2025,
765,43.0,gf,3.350,mm,OK,--,3:06:57 PM,11/27/2025,
766,43.0,gf,3.350,mm,OK,--,3:06:57 PM,11/27/2025,
767,43.0,gf,3.355,mm,OK,--,3:06:57 PM,11/27/2025,
768,43.0,gf,3.360,mm,OK,--,3:06:57 PM,11/27/2025,
769,43.0,gf,3.365,mm,OK,--,3:06:58 PM,11/27/2025,
770,43.0,gf,3.370,mm,OK,--,3:06:58 PM,11/27/2025,
771,43.0,gf,3.370,mm,OK,--,3:06:58 PM,11/27/2025,
772,43.0,gf,3.375,mm,OK,--,3:06:58 PM,11/27/2025,
773,43.0,gf,3.375,mm,OK,--,3:06:58 PM,11/27/2025,
774,43.0,gf,3.380,mm,OK,--,3:06:58 PM,11/27/2025,
775,43.0,gf,3.380,mm,OK,--,3:06:58 PM,11/27/2025,
776,43.0,gf,3.385,mm,OK,--,3:06:58 PM,11/27/2025,
777,43.0,gf,3.385,mm,OK,--,3:06:58 PM,11/27/2025,
778,43.0,gf,3.385,mm,OK,--,3:06:58 PM,11/27/2025,
779,43.0,gf,3.390,mm,OK,--,3:06:59 PM,11/27/2025,
780,43.0,gf,3.390,mm,OK,--,3:06:59 PM,11/27/2025,
781,43.0,gf,3.395,mm,OK,--,3:06:59 PM,11/27/2025,
782,43.0,gf,3.395,mm,OK,--,3:06:59 PM,11/27/2025,
783,43.0,gf,3.395,mm,OK,--,3:06:59 PM,11/27/2025,
784,43.1,gf,3.395,mm,OK,--,3:06:59 PM,11/27/2025,
785,43.1,gf,3.400,mm,OK,--,3:06:59 PM,11/27/2025,
786,43.1,gf,3.400,mm,OK,--,3:06:59 PM,11/27/2025,
787,43.1,gf,3.405,mm,OK,--,3:06:59 PM,11/27/2025,
788,43.1,gf,3.405,mm,OK,--,3:06:59 PM,11/27/2025,
789,43.1,gf,3.410,mm,OK,--,3:07:00 PM,11/27/2025,
790,43.1,gf,3.410,mm,OK,--,3:07:00 PM,11/27/2025,
791,43.1,gf,3.415,mm,OK,--,3:07:00 PM,11/27/2025,
792,43.1,gf,3.415,mm,OK,--,3:07:00 PM,11/27/2025,
793,43.1,gf,3.420,mm,OK,--,3:07:00 PM,11/27/2025,
794,43.1,gf,3.425,mm,OK,--,3:07:00 PM,11/27/2025,
795,43.1,gf,3.425,mm,OK,--,3:07:00 PM,11/27/2025,
796,43.1,gf,3.430,mm,OK,--,3:07:00 PM,11/27/2025,
797,43.1,gf,3.430,mm,OK,--,3:07:00 PM,11/27/2025,
798,43.1,gf,3.435,mm,OK,--,3:07:00 PM,11/27/2025,
799,43.1,gf,3.435,mm,OK,--,3:07:01 PM,11/27/2025,
800,43.2,gf,3.440,mm,OK,--,3:07:01 PM,11/27/2025,
801,43.2,gf,3.445,mm,OK,--,3:07:01 PM,11/27/2025,
802,43.2,gf,3.445,mm,OK,--,3:07:01 PM,11/27/2025,
803,43.2,gf,3.450,mm,OK,--,3:07:01 PM,11/27/2025,
804,43.2,gf,3.450,mm,OK,--,3:07:01 PM,11/27/2025,
805,43.3,gf,3.455,mm,OK,--,3:07:01 PM,11/27/2025,
806,43.3,gf,3.460,mm,OK,--,3:07:01 PM,11/27/2025,
807,43.3,gf,3.465,mm,OK,--,3:07:01 PM,11/27/2025,
808,43.4,gf,3.470,mm,OK,--,3:07:01 PM,11/27/2025,
809,43.4,gf,3.475,mm,OK,--,3:07:02 PM,11/27/2025,
810,43.4,gf,3.485,mm,OK,--,3:07:02 PM,11/27/2025,
811,43.4,gf,3.490,mm,OK,--,3:07:02 PM,11/27/2025,
812,43.4,gf,3.495,mm,OK,--,3:07:02 PM,11/27/2025,
813,43.4,gf,3.505,mm,OK,--,3:07:02 PM,11/27/2025,
814,43.4,gf,3.510,mm,OK,--,3:07:02 PM,11/27/2025,
815,43.4,gf,3.515,mm,OK,--,3:07:02 PM,11/27/2025,
816,43.5,gf,3.525,mm,OK,--,3:07:02 PM,11/27/2025,
817,43.4,gf,3.525,mm,OK,--,3:07:02 PM,11/27/2025,
818,43.5,gf,3.530,mm,OK,--,3:07:02 PM,11/27/2025,
819,43.5,gf,3.530,mm,OK,--,3:07:03 PM,11/27/2025,
820,43.5,gf,3.535,mm,OK,--,3:07:03 PM,11/27/2025,
821,43.5,gf,3.535,mm,OK,--,3:07:03 PM,11/27/2025,
822,43.5,gf,3.535,mm,OK,--,3:07:03 PM,11/27/2025,
823,43.5,gf,3.535,mm,OK,--,3:07:03 PM,11/27/2025,
824,43.5,gf,3.540,mm,OK,--,3:07:03 PM,11/27/2025,
825,43.6,gf,3.540,mm,OK,--,3:07:03 PM,11/27/2025,
826,43.6,gf,3.545,mm,OK,--,3:07:03 PM,11/27/2025,
827,43.5,gf,3.545,mm,OK,--,3:07:03 PM,11/27/2025,
828,43.6,gf,3.545,mm,OK,--,3:07:03 PM,11/27/2025,
829,43.6,gf,3.550,mm,OK,--,3:07:04 PM,11/27/2025,
830,43.6,gf,3.550,mm,OK,--,3:07:04 PM,11/27/2025,
831,43.6,gf,3.555,mm,OK,--,3:07:04 PM,11/27/2025,
832,43.6,gf,3.560,mm,OK,--,3:07:04 PM,11/27/2025,
833,43.6,gf,3.565,mm,OK,--,3:07:04 PM,11/27/2025,
834,43.7,gf,3.570,mm,OK,--,3:07:04 PM,11/27/2025,
835,43.6,gf,3.575,mm,OK,--,3:07:04 PM,11/27/2025,
836,43.7,gf,3.580,mm,OK,--,3:07:04 PM,11/27/2025,
837,43.7,gf,3.585,mm,OK,--,3:07:04 PM,11/27/2025,
838,43.7,gf,3.585,mm,OK,--,3:07:04 PM,11/27/2025,
839,43.8,gf,3.590,mm,OK,--,3:07:05 PM,11/27/2025,
840,43.8,gf,3.595,mm,OK,--,3:07:05 PM,11/27/2025,
841,43.8,gf,3.600,mm,OK,--,3:07:05 PM,11/27/2025,
842,43.8,gf,3.605,mm,OK,--,3:07:05 PM,11/27/2025,
843,43.8,gf,3.610,mm,OK,--,3:07:05 PM,11/27/2025,
844,43.8,gf,3.615,mm,OK,--,3:07:05 PM,11/27/2025,
845,43.9,gf,3.620,mm,OK,--,3:07:05 PM,11/27/2025,
846,43.9,gf,3.625,mm,OK,--,3:07:05 PM,11/27/2025,
847,43.9,gf,3.630,mm,OK,--,3:07:05 PM,11/27/2025,
848,43.9,gf,3.630,mm,OK,--,3:07:05 PM,11/27/2025,
849,44.0,gf,3.635,mm,OK,--,3:07:06 PM,11/27/2025,
850,44.0,gf,3.640,mm,OK,--,3:07:06 PM,11/27/2025,
851,44.0,gf,3.645,mm,OK,--,3:07:06 PM,11/27/2025,
852,44.0,gf,3.655,mm,OK,--,3:07:06 PM,11/27/2025,
853,44.0,gf,3.655,mm,OK,--,3:07:06 PM,11/27/2025,
854,44.0,gf,3.660,mm,OK,--,3:07:06 PM,11/27/2025,
855,44.0,gf,3.665,mm,OK,--,3:07:06 PM,11/27/2025,
856,44.0,gf,3.670,mm,OK,--,3:07:06 PM,11/27/2025,
857,44.0,gf,3.675,mm,OK,--,3:07:06 PM,11/27/2025,
858,44.1,gf,3.675,mm,OK,--,3:07:06 PM,11/27/2025,
859,44.1,gf,3.685,mm,OK,--,3:07:07 PM,11/27/2025,
860,44.1,gf,3.690,mm,OK,--,3:07:07 PM,11/27/2025,
861,44.2,gf,3.690,mm,OK,--,3:07:07 PM,11/27/2025,
862,44.2,gf,3.700,mm,OK,--,3:07:07 PM,11/27/2025,
863,44.2,gf,3.705,mm,OK,--,3:07:07 PM,11/27/2025,
864,44.2,gf,3.715,mm,OK,--,3:07:07 PM,11/27/2025,
865,44.2,gf,3.720,mm,OK,--,3:07:07 PM,11/27/2025,
866,44.3,gf,3.725,mm,OK,--,3:07:07 PM,11/27/2025,
867,44.3,gf,3.735,mm,OK,--,3:07:07 PM,11/27/2025,
868,44.4,gf,3.740,mm,OK,--,3:07:07 PM,11/27/2025,
869,44.4,gf,3.750,mm,OK,--,3:07:08 PM,11/27/2025,
870,44.3,gf,3.755,mm,OK,--,3:07:08 PM,11/27/2025,
871,44.4,gf,3.760,mm,OK,--,3:07:08 PM,11/27/2025,
872,45.0,gf,3.765,mm,OK,--,3:07:08 PM,11/27/2025,
873,48.4,gf,3.770,mm,OK,--,3:07:08 PM,11/27/2025,
874,51.9,gf,3.770,mm,OK,--,3:07:08 PM,11/27/2025,
875,54.5,gf,3.775,mm,OK,--,3:07:08 PM,11/27/2025,
876,55.7,gf,3.775,mm,OK,--,3:07:08 PM,11/27/2025,
877,57.2,gf,3.775,mm,OK,--,3:07:08 PM,11/27/2025,
878,58.0,gf,3.780,mm,OK,--,3:07:08 PM,11/27/2025,
879,58.2,gf,3.780,mm,OK,--,3:07:09 PM,11/27/2025,
880,58.4,gf,3.780,mm,OK,--,3:07:09 PM,11/27/2025,
881,59.2,gf,3.780,mm,OK,--,3:07:09 PM,11/27/2025,
882,60.0,gf,3.780,mm,OK,--,3:07:09 PM,11/27/2025,
883,60.7,gf,3.780,mm,OK,--,3:07:09 PM,11/27/2025,
884,61.4,gf,3.780,mm,OK,--,3:07:09 PM,11/27/2025,
885,62.3,gf,3.785,mm,OK,--,3:07:09 PM,11/27/2025,
886,63.2,gf,3.785,mm,OK,--,3:07:09 PM,11/27/2025,
887,64.0,gf,3.785,mm,OK,--,3:07:09 PM,11/27/2025,
888,64.9,gf,3.785,mm,OK,--,3:07:09 PM,11/27/2025,
889,66.1,gf,3.785,mm,OK,--,3:07:10 PM,11/27/2025,
890,67.6,gf,3.790,mm,OK,--,3:07:10 PM,11/27/2025,
891,68.9,gf,3.790,mm,OK,--,3:07:10 PM,11/27/2025,
892,70.2,gf,3.790,mm,OK,--,3:07:10 PM,11/27/2025,
893,71.4,gf,3.795,mm,OK,--,3:07:10 PM,11/27/2025,
894,73.1,gf,3.795,mm,OK,--,3:07:10 PM,11/27/2025,
895,74.9,gf,3.795,mm,OK,--,3:07:10 PM,11/27/2025,
896,76.5,gf,3.795,mm,OK,--,3:07:10 PM,11/27/2025,
897,78.6,gf,3.800,mm,OK,--,3:07:10 PM,11/27/2025,
898,80.6,gf,3.800,mm,OK,--,3:07:10 PM,11/27/2025,
899,82.7,gf,3.805,mm,OK,--,3:07:11 PM,11/27/2025,
900,85.3,gf,3.805,mm,OK,--,3:07:11 PM,11/27/2025,
901,87.9,gf,3.810,mm,OK,--,3:07:11 PM,11/27/2025,
902,90.4,gf,3.810,mm,OK,--,3:07:11 PM,11/27/2025,
903,93.4,gf,3.815,mm,OK,--,3:07:11 PM,11/27/2025,
904,96.7,gf,3.820,mm,OK,--,3:07:11 PM,11/27/2025,
905,100.2,gf,3.820,mm,OK,--,3:07:11 PM,11/27/2025,
906,104.5,gf,3.825,mm,OK,--,3:07:11 PM,11/27/2025,
907,109.2,gf,3.830,mm,OK,--,3:07:11 PM,11/27/2025,
908,114.8,gf,3.835,mm,OK,--,3:07:11 PM,11/27/2025,
909,120.5,gf,3.840,mm,OK,--,3:07:12 PM,11/27/2025,
910,126.0,gf,3.850,mm,OK,--,3:07:12 PM,11/27/2025,
911,130.9,gf,3.855,mm,OK,--,3:07:12 PM,11/27/2025,
912,135.6,gf,3.855,mm,OK,--,3:07:12 PM,11/27/2025,
913,139.4,gf,3.860,mm,OK,--,3:07:12 PM,11/27/2025,
914,142.2,gf,3.865,mm,OK,--,3:07:12 PM,11/27/2025,
915,144.7,gf,3.865,mm,OK,--,3:07:12 PM,11/27/2025,
916,147.6,gf,3.870,mm,OK,--,3:07:12 PM,11/27/2025,
917,150.2,gf,3.870,mm,OK,--,3:07:12 PM,11/27/2025,
918,152.8,gf,3.875,mm,OK,--,3:07:12 PM,11/27/2025,
919,155.7,gf,3.875,mm,OK,--,3:07:13 PM,11/27/2025,
920,158.9,gf,3.880,mm,OK,--,3:07:13 PM,11/27/2025,
921,162.0,gf,3.880,mm,OK,--,3:07:13 PM,11/27/2025,
922,165.0,gf,3.885,mm,OK,--,3:07:13 PM,11/27/2025,
923,167.6,gf,3.890,mm,OK,--,3:07:13 PM,11/27/2025,
924,169.7,gf,3.890,mm,OK,--,3:07:13 PM,11/27/2025,
925,172.1,gf,3.890,mm,OK,--,3:07:13 PM,11/27/2025,
926,174.4,gf,3.895,mm,OK,--,3:07:13 PM,11/27/2025,
927,176.9,gf,3.895,mm,OK,--,3:07:13 PM,11/27/2025,
928,179.7,gf,3.900,mm,OK,--,3:07:13 PM,11/27/2025,
929,182.4,gf,3.900,mm,OK,--,3:07:14 PM,11/27/2025,
930,184.7,gf,3.905,mm,OK,--,3:07:14 PM,11/27/2025,
931,186.3,gf,3.905,mm,OK,--,3:07:14 PM,11/27/2025,
932,187.2,gf,3.910,mm,OK,--,3:07:14 PM,11/27/2025,
933,187.6,gf,3.910,mm,OK,--,3:07:14 PM,11/27/2025,
934,188.2,gf,3.910,mm,OK,--,3:07:14 PM,11/27/2025,
935,189.3,gf,3.910,mm,OK,--,3:07:14 PM,11/27/2025,
936,190.6,gf,3.910,mm,OK,--,3:07:14 PM,11/27/2025,
937,191.7,gf,3.910,mm,OK,--,3:07:14 PM,11/27/2025,
938,192.2,gf,3.915,mm,OK,--,3:07:14 PM,11/27/2025,
939,192.5,gf,3.915,mm,OK,--,3:07:15 PM,11/27/2025,
940,192.5,gf,3.915,mm,OK,--,3:07:15 PM,11/27/2025,
941,192.5,gf,3.915,mm,OK,--,3:07:15 PM,11/27/2025,
942,192.4,gf,3.915,mm,OK,--,3:07:15 PM,11/27/2025,
943,192.4,gf,3.915,mm,OK,--,3:07:15 PM,11/27/2025,
944,192.4,gf,3.915,mm,OK,--,3:07:15 PM,11/27/2025,
945,192.4,gf,3.915,mm,OK,--,3:07:15 PM,11/27/2025,
946,192.4,gf,3.915,mm,OK,--,3:07:15 PM,11/27/2025,
947,192.4,gf,3.915,mm,OK,--,3:07:15 PM,11/27/2025,
948,192.4,gf,3.915,mm,OK,--,3:07:15 PM,11/27/2025,
949,192.4,gf,3.915,mm,OK,--,3:07:16 PM,11/27/2025,
950,192.3,gf,3.915,mm,OK,--,3:07:16 PM,11/27/2025,
951,192.4,gf,3.915,mm,OK,--,3:07:16 PM,11/27/2025,
952,192.2,gf,3.915,mm,OK,--,3:07:16 PM,11/27/2025,
953,192.2,gf,3.915,mm,OK,--,3:07:16 PM,11/27/2025,
954,191.9,gf,3.915,mm,OK,--,3:07:16 PM,11/27/2025,
955,191.5,gf,3.915,mm,OK,--,3:07:16 PM,11/27/2025,
956,191.2,gf,3.915,mm,OK,--,3:07:16 PM,11/27/2025,
957,189.8,gf,3.910,mm,OK,--,3:07:16 PM,11/27/2025,
958,186.1,gf,3.910,mm,OK,--,3:07:16 PM,11/27/2025,
959,181.9,gf,3.905,mm,OK,--,3:07:17 PM,11/27/2025,
960,179.5,gf,3.900,mm,OK,--,3:07:17 PM,11/27/2025,
961,178.3,gf,3.900,mm,OK,--,3:07:17 PM,11/27/2025,
962,177.5,gf,3.900,mm,OK,--,3:07:17 PM,11/27/2025,
963,177.1,gf,3.900,mm,OK,--,3:07:17 PM,11/27/2025,
964,177.0,gf,3.900,mm,OK,--,3:07:17 PM,11/27/2025,
965,176.8,gf,3.900,mm,OK,--,3:07:17 PM,11/27/2025,
966,176.4,gf,3.900,mm,OK,--,3:07:17 PM,11/27/2025,
967,176.0,gf,3.900,mm,OK,--,3:07:17 PM,11/27/2025,
968,175.7,gf,3.900,mm,OK,--,3:07:17 PM,11/27/2025,
969,175.3,gf,3.900,mm,OK,--,3:07:18 PM,11/27/2025,
970,174.8,gf,3.895,mm,OK,--,3:07:18 PM,11/27/2025,
971,174.4,gf,3.895,mm,OK,--,3:07:18 PM,11/27/2025,
972,174.1,gf,3.895,mm,OK,--,3:07:18 PM,11/27/2025,
973,174.0,gf,3.895,mm,OK,--,3:07:18 PM,11/27/2025,
974,173.4,gf,3.895,mm,OK,--,3:07:18 PM,11/27/2025,
975,173.1,gf,3.895,mm,OK,--,3:07:18 PM,11/27/2025,
976,172.8,gf,3.895,mm,OK,--,3:07:18 PM,11/27/2025,
977,172.5,gf,3.895,mm,OK,--,3:07:18 PM,11/27/2025,
978,172.5,gf,3.895,mm,OK,--,3:07:18 PM,11/27/2025,
979,172.3,gf,3.895,mm,OK,--,3:07:19 PM,11/27/2025,
980,172.0,gf,3.895,mm,OK,--,3:07:19 PM,11/27/2025,
981,171.7,gf,3.895,mm,OK,--,3:07:19 PM,11/27/2025,
982,171.4,gf,3.895,mm,OK,--,3:07:19 PM,11/27/2025,
983,170.9,gf,3.895,mm,OK,--,3:07:19 PM,11/27/2025,
984,170.5,gf,3.895,mm,OK,--,3:07:19 PM,11/27/2025,
985,170.0,gf,3.895,mm,OK,--,3:07:19 PM,11/27/2025,
986,169.5,gf,3.890,mm,OK,--,3:07:19 PM,11/27/2025,
987,169.1,gf,3.890,mm,OK,--,3:07:19 PM,11/27/2025,
988,168.8,gf,3.890,mm,OK,--,3:07:19 PM,11/27/2025,
989,168.5,gf,3.890,mm,OK,--,3:07:20 PM,11/27/2025,
990,168.3,gf,3.890,mm,OK,--,3:07:20 PM,11/27/2025,
991,168.0,gf,3.890,mm,OK,--,3:07:20 PM,11/27/2025,
992,167.7,gf,3.890,mm,OK,--,3:07:20 PM,11/27/2025,
993,167.3,gf,3.890,mm,OK,--,3:07:20 PM,11/27/2025,
994,166.9,gf,3.890,mm,OK,--,3:07:20 PM,11/27/2025,
995,166.7,gf,3.890,mm,OK,--,3:07:20 PM,11/27/2025,
996,166.6,gf,3.890,mm,OK,--,3:07:20 PM,11/27/2025,
997,166.5,gf,3.890,mm,OK,--,3:07:20 PM,11/27/2025,
998,166.7,gf,3.890,mm,OK,--,3:07:20 PM,11/27/2025,
999,166.7,gf,3.890,mm,OK,--,3:07:21 PM,11/27/2025,
1000,166.6,gf,3.890,mm,OK,--,3:07:21 PM,11/27/2025,
1001,166.5,gf,3.890,mm,OK,--,3:07:21 PM,11/27/2025,
1002,166.3,gf,3.890,mm,OK,--,3:07:21 PM,11/27/2025,
1003,166.1,gf,3.890,mm,OK,--,3:07:21 PM,11/27/2025,
1004,165.8,gf,3.890,mm,OK,--,3:07:21 PM,11/27/2025,
1005,165.5,gf,3.890,mm,OK,--,3:07:21 PM,11/27/2025,
1006,165.1,gf,3.890,mm,OK,--,3:07:21 PM,11/27/2025,
1007,164.6,gf,3.890,mm,OK,--,3:07:21 PM,11/27/2025,
1008,164.3,gf,3.890,mm,OK,--,3:07:21 PM,11/27/2025,
1009,164.1,gf,3.885,mm,OK,--,3:07:22 PM,11/27/2025,
1010,163.8,gf,3.885,mm,OK,--,3:07:22 PM,11/27/2025,
1011,163.2,gf,3.885,mm,OK,--,3:07:22 PM,11/27/2025,
1012,162.6,gf,3.885,mm,OK,--,3:07:22 PM,11/27/2025,
1013,161.9,gf,3.885,mm,OK,--,3:07:22 PM,11/27/2025,
1014,161.5,gf,3.885,mm,OK,--,3:07:22 PM,11/27/2025,
1015,160.9,gf,3.885,mm,OK,--,3:07:22 PM,11/27/2025,
1016,160.2,gf,3.885,mm,OK,--,3:07:22 PM,11/27/2025,
1017,159.5,gf,3.885,mm,OK,--,3:07:22 PM,11/27/2025,
1018,158.8,gf,3.880,mm,OK,--,3:07:22 PM,11/27/2025,
1019,158.2,gf,3.880,mm,OK,--,3:07:23 PM,11/27/2025,
1020,157.6,gf,3.880,mm,OK,--,3:07:23 PM,11/27/2025,
1021,157.1,gf,3.880,mm,OK,--,3:07:23 PM,11/27/2025,
1022,156.6,gf,3.880,mm,OK,--,3:07:23 PM,11/27/2025,
1023,156.2,gf,3.880,mm,OK,--,3:07:23 PM,11/27/2025,
1024,155.9,gf,3.880,mm,OK,--,3:07:23 PM,11/27/2025,
1025,155.5,gf,3.880,mm,OK,--,3:07:23 PM,11/27/2025,
1026,155.2,gf,3.880,mm,OK,--,3:07:23 PM,11/27/2025,
1027,154.8,gf,3.880,mm,OK,--,3:07:23 PM,11/27/2025,
1028,154.6,gf,3.880,mm,OK,--,3:07:23 PM,11/27/2025,
1029,154.3,gf,3.880,mm,OK,--,3:07:24 PM,11/27/2025,
1030,153.9,gf,3.880,mm,OK,--,3:07:24 PM,11/27/2025,
1031,153.5,gf,3.875,mm,OK,--,3:07:24 PM,11/27/2025,
1032,153.1,gf,3.875,mm,OK,--,3:07:24 PM,11/27/2025,
1033,152.6,gf,3.875,mm,OK,--,3:07:24 PM,11/27/2025,
1034,152.2,gf,3.875,mm,OK,--,3:07:24 PM,11/27/2025,
1035,151.6,gf,3.875,mm,OK,--,3:07:24 PM,11/27/2025,
1036,151.1,gf,3.875,mm,OK,--,3:07:24 PM,11/27/2025,
1037,150.6,gf,3.875,mm,OK,--,3:07:24 PM,11/27/2025,
1038,150.0,gf,3.875,mm,OK,--,3:07:24 PM,11/27/2025,
1039,149.4,gf,3.875,mm,OK,--,3:07:25 PM,11/27/2025,
1040,148.9,gf,3.875,mm,OK,--,3:07:25 PM,11/27/2025,
1041,148.4,gf,3.875,mm,OK,--,3:07:25 PM,11/27/2025,
1042,147.8,gf,3.870,mm,OK,--,3:07:25 PM,11/27/2025,
1043,147.3,gf,3.870,mm,OK,--,3:07:25 PM,11/27/2025,
1044,146.9,gf,3.870,mm,OK,--,3:07:25 PM,11/27/2025,
1045,146.6,gf,3.870,mm,OK,--,3:07:25 PM,11/27/2025,
1046,146.2,gf,3.870,mm,OK,--,3:07:25 PM,11/27/2025,
1047,145.7,gf,3.870,mm,OK,--,3:07:25 PM,11/27/2025,
1048,145.4,gf,3.870,mm,OK,--,3:07:25 PM,11/27/2025,
1049,145.0,gf,3.870,mm,OK,--,3:07:26 PM,11/27/2025,
1050,144.6,gf,3.870,mm,OK,--,3:07:26 PM,11/27/2025,
1051,144.2,gf,3.870,mm,OK,--,3:07:26 PM,11/27/2025,
1052,143.8,gf,3.870,mm,OK,--,3:07:26 PM,11/27/2025,
1053,143.4,gf,3.870,mm,OK,--,3:07:26 PM,11/27/2025,
1054,142.8,gf,3.870,mm,OK,--,3:07:26 PM,11/27/2025,
1055,142.2,gf,3.865,mm,OK,--,3:07:26 PM,11/27/2025,
1056,141.4,gf,3.865,mm,OK,--,3:07:26 PM,11/27/2025,
1057,140.7,gf,3.865,mm,OK,--,3:07:26 PM,11/27/2025,
1058,140.0,gf,3.865,mm,OK,--,3:07:26 PM,11/27/2025,
1059,139.5,gf,3.865,mm,OK,--,3:07:27 PM,11/27/2025,
1060,139.0,gf,3.865,mm,OK,--,3:07:27 PM,11/27/2025,
1061,138.5,gf,3.865,mm,OK,--,3:07:27 PM,11/27/2025,
1062,137.9,gf,3.865,mm,OK,--,3:07:27 PM,11/27/2025,
1063,137.1,gf,3.860,mm,OK,--,3:07:27 PM,11/27/2025,
1064,136.2,gf,3.860,mm,OK,--,3:07:27 PM,11/27/2025,
1065,135.5,gf,3.860,mm,OK,--,3:07:27 PM,11/27/2025,
1066,134.9,gf,3.860,mm,OK,--,3:07:27 PM,11/27/2025,
1067,134.3,gf,3.860,mm,OK,--,3:07:27 PM,11/27/2025,
1068,133.6,gf,3.860,mm,OK,--,3:07:27 PM,11/27/2025,
1069,132.9,gf,3.860,mm,OK,--,3:07:28 PM,11/27/2025,
1070,132.3,gf,3.860,mm,OK,--,3:07:28 PM,11/27/2025,
1071,131.8,gf,3.855,mm,OK,--,3:07:28 PM,11/27/2025,
1072,131.3,gf,3.855,mm,OK,--,3:07:28 PM,11/27/2025,
1073,130.7,gf,3.855,mm,OK,--,3:07:28 PM,11/27/2025,
1074,130.1,gf,3.855,mm,OK,--,3:07:28 PM,11/27/2025,
1075,129.5,gf,3.855,mm,OK,--,3:07:28 PM,11/27/2025,
1076,129.1,gf,3.855,mm,OK,--,3:07:28 PM,11/27/2025,
1077,128.7,gf,3.855,mm,OK,--,3:07:28 PM,11/27/2025,
1078,128.2,gf,3.855,mm,OK,--,3:07:28 PM,11/27/2025,
1079,127.6,gf,3.855,mm,OK,--,3:07:29 PM,11/27/2025,
1080,127.1,gf,3.855,mm,OK,--,3:07:29 PM,11/27/2025,
1081,126.5,gf,3.850,mm,OK,--,3:07:29 PM,11/27/2025,
1082,125.8,gf,3.850,mm,OK,--,3:07:29 PM,11/27/2025,
1083,125.1,gf,3.850,mm,OK,--,3:07:29 PM,11/27/2025,
1084,124.5,gf,3.850,mm,OK,--,3:07:29 PM,11/27/2025,
1085,123.8,gf,3.850,mm,OK,--,3:07:29 PM,11/27/2025,
1086,123.3,gf,3.850,mm,OK,--,3:07:29 PM,11/27/2025,
1087,122.9,gf,3.850,mm,OK,--,3:07:29 PM,11/27/2025,
1088,122.4,gf,3.850,mm,OK,--,3:07:29 PM,11/27/2025,
1089,121.9,gf,3.850,mm,OK,--,3:07:30 PM,11/27/2025,
1090,121.4,gf,3.845,mm,OK,--,3:07:30 PM,11/27/2025,
1091,120.6,gf,3.845,mm,OK,--,3:07:30 PM,11/27/2025,
1092,119.5,gf,3.845,mm,OK,--,3:07:30 PM,11/27/2025,
1093,118.5,gf,3.845,mm,OK,--,3:07:30 PM,11/27/2025,
1094,117.7,gf,3.845,mm,OK,--,3:07:30 PM,11/27/2025,
1095,117.1,gf,3.845,mm,OK,--,3:07:30 PM,11/27/2025,
1096,116.5,gf,3.840,mm,OK,--,3:07:30 PM,11/27/2025,
1097,115.7,gf,3.840,mm,OK,--,3:07:30 PM,11/27/2025,
1098,114.8,gf,3.840,mm,OK,--,3:07:30 PM,11/27/2025,
1099,113.6,gf,3.840,mm,OK,--,3:07:31 PM,11/27/2025,
1100,112.3,gf,3.840,mm,OK,--,3:07:31 PM,11/27/2025,
1101,111.1,gf,3.835,mm,OK,--,3:07:31 PM,11/27/2025,
1102,110.1,gf,3.835,mm,OK,--,3:07:31 PM,11/27/2025,
1103,108.5,gf,3.835,mm,OK,--,3:07:31 PM,11/27/2025,
1104,104.7,gf,3.830,mm,OK,--,3:07:31 PM,11/27/2025,
1105,101.8,gf,3.825,mm,OK,--,3:07:31 PM,11/27/2025,
1106,99.6,gf,3.825,mm,OK,--,3:07:31 PM,11/27/2025,
1107,97.1,gf,3.820,mm,OK,--,3:07:31 PM,11/27/2025,
1108,94.2,gf,3.820,mm,OK,--,3:07:31 PM,11/27/2025,
1109,91.5,gf,3.815,mm,OK,--,3:07:32 PM,11/27/2025,
1110,89.0,gf,3.815,mm,OK,--,3:07:32 PM,11/27/2025,
1111,86.5,gf,3.810,mm,OK,--,3:07:32 PM,11/27/2025,
1112,84.2,gf,3.810,mm,OK,--,3:07:32 PM,11/27/2025,
1113,82.4,gf,3.810,mm,OK,--,3:07:32 PM,11/27/2025,
1114,80.6,gf,3.805,mm,OK,--,3:07:32 PM,11/27/2025,
1115,78.9,gf,3.805,mm,OK,--,3:07:32 PM,11/27/2025,
1116,77.4,gf,3.805,mm,OK,--,3:07:32 PM,11/27/2025,
1117,75.8,gf,3.800,mm,OK,--,3:07:32 PM,11/27/2025,
1118,74.5,gf,3.800,mm,OK,--,3:07:32 PM,11/27/2025,
1119,73.2,gf,3.800,mm,OK,--,3:07:33 PM,11/27/2025,
1120,71.8,gf,3.795,mm,OK,--,3:07:33 PM,11/27/2025,
1121,70.0,gf,3.795,mm,OK,--,3:07:33 PM,11/27/2025,
1122,67.9,gf,3.795,mm,OK,--,3:07:33 PM,11/27/2025,
1123,66.2,gf,3.790,mm,OK,--,3:07:33 PM,11/27/2025,
1124,64.8,gf,3.790,mm,OK,--,3:07:33 PM,11/27/2025,
1125,63.0,gf,3.790,mm,OK,--,3:07:33 PM,11/27/2025,
1126,58.2,gf,3.785,mm,OK,--,3:07:33 PM,11/27/2025,
1127,52.0,gf,3.775,mm,OK,--,3:07:33 PM,11/27/2025,
1128,48.0,gf,3.770,mm,OK,--,3:07:33 PM,11/27/2025,
1129,44.6,gf,3.765,mm,OK,--,3:07:34 PM,11/27/2025,
1130,43.1,gf,3.765,mm,OK,--,3:07:34 PM,11/27/2025,
1131,43.1,gf,3.765,mm,OK,--,3:07:34 PM,11/27/2025,
1132,43.1,gf,3.760,mm,OK,--,3:07:34 PM,11/27/2025,
1133,43.2,gf,3.760,mm,OK,--,3:07:34 PM,11/27/2025,
1134,43.1,gf,3.760,mm,OK,--,3:07:34 PM,11/27/2025,
1135,43.1,gf,3.760,mm,OK,--,3:07:34 PM,11/27/2025,
1136,43.1,gf,3.755,mm,OK,--,3:07:34 PM,11/27/2025,
1137,43.1,gf,3.755,mm,OK,--,3:07:34 PM,11/27/2025,
1138,43.1,gf,3.750,mm,OK,--,3:07:34 PM,11/27/2025,
1139,43.1,gf,3.750,mm,OK,--,3:07:35 PM,11/27/2025,
1140,43.1,gf,3.750,mm,OK,--,3:07:35 PM,11/27/2025,
1141,43.1,gf,3.745,mm,OK,--,3:07:35 PM,11/27/2025,
1142,43.1,gf,3.745,mm,OK,--,3:07:35 PM,11/27/2025,
1143,43.1,gf,3.740,mm,OK,--,3:07:35 PM,11/27/2025,
1144,43.0,gf,3.740,mm,OK,--,3:07:35 PM,11/27/2025,
1145,43.0,gf,3.735,mm,OK,--,3:07:35 PM,11/27/2025,
1146,43.0,gf,3.735,mm,OK,--,3:07:35 PM,11/27/2025,
1147,43.0,gf,3.730,mm,OK,--,3:07:35 PM,11/27/2025,
1148,43.0,gf,3.730,mm,OK,--,3:07:35 PM,11/27/2025,
1149,42.9,gf,3.725,mm,OK,--,3:07:36 PM,11/27/2025,
1150,42.9,gf,3.725,mm,OK,--,3:07:36 PM,11/27/2025,
1151,42.9,gf,3.720,mm,OK,--,3:07:36 PM,11/27/2025,
1152,42.9,gf,3.715,mm,OK,--,3:07:36 PM,11/27/2025,
1153,42.9,gf,3.710,mm,OK,--,3:07:36 PM,11/27/2025,
1154,42.9,gf,3.710,mm,OK,--,3:07:36 PM,11/27/2025,
1155,42.8,gf,3.705,mm,OK,--,3:07:36 PM,11/27/2025,
1156,42.8,gf,3.700,mm,OK,--,3:07:36 PM,11/27/2025,
1157,42.8,gf,3.695,mm,OK,--,3:07:36 PM,11/27/2025,
1158,42.8,gf,3.690,mm,OK,--,3:07:36 PM,11/27/2025,
1159,42.7,gf,3.690,mm,OK,--,3:07:37 PM,11/27/2025,
1160,42.7,gf,3.685,mm,OK,--,3:07:37 PM,11/27/2025,
1161,42.6,gf,3.680,mm,OK,--,3:07:37 PM,11/27/2025,
1162,42.6,gf,3.675,mm,OK,--,3:07:37 PM,11/27/2025,
1163,42.5,gf,3.670,mm,OK,--,3:07:37 PM,11/27/2025,
1164,42.6,gf,3.660,mm,OK,--,3:07:37 PM,11/27/2025,
1165,42.5,gf,3.655,mm,OK,--,3:07:37 PM,11/27/2025,
1166,42.5,gf,3.650,mm,OK,--,3:07:37 PM,11/27/2025,
1167,42.5,gf,3.640,mm,OK,--,3:07:37 PM,11/27/2025,
1168,42.5,gf,3.640,mm,OK,--,3:07:37 PM,11/27/2025,
1169,42.5,gf,3.635,mm,OK,--,3:07:38 PM,11/27/2025,
1170,42.5,gf,3.630,mm,OK,--,3:07:38 PM,11/27/2025,
1171,42.4,gf,3.620,mm,OK,--,3:07:38 PM,11/27/2025,
1172,42.4,gf,3.610,mm,OK,--,3:07:38 PM,11/27/2025,
1173,42.4,gf,3.600,mm,OK,--,3:07:38 PM,11/27/2025,
1174,42.4,gf,3.595,mm,OK,--,3:07:38 PM,11/27/2025,
1175,42.3,gf,3.590,mm,OK,--,3:07:38 PM,11/27/2025,
1176,42.3,gf,3.585,mm,OK,--,3:07:38 PM,11/27/2025,
1177,42.3,gf,3.580,mm,OK,--,3:07:38 PM,11/27/2025,
1178,42.3,gf,3.575,mm,OK,--,3:07:38 PM,11/27/2025,
1179,42.3,gf,3.570,mm,OK,--,3:07:39 PM,11/27/2025,
1180,42.2,gf,3.565,mm,OK,--,3:07:39 PM,11/27/2025,
1181,42.2,gf,3.565,mm,OK,--,3:07:39 PM,11/27/2025,
1182,42.3,gf,3.560,mm,OK,--,3:07:39 PM,11/27/2025,
1183,42.2,gf,3.560,mm,OK,--,3:07:39 PM,11/27/2025,
1184,42.2,gf,3.555,mm,OK,--,3:07:39 PM,11/27/2025,
1185,42.2,gf,3.550,mm,OK,--,3:07:39 PM,11/27/2025,
1186,42.2,gf,3.545,mm,OK,--,3:07:39 PM,11/27/2025,
1187,42.1,gf,3.540,mm,OK,--,3:07:39 PM,11/27/2025,
1188,42.1,gf,3.535,mm,OK,--,3:07:39 PM,11/27/2025,
1189,42.1,gf,3.525,mm,OK,--,3:07:40 PM,11/27/2025,
1190,42.1,gf,3.520,mm,OK,--,3:07:40 PM,11/27/2025,
1191,42.1,gf,3.515,mm,OK,--,3:07:40 PM,11/27/2025,
1192,42.1,gf,3.510,mm,OK,--,3:07:40 PM,11/27/2025,
1193,42.1,gf,3.505,mm,OK,--,3:07:40 PM,11/27/2025,
1194,42.1,gf,3.500,mm,OK,--,3:07:40 PM,11/27/2025,
1195,42.1,gf,3.495,mm,OK,--,3:07:40 PM,11/27/2025,
1196,42.0,gf,3.490,mm,OK,--,3:07:40 PM,11/27/2025,
1197,41.9,gf,3.480,mm,OK,--,3:07:40 PM,11/27/2025,
1198,41.9,gf,3.470,mm,OK,--,3:07:40 PM,11/27/2025,
1199,41.8,gf,3.465,mm,OK,--,3:07:41 PM,11/27/2025,
1200,41.8,gf,3.455,mm,OK,--,3:07:41 PM,11/27/2025,
1201,41.7,gf,3.450,mm,OK,--,3:07:41 PM,11/27/2025,
1202,41.7,gf,3.440,mm,OK,--,3:07:41 PM,11/27/2025,
1203,41.6,gf,3.430,mm,OK,--,3:07:41 PM,11/27/2025,
1204,41.5,gf,3.420,mm,OK,--,3:07:41 PM,11/27/2025,
1205,41.5,gf,3.415,mm,OK,--,3:07:41 PM,11/27/2025,
1206,41.4,gf,3.405,mm,OK,--,3:07:41 PM,11/27/2025,
1207,41.4,gf,3.400,mm,OK,--,3:07:41 PM,11/27/2025,
1208,41.4,gf,3.395,mm,OK,--,3:07:41 PM,11/27/2025,
1209,41.4,gf,3.390,mm,OK,--,3:07:42 PM,11/27/2025,
1210,41.4,gf,3.385,mm,OK,--,3:07:42 PM,11/27/2025,
1211,41.4,gf,3.380,mm,OK,--,3:07:42 PM,11/27/2025,
1212,41.4,gf,3.375,mm,OK,--,3:07:42 PM,11/27/2025,
1213,41.3,gf,3.375,mm,OK,--,3:07:42 PM,11/27/2025,
1214,41.2,gf,3.370,mm,OK,--,3:07:42 PM,11/27/2025,
1215,41.2,gf,3.365,mm,OK,--,3:07:42 PM,11/27/2025,
1216,41.3,gf,3.360,mm,OK,--,3:07:42 PM,11/27/2025,
1217,41.2,gf,3.350,mm,OK,--,3:07:42 PM,11/27/2025,
1218,41.2,gf,3.345,mm,OK,--,3:07:42 PM,11/27/2025,
1219,41.2,gf,3.345,mm,OK,--,3:07:43 PM,11/27/2025,
1220,41.2,gf,3.340,mm,OK,--,3:07:43 PM,11/27/2025,
1221,41.2,gf,3.335,mm,OK,--,3:07:43 PM,11/27/2025,
1222,41.2,gf,3.330,mm,OK,--,3:07:43 PM,11/27/2025,
1223,41.2,gf,3.325,mm,OK,--,3:07:43 PM,11/27/2025,
1224,41.2,gf,3.320,mm,OK,--,3:07:43 PM,11/27/2025,
1225,41.2,gf,3.320,mm,OK,--,3:07:43 PM,11/27/2025,
1226,41.2,gf,3.320,mm,OK,--,3:07:43 PM,11/27/2025,
1227,41.2,gf,3.315,mm,OK,--,3:07:43 PM,11/27/2025,
1228,41.1,gf,3.315,mm,OK,--,3:07:43 PM,11/27/2025,
1229,40.9,gf,3.310,mm,OK,--,3:07:44 PM,11/27/2025,
1230,40.8,gf,3.310,mm,OK,--,3:07:44 PM,11/27/2025,
1231,40.9,gf,3.305,mm,OK,--,3:07:44 PM,11/27/2025,
1232,41.0,gf,3.305,mm,OK,--,3:07:44 PM,11/27/2025,
1233,40.9,gf,3.300,mm,OK,--,3:07:44 PM,11/27/2025,
1234,40.9,gf,3.295,mm,OK,--,3:07:44 PM,11/27/2025,
1235,40.9,gf,3.290,mm,OK,--,3:07:44 PM,11/27/2025,
1236,40.9,gf,3.290,mm,OK,--,3:07:44 PM,11/27/2025,
1237,40.9,gf,3.290,mm,OK,--,3:07:44 PM,11/27/2025,
1238,40.9,gf,3.285,mm,OK,--,3:07:44 PM,11/27/2025,
1239,40.9,gf,3.285,mm,OK,--,3:07:45 PM,11/27/2025,
1240,40.9,gf,3.280,mm,OK,--,3:07:45 PM,11/27/2025,
1241,40.9,gf,3.280,mm,OK,--,3:07:45 PM,11/27/2025,
1242,40.9,gf,3.280,mm,OK,--,3:07:45 PM,11/27/2025,
1243,40.9,gf,3.275,mm,OK,--,3:07:45 PM,11/27/2025,
1244,40.8,gf,3.275,mm,OK,--,3:07:45 PM,11/27/2025,
1245,40.9,gf,3.275,mm,OK,--,3:07:45 PM,11/27/2025,
1246,40.8,gf,3.270,mm,OK,--,3:07:45 PM,11/27/2025,
1247,40.8,gf,3.270,mm,OK,--,3:07:45 PM,11/27/2025,
1248,40.7,gf,3.270,mm,OK,--,3:07:45 PM,11/27/2025,
1249,40.7,gf,3.260,mm,OK,--,3:07:46 PM,11/27/2025,
1250,40.7,gf,3.255,mm,OK,--,3:07:46 PM,11/27/2025,
1251,40.7,gf,3.250,mm,OK,--,3:07:46 PM,11/27/2025,
1252,40.7,gf,3.245,mm,OK,--,3:07:46 PM,11/27/2025,
1253,40.7,gf,3.235,mm,OK,--,3:07:46 PM,11/27/2025,
1254,40.7,gf,3.230,mm,OK,--,3:07:46 PM,11/27/2025,
1255,40.7,gf,3.225,mm,OK,--,3:07:46 PM,11/27/2025,
1256,40.6,gf,3.220,mm,OK,--,3:07:46 PM,11/27/2025,
1257,40.6,gf,3.215,mm,OK,--,3:07:46 PM,11/27/2025,
1258,40.5,gf,3.205,mm,OK,--,3:07:46 PM,11/27/2025,
1259,40.5,gf,3.200,mm,OK,--,3:07:47 PM,11/27/2025,
1260,40.5,gf,3.195,mm,OK,--,3:07:47 PM,11/27/2025,
1261,40.4,gf,3.190,mm,OK,--,3:07:47 PM,11/27/2025,
1262,40.4,gf,3.185,mm,OK,--,3:07:47 PM,11/27/2025,
1263,40.3,gf,3.180,mm,OK,--,3:07:47 PM,11/27/2025,
1264,40.3,gf,3.170,mm,OK,--,3:07:47 PM,11/27/2025,
1265,40.3,gf,3.165,mm,OK,--,3:07:47 PM,11/27/2025,
1266,40.3,gf,3.160,mm,OK,--,3:07:47 PM,11/27/2025,
1267,40.3,gf,3.155,mm,OK,--,3:07:47 PM,11/27/2025,
1268,40.3,gf,3.150,mm,OK,--,3:07:47 PM,11/27/2025,
1269,40.3,gf,3.150,mm,OK,--,3:07:48 PM,11/27/2025,
1270,40.3,gf,3.145,mm,OK,--,3:07:48 PM,11/27/2025,
1271,40.4,gf,3.145,mm,OK,--,3:07:48 PM,11/27/2025,
1272,40.4,gf,3.140,mm,OK,--,3:07:48 PM,11/27/2025,
1273,40.4,gf,3.140,mm,OK,--,3:07:48 PM,11/27/2025,
1274,40.3,gf,3.135,mm,OK,--,3:07:48 PM,11/27/2025,
1275,40.3,gf,3.130,mm,OK,--,3:07:48 PM,11/27/2025,
1276,40.3,gf,3.125,mm,OK,--,3:07:48 PM,11/27/2025,
1277,40.3,gf,3.125,mm,OK,--,3:07:48 PM,11/27/2025,
1278,40.3,gf,3.115,mm,OK,--,3:07:48 PM,11/27/2025,
1279,40.3,gf,3.105,mm,OK,--,3:07:49 PM,11/27/2025,
1280,40.3,gf,3.100,mm,OK,--,3:07:49 PM,11/27/2025,
1281,40.3,gf,3.095,mm,OK,--,3:07:49 PM,11/27/2025,
1282,40.3,gf,3.085,mm,OK,--,3:07:49 PM,11/27/2025,
1283,40.2,gf,3.075,mm,OK,--,3:07:49 PM,11/27/2025,
1284,40.1,gf,3.060,mm,OK,--,3:07:49 PM,11/27/2025,
1285,40.1,gf,3.055,mm,OK,--,3:07:49 PM,11/27/2025,
1286,40.1,gf,3.050,mm,OK,--,3:07:49 PM,11/27/2025,
1287,40.0,gf,3.045,mm,OK,--,3:07:49 PM,11/27/2025,
1288,40.1,gf,3.040,mm,OK,--,3:07:49 PM,11/27/2025,
1289,40.1,gf,3.035,mm,OK,--,3:07:50 PM,11/27/2025,
1290,40.1,gf,3.035,mm,OK,--,3:07:50 PM,11/27/2025,
1291,40.0,gf,3.030,mm,OK,--,3:07:50 PM,11/27/2025,
1292,40.0,gf,3.025,mm,OK,--,3:07:50 PM,11/27/2025,
1293,40.0,gf,3.020,mm,OK,--,3:07:50 PM,11/27/2025,
1294,40.0,gf,3.010,mm,OK,--,3:07:50 PM,11/27/2025,
1295,39.9,gf,3.005,mm,OK,--,3:07:50 PM,11/27/2025,
1296,39.8,gf,2.995,mm,OK,--,3:07:50 PM,11/27/2025,
1297,39.8,gf,2.990,mm,OK,--,3:07:50 PM,11/27/2025,
1298,39.8,gf,2.985,mm,OK,--,3:07:50 PM,11/27/2025,
1299,39.8,gf,2.980,mm,OK,--,3:07:51 PM,11/27/2025,
1300,39.8,gf,2.975,mm,OK,--,3:07:51 PM,11/27/2025,
1301,39.8,gf,2.970,mm,OK,--,3:07:51 PM,11/27/2025,
1302,39.7,gf,2.965,mm,OK,--,3:07:51 PM,11/27/2025,
1303,39.7,gf,2.960,mm,OK,--,3:07:51 PM,11/27/2025,
1304,39.7,gf,2.955,mm,OK,--,3:07:51 PM,11/27/2025,
1305,39.7,gf,2.950,mm,OK,--,3:07:51 PM,11/27/2025,
1306,39.6,gf,2.940,mm,OK,--,3:07:51 PM,11/27/2025,
1307,39.6,gf,2.935,mm,OK,--,3:07:51 PM,11/27/2025,
1308,39.6,gf,2.925,mm,OK,--,3:07:51 PM,11/27/2025,
1309,39.6,gf,2.920,mm,OK,--,3:07:52 PM,11/27/2025,
1310,39.6,gf,2.910,mm,OK,--,3:07:52 PM,11/27/2025,
1311,39.5,gf,2.905,mm,OK,--,3:07:52 PM,11/27/2025,
1312,39.5,gf,2.900,mm,OK,--,3:07:52 PM,11/27/2025,
1313,39.5,gf,2.900,mm,OK,--,3:07:52 PM,11/27/2025,
1314,39.5,gf,2.895,mm,OK,--,3:07:52 PM,11/27/2025,
1315,39.5,gf,2.890,mm,OK,--,3:07:52 PM,11/27/2025,
1316,39.4,gf,2.885,mm,OK,--,3:07:52 PM,11/27/2025,
1317,39.5,gf,2.880,mm,OK,--,3:07:52 PM,11/27/2025,
1318,39.5,gf,2.880,mm,OK,--,3:07:52 PM,11/27/2025,
1319,39.5,gf,2.875,mm,OK,--,3:07:53 PM,11/27/2025,
1320,39.4,gf,2.875,mm,OK,--,3:07:53 PM,11/27/2025,
1321,39.4,gf,2.870,mm,OK,--,3:07:53 PM,11/27/2025,
1322,39.4,gf,2.865,mm,OK,--,3:07:53 PM,11/27/2025,
1323,39.4,gf,2.860,mm,OK,--,3:07:53 PM,11/27/2025,
1324,39.3,gf,2.855,mm,OK,--,3:07:53 PM,11/27/2025,
1325,39.3,gf,2.845,mm,OK,--,3:07:53 PM,11/27/2025,
1326,39.2,gf,2.825,mm,OK,--,3:07:53 PM,11/27/2025,
1327,39.1,gf,2.810,mm,OK,--,3:07:53 PM,11/27/2025,
1328,39.2,gf,2.790,mm,OK,--,3:07:53 PM,11/27/2025,
1329,39.1,gf,2.775,mm,OK,--,3:07:54 PM,11/27/2025,
1330,39.0,gf,2.765,mm,OK,--,3:07:54 PM,11/27/2025,
1331,39.0,gf,2.755,mm,OK,--,3:07:54 PM,11/27/2025,
1332,39.0,gf,2.750,mm,OK,--,3:07:54 PM,11/27/2025,
1333,39.0,gf,2.740,mm,OK,--,3:07:54 PM,11/27/2025,
1334,38.9,gf,2.735,mm,OK,--,3:07:54 PM,11/27/2025,
1335,38.9,gf,2.725,mm,OK,--,3:07:54 PM,11/27/2025,
1336,38.8,gf,2.710,mm,OK,--,3:07:54 PM,11/27/2025,
1337,38.8,gf,2.705,mm,OK,--,3:07:54 PM,11/27/2025,
1338,38.7,gf,2.695,mm,OK,--,3:07:54 PM,11/27/2025,
1339,38.7,gf,2.690,mm,OK,--,3:07:55 PM,11/27/2025,
1340,38.7,gf,2.685,mm,OK,--,3:07:55 PM,11/27/2025,
1341,38.7,gf,2.680,mm,OK,--,3:07:55 PM,11/27/2025,
1342,38.7,gf,2.675,mm,OK,--,3:07:55 PM,11/27/2025,
1343,38.7,gf,2.675,mm,OK,--,3:07:55 PM,11/27/2025,
1344,38.7,gf,2.670,mm,OK,--,3:07:55 PM,11/27/2025,
1345,38.7,gf,2.665,mm,OK,--,3:07:55 PM,11/27/2025,
1346,38.7,gf,2.660,mm,OK,--,3:07:55 PM,11/27/2025,
1347,38.6,gf,2.655,mm,OK,--,3:07:55 PM,11/27/2025,
1348,38.6,gf,2.650,mm,OK,--,3:07:55 PM,11/27/2025,
1349,38.6,gf,2.645,mm,OK,--,3:07:56 PM,11/27/2025,
1350,38.5,gf,2.640,mm,OK,--,3:07:56 PM,11/27/2025,
1351,38.5,gf,2.630,mm,OK,--,3:07:56 PM,11/27/2025,
1352,38.5,gf,2.625,mm,OK,--,3:07:56 PM,11/27/2025,
1353,38.5,gf,2.620,mm,OK,--,3:07:56 PM,11/27/2025,
1354,38.5,gf,2.615,mm,OK,--,3:07:56 PM,11/27/2025,
1355,38.4,gf,2.610,mm,OK,--,3:07:56 PM,11/27/2025,
1356,38.4,gf,2.605,mm,OK,--,3:07:56 PM,11/27/2025,
1357,38.4,gf,2.595,mm,OK,--,3:07:56 PM,11/27/2025,
1358,38.4,gf,2.585,mm,OK,--,3:07:56 PM,11/27/2025,
1359,38.3,gf,2.575,mm,OK,--,3:07:57 PM,11/27/2025,
1360,38.3,gf,2.565,mm,OK,--,3:07:57 PM,11/27/2025,
1361,38.2,gf,2.560,mm,OK,--,3:07:57 PM,11/27/2025,
1362,38.2,gf,2.550,mm,OK,--,3:07:57 PM,11/27/2025,
1363,38.0,gf,2.535,mm,OK,--,3:07:57 PM,11/27/2025,
1364,38.0,gf,2.525,mm,OK,--,3:07:57 PM,11/27/2025,
1365,38.0,gf,2.515,mm,OK,--,3:07:57 PM,11/27/2025,
1366,37.9,gf,2.505,mm,OK,--,3:07:57 PM,11/27/2025,
1367,38.0,gf,2.490,mm,OK,--,3:07:57 PM,11/27/2025,
1368,37.9,gf,2.475,mm,OK,--,3:07:57 PM,11/27/2025,
1369,37.8,gf,2.455,mm,OK,--,3:07:58 PM,11/27/2025,
1370,37.8,gf,2.440,mm,OK,--,3:07:58 PM,11/27/2025,
1371,37.7,gf,2.430,mm,OK,--,3:07:58 PM,11/27/2025,
1372,37.7,gf,2.420,mm,OK,--,3:07:58 PM,11/27/2025,
1373,37.7,gf,2.410,mm,OK,--,3:07:58 PM,11/27/2025,
1374,37.6,gf,2.405,mm,OK,--,3:07:58 PM,11/27/2025,
1375,37.6,gf,2.395,mm,OK,--,3:07:58 PM,11/27/2025,
1376,37.5,gf,2.385,mm,OK,--,3:07:58 PM,11/27/2025,
1377,37.5,gf,2.370,mm,OK,--,3:07:58 PM,11/27/2025,
1378,37.4,gf,2.360,mm,OK,--,3:07:58 PM,11/27/2025,
1379,37.4,gf,2.355,mm,OK,--,3:07:59 PM,11/27/2025,
1380,37.4,gf,2.345,mm,OK,--,3:07:59 PM,11/27/2025,
1381,37.4,gf,2.340,mm,OK,--,3:07:59 PM,11/27/2025,
1382,37.3,gf,2.330,mm,OK,--,3:07:59 PM,11/27/2025,
1383,37.3,gf,2.320,mm,OK,--,3:07:59 PM,11/27/2025,
1384,37.3,gf,2.315,mm,OK,--,3:07:59 PM,11/27/2025,
1385,37.3,gf,2.310,mm,OK,--,3:07:59 PM,11/27/2025,
1386,37.3,gf,2.305,mm,OK,--,3:07:59 PM,11/27/2025,
1387,37.2,gf,2.300,mm,OK,--,3:07:59 PM,11/27/2025,
1388,37.2,gf,2.295,mm,OK,--,3:07:59 PM,11/27/2025,
1389,37.2,gf,2.290,mm,OK,--,3:08:00 PM,11/27/2025,
1390,37.1,gf,2.280,mm,OK,--,3:08:00 PM,11/27/2025,
1391,37.1,gf,2.275,mm,OK,--,3:08:00 PM,11/27/2025,
1392,37.1,gf,2.270,mm,OK,--,3:08:00 PM,11/27/2025,
1393,37.1,gf,2.265,mm,OK,--,3:08:00 PM,11/27/2025,
1394,37.0,gf,2.255,mm,OK,--,3:08:00 PM,11/27/2025,
1395,36.9,gf,2.250,mm,OK,--,3:08:00 PM,11/27/2025,
1396,36.9,gf,2.240,mm,OK,--,3:08:00 PM,11/27/2025,
1397,36.8,gf,2.230,mm,OK,--,3:08:00 PM,11/27/2025,
1398,36.8,gf,2.225,mm,OK,--,3:08:00 PM,11/27/2025,
1399,36.8,gf,2.215,mm,OK,--,3:08:01 PM,11/27/2025,
1400,36.9,gf,2.210,mm,OK,--,3:08:01 PM,11/27/2025,
1401,36.8,gf,2.205,mm,OK,--,3:08:01 PM,11/27/2025,
1402,36.8,gf,2.200,mm,OK,--,3:08:01 PM,11/27/2025,
1403,36.7,gf,2.195,mm,OK,--,3:08:01 PM,11/27/2025,
1404,36.6,gf,2.190,mm,OK,--,3:08:01 PM,11/27/2025,
1405,36.5,gf,2.180,mm,OK,--,3:08:01 PM,11/27/2025,
1406,36.5,gf,2.170,mm,OK,--,3:08:01 PM,11/27/2025,
1407,36.5,gf,2.165,mm,OK,--,3:08:01 PM,11/27/2025,
1408,36.5,gf,2.160,mm,OK,--,3:08:01 PM,11/27/2025,
1409,36.5,gf,2.155,mm,OK,--,3:08:02 PM,11/27/2025,
1410,36.4,gf,2.150,mm,OK,--,3:08:02 PM,11/27/2025,
1411,36.4,gf,2.145,mm,OK,--,3:08:02 PM,11/27/2025,
1412,36.4,gf,2.140,mm,OK,--,3:08:02 PM,11/27/2025,
1413,36.4,gf,2.135,mm,OK,--,3:08:02 PM,11/27/2025,
1414,36.3,gf,2.125,mm,OK,--,3:08:02 PM,11/27/2025,
1415,36.2,gf,2.120,mm,OK,--,3:08:02 PM,11/27/2025,
1416,36.1,gf,2.115,mm,OK,--,3:08:02 PM,11/27/2025,
1417,36.0,gf,2.110,mm,OK,--,3:08:02 PM,11/27/2025,
1418,35.9,gf,2.105,mm,OK,--,3:08:02 PM,11/27/2025,
1419,35.8,gf,2.100,mm,OK,--,3:08:03 PM,11/27/2025,
1420,35.8,gf,2.095,mm,OK,--,3:08:03 PM,11/27/2025,
1421,35.7,gf,2.090,mm,OK,--,3:08:03 PM,11/27/2025,
1422,35.5,gf,2.085,mm,OK,--,3:08:03 PM,11/27/2025,
1423,35.5,gf,2.080,mm,OK,--,3:08:03 PM,11/27/2025,
1424,35.4,gf,2.075,mm,OK,--,3:08:03 PM,11/27/2025,
1425,35.3,gf,2.070,mm,OK,--,3:08:03 PM,11/27/2025,
1426,35.2,gf,2.065,mm,OK,--,3:08:03 PM,11/27/2025,
1427,35.2,gf,2.060,mm,OK,--,3:08:03 PM,11/27/2025,
1428,35.1,gf,2.055,mm,OK,--,3:08:03 PM,11/27/2025,
1429,35.1,gf,2.050,mm,OK,--,3:08:04 PM,11/27/2025,
1430,35.1,gf,2.050,mm,OK,--,3:08:04 PM,11/27/2025,
1431,35.0,gf,2.045,mm,OK,--,3:08:04 PM,11/27/2025,
1432,34.9,gf,2.040,mm,OK,--,3:08:04 PM,11/27/2025,
1433,34.9,gf,2.040,mm,OK,--,3:08:04 PM,11/27/2025,
1434,34.9,gf,2.035,mm,OK,--,3:08:04 PM,11/27/2025,
1435,34.8,gf,2.030,mm,OK,--,3:08:04 PM,11/27/2025,
1436,34.8,gf,2.030,mm,OK,--,3:08:04 PM,11/27/2025,
1437,34.8,gf,2.025,mm,OK,--,3:08:04 PM,11/27/2025,
1438,34.7,gf,2.020,mm,OK,--,3:08:04 PM,11/27/2025,
1439,34.6,gf,2.015,mm,OK,--,3:08:05 PM,11/27/2025,
1440,34.6,gf,2.010,mm,OK,--,3:08:05 PM,11/27/2025,
1441,34.4,gf,2.005,mm,OK,--,3:08:05 PM,11/27/2025,
1442,34.4,gf,1.995,mm,OK,--,3:08:05 PM,11/27/2025,
1443,34.4,gf,1.985,mm,OK,--,3:08:05 PM,11/27/2025,
1444,34.4,gf,1.980,mm,OK,--,3:08:05 PM,11/27/2025,
1445,34.3,gf,1.970,mm,OK,--,3:08:05 PM,11/27/2025,
1446,34.3,gf,1.965,mm,OK,--,3:08:05 PM,11/27/2025,
1447,34.4,gf,1.955,mm,OK,--,3:08:05 PM,11/27/2025,
1448,34.3,gf,1.950,mm,OK,--,3:08:05 PM,11/27/2025,
1449,34.3,gf,1.945,mm,OK,--,3:08:06 PM,11/27/2025,
1450,34.2,gf,1.940,mm,OK,--,3:08:06 PM,11/27/2025,
1451,34.1,gf,1.935,mm,OK,--,3:08:06 PM,11/27/2025,
1452,34.0,gf,1.930,mm,OK,--,3:08:06 PM,11/27/2025,
1453,33.9,gf,1.925,mm,OK,--,3:08:06 PM,11/27/2025,
1454,34.0,gf,1.915,mm,OK,--,3:08:06 PM,11/27/2025,
1455,34.0,gf,1.905,mm,OK,--,3:08:06 PM,11/27/2025,
1456,34.0,gf,1.895,mm,OK,--,3:08:06 PM,11/27/2025,
1457,33.9,gf,1.885,mm,OK,--,3:08:06 PM,11/27/2025,
1458,33.8,gf,1.880,mm,OK,--,3:08:06 PM,11/27/2025,
1459,33.8,gf,1.870,mm,OK,--,3:08:07 PM,11/27/2025,
1460,33.8,gf,1.865,mm,OK,--,3:08:07 PM,11/27/2025,
1461,33.8,gf,1.860,mm,OK,--,3:08:07 PM,11/27/2025,
1462,33.8,gf,1.850,mm,OK,--,3:08:07 PM,11/27/2025,
1463,33.8,gf,1.845,mm,OK,--,3:08:07 PM,11/27/2025,
1464,33.8,gf,1.840,mm,OK,--,3:08:07 PM,11/27/2025,
1465,33.6,gf,1.830,mm,OK,--,3:08:07 PM,11/27/2025,
1466,33.6,gf,1.815,mm,OK,--,3:08:07 PM,11/27/2025,
1467,33.7,gf,1.810,mm,OK,--,3:08:07 PM,11/27/2025,
1468,33.7,gf,1.805,mm,OK,--,3:08:07 PM,11/27/2025,
1469,33.7,gf,1.800,mm,OK,--,3:08:08 PM,11/27/2025,
1470,33.6,gf,1.800,mm,OK,--,3:08:08 PM,11/27/2025,
1471,33.6,gf,1.795,mm,OK,--,3:08:08 PM,11/27/2025,
1472,33.6,gf,1.790,mm,OK,--,3:08:08 PM,11/27/2025,
1473,33.7,gf,1.790,mm,OK,--,3:08:08 PM,11/27/2025,
1474,33.6,gf,1.785,mm,OK,--,3:08:08 PM,11/27/2025,
1475,33.6,gf,1.785,mm,OK,--,3:08:08 PM,11/27/2025,
1476,33.6,gf,1.780,mm,OK,--,3:08:08 PM,11/27/2025,
1477,33.6,gf,1.780,mm,OK,--,3:08:08 PM,11/27/2025,
1478,33.5,gf,1.775,mm,OK,--,3:08:08 PM,11/27/2025,
1479,33.5,gf,1.770,mm,OK,--,3:08:09 PM,11/27/2025,
1480,33.5,gf,1.770,mm,OK,--,3:08:09 PM,11/27/2025,
1481,33.5,gf,1.765,mm,OK,--,3:08:09 PM,11/27/2025,
1482,33.4,gf,1.765,mm,OK,--,3:08:09 PM,11/27/2025,
1483,33.4,gf,1.760,mm,OK,--,3:08:09 PM,11/27/2025,
1484,33.4,gf,1.760,mm,OK,--,3:08:09 PM,11/27/2025,
1485,33.4,gf,1.755,mm,OK,--,3:08:09 PM,11/27/2025,
1486,33.4,gf,1.755,mm,OK,--,3:08:09 PM,11/27/2025,
1487,33.4,gf,1.750,mm,OK,--,3:08:09 PM,11/27/2025,
1488,33.3,gf,1.745,mm,OK,--,3:08:09 PM,11/27/2025,
1489,33.4,gf,1.735,mm,OK,--,3:08:10 PM,11/27/2025,
1490,33.4,gf,1.735,mm,OK,--,3:08:10 PM,11/27/2025,
1491,33.3,gf,1.730,mm,OK,--,3:08:10 PM,11/27/2025,
1492,33.3,gf,1.730,mm,OK,--,3:08:10 PM,11/27/2025,
1493,33.2,gf,1.725,mm,OK,--,3:08:10 PM,11/27/2025,
1494,33.2,gf,1.720,mm,OK,--,3:08:10 PM,11/27/2025,
1495,33.2,gf,1.720,mm,OK,--,3:08:10 PM,11/27/2025,
1496,33.2,gf,1.715,mm,OK,--,3:08:10 PM,11/27/2025,
1497,33.1,gf,1.710,mm,OK,--,3:08:10 PM,11/27/2025,
1498,33.1,gf,1.710,mm,OK,--,3:08:10 PM,11/27/2025,
1499,33.0,gf,1.705,mm,OK,--,3:08:11 PM,11/27/2025,
1500,32.9,gf,1.700,mm,OK,--,3:08:11 PM,11/27/2025,
1501,32.8,gf,1.695,mm,OK,--,3:08:11 PM,11/27/2025,
1502,32.8,gf,1.690,mm,OK,--,3:08:11 PM,11/27/2025,
1503,32.8,gf,1.680,mm,OK,--,3:08:11 PM,11/27/2025,
1504,32.8,gf,1.670,mm,OK,--,3:08:11 PM,11/27/2025,
1505,32.8,gf,1.665,mm,OK,--,3:08:11 PM,11/27/2025,
1506,32.8,gf,1.660,mm,OK,--,3:08:11 PM,11/27/2025,
1507,32.8,gf,1.655,mm,OK,--,3:08:11 PM,11/27/2025,
1508,32.8,gf,1.655,mm,OK,--,3:08:11 PM,11/27/2025,
1509,32.8,gf,1.645,mm,OK,--,3:08:12 PM,11/27/2025,
1510,32.8,gf,1.645,mm,OK,--,3:08:12 PM,11/27/2025,
1511,32.7,gf,1.640,mm,OK,--,3:08:12 PM,11/27/2025,
1512,32.7,gf,1.635,mm,OK,--,3:08:12 PM,11/27/2025,
1513,32.7,gf,1.635,mm,OK,--,3:08:12 PM,11/27/2025,
1514,32.6,gf,1.630,mm,OK,--,3:08:12 PM,11/27/2025,
1515,32.6,gf,1.630,mm,OK,--,3:08:12 PM,11/27/2025,
1516,32.6,gf,1.625,mm,OK,--,3:08:12 PM,11/27/2025,
1517,32.5,gf,1.620,mm,OK,--,3:08:12 PM,11/27/2025,
1518,32.5,gf,1.615,mm,OK,--,3:08:12 PM,11/27/2025,
1519,32.5,gf,1.610,mm,OK,--,3:08:13 PM,11/27/2025,
1520,32.4,gf,1.610,mm,OK,--,3:08:13 PM,11/27/2025,
1521,32.4,gf,1.605,mm,OK,--,3:08:13 PM,11/27/2025,
1522,32.4,gf,1.600,mm,OK,--,3:08:13 PM,11/27/2025,
1523,32.4,gf,1.590,mm,OK,--,3:08:13 PM,11/27/2025,
1524,32.5,gf,1.585,mm,OK,--,3:08:13 PM,11/27/2025,
1525,32.4,gf,1.575,mm,OK,--,3:08:13 PM,11/27/2025,
1526,32.3,gf,1.570,mm,OK,--,3:08:13 PM,11/27/2025,
1527,32.4,gf,1.565,mm,OK,--,3:08:13 PM,11/27/2025,
1528,32.4,gf,1.560,mm,OK,--,3:08:13 PM,11/27/2025,
1529,32.4,gf,1.560,mm,OK,--,3:08:14 PM,11/27/2025,
1530,32.4,gf,1.555,mm,OK,--,3:08:14 PM,11/27/2025,
1531,32.3,gf,1.555,mm,OK,--,3:08:14 PM,11/27/2025,
1532,32.2,gf,1.550,mm,OK,--,3:08:14 PM,11/27/2025,
1533,32.1,gf,1.550,mm,OK,--,3:08:14 PM,11/27/2025,
1534,31.6,gf,1.545,mm,OK,--,3:08:14 PM,11/27/2025,
1535,31.5,gf,1.535,mm,OK,--,3:08:14 PM,11/27/2025,
1536,31.5,gf,1.530,mm,OK,--,3:08:14 PM,11/27/2025,
1537,31.5,gf,1.525,mm,OK,--,3:08:14 PM,11/27/2025,
1538,31.5,gf,1.520,mm,OK,--,3:08:14 PM,11/27/2025,
1539,31.6,gf,1.515,mm,OK,--,3:08:15 PM,11/27/2025,
1540,31.7,gf,1.510,mm,OK,--,3:08:15 PM,11/27/2025,
1541,31.6,gf,1.510,mm,OK,--,3:08:15 PM,11/27/2025,
1542,31.5,gf,1.500,mm,OK,--,3:08:15 PM,11/27/2025,
1543,31.3,gf,1.495,mm,OK,--,3:08:15 PM,11/27/2025,
1544,31.5,gf,1.485,mm,OK,--,3:08:15 PM,11/27/2025,
1545,31.5,gf,1.480,mm,OK,--,3:08:15 PM,11/27/2025,
1546,31.5,gf,1.475,mm,OK,--,3:08:15 PM,11/27/2025,
1547,31.5,gf,1.475,mm,OK,--,3:08:15 PM,11/27/2025,
1548,31.5,gf,1.470,mm,OK,--,3:08:15 PM,11/27/2025,
1549,31.4,gf,1.465,mm,OK,--,3:08:16 PM,11/27/2025,
1550,31.3,gf,1.460,mm,OK,--,3:08:16 PM,11/27/2025,
1551,31.3,gf,1.455,mm,OK,--,3:08:16 PM,11/27/2025,
1552,31.2,gf,1.450,mm,OK,--,3:08:16 PM,11/27/2025,
1553,31.2,gf,1.445,mm,OK,--,3:08:16 PM,11/27/2025,
1554,31.2,gf,1.440,mm,OK,--,3:08:16 PM,11/27/2025,
1555,31.3,gf,1.435,mm,OK,--,3:08:16 PM,11/27/2025,
1556,31.2,gf,1.430,mm,OK,--,3:08:16 PM,11/27/2025,
1557,31.1,gf,1.425,mm,OK,--,3:08:16 PM,11/27/2025,
1558,31.1,gf,1.420,mm,OK,--,3:08:16 PM,11/27/2025,
1559,31.0,gf,1.415,mm,OK,--,3:08:17 PM,11/27/2025,
1560,31.0,gf,1.410,mm,OK,--,3:08:17 PM,11/27/2025,
1561,31.0,gf,1.405,mm,OK,--,3:08:17 PM,11/27/2025,
1562,31.0,gf,1.400,mm,OK,--,3:08:17 PM,11/27/2025,
1563,30.8,gf,1.395,mm,OK,--,3:08:17 PM,11/27/2025,
1564,30.7,gf,1.390,mm,OK,--,3:08:17 PM,11/27/2025,
1565,30.7,gf,1.380,mm,OK,--,3:08:17 PM,11/27/2025,
1566,30.8,gf,1.375,mm,OK,--,3:08:17 PM,11/27/2025,
1567,30.8,gf,1.365,mm,OK,--,3:08:17 PM,11/27/2025,
1568,30.7,gf,1.360,mm,OK,--,3:08:17 PM,11/27/2025,
1569,30.7,gf,1.350,mm,OK,--,3:08:18 PM,11/27/2025,
1570,30.6,gf,1.345,mm,OK,--,3:08:18 PM,11/27/2025,
1571,30.6,gf,1.340,mm,OK,--,3:08:18 PM,11/27/2025,
1572,30.5,gf,1.335,mm,OK,--,3:08:18 PM,11/27/2025,
1573,30.5,gf,1.330,mm,OK,--,3:08:18 PM,11/27/2025,
1574,30.5,gf,1.330,mm,OK,--,3:08:18 PM,11/27/2025,
1575,30.5,gf,1.325,mm,OK,--,3:08:18 PM,11/27/2025,
1576,30.4,gf,1.320,mm,OK,--,3:08:18 PM,11/27/2025,
1577,30.4,gf,1.310,mm,OK,--,3:08:18 PM,11/27/2025,
1578,30.4,gf,1.305,mm,OK,--,3:08:18 PM,11/27/2025,
1579,30.3,gf,1.300,mm,OK,--,3:08:19 PM,11/27/2025,
1580,30.2,gf,1.295,mm,OK,--,3:08:19 PM,11/27/2025,
1581,30.1,gf,1.290,mm,OK,--,3:08:19 PM,11/27/2025,
1582,30.1,gf,1.285,mm,OK,--,3:08:19 PM,11/27/2025,
1583,30.1,gf,1.285,mm,OK,--,3:08:19 PM,11/27/2025,
1584,30.0,gf,1.280,mm,OK,--,3:08:19 PM,11/27/2025,
1585,30.0,gf,1.275,mm,OK,--,3:08:19 PM,11/27/2025,
1586,30.0,gf,1.265,mm,OK,--,3:08:19 PM,11/27/2025,
1587,30.1,gf,1.255,mm,OK,--,3:08:19 PM,11/27/2025,
1588,30.1,gf,1.250,mm,OK,--,3:08:19 PM,11/27/2025,
1589,30.1,gf,1.245,mm,OK,--,3:08:20 PM,11/27/2025,
1590,30.1,gf,1.235,mm,OK,--,3:08:20 PM,11/27/2025,
1591,30.1,gf,1.230,mm,OK,--,3:08:20 PM,11/27/2025,
1592,30.2,gf,1.225,mm,OK,--,3:08:20 PM,11/27/2025,
1593,30.2,gf,1.225,mm,OK,--,3:08:20 PM,11/27/2025,
1594,30.1,gf,1.220,mm,OK,--,3:08:20 PM,11/27/2025,
1595,30.1,gf,1.215,mm,OK,--,3:08:20 PM,11/27/2025,
1596,30.1,gf,1.210,mm,OK,--,3:08:20 PM,11/27/2025,
1597,30.1,gf,1.205,mm,OK,--,3:08:20 PM,11/27/2025,
1598,30.1,gf,1.205,mm,OK,--,3:08:20 PM,11/27/2025,
1599,30.0,gf,1.200,mm,OK,--,3:08:21 PM,11/27/2025,
1600,30.0,gf,1.195,mm,OK,--,3:08:21 PM,11/27/2025,
1601,30.0,gf,1.190,mm,OK,--,3:08:21 PM,11/27/2025,
1602,29.9,gf,1.180,mm,OK,--,3:08:21 PM,11/27/2025,
1603,30.0,gf,1.175,mm,OK,--,3:08:21 PM,11/27/2025,
1604,30.0,gf,1.170,mm,OK,--,3:08:21 PM,11/27/2025,
1605,29.9,gf,1.165,mm,OK,--,3:08:21 PM,11/27/2025,
1606,29.9,gf,1.160,mm,OK,--,3:08:21 PM,11/27/2025,
1607,30.0,gf,1.160,mm,OK,--,3:08:21 PM,11/27/2025,
1608,29.9,gf,1.155,mm,OK,--,3:08:21 PM,11/27/2025,
1609,29.8,gf,1.155,mm,OK,--,3:08:22 PM,11/27/2025,
1610,29.6,gf,1.150,mm,OK,--,3:08:22 PM,11/27/2025,
1611,29.6,gf,1.140,mm,OK,--,3:08:22 PM,11/27/2025,
1612,29.6,gf,1.135,mm,OK,--,3:08:22 PM,11/27/2025,
1613,29.6,gf,1.130,mm,OK,--,3:08:22 PM,11/27/2025,
1614,29.5,gf,1.125,mm,OK,--,3:08:22 PM,11/27/2025,
1615,29.4,gf,1.115,mm,OK,--,3:08:22 PM,11/27/2025,
1616,29.5,gf,1.110,mm,OK,--,3:08:22 PM,11/27/2025,
1617,29.6,gf,1.105,mm,OK,--,3:08:22 PM,11/27/2025,
1618,29.5,gf,1.100,mm,OK,--,3:08:22 PM,11/27/2025,
1619,29.4,gf,1.090,mm,OK,--,3:08:23 PM,11/27/2025,
1620,29.5,gf,1.080,mm,OK,--,3:08:23 PM,11/27/2025,
1621,29.6,gf,1.075,mm,OK,--,3:08:23 PM,11/27/2025,
1622,29.6,gf,1.070,mm,OK,--,3:08:23 PM,11/27/2025,
1623,29.6,gf,1.065,mm,OK,--,3:08:23 PM,11/27/2025,
1624,29.6,gf,1.060,mm,OK,--,3:08:23 PM,11/27/2025,
1625,29.5,gf,1.055,mm,OK,--,3:08:23 PM,11/27/2025,
1626,29.5,gf,1.050,mm,OK,--,3:08:23 PM,11/27/2025,
1627,29.4,gf,1.050,mm,OK,--,3:08:23 PM,11/27/2025,
1628,29.3,gf,1.040,mm,OK,--,3:08:23 PM,11/27/2025,
1629,29.2,gf,1.035,mm,OK,--,3:08:24 PM,11/27/2025,
1630,29.2,gf,1.025,mm,OK,--,3:08:24 PM,11/27/2025,
1631,29.1,gf,1.015,mm,OK,--,3:08:24 PM,11/27/2025,
1632,29.1,gf,1.010,mm,OK,--,3:08:24 PM,11/27/2025,
1633,29.0,gf,1.000,mm,OK,--,3:08:24 PM,11/27/2025,
1634,29.0,gf,0.995,mm,OK,--,3:08:24 PM,11/27/2025,
1635,28.9,gf,0.990,mm,OK,--,3:08:24 PM,11/27/2025,
1636,28.8,gf,0.980,mm,OK,--,3:08:24 PM,11/27/2025,
1637,28.7,gf,0.970,mm,OK,--,3:08:24 PM,11/27/2025,
1638,28.7,gf,0.965,mm,OK,--,3:08:24 PM,11/27/2025,
1639,28.6,gf,0.960,mm,OK,--,3:08:25 PM,11/27/2025,
1640,28.6,gf,0.955,mm,OK,--,3:08:25 PM,11/27/2025,
1641,28.4,gf,0.955,mm,OK,--,3:08:25 PM,11/27/2025,
1642,28.4,gf,0.950,mm,OK,--,3:08:25 PM,11/27/2025,
1643,28.4,gf,0.945,mm,OK,--,3:08:25 PM,11/27/2025,
1644,28.2,gf,0.940,mm,OK,--,3:08:25 PM,11/27/2025,
1645,28.2,gf,0.930,mm,OK,--,3:08:25 PM,11/27/2025,
1646,28.3,gf,0.925,mm,OK,--,3:08:25 PM,11/27/2025,
1647,28.3,gf,0.920,mm,OK,--,3:08:25 PM,11/27/2025,
1648,28.3,gf,0.915,mm,OK,--,3:08:25 PM,11/27/2025,
1649,28.3,gf,0.910,mm,OK,--,3:08:26 PM,11/27/2025,
1650,28.3,gf,0.905,mm,OK,--,3:08:26 PM,11/27/2025,
1651,28.3,gf,0.905,mm,OK,--,3:08:26 PM,11/27/2025,
1652,28.2,gf,0.900,mm,OK,--,3:08:26 PM,11/27/2025,
1653,27.9,gf,0.895,mm,OK,--,3:08:26 PM,11/27/2025,
1654,28.0,gf,0.885,mm,OK,--,3:08:26 PM,11/27/2025,
1655,28.0,gf,0.880,mm,OK,--,3:08:26 PM,11/27/2025,
1656,28.0,gf,0.875,mm,OK,--,3:08:26 PM,11/27/2025,
1657,28.1,gf,0.870,mm,OK,--,3:08:26 PM,11/27/2025,
1658,28.0,gf,0.865,mm,OK,--,3:08:26 PM,11/27/2025,
1659,27.9,gf,0.860,mm,OK,--,3:08:27 PM,11/27/2025,
1660,27.9,gf,0.855,mm,OK,--,3:08:27 PM,11/27/2025,
1661,27.9,gf,0.845,mm,OK,--,3:08:27 PM,11/27/2025,
1662,27.6,gf,0.840,mm,OK,--,3:08:27 PM,11/27/2025,
1663,27.7,gf,0.825,mm,OK,--,3:08:27 PM,11/27/2025,
1664,27.7,gf,0.820,mm,OK,--,3:08:27 PM,11/27/2025,
1665,27.7,gf,0.820,mm,OK,--,3:08:27 PM,11/27/2025,
1666,27.7,gf,0.820,mm,OK,--,3:08:27 PM,11/27/2025,
1667,27.6,gf,0.815,mm,OK,--,3:08:27 PM,11/27/2025,
1668,27.5,gf,0.815,mm,OK,--,3:08:27 PM,11/27/2025,
1669,27.5,gf,0.810,mm,OK,--,3:08:28 PM,11/27/2025,
1670,27.5,gf,0.810,mm,OK,--,3:08:28 PM,11/27/2025,
1671,27.4,gf,0.805,mm,OK,--,3:08:28 PM,11/27/2025,
1672,27.3,gf,0.800,mm,OK,--,3:08:28 PM,11/27/2025,
1673,27.5,gf,0.795,mm,OK,--,3:08:28 PM,11/27/2025,
1674,27.5,gf,0.795,mm,OK,--,3:08:28 PM,11/27/2025,
1675,27.5,gf,0.795,mm,OK,--,3:08:28 PM,11/27/2025,
1676,27.5,gf,0.790,mm,OK,--,3:08:28 PM,11/27/2025,
1677,27.5,gf,0.790,mm,OK,--,3:08:28 PM,11/27/2025,
1678,27.5,gf,0.785,mm,OK,--,3:08:28 PM,11/27/2025,
1679,27.3,gf,0.785,mm,OK,--,3:08:29 PM,11/27/2025,
1680,27.3,gf,0.780,mm,OK,--,3:08:29 PM,11/27/2025,
1681,27.3,gf,0.775,mm,OK,--,3:08:29 PM,11/27/2025,
1682,27.3,gf,0.775,mm,OK,--,3:08:29 PM,11/27/2025,
1683,27.2,gf,0.770,mm,OK,--,3:08:29 PM,11/27/2025,
1684,27.2,gf,0.770,mm,OK,--,3:08:29 PM,11/27/2025,
1685,27.2,gf,0.770,mm,OK,--,3:08:29 PM,11/27/2025,
1686,27.1,gf,0.765,mm,OK,--,3:08:29 PM,11/27/2025,
1687,27.0,gf,0.760,mm,OK,--,3:08:29 PM,11/27/2025,
1688,27.1,gf,0.755,mm,OK,--,3:08:29 PM,11/27/2025,
1689,27.2,gf,0.750,mm,OK,--,3:08:30 PM,11/27/2025,
1690,27.1,gf,0.745,mm,OK,--,3:08:30 PM,11/27/2025,
1691,27.0,gf,0.740,mm,OK,--,3:08:30 PM,11/27/2025,
1692,27.0,gf,0.735,mm,OK,--,3:08:30 PM,11/27/2025,
1693,27.0,gf,0.730,mm,OK,--,3:08:30 PM,11/27/2025,
1694,26.8,gf,0.725,mm,OK,--,3:08:30 PM,11/27/2025,
1695,26.9,gf,0.715,mm,OK,--,3:08:30 PM,11/27/2025,
1696,26.9,gf,0.710,mm,OK,--,3:08:30 PM,11/27/2025,
1697,27.0,gf,0.710,mm,OK,--,3:08:30 PM,11/27/2025,
1698,27.0,gf,0.705,mm,OK,--,3:08:30 PM,11/27/2025,
1699,27.0,gf,0.700,mm,OK,--,3:08:31 PM,11/27/2025,
1700,26.9,gf,0.700,mm,OK,--,3:08:31 PM,11/27/2025,
1701,26.9,gf,0.695,mm,OK,--,3:08:31 PM,11/27/2025,
1702,26.9,gf,0.695,mm,OK,--,3:08:31 PM,11/27/2025,
1703,26.7,gf,0.690,mm,OK,--,3:08:31 PM,11/27/2025,
1704,26.7,gf,0.685,mm,OK,--,3:08:31 PM,11/27/2025,
1705,26.8,gf,0.680,mm,OK,--,3:08:31 PM,11/27/2025,
1706,26.9,gf,0.680,mm,OK,--,3:08:31 PM,11/27/2025,
1707,26.9,gf,0.675,mm,OK,--,3:08:31 PM,11/27/2025,
1708,27.0,gf,0.675,mm,OK,--,3:08:31 PM,11/27/2025,
1709,27.0,gf,0.675,mm,OK,--,3:08:32 PM,11/27/2025,
1710,27.0,gf,0.670,mm,OK,--,3:08:32 PM,11/27/2025,
1711,26.8,gf,0.670,mm,OK,--,3:08:32 PM,11/27/2025,
1712,26.9,gf,0.670,mm,OK,--,3:08:32 PM,11/27/2025,
1713,27.0,gf,0.665,mm,OK,--,3:08:32 PM,11/27/2025,
1714,27.0,gf,0.665,mm,OK,--,3:08:32 PM,11/27/2025,
1715,26.9,gf,0.665,mm,OK,--,3:08:32 PM,11/27/2025,
1716,26.9,gf,0.660,mm,OK,--,3:08:32 PM,11/27/2025,
1717,26.9,gf,0.660,mm,OK,--,3:08:32 PM,11/27/2025,
1718,26.8,gf,0.660,mm,OK,--,3:08:32 PM,11/27/2025,
1719,26.7,gf,0.655,mm,OK,--,3:08:33 PM,11/27/2025,
1720,26.7,gf,0.655,mm,OK,--,3:08:33 PM,11/27/2025,
1721,26.8,gf,0.650,mm,OK,--,3:08:33 PM,11/27/2025,
1722,26.8,gf,0.650,mm,OK,--,3:08:33 PM,11/27/2025,
1723,26.8,gf,0.650,mm,OK,--,3:08:33 PM,11/27/2025,
1724,26.8,gf,0.650,mm,OK,--,3:08:33 PM,11/27/2025,
1725,26.7,gf,0.645,mm,OK,--,3:08:33 PM,11/27/2025,
1726,26.7,gf,0.645,mm,OK,--,3:08:33 PM,11/27/2025,
1727,26.9,gf,0.645,mm,OK,--,3:08:33 PM,11/27/2025,
1728,26.8,gf,0.645,mm,OK,--,3:08:33 PM,11/27/2025,
1729,26.6,gf,0.640,mm,OK,--,3:08:34 PM,11/27/2025,
1730,26.6,gf,0.640,mm,OK,--,3:08:34 PM,11/27/2025,
1731,26.6,gf,0.635,mm,OK,--,3:08:34 PM,11/27/2025,
1732,26.7,gf,0.635,mm,OK,--,3:08:34 PM,11/27/2025,
1733,26.2,gf,0.630,mm,OK,--,3:08:34 PM,11/27/2025,
1734,26.7,gf,0.620,mm,OK,--,3:08:34 PM,11/27/2025,
1735,26.8,gf,0.615,mm,OK,--,3:08:34 PM,11/27/2025,
1736,26.8,gf,0.615,mm,OK,--,3:08:34 PM,11/27/2025,
1737,26.7,gf,0.615,mm,OK,--,3:08:34 PM,11/27/2025,
1738,26.7,gf,0.610,mm,OK,--,3:08:34 PM,11/27/2025,
1739,26.7,gf,0.610,mm,OK,--,3:08:35 PM,11/27/2025,
1740,26.8,gf,0.610,mm,OK,--,3:08:35 PM,11/27/2025,
1741,26.6,gf,0.605,mm,OK,--,3:08:35 PM,11/27/2025,
1742,26.7,gf,0.605,mm,OK,--,3:08:35 PM,11/27/2025,
1743,26.6,gf,0.600,mm,OK,--,3:08:35 PM,11/27/2025,
1744,26.5,gf,0.600,mm,OK,--,3:08:35 PM,11/27/2025,
1745,26.2,gf,0.590,mm,OK,--,3:08:35 PM,11/27/2025,
1746,26.4,gf,0.585,mm,OK,--,3:08:35 PM,11/27/2025,
1747,26.5,gf,0.585,mm,OK,--,3:08:35 PM,11/27/2025,
1748,26.3,gf,0.580,mm,OK,--,3:08:35 PM,11/27/2025,
1749,26.2,gf,0.575,mm,OK,--,3:08:36 PM,11/27/2025,
1750,26.1,gf,0.570,mm,OK,--,3:08:36 PM,11/27/2025,
1751,26.3,gf,0.565,mm,OK,--,3:08:36 PM,11/27/2025,
1752,26.1,gf,0.560,mm,OK,--,3:08:36 PM,11/27/2025,
1753,26.2,gf,0.555,mm,OK,--,3:08:36 PM,11/27/2025,
1754,26.4,gf,0.555,mm,OK,--,3:08:36 PM,11/27/2025,
1755,26.3,gf,0.550,mm,OK,--,3:08:36 PM,11/27/2025,
1756,26.1,gf,0.545,mm,OK,--,3:08:36 PM,11/27/2025,
1757,26.0,gf,0.540,mm,OK,--,3:08:36 PM,11/27/2025,
1758,26.1,gf,0.535,mm,OK,--,3:08:36 PM,11/27/2025,
1759,26.2,gf,0.530,mm,OK,--,3:08:37 PM,11/27/2025,
1760,26.2,gf,0.525,mm,OK,--,3:08:37 PM,11/27/2025,
1761,26.1,gf,0.525,mm,OK,--,3:08:37 PM,11/27/2025,
1762,26.1,gf,0.520,mm,OK,--,3:08:37 PM,11/27/2025,
1763,25.9,gf,0.515,mm,OK,--,3:08:37 PM,11/27/2025,
1764,25.8,gf,0.510,mm,OK,--,3:08:37 PM,11/27/2025,
1765,25.9,gf,0.505,mm,OK,--,3:08:37 PM,11/27/2025,
1766,26.1,gf,0.500,mm,OK,--,3:08:37 PM,11/27/2025,
1767,26.1,gf,0.500,mm,OK,--,3:08:37 PM,11/27/2025,
1768,26.1,gf,0.500,mm,OK,--,3:08:37 PM,11/27/2025,
1769,26.1,gf,0.495,mm,OK,--,3:08:38 PM,11/27/2025,
1770,26.1,gf,0.495,mm,OK,--,3:08:38 PM,11/27/2025,
1771,26.1,gf,0.490,mm,OK,--,3:08:38 PM,11/27/2025,
1772,26.0,gf,0.490,mm,OK,--,3:08:38 PM,11/27/2025,
1773,26.0,gf,0.490,mm,OK,--,3:08:38 PM,11/27/2025,
1774,26.1,gf,0.485,mm,OK,--,3:08:38 PM,11/27/2025,
1775,26.0,gf,0.485,mm,OK,--,3:08:38 PM,11/27/2025,
1776,25.9,gf,0.480,mm,OK,--,3:08:38 PM,11/27/2025,
1777,25.9,gf,0.480,mm,OK,--,3:08:38 PM,11/27/2025,
1778,25.9,gf,0.475,mm,OK,--,3:08:38 PM,11/27/2025,
1779,25.9,gf,0.475,mm,OK,--,3:08:39 PM,11/27/2025,
1780,25.8,gf,0.475,mm,OK,--,3:08:39 PM,11/27/2025,
1781,25.7,gf,0.470,mm,OK,--,3:08:39 PM,11/27/2025,
1782,25.8,gf,0.465,mm,OK,--,3:08:39 PM,11/27/2025,
1783,25.9,gf,0.465,mm,OK,--,3:08:39 PM,11/27/2025,
1784,25.8,gf,0.460,mm,OK,--,3:08:39 PM,11/27/2025,
1785,26.0,gf,0.460,mm,OK,--,3:08:39 PM,11/27/2025,
1786,26.0,gf,0.455,mm,OK,--,3:08:39 PM,11/27/2025,
1787,25.9,gf,0.455,mm,OK,--,3:08:39 PM,11/27/2025,
1788,25.8,gf,0.455,mm,OK,--,3:08:39 PM,11/27/2025,
1789,25.8,gf,0.455,mm,OK,--,3:08:40 PM,11/27/2025,
1790,25.8,gf,0.450,mm,OK,--,3:08:40 PM,11/27/2025,
1791,25.9,gf,0.450,mm,OK,--,3:08:40 PM,11/27/2025,
1792,25.8,gf,0.450,mm,OK,--,3:08:40 PM,11/27/2025,
1793,25.8,gf,0.450,mm,OK,--,3:08:40 PM,11/27/2025,
1794,25.8,gf,0.450,mm,OK,--,3:08:40 PM,11/27/2025,
1795,25.7,gf,0.450,mm,OK,--,3:08:40 PM,11/27/2025,
1796,25.5,gf,0.445,mm,OK,--,3:08:40 PM,11/27/2025,
1797,25.5,gf,0.445,mm,OK,--,3:08:40 PM,11/27/2025,
1798,25.3,gf,0.440,mm,OK,--,3:08:40 PM,11/27/2025,
1799,25.3,gf,0.440,mm,OK,--,3:08:41 PM,11/27/2025,
1800,25.4,gf,0.435,mm,OK,--,3:08:41 PM,11/27/2025,
1801,25.4,gf,0.435,mm,OK,--,3:08:41 PM,11/27/2025,
1802,25.3,gf,0.430,mm,OK,--,3:08:41 PM,11/27/2025,
1803,25.1,gf,0.430,mm,OK,--,3:08:41 PM,11/27/2025,
1804,25.2,gf,0.425,mm,OK,--,3:08:41 PM,11/27/2025,
1805,25.2,gf,0.425,mm,OK,--,3:08:41 PM,11/27/2025,
1806,25.2,gf,0.420,mm,OK,--,3:08:41 PM,11/27/2025,
1807,25.2,gf,0.420,mm,OK,--,3:08:41 PM,11/27/2025,
1808,25.3,gf,0.415,mm,OK,--,3:08:41 PM,11/27/2025,
1809,25.2,gf,0.410,mm,OK,--,3:08:42 PM,11/27/2025,
1810,25.3,gf,0.405,mm,OK,--,3:08:42 PM,11/27/2025,
1811,25.3,gf,0.405,mm,OK,--,3:08:42 PM,11/27/2025,
1812,25.1,gf,0.400,mm,OK,--,3:08:42 PM,11/27/2025,
1813,25.2,gf,0.395,mm,OK,--,3:08:42 PM,11/27/2025,
1814,25.2,gf,0.390,mm,OK,--,3:08:42 PM,11/27/2025,
1815,25.1,gf,0.390,mm,OK,--,3:08:42 PM,11/27/2025,
1816,25.1,gf,0.385,mm,OK,--,3:08:42 PM,11/27/2025,
1817,25.2,gf,0.385,mm,OK,--,3:08:42 PM,11/27/2025,
1818,25.1,gf,0.385,mm,OK,--,3:08:42 PM,11/27/2025,
1819,24.7,gf,0.380,mm,OK,--,3:08:43 PM,11/27/2025,
1820,24.6,gf,0.380,mm,OK,--,3:08:43 PM,11/27/2025,
1821,24.6,gf,0.375,mm,OK,--,3:08:43 PM,11/27/2025,
1822,24.5,gf,0.375,mm,OK,--,3:08:43 PM,11/27/2025,
1823,24.5,gf,0.375,mm,OK,--,3:08:43 PM,11/27/2025,
1824,24.4,gf,0.375,mm,OK,--,3:08:43 PM,11/27/2025,
1825,24.3,gf,0.370,mm,OK,--,3:08:43 PM,11/27/2025,
1826,23.8,gf,0.370,mm,OK,--,3:08:43 PM,11/27/2025,
1827,22.1,gf,0.370,mm,OK,--,3:08:43 PM,11/27/2025,
1828,19.4,gf,0.365,mm,OK,--,3:08:43 PM,11/27/2025,
1829,17.0,gf,0.360,mm,OK,--,3:08:44 PM,11/27/2025,
1830,15.0,gf,0.360,mm,OK,--,3:08:44 PM,11/27/2025,
1831,13.5,gf,0.355,mm,OK,--,3:08:44 PM,11/27/2025,
1832,12.5,gf,0.355,mm,OK,--,3:08:44 PM,11/27/2025,
1833,11.8,gf,0.355,mm,OK,--,3:08:44 PM,11/27/2025,
1834,11.2,gf,0.355,mm,OK,--,3:08:44 PM,11/27/2025,
1835,10.3,gf,0.355,mm,OK,--,3:08:44 PM,11/27/2025,
1836,9.6,gf,0.355,mm,OK,--,3:08:44 PM,11/27/2025,
1837,9.0,gf,0.350,mm,OK,--,3:08:44 PM,11/27/2025,
1838,8.6,gf,0.350,mm,OK,--,3:08:44 PM,11/27/2025,
1839,7.9,gf,0.350,mm,OK,--,3:08:45 PM,11/27/2025,
1840,7.3,gf,0.350,mm,OK,--,3:08:45 PM,11/27/2025,
1841,7.0,gf,0.350,mm,OK,--,3:08:45 PM,11/27/2025,
1842,6.7,gf,0.350,mm,OK,--,3:08:45 PM,11/27/2025,
1843,6.1,gf,0.350,mm,OK,--,3:08:45 PM,11/27/2025,
1844,5.1,gf,0.350,mm,OK,--,3:08:45 PM,11/27/2025,
1845,3.4,gf,0.345,mm,OK,--,3:08:45 PM,11/27/2025,
1846,1.8,gf,0.345,mm,OK,--,3:08:45 PM,11/27/2025,
1847,0.3,gf,0.340,mm,OK,--,3:08:45 PM,11/27/2025,
1848,0.0,gf,0.340,mm,OK,--,3:08:45 PM,11/27/2025,
1849,-0.1,gf,0.340,mm,OK,--,3:08:46 PM,11/27/2025,
1850,0.1,gf,0.335,mm,OK,--,3:08:46 PM,11/27/2025,
1851,0.2,gf,0.335,mm,OK,--,3:08:46 PM,11/27/2025,
1852,-0.1,gf,0.330,mm,OK,--,3:08:46 PM,11/27/2025,
1853,-0.1,gf,0.330,mm,OK,--,3:08:46 PM,11/27/2025,
1854,0.1,gf,0.325,mm,OK,--,3:08:46 PM,11/27/2025,
1855,0.1,gf,0.325,mm,OK,--,3:08:46 PM,11/27/2025,
1856,-0.1,gf,0.320,mm,OK,--,3:08:46 PM,11/27/2025,
1857,0.0,gf,0.320,mm,OK,--,3:08:46 PM,11/27/2025,
1858,0.0,gf,0.315,mm,OK,--,3:08:46 PM,11/27/2025,
1859,0.1,gf,0.310,mm,OK,--,3:08:47 PM,11/27/2025,
1860,0.0,gf,0.300,mm,OK,--,3:08:47 PM,11/27/2025,
1861,0.1,gf,0.290,mm,OK,--,3:08:47 PM,11/27/2025,
1862,0.0,gf,0.280,mm,OK,--,3:08:47 PM,11/27/2025,
1863,0.0,gf,0.270,mm,OK,--,3:08:47 PM,11/27/2025,
1864,0.0,gf,0.255,mm,OK,--,3:08:47 PM,11/27/2025,
1865,0.1,gf,0.240,mm,OK,--,3:08:47 PM,11/27/2025,
1866,-0.1,gf,0.230,mm,OK,--,3:08:47 PM,11/27/2025,
1867,-0.1,gf,0.220,mm,OK,--,3:08:47 PM,11/27/2025,
1868,0.0,gf,0.200,mm,OK,--,3:08:47 PM,11/27/2025,
1869,0.2,gf,0.170,mm,OK,--,3:08:48 PM,11/27/2025,
1870,-0.1,gf,0.150,mm,OK,--,3:08:48 PM,11/27/2025,
1871,0.0,gf,0.145,mm,OK,--,3:08:48 PM,11/27/2025,
1872,0.0,gf,0.140,mm,OK,--,3:08:48 PM,11/27/2025,
1873,0.0,gf,0.135,mm,OK,--,3:08:48 PM,11/27/2025,
1874,0.0,gf,0.135,mm,OK,--,3:08:48 PM,11/27/2025,
1875,0.0,gf,0.135,mm,OK,--,3:08:48 PM,11/27/2025,
1876,0.1,gf,0.135,mm,OK,--,3:08:48 PM,11/27/2025,
1877,0.0,gf,0.135,mm,OK,--,3:08:48 PM,11/27/2025,
1878,0.0,gf,0.135,mm,OK,--,3:08:48 PM,11/27/2025,
1879,-0.1,gf,0.135,mm,OK,--,3:08:49 PM,11/27/2025,
1880,0.0,gf,0.135,mm,OK,--,3:08:49 PM,11/27/2025,
1881,-0.1,gf,0.135,mm,OK,--,3:08:49 PM,11/27/2025,
1882,0.0,gf,0.140,mm,OK,--,3:08:49 PM,11/27/2025,
1883,0.1,gf,0.140,mm,OK,--,3:08:49 PM,11/27/2025,
1884,0.0,gf,0.145,mm,OK,--,3:08:49 PM,11/27/2025,
1885,0.0,gf,0.145,mm,OK,--,3:08:49 PM,11/27/2025,
1886,-0.1,gf,0.145,mm,OK,--,3:08:49 PM,11/27/2025,
1887,0.0,gf,0.150,mm,OK,--,3:08:49 PM,11/27/2025,
1888,0.0,gf,0.150,mm,OK,--,3:08:49 PM,11/27/2025,
1889,-0.1,gf,0.150,mm,OK,--,3:08:50 PM,11/27/2025,
1890,0.0,gf,0.150,mm,OK,--,3:08:50 PM,11/27/2025,
1891,0.1,gf,0.150,mm,OK,--,3:08:50 PM,11/27/2025,
1892,0.0,gf,0.155,mm,OK,--,3:08:50 PM,11/27/2025,
1893,-0.1,gf,0.155,mm,OK,--,3:08:50 PM,11/27/2025,
1894,-0.1,gf,0.155,mm,OK,--,3:08:50 PM,11/27/2025,
1895,0.1,gf,0.155,mm,OK,--,3:08:50 PM,11/27/2025,
1896,-0.1,gf,0.155,mm,OK,--,3:08:50 PM,11/27/2025,
