Maximum,195.0,@,No.881,,,,,,
Minimum,-0.1,@,No.6,,,,,,
Average,49.01,,,,,,,,
Data Quantity,1615,,,,,,,,
Number of NG,0,,,,,,,,
No.,Force,Unit,Displacement,Unit,Judge,Position,Time,Date,
1,0.0,gf,0.000,mm,OK,--,7:11:44 PM,11/25/2025,
2,0.0,gf,0.000,mm,OK,--,7:11:44 PM,11/25/2025,
3,0.0,gf,0.005,mm,OK,--,7:11:44 PM,11/25/2025,
4,0.0,gf,0.005,mm,OK,--,7:11:44 PM,11/25/2025,
5,0.0,gf,0.005,mm,OK,--,7:11:44 PM,11/25/2025,
6,-0.1,gf,0.005,mm,OK,--,7:11:45 PM,11/25/2025,
7,0.0,gf,0.010,mm,OK,--,7:11:45 PM,11/25/2025,
8,-0.1,gf,0.010,mm,OK,--,7:11:45 PM,11/25/2025,
9,0.0,gf,0.010,mm,OK,--,7:11:45 PM,11/25/2025,
10,0.0,gf,0.015,mm,OK,--,7:11:45 PM,11/25/2025,
11,0.0,gf,0.015,mm,OK,--,7:11:45 PM,11/25/2025,
12,-0.1,gf,0.015,mm,OK,--,7:11:45 PM,11/25/2025,
13,0.0,gf,0.020,mm,OK,--,7:11:45 PM,11/25/2025,
14,0.0,gf,0.020,mm,OK,--,7:11:45 PM,11/25/2025,
15,0.0,gf,0.025,mm,OK,--,7:11:45 PM,11/25/2025,
16,0.0,gf,0.025,mm,OK,--,7:11:46 PM,11/25/2025,
17,0.0,gf,0.025,mm,OK,--,7:11:46 PM,11/25/2025,
18,0.0,gf,0.030,mm,OK,--,7:11:46 PM,11/25/2025,
19,0.0,gf,0.030,mm,OK,--,7:11:46 PM,11/25/2025,
20,0.0,gf,0.030,mm,OK,--,7:11:46 PM,11/25/2025,
21,0.0,gf,0.035,mm,OK,--,7:11:46 PM,11/25/2025,
22,0.0,gf,0.035,mm,OK,--,7:11:46 PM,11/25/2025,
23,0.0,gf,0.035,mm,OK,--,7:11:46 PM,11/25/2025,
24,0.0,gf,0.040,mm,OK,--,7:11:46 PM,11/25/2025,
25,0.1,gf,0.040,mm,OK,--,7:11:46 PM,11/25/2025,
26,0.0,gf,0.040,mm,OK,--,7:11:47 PM,11/25/2025,
27,0.0,gf,0.045,mm,OK,--,7:11:47 PM,11/25/2025,
28,0.0,gf,0.045,mm,OK,--,7:11:47 PM,11/25/2025,
29,0.0,gf,0.045,mm,OK,--,7:11:47 PM,11/25/2025,
30,0.0,gf,0.050,mm,OK,--,7:11:47 PM,11/25/2025,
31,0.0,gf,0.050,mm,OK,--,7:11:47 PM,11/25/2025,
32,0.0,gf,0.055,mm,OK,--,7:11:47 PM,11/25/2025,
33,0.0,gf,0.055,mm,OK,--,7:11:47 PM,11/25/2025,
34,0.0,gf,0.060,mm,OK,--,7:11:47 PM,11/25/2025,
35,0.0,gf,0.060,mm,OK,--,7:11:47 PM,11/25/2025,
36,0.0,gf,0.065,mm,OK,--,7:11:48 PM,11/25/2025,
37,0.0,gf,0.065,mm,OK,--,7:11:48 PM,11/25/2025,
38,0.0,gf,0.065,mm,OK,--,7:11:48 PM,11/25/2025,
39,0.0,gf,0.065,mm,OK,--,7:11:48 PM,11/25/2025,
40,0.0,gf,0.070,mm,OK,--,7:11:48 PM,11/25/2025,
41,0.0,gf,0.075,mm,OK,--,7:11:48 PM,11/25/2025,
42,0.8,gf,0.075,mm,OK,--,7:11:48 PM,11/25/2025,
43,2.4,gf,0.080,mm,OK,--,7:11:48 PM,11/25/2025,
44,4.3,gf,0.080,mm,OK,--,7:11:48 PM,11/25/2025,
45,5.9,gf,0.080,mm,OK,--,7:11:48 PM,11/25/2025,
46,7.1,gf,0.085,mm,OK,--,7:11:49 PM,11/25/2025,
47,8.2,gf,0.085,mm,OK,--,7:11:49 PM,11/25/2025,
48,9.1,gf,0.085,mm,OK,--,7:11:49 PM,11/25/2025,
49,10.1,gf,0.085,mm,OK,--,7:11:49 PM,11/25/2025,
50,11.1,gf,0.085,mm,OK,--,7:11:49 PM,11/25/2025,
51,12.0,gf,0.090,mm,OK,--,7:11:49 PM,11/25/2025,
52,12.8,gf,0.090,mm,OK,--,7:11:49 PM,11/25/2025,
53,13.8,gf,0.090,mm,OK,--,7:11:49 PM,11/25/2025,
54,14.3,gf,0.090,mm,OK,--,7:11:49 PM,11/25/2025,
55,15.3,gf,0.090,mm,OK,--,7:11:49 PM,11/25/2025,
56,16.2,gf,0.090,mm,OK,--,7:11:50 PM,11/25/2025,
57,17.1,gf,0.095,mm,OK,--,7:11:50 PM,11/25/2025,
58,17.8,gf,0.095,mm,OK,--,7:11:50 PM,11/25/2025,
59,18.7,gf,0.095,mm,OK,--,7:11:50 PM,11/25/2025,
60,19.6,gf,0.095,mm,OK,--,7:11:50 PM,11/25/2025,
61,20.7,gf,0.095,mm,OK,--,7:11:50 PM,11/25/2025,
62,21.9,gf,0.100,mm,OK,--,7:11:50 PM,11/25/2025,
63,23.0,gf,0.100,mm,OK,--,7:11:50 PM,11/25/2025,
64,24.6,gf,0.100,mm,OK,--,7:11:50 PM,11/25/2025,
65,25.7,gf,0.100,mm,OK,--,7:11:50 PM,11/25/2025,
66,26.9,gf,0.105,mm,OK,--,7:11:51 PM,11/25/2025,
67,27.8,gf,0.105,mm,OK,--,7:11:51 PM,11/25/2025,
68,28.7,gf,0.105,mm,OK,--,7:11:51 PM,11/25/2025,
69,29.5,gf,0.105,mm,OK,--,7:11:51 PM,11/25/2025,
70,30.3,gf,0.110,mm,OK,--,7:11:51 PM,11/25/2025,
71,31.3,gf,0.110,mm,OK,--,7:11:51 PM,11/25/2025,
72,32.1,gf,0.110,mm,OK,--,7:11:51 PM,11/25/2025,
73,32.9,gf,0.110,mm,OK,--,7:11:51 PM,11/25/2025,
74,33.6,gf,0.115,mm,OK,--,7:11:51 PM,11/25/2025,
75,34.5,gf,0.115,mm,OK,--,7:11:51 PM,11/25/2025,
76,35.4,gf,0.115,mm,OK,--,7:11:52 PM,11/25/2025,
77,36.1,gf,0.115,mm,OK,--,7:11:52 PM,11/25/2025,
78,36.8,gf,0.120,mm,OK,--,7:11:52 PM,11/25/2025,
79,37.3,gf,0.120,mm,OK,--,7:11:52 PM,11/25/2025,
80,37.7,gf,0.120,mm,OK,--,7:11:52 PM,11/25/2025,
81,37.8,gf,0.120,mm,OK,--,7:11:52 PM,11/25/2025,
82,37.7,gf,0.120,mm,OK,--,7:11:52 PM,11/25/2025,
83,36.0,gf,0.125,mm,OK,--,7:11:52 PM,11/25/2025,
84,36.0,gf,0.125,mm,OK,--,7:11:52 PM,11/25/2025,
85,36.5,gf,0.125,mm,OK,--,7:11:52 PM,11/25/2025,
86,36.7,gf,0.125,mm,OK,--,7:11:53 PM,11/25/2025,
87,37.0,gf,0.130,mm,OK,--,7:11:53 PM,11/25/2025,
88,37.0,gf,0.130,mm,OK,--,7:11:53 PM,11/25/2025,
89,36.8,gf,0.130,mm,OK,--,7:11:53 PM,11/25/2025,
90,37.1,gf,0.135,mm,OK,--,7:11:53 PM,11/25/2025,
91,37.5,gf,0.135,mm,OK,--,7:11:53 PM,11/25/2025,
92,37.9,gf,0.140,mm,OK,--,7:11:53 PM,11/25/2025,
93,38.0,gf,0.140,mm,OK,--,7:11:53 PM,11/25/2025,
94,38.1,gf,0.140,mm,OK,--,7:11:53 PM,11/25/2025,
95,38.4,gf,0.145,mm,OK,--,7:11:53 PM,11/25/2025,
96,38.7,gf,0.145,mm,OK,--,7:11:54 PM,11/25/2025,
97,39.2,gf,0.145,mm,OK,--,7:11:54 PM,11/25/2025,
98,39.5,gf,0.150,mm,OK,--,7:11:54 PM,11/25/2025,
99,39.8,gf,0.150,mm,OK,--,7:11:54 PM,11/25/2025,
100,39.8,gf,0.150,mm,OK,--,7:11:54 PM,11/25/2025,
101,39.9,gf,0.150,mm,OK,--,7:11:54 PM,11/25/2025,
102,40.0,gf,0.155,mm,OK,--,7:11:54 PM,11/25/2025,
103,40.0,gf,0.155,mm,OK,--,7:11:54 PM,11/25/2025,
104,39.9,gf,0.155,mm,OK,--,7:11:54 PM,11/25/2025,
105,39.8,gf,0.160,mm,OK,--,7:11:54 PM,11/25/2025,
106,39.7,gf,0.160,mm,OK,--,7:11:55 PM,11/25/2025,
107,39.6,gf,0.165,mm,OK,--,7:11:55 PM,11/25/2025,
108,39.5,gf,0.165,mm,OK,--,7:11:55 PM,11/25/2025,
109,39.5,gf,0.165,mm,OK,--,7:11:55 PM,11/25/2025,
110,39.3,gf,0.165,mm,OK,--,7:11:55 PM,11/25/2025,
111,39.3,gf,0.170,mm,OK,--,7:11:55 PM,11/25/2025,
112,39.3,gf,0.170,mm,OK,--,7:11:55 PM,11/25/2025,
113,39.2,gf,0.170,mm,OK,--,7:11:55 PM,11/25/2025,
114,39.3,gf,0.175,mm,OK,--,7:11:55 PM,11/25/2025,
115,39.3,gf,0.175,mm,OK,--,7:11:55 PM,11/25/2025,
116,39.3,gf,0.175,mm,OK,--,7:11:56 PM,11/25/2025,
117,39.3,gf,0.180,mm,OK,--,7:11:56 PM,11/25/2025,
118,39.3,gf,0.180,mm,OK,--,7:11:56 PM,11/25/2025,
119,39.3,gf,0.185,mm,OK,--,7:11:56 PM,11/25/2025,
120,39.2,gf,0.185,mm,OK,--,7:11:56 PM,11/25/2025,
121,39.2,gf,0.185,mm,OK,--,7:11:56 PM,11/25/2025,
122,39.2,gf,0.190,mm,OK,--,7:11:56 PM,11/25/2025,
123,39.2,gf,0.195,mm,OK,--,7:11:56 PM,11/25/2025,
124,39.2,gf,0.200,mm,OK,--,7:11:56 PM,11/25/2025,
125,39.2,gf,0.205,mm,OK,--,7:11:56 PM,11/25/2025,
126,39.1,gf,0.210,mm,OK,--,7:11:57 PM,11/25/2025,
127,39.1,gf,0.210,mm,OK,--,7:11:57 PM,11/25/2025,
128,39.1,gf,0.215,mm,OK,--,7:11:57 PM,11/25/2025,
129,39.0,gf,0.220,mm,OK,--,7:11:57 PM,11/25/2025,
130,39.2,gf,0.220,mm,OK,--,7:11:57 PM,11/25/2025,
131,39.1,gf,0.225,mm,OK,--,7:11:57 PM,11/25/2025,
132,39.0,gf,0.230,mm,OK,--,7:11:57 PM,11/25/2025,
133,39.1,gf,0.235,mm,OK,--,7:11:57 PM,11/25/2025,
134,39.1,gf,0.235,mm,OK,--,7:11:57 PM,11/25/2025,
135,38.9,gf,0.240,mm,OK,--,7:11:57 PM,11/25/2025,
136,38.9,gf,0.240,mm,OK,--,7:11:58 PM,11/25/2025,
137,38.9,gf,0.245,mm,OK,--,7:11:58 PM,11/25/2025,
138,38.9,gf,0.245,mm,OK,--,7:11:58 PM,11/25/2025,
139,38.9,gf,0.245,mm,OK,--,7:11:58 PM,11/25/2025,
140,38.9,gf,0.250,mm,OK,--,7:11:58 PM,11/25/2025,
141,38.9,gf,0.250,mm,OK,--,7:11:58 PM,11/25/2025,
142,39.0,gf,0.255,mm,OK,--,7:11:58 PM,11/25/2025,
143,39.0,gf,0.260,mm,OK,--,7:11:58 PM,11/25/2025,
144,39.0,gf,0.265,mm,OK,--,7:11:58 PM,11/25/2025,
145,39.0,gf,0.270,mm,OK,--,7:11:58 PM,11/25/2025,
146,38.9,gf,0.275,mm,OK,--,7:11:59 PM,11/25/2025,
147,38.9,gf,0.280,mm,OK,--,7:11:59 PM,11/25/2025,
148,38.9,gf,0.285,mm,OK,--,7:11:59 PM,11/25/2025,
149,38.9,gf,0.285,mm,OK,--,7:11:59 PM,11/25/2025,
150,38.8,gf,0.290,mm,OK,--,7:11:59 PM,11/25/2025,
151,38.8,gf,0.295,mm,OK,--,7:11:59 PM,11/25/2025,
152,38.8,gf,0.300,mm,OK,--,7:11:59 PM,11/25/2025,
153,38.7,gf,0.305,mm,OK,--,7:11:59 PM,11/25/2025,
154,38.5,gf,0.305,mm,OK,--,7:11:59 PM,11/25/2025,
155,38.5,gf,0.310,mm,OK,--,7:11:59 PM,11/25/2025,
156,38.5,gf,0.315,mm,OK,--,7:12:00 PM,11/25/2025,
157,38.5,gf,0.315,mm,OK,--,7:12:00 PM,11/25/2025,
158,38.6,gf,0.320,mm,OK,--,7:12:00 PM,11/25/2025,
159,38.6,gf,0.325,mm,OK,--,7:12:00 PM,11/25/2025,
160,38.6,gf,0.325,mm,OK,--,7:12:00 PM,11/25/2025,
161,38.5,gf,0.330,mm,OK,--,7:12:00 PM,11/25/2025,
162,38.6,gf,0.335,mm,OK,--,7:12:00 PM,11/25/2025,
163,38.5,gf,0.340,mm,OK,--,7:12:00 PM,11/25/2025,
164,38.6,gf,0.345,mm,OK,--,7:12:00 PM,11/25/2025,
165,38.6,gf,0.350,mm,OK,--,7:12:00 PM,11/25/2025,
166,38.6,gf,0.355,mm,OK,--,7:12:01 PM,11/25/2025,
167,38.6,gf,0.360,mm,OK,--,7:12:01 PM,11/25/2025,
168,38.6,gf,0.365,mm,OK,--,7:12:01 PM,11/25/2025,
169,38.6,gf,0.370,mm,OK,--,7:12:01 PM,11/25/2025,
170,38.6,gf,0.375,mm,OK,--,7:12:01 PM,11/25/2025,
171,38.6,gf,0.380,mm,OK,--,7:12:01 PM,11/25/2025,
172,38.6,gf,0.380,mm,OK,--,7:12:01 PM,11/25/2025,
173,38.7,gf,0.385,mm,OK,--,7:12:01 PM,11/25/2025,
174,38.7,gf,0.390,mm,OK,--,7:12:01 PM,11/25/2025,
175,38.8,gf,0.395,mm,OK,--,7:12:01 PM,11/25/2025,
176,38.8,gf,0.395,mm,OK,--,7:12:02 PM,11/25/2025,
177,38.8,gf,0.400,mm,OK,--,7:12:02 PM,11/25/2025,
178,38.8,gf,0.405,mm,OK,--,7:12:02 PM,11/25/2025,
179,38.8,gf,0.405,mm,OK,--,7:12:02 PM,11/25/2025,
180,38.9,gf,0.410,mm,OK,--,7:12:02 PM,11/25/2025,
181,38.9,gf,0.410,mm,OK,--,7:12:02 PM,11/25/2025,
182,38.9,gf,0.415,mm,OK,--,7:12:02 PM,11/25/2025,
183,38.8,gf,0.415,mm,OK,--,7:12:02 PM,11/25/2025,
184,38.8,gf,0.420,mm,OK,--,7:12:02 PM,11/25/2025,
185,38.9,gf,0.420,mm,OK,--,7:12:02 PM,11/25/2025,
186,39.0,gf,0.420,mm,OK,--,7:12:03 PM,11/25/2025,
187,39.1,gf,0.425,mm,OK,--,7:12:03 PM,11/25/2025,
188,39.0,gf,0.425,mm,OK,--,7:12:03 PM,11/25/2025,
189,39.0,gf,0.430,mm,OK,--,7:12:03 PM,11/25/2025,
190,39.0,gf,0.430,mm,OK,--,7:12:03 PM,11/25/2025,
191,39.0,gf,0.435,mm,OK,--,7:12:03 PM,11/25/2025,
192,39.0,gf,0.435,mm,OK,--,7:12:03 PM,11/25/2025,
193,39.1,gf,0.440,mm,OK,--,7:12:03 PM,11/25/2025,
194,39.1,gf,0.445,mm,OK,--,7:12:03 PM,11/25/2025,
195,39.0,gf,0.445,mm,OK,--,7:12:03 PM,11/25/2025,
196,39.0,gf,0.450,mm,OK,--,7:12:04 PM,11/25/2025,
197,39.0,gf,0.450,mm,OK,--,7:12:04 PM,11/25/2025,
198,39.0,gf,0.455,mm,OK,--,7:12:04 PM,11/25/2025,
199,39.0,gf,0.455,mm,OK,--,7:12:04 PM,11/25/2025,
200,39.0,gf,0.460,mm,OK,--,7:12:04 PM,11/25/2025,
201,39.1,gf,0.460,mm,OK,--,7:12:04 PM,11/25/2025,
202,39.0,gf,0.460,mm,OK,--,7:12:04 PM,11/25/2025,
203,39.0,gf,0.465,mm,OK,--,7:12:04 PM,11/25/2025,
204,38.9,gf,0.465,mm,OK,--,7:12:04 PM,11/25/2025,
205,39.0,gf,0.465,mm,OK,--,7:12:04 PM,11/25/2025,
206,39.1,gf,0.470,mm,OK,--,7:12:05 PM,11/25/2025,
207,39.1,gf,0.470,mm,OK,--,7:12:05 PM,11/25/2025,
208,39.1,gf,0.470,mm,OK,--,7:12:05 PM,11/25/2025,
209,39.1,gf,0.475,mm,OK,--,7:12:05 PM,11/25/2025,
210,39.2,gf,0.475,mm,OK,--,7:12:05 PM,11/25/2025,
211,39.2,gf,0.480,mm,OK,--,7:12:05 PM,11/25/2025,
212,39.2,gf,0.485,mm,OK,--,7:12:05 PM,11/25/2025,
213,39.3,gf,0.485,mm,OK,--,7:12:05 PM,11/25/2025,
214,39.1,gf,0.490,mm,OK,--,7:12:05 PM,11/25/2025,
215,39.2,gf,0.490,mm,OK,--,7:12:05 PM,11/25/2025,
216,39.4,gf,0.495,mm,OK,--,7:12:06 PM,11/25/2025,
217,39.3,gf,0.500,mm,OK,--,7:12:06 PM,11/25/2025,
218,39.2,gf,0.505,mm,OK,--,7:12:06 PM,11/25/2025,
219,39.3,gf,0.510,mm,OK,--,7:12:06 PM,11/25/2025,
220,39.4,gf,0.515,mm,OK,--,7:12:06 PM,11/25/2025,
221,39.4,gf,0.520,mm,OK,--,7:12:06 PM,11/25/2025,
222,39.5,gf,0.525,mm,OK,--,7:12:06 PM,11/25/2025,
223,39.7,gf,0.525,mm,OK,--,7:12:06 PM,11/25/2025,
224,39.8,gf,0.530,mm,OK,--,7:12:06 PM,11/25/2025,
225,39.8,gf,0.535,mm,OK,--,7:12:06 PM,11/25/2025,
226,39.8,gf,0.540,mm,OK,--,7:12:07 PM,11/25/2025,
227,39.7,gf,0.545,mm,OK,--,7:12:07 PM,11/25/2025,
228,39.6,gf,0.555,mm,OK,--,7:12:07 PM,11/25/2025,
229,39.6,gf,0.560,mm,OK,--,7:12:07 PM,11/25/2025,
230,39.7,gf,0.565,mm,OK,--,7:12:07 PM,11/25/2025,
231,39.7,gf,0.570,mm,OK,--,7:12:07 PM,11/25/2025,
232,39.5,gf,0.575,mm,OK,--,7:12:07 PM,11/25/2025,
233,39.5,gf,0.585,mm,OK,--,7:12:07 PM,11/25/2025,
234,39.6,gf,0.590,mm,OK,--,7:12:07 PM,11/25/2025,
235,39.6,gf,0.595,mm,OK,--,7:12:07 PM,11/25/2025,
236,39.6,gf,0.605,mm,OK,--,7:12:08 PM,11/25/2025,
237,39.7,gf,0.610,mm,OK,--,7:12:08 PM,11/25/2025,
238,39.7,gf,0.615,mm,OK,--,7:12:08 PM,11/25/2025,
239,39.7,gf,0.625,mm,OK,--,7:12:08 PM,11/25/2025,
240,39.7,gf,0.630,mm,OK,--,7:12:08 PM,11/25/2025,
241,39.6,gf,0.640,mm,OK,--,7:12:08 PM,11/25/2025,
242,39.6,gf,0.645,mm,OK,--,7:12:08 PM,11/25/2025,
243,39.6,gf,0.645,mm,OK,--,7:12:08 PM,11/25/2025,
244,39.6,gf,0.650,mm,OK,--,7:12:08 PM,11/25/2025,
245,39.5,gf,0.650,mm,OK,--,7:12:08 PM,11/25/2025,
246,39.6,gf,0.655,mm,OK,--,7:12:09 PM,11/25/2025,
247,39.6,gf,0.655,mm,OK,--,7:12:09 PM,11/25/2025,
248,39.7,gf,0.655,mm,OK,--,7:12:09 PM,11/25/2025,
249,39.7,gf,0.660,mm,OK,--,7:12:09 PM,11/25/2025,
250,39.8,gf,0.665,mm,OK,--,7:12:09 PM,11/25/2025,
251,39.7,gf,0.665,mm,OK,--,7:12:09 PM,11/25/2025,
252,39.7,gf,0.670,mm,OK,--,7:12:09 PM,11/25/2025,
253,39.8,gf,0.670,mm,OK,--,7:12:09 PM,11/25/2025,
254,39.8,gf,0.675,mm,OK,--,7:12:09 PM,11/25/2025,
255,40.0,gf,0.675,mm,OK,--,7:12:09 PM,11/25/2025,
256,39.9,gf,0.680,mm,OK,--,7:12:10 PM,11/25/2025,
257,39.9,gf,0.685,mm,OK,--,7:12:10 PM,11/25/2025,
258,40.0,gf,0.690,mm,OK,--,7:12:10 PM,11/25/2025,
259,40.0,gf,0.695,mm,OK,--,7:12:10 PM,11/25/2025,
260,40.1,gf,0.700,mm,OK,--,7:12:10 PM,11/25/2025,
261,40.1,gf,0.705,mm,OK,--,7:12:10 PM,11/25/2025,
262,40.1,gf,0.710,mm,OK,--,7:12:10 PM,11/25/2025,
263,40.2,gf,0.715,mm,OK,--,7:12:10 PM,11/25/2025,
264,40.2,gf,0.725,mm,OK,--,7:12:10 PM,11/25/2025,
265,40.2,gf,0.730,mm,OK,--,7:12:10 PM,11/25/2025,
266,40.4,gf,0.735,mm,OK,--,7:12:11 PM,11/25/2025,
267,40.5,gf,0.740,mm,OK,--,7:12:11 PM,11/25/2025,
268,40.5,gf,0.745,mm,OK,--,7:12:11 PM,11/25/2025,
269,40.5,gf,0.750,mm,OK,--,7:12:11 PM,11/25/2025,
270,40.4,gf,0.755,mm,OK,--,7:12:11 PM,11/25/2025,
271,40.4,gf,0.760,mm,OK,--,7:12:11 PM,11/25/2025,
272,40.4,gf,0.765,mm,OK,--,7:12:11 PM,11/25/2025,
273,40.4,gf,0.770,mm,OK,--,7:12:11 PM,11/25/2025,
274,40.4,gf,0.775,mm,OK,--,7:12:11 PM,11/25/2025,
275,40.3,gf,0.780,mm,OK,--,7:12:11 PM,11/25/2025,
276,40.3,gf,0.780,mm,OK,--,7:12:12 PM,11/25/2025,
277,40.3,gf,0.785,mm,OK,--,7:12:12 PM,11/25/2025,
278,40.3,gf,0.785,mm,OK,--,7:12:12 PM,11/25/2025,
279,40.3,gf,0.790,mm,OK,--,7:12:12 PM,11/25/2025,
280,40.3,gf,0.790,mm,OK,--,7:12:12 PM,11/25/2025,
281,40.5,gf,0.795,mm,OK,--,7:12:12 PM,11/25/2025,
282,40.4,gf,0.795,mm,OK,--,7:12:12 PM,11/25/2025,
283,40.3,gf,0.800,mm,OK,--,7:12:12 PM,11/25/2025,
284,40.3,gf,0.800,mm,OK,--,7:12:12 PM,11/25/2025,
285,40.4,gf,0.800,mm,OK,--,7:12:12 PM,11/25/2025,
286,40.5,gf,0.805,mm,OK,--,7:12:13 PM,11/25/2025,
287,40.4,gf,0.805,mm,OK,--,7:12:13 PM,11/25/2025,
288,40.4,gf,0.805,mm,OK,--,7:12:13 PM,11/25/2025,
289,40.4,gf,0.810,mm,OK,--,7:12:13 PM,11/25/2025,
290,40.4,gf,0.810,mm,OK,--,7:12:13 PM,11/25/2025,
291,40.4,gf,0.810,mm,OK,--,7:12:13 PM,11/25/2025,
292,40.4,gf,0.810,mm,OK,--,7:12:13 PM,11/25/2025,
293,40.4,gf,0.815,mm,OK,--,7:12:13 PM,11/25/2025,
294,40.4,gf,0.815,mm,OK,--,7:12:13 PM,11/25/2025,
295,40.4,gf,0.815,mm,OK,--,7:12:13 PM,11/25/2025,
296,40.4,gf,0.820,mm,OK,--,7:12:14 PM,11/25/2025,
297,40.4,gf,0.820,mm,OK,--,7:12:14 PM,11/25/2025,
298,40.6,gf,0.825,mm,OK,--,7:12:14 PM,11/25/2025,
299,40.5,gf,0.825,mm,OK,--,7:12:14 PM,11/25/2025,
300,40.5,gf,0.830,mm,OK,--,7:12:14 PM,11/25/2025,
301,40.4,gf,0.835,mm,OK,--,7:12:14 PM,11/25/2025,
302,40.4,gf,0.835,mm,OK,--,7:12:14 PM,11/25/2025,
303,40.4,gf,0.840,mm,OK,--,7:12:14 PM,11/25/2025,
304,40.4,gf,0.840,mm,OK,--,7:12:14 PM,11/25/2025,
305,40.3,gf,0.845,mm,OK,--,7:12:14 PM,11/25/2025,
306,39.7,gf,0.845,mm,OK,--,7:12:15 PM,11/25/2025,
307,39.7,gf,0.845,mm,OK,--,7:12:15 PM,11/25/2025,
308,39.8,gf,0.850,mm,OK,--,7:12:15 PM,11/25/2025,
309,39.8,gf,0.850,mm,OK,--,7:12:15 PM,11/25/2025,
310,39.8,gf,0.850,mm,OK,--,7:12:15 PM,11/25/2025,
311,39.8,gf,0.855,mm,OK,--,7:12:15 PM,11/25/2025,
312,39.8,gf,0.855,mm,OK,--,7:12:15 PM,11/25/2025,
313,39.8,gf,0.860,mm,OK,--,7:12:15 PM,11/25/2025,
314,39.8,gf,0.860,mm,OK,--,7:12:15 PM,11/25/2025,
315,39.8,gf,0.860,mm,OK,--,7:12:15 PM,11/25/2025,
316,39.8,gf,0.860,mm,OK,--,7:12:16 PM,11/25/2025,
317,39.8,gf,0.865,mm,OK,--,7:12:16 PM,11/25/2025,
318,39.8,gf,0.865,mm,OK,--,7:12:16 PM,11/25/2025,
319,39.8,gf,0.865,mm,OK,--,7:12:16 PM,11/25/2025,
320,39.8,gf,0.865,mm,OK,--,7:12:16 PM,11/25/2025,
321,39.8,gf,0.870,mm,OK,--,7:12:16 PM,11/25/2025,
322,39.8,gf,0.870,mm,OK,--,7:12:16 PM,11/25/2025,
323,39.8,gf,0.870,mm,OK,--,7:12:16 PM,11/25/2025,
324,39.8,gf,0.870,mm,OK,--,7:12:16 PM,11/25/2025,
325,39.9,gf,0.875,mm,OK,--,7:12:16 PM,11/25/2025,
326,40.0,gf,0.875,mm,OK,--,7:12:17 PM,11/25/2025,
327,40.0,gf,0.880,mm,OK,--,7:12:17 PM,11/25/2025,
328,39.9,gf,0.880,mm,OK,--,7:12:17 PM,11/25/2025,
329,39.9,gf,0.885,mm,OK,--,7:12:17 PM,11/25/2025,
330,39.8,gf,0.885,mm,OK,--,7:12:17 PM,11/25/2025,
331,39.8,gf,0.890,mm,OK,--,7:12:17 PM,11/25/2025,
332,39.8,gf,0.890,mm,OK,--,7:12:17 PM,11/25/2025,
333,39.7,gf,0.890,mm,OK,--,7:12:17 PM,11/25/2025,
334,39.7,gf,0.895,mm,OK,--,7:12:17 PM,11/25/2025,
335,39.9,gf,0.895,mm,OK,--,7:12:17 PM,11/25/2025,
336,39.9,gf,0.900,mm,OK,--,7:12:18 PM,11/25/2025,
337,40.0,gf,0.900,mm,OK,--,7:12:18 PM,11/25/2025,
338,40.0,gf,0.905,mm,OK,--,7:12:18 PM,11/25/2025,
339,40.0,gf,0.910,mm,OK,--,7:12:18 PM,11/25/2025,
340,40.0,gf,0.915,mm,OK,--,7:12:18 PM,11/25/2025,
341,40.1,gf,0.920,mm,OK,--,7:12:18 PM,11/25/2025,
342,40.1,gf,0.925,mm,OK,--,7:12:18 PM,11/25/2025,
343,40.1,gf,0.930,mm,OK,--,7:12:18 PM,11/25/2025,
344,40.1,gf,0.935,mm,OK,--,7:12:18 PM,11/25/2025,
345,40.1,gf,0.940,mm,OK,--,7:12:18 PM,11/25/2025,
346,40.1,gf,0.940,mm,OK,--,7:12:19 PM,11/25/2025,
347,40.1,gf,0.945,mm,OK,--,7:12:19 PM,11/25/2025,
348,40.1,gf,0.950,mm,OK,--,7:12:19 PM,11/25/2025,
349,40.1,gf,0.955,mm,OK,--,7:12:19 PM,11/25/2025,
350,40.1,gf,0.960,mm,OK,--,7:12:19 PM,11/25/2025,
351,40.2,gf,0.965,mm,OK,--,7:12:19 PM,11/25/2025,
352,40.3,gf,0.975,mm,OK,--,7:12:19 PM,11/25/2025,
353,40.3,gf,0.985,mm,OK,--,7:12:19 PM,11/25/2025,
354,40.3,gf,0.995,mm,OK,--,7:12:19 PM,11/25/2025,
355,40.2,gf,1.005,mm,OK,--,7:12:19 PM,11/25/2025,
356,40.1,gf,1.010,mm,OK,--,7:12:20 PM,11/25/2025,
357,40.1,gf,1.015,mm,OK,--,7:12:20 PM,11/25/2025,
358,40.2,gf,1.020,mm,OK,--,7:12:20 PM,11/25/2025,
359,40.2,gf,1.020,mm,OK,--,7:12:20 PM,11/25/2025,
360,40.2,gf,1.025,mm,OK,--,7:12:20 PM,11/25/2025,
361,40.2,gf,1.030,mm,OK,--,7:12:20 PM,11/25/2025,
362,40.3,gf,1.030,mm,OK,--,7:12:20 PM,11/25/2025,
363,40.3,gf,1.035,mm,OK,--,7:12:20 PM,11/25/2025,
364,40.2,gf,1.040,mm,OK,--,7:12:20 PM,11/25/2025,
365,40.2,gf,1.045,mm,OK,--,7:12:20 PM,11/25/2025,
366,40.2,gf,1.050,mm,OK,--,7:12:21 PM,11/25/2025,
367,40.3,gf,1.055,mm,OK,--,7:12:21 PM,11/25/2025,
368,40.3,gf,1.055,mm,OK,--,7:12:21 PM,11/25/2025,
369,40.3,gf,1.060,mm,OK,--,7:12:21 PM,11/25/2025,
370,40.3,gf,1.065,mm,OK,--,7:12:21 PM,11/25/2025,
371,40.3,gf,1.070,mm,OK,--,7:12:21 PM,11/25/2025,
372,40.2,gf,1.070,mm,OK,--,7:12:21 PM,11/25/2025,
373,40.3,gf,1.075,mm,OK,--,7:12:21 PM,11/25/2025,
374,40.3,gf,1.080,mm,OK,--,7:12:21 PM,11/25/2025,
375,40.3,gf,1.080,mm,OK,--,7:12:21 PM,11/25/2025,
376,40.3,gf,1.085,mm,OK,--,7:12:22 PM,11/25/2025,
377,40.4,gf,1.090,mm,OK,--,7:12:22 PM,11/25/2025,
378,40.4,gf,1.090,mm,OK,--,7:12:22 PM,11/25/2025,
379,40.2,gf,1.095,mm,OK,--,7:12:22 PM,11/25/2025,
380,40.1,gf,1.095,mm,OK,--,7:12:22 PM,11/25/2025,
381,40.2,gf,1.100,mm,OK,--,7:12:22 PM,11/25/2025,
382,40.2,gf,1.100,mm,OK,--,7:12:22 PM,11/25/2025,
383,40.2,gf,1.105,mm,OK,--,7:12:22 PM,11/25/2025,
384,40.3,gf,1.105,mm,OK,--,7:12:22 PM,11/25/2025,
385,40.2,gf,1.110,mm,OK,--,7:12:22 PM,11/25/2025,
386,40.3,gf,1.110,mm,OK,--,7:12:23 PM,11/25/2025,
387,40.4,gf,1.115,mm,OK,--,7:12:23 PM,11/25/2025,
388,40.5,gf,1.120,mm,OK,--,7:12:23 PM,11/25/2025,
389,40.5,gf,1.125,mm,OK,--,7:12:23 PM,11/25/2025,
390,40.4,gf,1.125,mm,OK,--,7:12:23 PM,11/25/2025,
391,40.5,gf,1.130,mm,OK,--,7:12:23 PM,11/25/2025,
392,40.4,gf,1.135,mm,OK,--,7:12:23 PM,11/25/2025,
393,40.5,gf,1.135,mm,OK,--,7:12:23 PM,11/25/2025,
394,40.6,gf,1.140,mm,OK,--,7:12:23 PM,11/25/2025,
395,40.4,gf,1.145,mm,OK,--,7:12:23 PM,11/25/2025,
396,40.4,gf,1.150,mm,OK,--,7:12:24 PM,11/25/2025,
397,40.5,gf,1.155,mm,OK,--,7:12:24 PM,11/25/2025,
398,40.5,gf,1.165,mm,OK,--,7:12:24 PM,11/25/2025,
399,40.5,gf,1.170,mm,OK,--,7:12:24 PM,11/25/2025,
400,40.5,gf,1.175,mm,OK,--,7:12:24 PM,11/25/2025,
401,40.6,gf,1.175,mm,OK,--,7:12:24 PM,11/25/2025,
402,40.7,gf,1.180,mm,OK,--,7:12:24 PM,11/25/2025,
403,40.7,gf,1.185,mm,OK,--,7:12:24 PM,11/25/2025,
404,40.8,gf,1.190,mm,OK,--,7:12:24 PM,11/25/2025,
405,40.8,gf,1.195,mm,OK,--,7:12:24 PM,11/25/2025,
406,40.8,gf,1.200,mm,OK,--,7:12:25 PM,11/25/2025,
407,40.8,gf,1.205,mm,OK,--,7:12:25 PM,11/25/2025,
408,40.8,gf,1.210,mm,OK,--,7:12:25 PM,11/25/2025,
409,40.8,gf,1.215,mm,OK,--,7:12:25 PM,11/25/2025,
410,40.8,gf,1.220,mm,OK,--,7:12:25 PM,11/25/2025,
411,40.8,gf,1.225,mm,OK,--,7:12:25 PM,11/25/2025,
412,40.8,gf,1.225,mm,OK,--,7:12:25 PM,11/25/2025,
413,40.8,gf,1.230,mm,OK,--,7:12:25 PM,11/25/2025,
414,40.7,gf,1.235,mm,OK,--,7:12:25 PM,11/25/2025,
415,40.8,gf,1.240,mm,OK,--,7:12:25 PM,11/25/2025,
416,40.8,gf,1.245,mm,OK,--,7:12:26 PM,11/25/2025,
417,40.8,gf,1.250,mm,OK,--,7:12:26 PM,11/25/2025,
418,40.7,gf,1.255,mm,OK,--,7:12:26 PM,11/25/2025,
419,40.7,gf,1.260,mm,OK,--,7:12:26 PM,11/25/2025,
420,40.7,gf,1.265,mm,OK,--,7:12:26 PM,11/25/2025,
421,40.6,gf,1.270,mm,OK,--,7:12:26 PM,11/25/2025,
422,40.6,gf,1.270,mm,OK,--,7:12:26 PM,11/25/2025,
423,40.7,gf,1.275,mm,OK,--,7:12:26 PM,11/25/2025,
424,40.7,gf,1.280,mm,OK,--,7:12:26 PM,11/25/2025,
425,40.8,gf,1.280,mm,OK,--,7:12:26 PM,11/25/2025,
426,40.8,gf,1.285,mm,OK,--,7:12:27 PM,11/25/2025,
427,40.7,gf,1.290,mm,OK,--,7:12:27 PM,11/25/2025,
428,40.7,gf,1.295,mm,OK,--,7:12:27 PM,11/25/2025,
429,40.8,gf,1.295,mm,OK,--,7:12:27 PM,11/25/2025,
430,40.8,gf,1.300,mm,OK,--,7:12:27 PM,11/25/2025,
431,40.9,gf,1.300,mm,OK,--,7:12:27 PM,11/25/2025,
432,40.8,gf,1.305,mm,OK,--,7:12:27 PM,11/25/2025,
433,40.8,gf,1.310,mm,OK,--,7:12:27 PM,11/25/2025,
434,40.8,gf,1.310,mm,OK,--,7:12:27 PM,11/25/2025,
435,40.9,gf,1.315,mm,OK,--,7:12:27 PM,11/25/2025,
436,41.0,gf,1.320,mm,OK,--,7:12:28 PM,11/25/2025,
437,41.0,gf,1.325,mm,OK,--,7:12:28 PM,11/25/2025,
438,40.9,gf,1.325,mm,OK,--,7:12:28 PM,11/25/2025,
439,40.8,gf,1.330,mm,OK,--,7:12:28 PM,11/25/2025,
440,40.9,gf,1.330,mm,OK,--,7:12:28 PM,11/25/2025,
441,41.0,gf,1.330,mm,OK,--,7:12:28 PM,11/25/2025,
442,41.0,gf,1.335,mm,OK,--,7:12:28 PM,11/25/2025,
443,41.0,gf,1.335,mm,OK,--,7:12:28 PM,11/25/2025,
444,41.0,gf,1.335,mm,OK,--,7:12:28 PM,11/25/2025,
445,41.1,gf,1.340,mm,OK,--,7:12:28 PM,11/25/2025,
446,41.1,gf,1.340,mm,OK,--,7:12:29 PM,11/25/2025,
447,41.1,gf,1.340,mm,OK,--,7:12:29 PM,11/25/2025,
448,41.1,gf,1.340,mm,OK,--,7:12:29 PM,11/25/2025,
449,41.1,gf,1.345,mm,OK,--,7:12:29 PM,11/25/2025,
450,41.2,gf,1.345,mm,OK,--,7:12:29 PM,11/25/2025,
451,41.2,gf,1.345,mm,OK,--,7:12:29 PM,11/25/2025,
452,41.2,gf,1.350,mm,OK,--,7:12:29 PM,11/25/2025,
453,41.2,gf,1.350,mm,OK,--,7:12:29 PM,11/25/2025,
454,41.2,gf,1.355,mm,OK,--,7:12:29 PM,11/25/2025,
455,41.2,gf,1.360,mm,OK,--,7:12:29 PM,11/25/2025,
456,41.2,gf,1.365,mm,OK,--,7:12:30 PM,11/25/2025,
457,41.2,gf,1.365,mm,OK,--,7:12:30 PM,11/25/2025,
458,41.1,gf,1.370,mm,OK,--,7:12:30 PM,11/25/2025,
459,41.2,gf,1.375,mm,OK,--,7:12:30 PM,11/25/2025,
460,41.3,gf,1.380,mm,OK,--,7:12:30 PM,11/25/2025,
461,41.4,gf,1.385,mm,OK,--,7:12:30 PM,11/25/2025,
462,41.5,gf,1.390,mm,OK,--,7:12:30 PM,11/25/2025,
463,41.4,gf,1.395,mm,OK,--,7:12:30 PM,11/25/2025,
464,41.5,gf,1.400,mm,OK,--,7:12:30 PM,11/25/2025,
465,41.6,gf,1.410,mm,OK,--,7:12:30 PM,11/25/2025,
466,41.6,gf,1.415,mm,OK,--,7:12:31 PM,11/25/2025,
467,41.7,gf,1.420,mm,OK,--,7:12:31 PM,11/25/2025,
468,41.7,gf,1.430,mm,OK,--,7:12:31 PM,11/25/2025,
469,41.7,gf,1.440,mm,OK,--,7:12:31 PM,11/25/2025,
470,41.8,gf,1.445,mm,OK,--,7:12:31 PM,11/25/2025,
471,41.8,gf,1.455,mm,OK,--,7:12:31 PM,11/25/2025,
472,41.8,gf,1.465,mm,OK,--,7:12:31 PM,11/25/2025,
473,41.8,gf,1.475,mm,OK,--,7:12:31 PM,11/25/2025,
474,41.9,gf,1.485,mm,OK,--,7:12:31 PM,11/25/2025,
475,41.8,gf,1.490,mm,OK,--,7:12:31 PM,11/25/2025,
476,42.0,gf,1.495,mm,OK,--,7:12:32 PM,11/25/2025,
477,41.9,gf,1.500,mm,OK,--,7:12:32 PM,11/25/2025,
478,42.0,gf,1.505,mm,OK,--,7:12:32 PM,11/25/2025,
479,42.1,gf,1.510,mm,OK,--,7:12:32 PM,11/25/2025,
480,42.1,gf,1.510,mm,OK,--,7:12:32 PM,11/25/2025,
481,42.1,gf,1.515,mm,OK,--,7:12:32 PM,11/25/2025,
482,42.1,gf,1.520,mm,OK,--,7:12:32 PM,11/25/2025,
483,42.1,gf,1.525,mm,OK,--,7:12:32 PM,11/25/2025,
484,42.1,gf,1.525,mm,OK,--,7:12:32 PM,11/25/2025,
485,42.1,gf,1.530,mm,OK,--,7:12:32 PM,11/25/2025,
486,42.1,gf,1.530,mm,OK,--,7:12:33 PM,11/25/2025,
487,42.1,gf,1.535,mm,OK,--,7:12:33 PM,11/25/2025,
488,42.1,gf,1.540,mm,OK,--,7:12:33 PM,11/25/2025,
489,42.2,gf,1.540,mm,OK,--,7:12:33 PM,11/25/2025,
490,42.2,gf,1.545,mm,OK,--,7:12:33 PM,11/25/2025,
491,42.2,gf,1.545,mm,OK,--,7:12:33 PM,11/25/2025,
492,42.2,gf,1.550,mm,OK,--,7:12:33 PM,11/25/2025,
493,42.3,gf,1.555,mm,OK,--,7:12:33 PM,11/25/2025,
494,42.3,gf,1.560,mm,OK,--,7:12:33 PM,11/25/2025,
495,42.4,gf,1.560,mm,OK,--,7:12:33 PM,11/25/2025,
496,42.3,gf,1.565,mm,OK,--,7:12:34 PM,11/25/2025,
497,42.4,gf,1.570,mm,OK,--,7:12:34 PM,11/25/2025,
498,42.5,gf,1.575,mm,OK,--,7:12:34 PM,11/25/2025,
499,42.5,gf,1.580,mm,OK,--,7:12:34 PM,11/25/2025,
500,42.5,gf,1.585,mm,OK,--,7:12:34 PM,11/25/2025,
501,42.5,gf,1.585,mm,OK,--,7:12:34 PM,11/25/2025,
502,42.5,gf,1.590,mm,OK,--,7:12:34 PM,11/25/2025,
503,42.5,gf,1.590,mm,OK,--,7:12:34 PM,11/25/2025,
504,42.5,gf,1.595,mm,OK,--,7:12:34 PM,11/25/2025,
505,42.6,gf,1.595,mm,OK,--,7:12:34 PM,11/25/2025,
506,42.7,gf,1.600,mm,OK,--,7:12:35 PM,11/25/2025,
507,42.7,gf,1.605,mm,OK,--,7:12:35 PM,11/25/2025,
508,42.7,gf,1.610,mm,OK,--,7:12:35 PM,11/25/2025,
509,42.7,gf,1.615,mm,OK,--,7:12:35 PM,11/25/2025,
510,42.7,gf,1.620,mm,OK,--,7:12:35 PM,11/25/2025,
511,42.8,gf,1.625,mm,OK,--,7:12:35 PM,11/25/2025,
512,42.9,gf,1.630,mm,OK,--,7:12:35 PM,11/25/2025,
513,43.0,gf,1.635,mm,OK,--,7:12:35 PM,11/25/2025,
514,43.0,gf,1.640,mm,OK,--,7:12:35 PM,11/25/2025,
515,43.0,gf,1.650,mm,OK,--,7:12:35 PM,11/25/2025,
516,43.0,gf,1.655,mm,OK,--,7:12:36 PM,11/25/2025,
517,43.0,gf,1.660,mm,OK,--,7:12:36 PM,11/25/2025,
518,43.0,gf,1.665,mm,OK,--,7:12:36 PM,11/25/2025,
519,43.0,gf,1.670,mm,OK,--,7:12:36 PM,11/25/2025,
520,43.1,gf,1.670,mm,OK,--,7:12:36 PM,11/25/2025,
521,43.2,gf,1.675,mm,OK,--,7:12:36 PM,11/25/2025,
522,43.2,gf,1.680,mm,OK,--,7:12:36 PM,11/25/2025,
523,43.2,gf,1.685,mm,OK,--,7:12:36 PM,11/25/2025,
524,43.3,gf,1.685,mm,OK,--,7:12:36 PM,11/25/2025,
525,43.3,gf,1.690,mm,OK,--,7:12:36 PM,11/25/2025,
526,43.4,gf,1.690,mm,OK,--,7:12:37 PM,11/25/2025,
527,43.4,gf,1.695,mm,OK,--,7:12:37 PM,11/25/2025,
528,43.5,gf,1.700,mm,OK,--,7:12:37 PM,11/25/2025,
529,43.6,gf,1.700,mm,OK,--,7:12:37 PM,11/25/2025,
530,43.6,gf,1.705,mm,OK,--,7:12:37 PM,11/25/2025,
531,43.6,gf,1.710,mm,OK,--,7:12:37 PM,11/25/2025,
532,43.7,gf,1.710,mm,OK,--,7:12:37 PM,11/25/2025,
533,43.7,gf,1.715,mm,OK,--,7:12:37 PM,11/25/2025,
534,43.8,gf,1.720,mm,OK,--,7:12:37 PM,11/25/2025,
535,43.9,gf,1.725,mm,OK,--,7:12:37 PM,11/25/2025,
536,43.9,gf,1.730,mm,OK,--,7:12:38 PM,11/25/2025,
537,43.9,gf,1.740,mm,OK,--,7:12:38 PM,11/25/2025,
538,43.9,gf,1.745,mm,OK,--,7:12:38 PM,11/25/2025,
539,43.9,gf,1.750,mm,OK,--,7:12:38 PM,11/25/2025,
540,44.0,gf,1.755,mm,OK,--,7:12:38 PM,11/25/2025,
541,43.8,gf,1.760,mm,OK,--,7:12:38 PM,11/25/2025,
542,43.8,gf,1.770,mm,OK,--,7:12:38 PM,11/25/2025,
543,43.9,gf,1.775,mm,OK,--,7:12:38 PM,11/25/2025,
544,43.9,gf,1.780,mm,OK,--,7:12:38 PM,11/25/2025,
545,43.9,gf,1.785,mm,OK,--,7:12:38 PM,11/25/2025,
546,43.9,gf,1.790,mm,OK,--,7:12:39 PM,11/25/2025,
547,43.9,gf,1.795,mm,OK,--,7:12:39 PM,11/25/2025,
548,43.9,gf,1.805,mm,OK,--,7:12:39 PM,11/25/2025,
549,44.0,gf,1.810,mm,OK,--,7:12:39 PM,11/25/2025,
550,44.0,gf,1.815,mm,OK,--,7:12:39 PM,11/25/2025,
551,44.0,gf,1.820,mm,OK,--,7:12:39 PM,11/25/2025,
552,44.1,gf,1.825,mm,OK,--,7:12:39 PM,11/25/2025,
553,44.2,gf,1.835,mm,OK,--,7:12:39 PM,11/25/2025,
554,44.2,gf,1.840,mm,OK,--,7:12:39 PM,11/25/2025,
555,44.0,gf,1.850,mm,OK,--,7:12:39 PM,11/25/2025,
556,44.0,gf,1.855,mm,OK,--,7:12:40 PM,11/25/2025,
557,44.1,gf,1.860,mm,OK,--,7:12:40 PM,11/25/2025,
558,44.1,gf,1.865,mm,OK,--,7:12:40 PM,11/25/2025,
559,44.2,gf,1.870,mm,OK,--,7:12:40 PM,11/25/2025,
560,44.2,gf,1.875,mm,OK,--,7:12:40 PM,11/25/2025,
561,44.2,gf,1.880,mm,OK,--,7:12:40 PM,11/25/2025,
562,44.2,gf,1.885,mm,OK,--,7:12:40 PM,11/25/2025,
563,44.2,gf,1.890,mm,OK,--,7:12:40 PM,11/25/2025,
564,44.2,gf,1.895,mm,OK,--,7:12:40 PM,11/25/2025,
565,44.2,gf,1.900,mm,OK,--,7:12:40 PM,11/25/2025,
566,44.2,gf,1.905,mm,OK,--,7:12:41 PM,11/25/2025,
567,44.2,gf,1.910,mm,OK,--,7:12:41 PM,11/25/2025,
568,44.2,gf,1.910,mm,OK,--,7:12:41 PM,11/25/2025,
569,44.2,gf,1.915,mm,OK,--,7:12:41 PM,11/25/2025,
570,44.3,gf,1.920,mm,OK,--,7:12:41 PM,11/25/2025,
571,44.3,gf,1.925,mm,OK,--,7:12:41 PM,11/25/2025,
572,44.4,gf,1.930,mm,OK,--,7:12:41 PM,11/25/2025,
573,44.5,gf,1.935,mm,OK,--,7:12:41 PM,11/25/2025,
574,44.5,gf,1.940,mm,OK,--,7:12:41 PM,11/25/2025,
575,44.6,gf,1.945,mm,OK,--,7:12:41 PM,11/25/2025,
576,44.6,gf,1.950,mm,OK,--,7:12:42 PM,11/25/2025,
577,44.7,gf,1.955,mm,OK,--,7:12:42 PM,11/25/2025,
578,44.7,gf,1.960,mm,OK,--,7:12:42 PM,11/25/2025,
579,44.8,gf,1.965,mm,OK,--,7:12:42 PM,11/25/2025,
580,44.7,gf,1.970,mm,OK,--,7:12:42 PM,11/25/2025,
581,44.7,gf,1.970,mm,OK,--,7:12:42 PM,11/25/2025,
582,44.8,gf,1.970,mm,OK,--,7:12:42 PM,11/25/2025,
583,44.8,gf,1.975,mm,OK,--,7:12:42 PM,11/25/2025,
584,44.8,gf,1.975,mm,OK,--,7:12:42 PM,11/25/2025,
585,44.8,gf,1.980,mm,OK,--,7:12:42 PM,11/25/2025,
586,44.8,gf,1.980,mm,OK,--,7:12:43 PM,11/25/2025,
587,44.9,gf,1.985,mm,OK,--,7:12:43 PM,11/25/2025,
588,44.9,gf,1.990,mm,OK,--,7:12:43 PM,11/25/2025,
589,44.9,gf,1.990,mm,OK,--,7:12:43 PM,11/25/2025,
590,44.9,gf,1.995,mm,OK,--,7:12:43 PM,11/25/2025,
591,44.9,gf,2.000,mm,OK,--,7:12:43 PM,11/25/2025,
592,44.9,gf,2.000,mm,OK,--,7:12:43 PM,11/25/2025,
593,44.9,gf,2.005,mm,OK,--,7:12:43 PM,11/25/2025,
594,44.9,gf,2.005,mm,OK,--,7:12:43 PM,11/25/2025,
595,45.0,gf,2.005,mm,OK,--,7:12:43 PM,11/25/2025,
596,45.0,gf,2.010,mm,OK,--,7:12:44 PM,11/25/2025,
597,45.0,gf,2.015,mm,OK,--,7:12:44 PM,11/25/2025,
598,45.0,gf,2.015,mm,OK,--,7:12:44 PM,11/25/2025,
599,45.0,gf,2.020,mm,OK,--,7:12:44 PM,11/25/2025,
600,44.9,gf,2.025,mm,OK,--,7:12:44 PM,11/25/2025,
601,44.9,gf,2.030,mm,OK,--,7:12:44 PM,11/25/2025,
602,44.9,gf,2.035,mm,OK,--,7:12:44 PM,11/25/2025,
603,44.9,gf,2.035,mm,OK,--,7:12:44 PM,11/25/2025,
604,44.9,gf,2.040,mm,OK,--,7:12:44 PM,11/25/2025,
605,44.9,gf,2.045,mm,OK,--,7:12:44 PM,11/25/2025,
606,44.9,gf,2.050,mm,OK,--,7:12:45 PM,11/25/2025,
607,45.0,gf,2.055,mm,OK,--,7:12:45 PM,11/25/2025,
608,45.0,gf,2.055,mm,OK,--,7:12:45 PM,11/25/2025,
609,45.0,gf,2.060,mm,OK,--,7:12:45 PM,11/25/2025,
610,45.1,gf,2.065,mm,OK,--,7:12:45 PM,11/25/2025,
611,45.1,gf,2.070,mm,OK,--,7:12:45 PM,11/25/2025,
612,45.0,gf,2.070,mm,OK,--,7:12:45 PM,11/25/2025,
613,45.0,gf,2.075,mm,OK,--,7:12:45 PM,11/25/2025,
614,45.0,gf,2.075,mm,OK,--,7:12:45 PM,11/25/2025,
615,45.0,gf,2.075,mm,OK,--,7:12:45 PM,11/25/2025,
616,45.1,gf,2.080,mm,OK,--,7:12:46 PM,11/25/2025,
617,45.1,gf,2.080,mm,OK,--,7:12:46 PM,11/25/2025,
618,45.1,gf,2.085,mm,OK,--,7:12:46 PM,11/25/2025,
619,45.1,gf,2.085,mm,OK,--,7:12:46 PM,11/25/2025,
620,45.1,gf,2.090,mm,OK,--,7:12:46 PM,11/25/2025,
621,45.1,gf,2.090,mm,OK,--,7:12:46 PM,11/25/2025,
622,45.1,gf,2.095,mm,OK,--,7:12:46 PM,11/25/2025,
623,45.1,gf,2.095,mm,OK,--,7:12:46 PM,11/25/2025,
624,45.1,gf,2.100,mm,OK,--,7:12:46 PM,11/25/2025,
625,45.1,gf,2.100,mm,OK,--,7:12:46 PM,11/25/2025,
626,45.1,gf,2.105,mm,OK,--,7:12:47 PM,11/25/2025,
627,45.1,gf,2.105,mm,OK,--,7:12:47 PM,11/25/2025,
628,45.1,gf,2.110,mm,OK,--,7:12:47 PM,11/25/2025,
629,45.2,gf,2.115,mm,OK,--,7:12:47 PM,11/25/2025,
630,45.2,gf,2.120,mm,OK,--,7:12:47 PM,11/25/2025,
631,45.2,gf,2.125,mm,OK,--,7:12:47 PM,11/25/2025,
632,45.2,gf,2.130,mm,OK,--,7:12:47 PM,11/25/2025,
633,45.2,gf,2.135,mm,OK,--,7:12:47 PM,11/25/2025,
634,45.2,gf,2.140,mm,OK,--,7:12:47 PM,11/25/2025,
635,45.2,gf,2.150,mm,OK,--,7:12:47 PM,11/25/2025,
636,45.3,gf,2.160,mm,OK,--,7:12:48 PM,11/25/2025,
637,45.3,gf,2.165,mm,OK,--,7:12:48 PM,11/25/2025,
638,45.3,gf,2.170,mm,OK,--,7:12:48 PM,11/25/2025,
639,45.3,gf,2.175,mm,OK,--,7:12:48 PM,11/25/2025,
640,45.4,gf,2.185,mm,OK,--,7:12:48 PM,11/25/2025,
641,45.4,gf,2.190,mm,OK,--,7:12:48 PM,11/25/2025,
642,45.4,gf,2.195,mm,OK,--,7:12:48 PM,11/25/2025,
643,45.4,gf,2.200,mm,OK,--,7:12:48 PM,11/25/2025,
644,45.4,gf,2.205,mm,OK,--,7:12:48 PM,11/25/2025,
645,45.5,gf,2.210,mm,OK,--,7:12:48 PM,11/25/2025,
646,45.6,gf,2.220,mm,OK,--,7:12:49 PM,11/25/2025,
647,45.6,gf,2.225,mm,OK,--,7:12:49 PM,11/25/2025,
648,45.6,gf,2.230,mm,OK,--,7:12:49 PM,11/25/2025,
649,45.6,gf,2.235,mm,OK,--,7:12:49 PM,11/25/2025,
650,45.6,gf,2.240,mm,OK,--,7:12:49 PM,11/25/2025,
651,45.6,gf,2.240,mm,OK,--,7:12:49 PM,11/25/2025,
652,45.6,gf,2.245,mm,OK,--,7:12:49 PM,11/25/2025,
653,45.6,gf,2.255,mm,OK,--,7:12:49 PM,11/25/2025,
654,45.6,gf,2.260,mm,OK,--,7:12:49 PM,11/25/2025,
655,45.6,gf,2.265,mm,OK,--,7:12:49 PM,11/25/2025,
656,45.7,gf,2.270,mm,OK,--,7:12:50 PM,11/25/2025,
657,45.7,gf,2.275,mm,OK,--,7:12:50 PM,11/25/2025,
658,45.8,gf,2.280,mm,OK,--,7:12:50 PM,11/25/2025,
659,45.9,gf,2.290,mm,OK,--,7:12:50 PM,11/25/2025,
660,45.9,gf,2.295,mm,OK,--,7:12:50 PM,11/25/2025,
661,45.9,gf,2.300,mm,OK,--,7:12:50 PM,11/25/2025,
662,46.0,gf,2.305,mm,OK,--,7:12:50 PM,11/25/2025,
663,46.0,gf,2.310,mm,OK,--,7:12:50 PM,11/25/2025,
664,46.1,gf,2.315,mm,OK,--,7:12:50 PM,11/25/2025,
665,46.1,gf,2.320,mm,OK,--,7:12:50 PM,11/25/2025,
666,46.2,gf,2.325,mm,OK,--,7:12:51 PM,11/25/2025,
667,46.2,gf,2.330,mm,OK,--,7:12:51 PM,11/25/2025,
668,46.2,gf,2.330,mm,OK,--,7:12:51 PM,11/25/2025,
669,46.3,gf,2.335,mm,OK,--,7:12:51 PM,11/25/2025,
670,46.3,gf,2.340,mm,OK,--,7:12:51 PM,11/25/2025,
671,46.4,gf,2.345,mm,OK,--,7:12:51 PM,11/25/2025,
672,46.4,gf,2.350,mm,OK,--,7:12:51 PM,11/25/2025,
673,46.4,gf,2.355,mm,OK,--,7:12:51 PM,11/25/2025,
674,46.4,gf,2.360,mm,OK,--,7:12:51 PM,11/25/2025,
675,46.3,gf,2.365,mm,OK,--,7:12:51 PM,11/25/2025,
676,46.3,gf,2.370,mm,OK,--,7:12:52 PM,11/25/2025,
677,46.3,gf,2.375,mm,OK,--,7:12:52 PM,11/25/2025,
678,46.4,gf,2.380,mm,OK,--,7:12:52 PM,11/25/2025,
679,46.4,gf,2.385,mm,OK,--,7:12:52 PM,11/25/2025,
680,46.5,gf,2.390,mm,OK,--,7:12:52 PM,11/25/2025,
681,46.4,gf,2.395,mm,OK,--,7:12:52 PM,11/25/2025,
682,46.5,gf,2.400,mm,OK,--,7:12:52 PM,11/25/2025,
683,46.5,gf,2.410,mm,OK,--,7:12:52 PM,11/25/2025,
684,46.5,gf,2.415,mm,OK,--,7:12:52 PM,11/25/2025,
685,46.6,gf,2.430,mm,OK,--,7:12:52 PM,11/25/2025,
686,46.5,gf,2.440,mm,OK,--,7:12:53 PM,11/25/2025,
687,46.6,gf,2.445,mm,OK,--,7:12:53 PM,11/25/2025,
688,46.5,gf,2.455,mm,OK,--,7:12:53 PM,11/25/2025,
689,46.5,gf,2.465,mm,OK,--,7:12:53 PM,11/25/2025,
690,46.5,gf,2.470,mm,OK,--,7:12:53 PM,11/25/2025,
691,46.6,gf,2.475,mm,OK,--,7:12:53 PM,11/25/2025,
692,46.5,gf,2.480,mm,OK,--,7:12:53 PM,11/25/2025,
693,46.5,gf,2.490,mm,OK,--,7:12:53 PM,11/25/2025,
694,46.5,gf,2.495,mm,OK,--,7:12:53 PM,11/25/2025,
695,46.5,gf,2.505,mm,OK,--,7:12:53 PM,11/25/2025,
696,46.6,gf,2.515,mm,OK,--,7:12:54 PM,11/25/2025,
697,46.7,gf,2.525,mm,OK,--,7:12:54 PM,11/25/2025,
698,46.7,gf,2.530,mm,OK,--,7:12:54 PM,11/25/2025,
699,46.7,gf,2.540,mm,OK,--,7:12:54 PM,11/25/2025,
700,46.7,gf,2.545,mm,OK,--,7:12:54 PM,11/25/2025,
701,46.7,gf,2.550,mm,OK,--,7:12:54 PM,11/25/2025,
702,46.8,gf,2.555,mm,OK,--,7:12:54 PM,11/25/2025,
703,46.8,gf,2.560,mm,OK,--,7:12:54 PM,11/25/2025,
704,46.8,gf,2.565,mm,OK,--,7:12:54 PM,11/25/2025,
705,46.8,gf,2.570,mm,OK,--,7:12:54 PM,11/25/2025,
706,46.8,gf,2.580,mm,OK,--,7:12:55 PM,11/25/2025,
707,46.8,gf,2.585,mm,OK,--,7:12:55 PM,11/25/2025,
708,46.9,gf,2.590,mm,OK,--,7:12:55 PM,11/25/2025,
709,46.9,gf,2.590,mm,OK,--,7:12:55 PM,11/25/2025,
710,47.0,gf,2.595,mm,OK,--,7:12:55 PM,11/25/2025,
711,46.9,gf,2.600,mm,OK,--,7:12:55 PM,11/25/2025,
712,46.9,gf,2.605,mm,OK,--,7:12:55 PM,11/25/2025,
713,47.0,gf,2.610,mm,OK,--,7:12:55 PM,11/25/2025,
714,47.0,gf,2.615,mm,OK,--,7:12:55 PM,11/25/2025,
715,47.0,gf,2.615,mm,OK,--,7:12:55 PM,11/25/2025,
716,47.0,gf,2.620,mm,OK,--,7:12:56 PM,11/25/2025,
717,47.0,gf,2.625,mm,OK,--,7:12:56 PM,11/25/2025,
718,47.1,gf,2.625,mm,OK,--,7:12:56 PM,11/25/2025,
719,47.1,gf,2.630,mm,OK,--,7:12:56 PM,11/25/2025,
720,47.1,gf,2.635,mm,OK,--,7:12:56 PM,11/25/2025,
721,47.1,gf,2.635,mm,OK,--,7:12:56 PM,11/25/2025,
722,47.1,gf,2.640,mm,OK,--,7:12:56 PM,11/25/2025,
723,47.2,gf,2.645,mm,OK,--,7:12:56 PM,11/25/2025,
724,47.1,gf,2.650,mm,OK,--,7:12:56 PM,11/25/2025,
725,47.1,gf,2.655,mm,OK,--,7:12:56 PM,11/25/2025,
726,46.9,gf,2.660,mm,OK,--,7:12:57 PM,11/25/2025,
727,46.9,gf,2.670,mm,OK,--,7:12:57 PM,11/25/2025,
728,47.0,gf,2.675,mm,OK,--,7:12:57 PM,11/25/2025,
729,47.1,gf,2.680,mm,OK,--,7:12:57 PM,11/25/2025,
730,47.2,gf,2.690,mm,OK,--,7:12:57 PM,11/25/2025,
731,47.2,gf,2.695,mm,OK,--,7:12:57 PM,11/25/2025,
732,47.2,gf,2.700,mm,OK,--,7:12:57 PM,11/25/2025,
733,47.2,gf,2.705,mm,OK,--,7:12:57 PM,11/25/2025,
734,47.2,gf,2.710,mm,OK,--,7:12:57 PM,11/25/2025,
735,47.2,gf,2.715,mm,OK,--,7:12:57 PM,11/25/2025,
736,47.2,gf,2.720,mm,OK,--,7:12:58 PM,11/25/2025,
737,47.1,gf,2.725,mm,OK,--,7:12:58 PM,11/25/2025,
738,47.1,gf,2.725,mm,OK,--,7:12:58 PM,11/25/2025,
739,47.1,gf,2.730,mm,OK,--,7:12:58 PM,11/25/2025,
740,47.1,gf,2.735,mm,OK,--,7:12:58 PM,11/25/2025,
741,47.1,gf,2.735,mm,OK,--,7:12:58 PM,11/25/2025,
742,47.1,gf,2.740,mm,OK,--,7:12:58 PM,11/25/2025,
743,47.1,gf,2.745,mm,OK,--,7:12:58 PM,11/25/2025,
744,47.2,gf,2.750,mm,OK,--,7:12:58 PM,11/25/2025,
745,47.2,gf,2.750,mm,OK,--,7:12:58 PM,11/25/2025,
746,47.2,gf,2.755,mm,OK,--,7:12:59 PM,11/25/2025,
747,47.2,gf,2.760,mm,OK,--,7:12:59 PM,11/25/2025,
748,47.2,gf,2.765,mm,OK,--,7:12:59 PM,11/25/2025,
749,47.2,gf,2.770,mm,OK,--,7:12:59 PM,11/25/2025,
750,47.2,gf,2.775,mm,OK,--,7:12:59 PM,11/25/2025,
751,47.2,gf,2.780,mm,OK,--,7:12:59 PM,11/25/2025,
752,47.2,gf,2.780,mm,OK,--,7:12:59 PM,11/25/2025,
753,47.3,gf,2.785,mm,OK,--,7:12:59 PM,11/25/2025,
754,47.2,gf,2.790,mm,OK,--,7:12:59 PM,11/25/2025,
755,47.2,gf,2.790,mm,OK,--,7:12:59 PM,11/25/2025,
756,47.2,gf,2.795,mm,OK,--,7:13:00 PM,11/25/2025,
757,47.3,gf,2.800,mm,OK,--,7:13:00 PM,11/25/2025,
758,47.3,gf,2.805,mm,OK,--,7:13:00 PM,11/25/2025,
759,47.3,gf,2.810,mm,OK,--,7:13:00 PM,11/25/2025,
760,47.4,gf,2.820,mm,OK,--,7:13:00 PM,11/25/2025,
761,47.3,gf,2.825,mm,OK,--,7:13:00 PM,11/25/2025,
762,47.4,gf,2.835,mm,OK,--,7:13:00 PM,11/25/2025,
763,47.4,gf,2.840,mm,OK,--,7:13:00 PM,11/25/2025,
764,47.4,gf,2.850,mm,OK,--,7:13:00 PM,11/25/2025,
765,47.4,gf,2.860,mm,OK,--,7:13:00 PM,11/25/2025,
766,47.3,gf,2.865,mm,OK,--,7:13:01 PM,11/25/2025,
767,47.4,gf,2.875,mm,OK,--,7:13:01 PM,11/25/2025,
768,47.5,gf,2.880,mm,OK,--,7:13:01 PM,11/25/2025,
769,47.5,gf,2.890,mm,OK,--,7:13:01 PM,11/25/2025,
770,47.6,gf,2.895,mm,OK,--,7:13:01 PM,11/25/2025,
771,47.6,gf,2.900,mm,OK,--,7:13:01 PM,11/25/2025,
772,47.6,gf,2.905,mm,OK,--,7:13:01 PM,11/25/2025,
773,47.6,gf,2.905,mm,OK,--,7:13:01 PM,11/25/2025,
774,47.7,gf,2.910,mm,OK,--,7:13:01 PM,11/25/2025,
775,47.7,gf,2.910,mm,OK,--,7:13:01 PM,11/25/2025,
776,47.7,gf,2.915,mm,OK,--,7:13:02 PM,11/25/2025,
777,47.8,gf,2.920,mm,OK,--,7:13:02 PM,11/25/2025,
778,47.8,gf,2.925,mm,OK,--,7:13:02 PM,11/25/2025,
779,47.8,gf,2.930,mm,OK,--,7:13:02 PM,11/25/2025,
780,47.9,gf,2.935,mm,OK,--,7:13:02 PM,11/25/2025,
781,47.9,gf,2.940,mm,OK,--,7:13:02 PM,11/25/2025,
782,47.9,gf,2.945,mm,OK,--,7:13:02 PM,11/25/2025,
783,48.0,gf,2.950,mm,OK,--,7:13:02 PM,11/25/2025,
784,48.0,gf,2.950,mm,OK,--,7:13:02 PM,11/25/2025,
785,47.9,gf,2.955,mm,OK,--,7:13:02 PM,11/25/2025,
786,48.0,gf,2.955,mm,OK,--,7:13:03 PM,11/25/2025,
787,48.0,gf,2.960,mm,OK,--,7:13:03 PM,11/25/2025,
788,48.1,gf,2.960,mm,OK,--,7:13:03 PM,11/25/2025,
789,48.1,gf,2.960,mm,OK,--,7:13:03 PM,11/25/2025,
790,48.1,gf,2.965,mm,OK,--,7:13:03 PM,11/25/2025,
791,48.1,gf,2.965,mm,OK,--,7:13:03 PM,11/25/2025,
792,48.1,gf,2.965,mm,OK,--,7:13:03 PM,11/25/2025,
793,48.1,gf,2.970,mm,OK,--,7:13:03 PM,11/25/2025,
794,48.1,gf,2.970,mm,OK,--,7:13:03 PM,11/25/2025,
795,48.1,gf,2.970,mm,OK,--,7:13:03 PM,11/25/2025,
796,48.1,gf,2.970,mm,OK,--,7:13:04 PM,11/25/2025,
797,48.1,gf,2.975,mm,OK,--,7:13:04 PM,11/25/2025,
798,48.1,gf,2.975,mm,OK,--,7:13:04 PM,11/25/2025,
799,48.2,gf,2.975,mm,OK,--,7:13:04 PM,11/25/2025,
800,48.2,gf,2.980,mm,OK,--,7:13:04 PM,11/25/2025,
801,48.2,gf,2.980,mm,OK,--,7:13:04 PM,11/25/2025,
802,48.2,gf,2.980,mm,OK,--,7:13:04 PM,11/25/2025,
803,48.2,gf,2.980,mm,OK,--,7:13:04 PM,11/25/2025,
804,48.3,gf,2.980,mm,OK,--,7:13:04 PM,11/25/2025,
805,48.3,gf,2.980,mm,OK,--,7:13:04 PM,11/25/2025,
806,48.3,gf,2.980,mm,OK,--,7:13:05 PM,11/25/2025,
807,48.3,gf,2.985,mm,OK,--,7:13:05 PM,11/25/2025,
808,48.3,gf,2.985,mm,OK,--,7:13:05 PM,11/25/2025,
809,48.3,gf,2.985,mm,OK,--,7:13:05 PM,11/25/2025,
810,48.3,gf,2.985,mm,OK,--,7:13:05 PM,11/25/2025,
811,48.3,gf,2.990,mm,OK,--,7:13:05 PM,11/25/2025,
812,48.2,gf,2.990,mm,OK,--,7:13:05 PM,11/25/2025,
813,48.2,gf,2.995,mm,OK,--,7:13:05 PM,11/25/2025,
814,48.2,gf,2.995,mm,OK,--,7:13:05 PM,11/25/2025,
815,48.2,gf,2.995,mm,OK,--,7:13:05 PM,11/25/2025,
816,48.2,gf,3.000,mm,OK,--,7:13:06 PM,11/25/2025,
817,48.3,gf,3.000,mm,OK,--,7:13:06 PM,11/25/2025,
818,48.3,gf,3.005,mm,OK,--,7:13:06 PM,11/25/2025,
819,48.3,gf,3.005,mm,OK,--,7:13:06 PM,11/25/2025,
820,48.3,gf,3.010,mm,OK,--,7:13:06 PM,11/25/2025,
821,48.3,gf,3.010,mm,OK,--,7:13:06 PM,11/25/2025,
822,48.3,gf,3.015,mm,OK,--,7:13:06 PM,11/25/2025,
823,48.3,gf,3.015,mm,OK,--,7:13:06 PM,11/25/2025,
824,48.3,gf,3.015,mm,OK,--,7:13:06 PM,11/25/2025,
825,48.4,gf,3.020,mm,OK,--,7:13:06 PM,11/25/2025,
826,48.5,gf,3.020,mm,OK,--,7:13:07 PM,11/25/2025,
827,48.5,gf,3.020,mm,OK,--,7:13:07 PM,11/25/2025,
828,48.5,gf,3.025,mm,OK,--,7:13:07 PM,11/25/2025,
829,48.5,gf,3.030,mm,OK,--,7:13:07 PM,11/25/2025,
830,48.5,gf,3.030,mm,OK,--,7:13:07 PM,11/25/2025,
831,48.5,gf,3.035,mm,OK,--,7:13:07 PM,11/25/2025,
832,48.5,gf,3.040,mm,OK,--,7:13:07 PM,11/25/2025,
833,48.6,gf,3.045,mm,OK,--,7:13:07 PM,11/25/2025,
834,48.6,gf,3.050,mm,OK,--,7:13:07 PM,11/25/2025,
835,48.5,gf,3.055,mm,OK,--,7:13:07 PM,11/25/2025,
836,48.5,gf,3.065,mm,OK,--,7:13:08 PM,11/25/2025,
837,48.5,gf,3.075,mm,OK,--,7:13:08 PM,11/25/2025,
838,48.5,gf,3.090,mm,OK,--,7:13:08 PM,11/25/2025,
839,48.6,gf,3.100,mm,OK,--,7:13:08 PM,11/25/2025,
840,48.7,gf,3.115,mm,OK,--,7:13:08 PM,11/25/2025,
841,48.8,gf,3.125,mm,OK,--,7:13:08 PM,11/25/2025,
842,48.8,gf,3.135,mm,OK,--,7:13:08 PM,11/25/2025,
843,48.9,gf,3.145,mm,OK,--,7:13:08 PM,11/25/2025,
844,48.9,gf,3.155,mm,OK,--,7:13:08 PM,11/25/2025,
845,56.0,gf,3.170,mm,OK,--,7:13:08 PM,11/25/2025,
846,64.2,gf,3.180,mm,OK,--,7:13:09 PM,11/25/2025,
847,72.5,gf,3.190,mm,OK,--,7:13:09 PM,11/25/2025,
848,81.7,gf,3.195,mm,OK,--,7:13:09 PM,11/25/2025,
849,90.5,gf,3.205,mm,OK,--,7:13:09 PM,11/25/2025,
850,98.1,gf,3.215,mm,OK,--,7:13:09 PM,11/25/2025,
851,103.8,gf,3.220,mm,OK,--,7:13:09 PM,11/25/2025,
852,108.8,gf,3.225,mm,OK,--,7:13:09 PM,11/25/2025,
853,113.5,gf,3.230,mm,OK,--,7:13:09 PM,11/25/2025,
854,118.4,gf,3.235,mm,OK,--,7:13:09 PM,11/25/2025,
855,123.2,gf,3.240,mm,OK,--,7:13:09 PM,11/25/2025,
856,128.2,gf,3.245,mm,OK,--,7:13:10 PM,11/25/2025,
857,133.8,gf,3.250,mm,OK,--,7:13:10 PM,11/25/2025,
858,139.5,gf,3.255,mm,OK,--,7:13:10 PM,11/25/2025,
859,145.2,gf,3.260,mm,OK,--,7:13:10 PM,11/25/2025,
860,150.7,gf,3.265,mm,OK,--,7:13:10 PM,11/25/2025,
861,155.7,gf,3.270,mm,OK,--,7:13:10 PM,11/25/2025,
862,160.0,gf,3.275,mm,OK,--,7:13:10 PM,11/25/2025,
863,164.2,gf,3.280,mm,OK,--,7:13:10 PM,11/25/2025,
864,167.8,gf,3.280,mm,OK,--,7:13:10 PM,11/25/2025,
865,171.1,gf,3.285,mm,OK,--,7:13:10 PM,11/25/2025,
866,174.5,gf,3.290,mm,OK,--,7:13:11 PM,11/25/2025,
867,177.0,gf,3.290,mm,OK,--,7:13:11 PM,11/25/2025,
868,179.3,gf,3.295,mm,OK,--,7:13:11 PM,11/25/2025,
869,181.8,gf,3.295,mm,OK,--,7:13:11 PM,11/25/2025,
870,183.9,gf,3.295,mm,OK,--,7:13:11 PM,11/25/2025,
871,185.4,gf,3.300,mm,OK,--,7:13:11 PM,11/25/2025,
872,186.3,gf,3.300,mm,OK,--,7:13:11 PM,11/25/2025,
873,187.1,gf,3.300,mm,OK,--,7:13:11 PM,11/25/2025,
874,187.8,gf,3.300,mm,OK,--,7:13:11 PM,11/25/2025,
875,188.6,gf,3.305,mm,OK,--,7:13:11 PM,11/25/2025,
876,189.7,gf,3.305,mm,OK,--,7:13:12 PM,11/25/2025,
877,191.1,gf,3.305,mm,OK,--,7:13:12 PM,11/25/2025,
878,192.6,gf,3.305,mm,OK,--,7:13:12 PM,11/25/2025,
879,193.7,gf,3.305,mm,OK,--,7:13:12 PM,11/25/2025,
880,194.5,gf,3.310,mm,OK,--,7:13:12 PM,11/25/2025,
881,195.0,gf,3.310,mm,OK,--,7:13:12 PM,11/25/2025,
882,194.9,gf,3.310,mm,OK,--,7:13:12 PM,11/25/2025,
883,194.9,gf,3.310,mm,OK,--,7:13:12 PM,11/25/2025,
884,194.8,gf,3.310,mm,OK,--,7:13:12 PM,11/25/2025,
885,194.8,gf,3.310,mm,OK,--,7:13:12 PM,11/25/2025,
886,194.8,gf,3.310,mm,OK,--,7:13:13 PM,11/25/2025,
887,194.7,gf,3.310,mm,OK,--,7:13:13 PM,11/25/2025,
888,194.7,gf,3.310,mm,OK,--,7:13:13 PM,11/25/2025,
889,194.7,gf,3.310,mm,OK,--,7:13:13 PM,11/25/2025,
890,194.7,gf,3.310,mm,OK,--,7:13:13 PM,11/25/2025,
891,194.7,gf,3.310,mm,OK,--,7:13:13 PM,11/25/2025,
892,194.5,gf,3.310,mm,OK,--,7:13:13 PM,11/25/2025,
893,194.4,gf,3.310,mm,OK,--,7:13:13 PM,11/25/2025,
894,194.4,gf,3.310,mm,OK,--,7:13:13 PM,11/25/2025,
895,194.2,gf,3.310,mm,OK,--,7:13:13 PM,11/25/2025,
896,194.0,gf,3.310,mm,OK,--,7:13:14 PM,11/25/2025,
897,194.0,gf,3.310,mm,OK,--,7:13:14 PM,11/25/2025,
898,193.8,gf,3.310,mm,OK,--,7:13:14 PM,11/25/2025,
899,193.7,gf,3.310,mm,OK,--,7:13:14 PM,11/25/2025,
900,193.5,gf,3.310,mm,OK,--,7:13:14 PM,11/25/2025,
901,193.3,gf,3.310,mm,OK,--,7:13:14 PM,11/25/2025,
902,193.0,gf,3.310,mm,OK,--,7:13:14 PM,11/25/2025,
903,192.4,gf,3.310,mm,OK,--,7:13:14 PM,11/25/2025,
904,191.8,gf,3.310,mm,OK,--,7:13:14 PM,11/25/2025,
905,190.7,gf,3.305,mm,OK,--,7:13:14 PM,11/25/2025,
906,189.6,gf,3.305,mm,OK,--,7:13:15 PM,11/25/2025,
907,188.8,gf,3.305,mm,OK,--,7:13:15 PM,11/25/2025,
908,187.5,gf,3.305,mm,OK,--,7:13:15 PM,11/25/2025,
909,186.3,gf,3.305,mm,OK,--,7:13:15 PM,11/25/2025,
910,185.3,gf,3.300,mm,OK,--,7:13:15 PM,11/25/2025,
911,184.8,gf,3.300,mm,OK,--,7:13:15 PM,11/25/2025,
912,184.4,gf,3.300,mm,OK,--,7:13:15 PM,11/25/2025,
913,183.4,gf,3.300,mm,OK,--,7:13:15 PM,11/25/2025,
914,182.2,gf,3.300,mm,OK,--,7:13:15 PM,11/25/2025,
915,180.8,gf,3.295,mm,OK,--,7:13:15 PM,11/25/2025,
916,179.5,gf,3.295,mm,OK,--,7:13:16 PM,11/25/2025,
917,178.1,gf,3.295,mm,OK,--,7:13:16 PM,11/25/2025,
918,176.7,gf,3.295,mm,OK,--,7:13:16 PM,11/25/2025,
919,175.2,gf,3.290,mm,OK,--,7:13:16 PM,11/25/2025,
920,174.3,gf,3.290,mm,OK,--,7:13:16 PM,11/25/2025,
921,173.6,gf,3.290,mm,OK,--,7:13:16 PM,11/25/2025,
922,172.6,gf,3.290,mm,OK,--,7:13:16 PM,11/25/2025,
923,171.2,gf,3.290,mm,OK,--,7:13:16 PM,11/25/2025,
924,170.1,gf,3.285,mm,OK,--,7:13:16 PM,11/25/2025,
925,169.2,gf,3.285,mm,OK,--,7:13:16 PM,11/25/2025,
926,168.5,gf,3.285,mm,OK,--,7:13:17 PM,11/25/2025,
927,167.9,gf,3.285,mm,OK,--,7:13:17 PM,11/25/2025,
928,167.4,gf,3.285,mm,OK,--,7:13:17 PM,11/25/2025,
929,167.0,gf,3.285,mm,OK,--,7:13:17 PM,11/25/2025,
930,166.5,gf,3.285,mm,OK,--,7:13:17 PM,11/25/2025,
931,166.1,gf,3.285,mm,OK,--,7:13:17 PM,11/25/2025,
932,165.9,gf,3.285,mm,OK,--,7:13:17 PM,11/25/2025,
933,165.7,gf,3.285,mm,OK,--,7:13:17 PM,11/25/2025,
934,165.4,gf,3.285,mm,OK,--,7:13:17 PM,11/25/2025,
935,165.0,gf,3.285,mm,OK,--,7:13:17 PM,11/25/2025,
936,164.3,gf,3.280,mm,OK,--,7:13:18 PM,11/25/2025,
937,163.4,gf,3.280,mm,OK,--,7:13:18 PM,11/25/2025,
938,162.7,gf,3.280,mm,OK,--,7:13:18 PM,11/25/2025,
939,162.0,gf,3.280,mm,OK,--,7:13:18 PM,11/25/2025,
940,161.4,gf,3.280,mm,OK,--,7:13:18 PM,11/25/2025,
941,161.1,gf,3.280,mm,OK,--,7:13:18 PM,11/25/2025,
942,160.7,gf,3.280,mm,OK,--,7:13:18 PM,11/25/2025,
943,160.4,gf,3.280,mm,OK,--,7:13:18 PM,11/25/2025,
944,160.3,gf,3.280,mm,OK,--,7:13:18 PM,11/25/2025,
945,159.9,gf,3.280,mm,OK,--,7:13:18 PM,11/25/2025,
946,159.6,gf,3.275,mm,OK,--,7:13:19 PM,11/25/2025,
947,159.1,gf,3.275,mm,OK,--,7:13:19 PM,11/25/2025,
948,158.6,gf,3.275,mm,OK,--,7:13:19 PM,11/25/2025,
949,158.3,gf,3.275,mm,OK,--,7:13:19 PM,11/25/2025,
950,157.9,gf,3.275,mm,OK,--,7:13:19 PM,11/25/2025,
951,157.5,gf,3.275,mm,OK,--,7:13:19 PM,11/25/2025,
952,157.0,gf,3.275,mm,OK,--,7:13:19 PM,11/25/2025,
953,156.5,gf,3.275,mm,OK,--,7:13:19 PM,11/25/2025,
954,155.8,gf,3.275,mm,OK,--,7:13:19 PM,11/25/2025,
955,155.5,gf,3.275,mm,OK,--,7:13:19 PM,11/25/2025,
956,155.0,gf,3.275,mm,OK,--,7:13:20 PM,11/25/2025,
957,154.4,gf,3.270,mm,OK,--,7:13:20 PM,11/25/2025,
958,153.9,gf,3.270,mm,OK,--,7:13:20 PM,11/25/2025,
959,153.4,gf,3.270,mm,OK,--,7:13:20 PM,11/25/2025,
960,152.8,gf,3.270,mm,OK,--,7:13:20 PM,11/25/2025,
961,152.3,gf,3.270,mm,OK,--,7:13:20 PM,11/25/2025,
962,151.8,gf,3.270,mm,OK,--,7:13:20 PM,11/25/2025,
963,151.3,gf,3.270,mm,OK,--,7:13:20 PM,11/25/2025,
964,150.7,gf,3.270,mm,OK,--,7:13:20 PM,11/25/2025,
965,149.9,gf,3.270,mm,OK,--,7:13:20 PM,11/25/2025,
966,148.9,gf,3.270,mm,OK,--,7:13:21 PM,11/25/2025,
967,147.8,gf,3.265,mm,OK,--,7:13:21 PM,11/25/2025,
968,146.6,gf,3.265,mm,OK,--,7:13:21 PM,11/25/2025,
969,145.3,gf,3.265,mm,OK,--,7:13:21 PM,11/25/2025,
970,144.0,gf,3.265,mm,OK,--,7:13:21 PM,11/25/2025,
971,142.9,gf,3.260,mm,OK,--,7:13:21 PM,11/25/2025,
972,141.9,gf,3.260,mm,OK,--,7:13:21 PM,11/25/2025,
973,140.9,gf,3.260,mm,OK,--,7:13:21 PM,11/25/2025,
974,139.8,gf,3.260,mm,OK,--,7:13:21 PM,11/25/2025,
975,138.5,gf,3.260,mm,OK,--,7:13:21 PM,11/25/2025,
976,137.2,gf,3.255,mm,OK,--,7:13:22 PM,11/25/2025,
977,136.0,gf,3.255,mm,OK,--,7:13:22 PM,11/25/2025,
978,134.6,gf,3.255,mm,OK,--,7:13:22 PM,11/25/2025,
979,133.1,gf,3.255,mm,OK,--,7:13:22 PM,11/25/2025,
980,131.8,gf,3.250,mm,OK,--,7:13:22 PM,11/25/2025,
981,130.6,gf,3.250,mm,OK,--,7:13:22 PM,11/25/2025,
982,129.4,gf,3.250,mm,OK,--,7:13:22 PM,11/25/2025,
983,128.0,gf,3.250,mm,OK,--,7:13:22 PM,11/25/2025,
984,126.4,gf,3.245,mm,OK,--,7:13:22 PM,11/25/2025,
985,124.8,gf,3.245,mm,OK,--,7:13:22 PM,11/25/2025,
986,123.2,gf,3.245,mm,OK,--,7:13:23 PM,11/25/2025,
987,120.5,gf,3.240,mm,OK,--,7:13:23 PM,11/25/2025,
988,116.0,gf,3.235,mm,OK,--,7:13:23 PM,11/25/2025,
989,112.1,gf,3.230,mm,OK,--,7:13:23 PM,11/25/2025,
990,108.9,gf,3.230,mm,OK,--,7:13:23 PM,11/25/2025,
991,106.7,gf,3.225,mm,OK,--,7:13:23 PM,11/25/2025,
992,104.8,gf,3.225,mm,OK,--,7:13:23 PM,11/25/2025,
993,103.0,gf,3.225,mm,OK,--,7:13:23 PM,11/25/2025,
994,101.1,gf,3.220,mm,OK,--,7:13:23 PM,11/25/2025,
995,99.1,gf,3.220,mm,OK,--,7:13:23 PM,11/25/2025,
996,97.1,gf,3.215,mm,OK,--,7:13:24 PM,11/25/2025,
997,95.3,gf,3.215,mm,OK,--,7:13:24 PM,11/25/2025,
998,93.1,gf,3.215,mm,OK,--,7:13:24 PM,11/25/2025,
999,90.5,gf,3.210,mm,OK,--,7:13:24 PM,11/25/2025,
1000,88.2,gf,3.210,mm,OK,--,7:13:24 PM,11/25/2025,
1001,85.9,gf,3.205,mm,OK,--,7:13:24 PM,11/25/2025,
1002,83.0,gf,3.205,mm,OK,--,7:13:24 PM,11/25/2025,
1003,78.5,gf,3.200,mm,OK,--,7:13:24 PM,11/25/2025,
1004,74.9,gf,3.195,mm,OK,--,7:13:24 PM,11/25/2025,
1005,71.9,gf,3.190,mm,OK,--,7:13:24 PM,11/25/2025,
1006,68.8,gf,3.190,mm,OK,--,7:13:25 PM,11/25/2025,
1007,64.9,gf,3.185,mm,OK,--,7:13:25 PM,11/25/2025,
1008,61.1,gf,3.180,mm,OK,--,7:13:25 PM,11/25/2025,
1009,58.7,gf,3.180,mm,OK,--,7:13:25 PM,11/25/2025,
1010,57.0,gf,3.180,mm,OK,--,7:13:25 PM,11/25/2025,
1011,55.4,gf,3.175,mm,OK,--,7:13:25 PM,11/25/2025,
1012,53.7,gf,3.175,mm,OK,--,7:13:25 PM,11/25/2025,
1013,51.8,gf,3.170,mm,OK,--,7:13:25 PM,11/25/2025,
1014,50.1,gf,3.170,mm,OK,--,7:13:25 PM,11/25/2025,
1015,48.7,gf,3.170,mm,OK,--,7:13:25 PM,11/25/2025,
1016,47.2,gf,3.165,mm,OK,--,7:13:26 PM,11/25/2025,
1017,46.0,gf,3.165,mm,OK,--,7:13:26 PM,11/25/2025,
1018,45.3,gf,3.165,mm,OK,--,7:13:26 PM,11/25/2025,
1019,45.1,gf,3.160,mm,OK,--,7:13:26 PM,11/25/2025,
1020,45.3,gf,3.160,mm,OK,--,7:13:26 PM,11/25/2025,
1021,45.3,gf,3.155,mm,OK,--,7:13:26 PM,11/25/2025,
1022,45.4,gf,3.155,mm,OK,--,7:13:26 PM,11/25/2025,
1023,45.4,gf,3.150,mm,OK,--,7:13:26 PM,11/25/2025,
1024,45.5,gf,3.150,mm,OK,--,7:13:26 PM,11/25/2025,
1025,45.5,gf,3.150,mm,OK,--,7:13:26 PM,11/25/2025,
1026,45.5,gf,3.145,mm,OK,--,7:13:27 PM,11/25/2025,
1027,45.4,gf,3.145,mm,OK,--,7:13:27 PM,11/25/2025,
1028,45.4,gf,3.140,mm,OK,--,7:13:27 PM,11/25/2025,
1029,45.5,gf,3.135,mm,OK,--,7:13:27 PM,11/25/2025,
1030,45.5,gf,3.130,mm,OK,--,7:13:27 PM,11/25/2025,
1031,45.5,gf,3.125,mm,OK,--,7:13:27 PM,11/25/2025,
1032,45.5,gf,3.120,mm,OK,--,7:13:27 PM,11/25/2025,
1033,45.5,gf,3.120,mm,OK,--,7:13:27 PM,11/25/2025,
1034,45.5,gf,3.115,mm,OK,--,7:13:27 PM,11/25/2025,
1035,45.4,gf,3.110,mm,OK,--,7:13:27 PM,11/25/2025,
1036,45.4,gf,3.105,mm,OK,--,7:13:28 PM,11/25/2025,
1037,45.4,gf,3.100,mm,OK,--,7:13:28 PM,11/25/2025,
1038,45.4,gf,3.095,mm,OK,--,7:13:28 PM,11/25/2025,
1039,45.3,gf,3.090,mm,OK,--,7:13:28 PM,11/25/2025,
1040,45.3,gf,3.085,mm,OK,--,7:13:28 PM,11/25/2025,
1041,45.3,gf,3.085,mm,OK,--,7:13:28 PM,11/25/2025,
1042,45.2,gf,3.080,mm,OK,--,7:13:28 PM,11/25/2025,
1043,45.2,gf,3.075,mm,OK,--,7:13:28 PM,11/25/2025,
1044,45.2,gf,3.070,mm,OK,--,7:13:28 PM,11/25/2025,
1045,45.2,gf,3.065,mm,OK,--,7:13:28 PM,11/25/2025,
1046,45.2,gf,3.060,mm,OK,--,7:13:29 PM,11/25/2025,
1047,45.1,gf,3.055,mm,OK,--,7:13:29 PM,11/25/2025,
1048,45.1,gf,3.050,mm,OK,--,7:13:29 PM,11/25/2025,
1049,45.1,gf,3.045,mm,OK,--,7:13:29 PM,11/25/2025,
1050,45.1,gf,3.045,mm,OK,--,7:13:29 PM,11/25/2025,
1051,45.0,gf,3.040,mm,OK,--,7:13:29 PM,11/25/2025,
1052,45.0,gf,3.035,mm,OK,--,7:13:29 PM,11/25/2025,
1053,44.9,gf,3.030,mm,OK,--,7:13:29 PM,11/25/2025,
1054,44.9,gf,3.025,mm,OK,--,7:13:29 PM,11/25/2025,
1055,44.9,gf,3.020,mm,OK,--,7:13:29 PM,11/25/2025,
1056,44.8,gf,3.015,mm,OK,--,7:13:30 PM,11/25/2025,
1057,44.8,gf,3.010,mm,OK,--,7:13:30 PM,11/25/2025,
1058,44.8,gf,3.005,mm,OK,--,7:13:30 PM,11/25/2025,
1059,44.8,gf,2.995,mm,OK,--,7:13:30 PM,11/25/2025,
1060,44.7,gf,2.990,mm,OK,--,7:13:30 PM,11/25/2025,
1061,44.6,gf,2.985,mm,OK,--,7:13:30 PM,11/25/2025,
1062,44.6,gf,2.980,mm,OK,--,7:13:30 PM,11/25/2025,
1063,44.6,gf,2.975,mm,OK,--,7:13:30 PM,11/25/2025,
1064,44.6,gf,2.970,mm,OK,--,7:13:30 PM,11/25/2025,
1065,44.8,gf,2.965,mm,OK,--,7:13:30 PM,11/25/2025,
1066,44.8,gf,2.960,mm,OK,--,7:13:31 PM,11/25/2025,
1067,44.8,gf,2.950,mm,OK,--,7:13:31 PM,11/25/2025,
1068,44.8,gf,2.940,mm,OK,--,7:13:31 PM,11/25/2025,
1069,44.7,gf,2.935,mm,OK,--,7:13:31 PM,11/25/2025,
1070,44.7,gf,2.930,mm,OK,--,7:13:31 PM,11/25/2025,
1071,44.8,gf,2.920,mm,OK,--,7:13:31 PM,11/25/2025,
1072,44.7,gf,2.915,mm,OK,--,7:13:31 PM,11/25/2025,
1073,44.7,gf,2.910,mm,OK,--,7:13:31 PM,11/25/2025,
1074,44.7,gf,2.905,mm,OK,--,7:13:31 PM,11/25/2025,
1075,44.7,gf,2.900,mm,OK,--,7:13:31 PM,11/25/2025,
1076,44.7,gf,2.895,mm,OK,--,7:13:32 PM,11/25/2025,
1077,44.7,gf,2.890,mm,OK,--,7:13:32 PM,11/25/2025,
1078,44.6,gf,2.880,mm,OK,--,7:13:32 PM,11/25/2025,
1079,44.6,gf,2.870,mm,OK,--,7:13:32 PM,11/25/2025,
1080,44.6,gf,2.865,mm,OK,--,7:13:32 PM,11/25/2025,
1081,44.6,gf,2.855,mm,OK,--,7:13:32 PM,11/25/2025,
1082,44.6,gf,2.845,mm,OK,--,7:13:32 PM,11/25/2025,
1083,44.5,gf,2.835,mm,OK,--,7:13:32 PM,11/25/2025,
1084,44.4,gf,2.825,mm,OK,--,7:13:32 PM,11/25/2025,
1085,44.4,gf,2.820,mm,OK,--,7:13:32 PM,11/25/2025,
1086,44.4,gf,2.815,mm,OK,--,7:13:33 PM,11/25/2025,
1087,44.3,gf,2.805,mm,OK,--,7:13:33 PM,11/25/2025,
1088,44.3,gf,2.800,mm,OK,--,7:13:33 PM,11/25/2025,
1089,44.2,gf,2.790,mm,OK,--,7:13:33 PM,11/25/2025,
1090,44.2,gf,2.785,mm,OK,--,7:13:33 PM,11/25/2025,
1091,44.3,gf,2.780,mm,OK,--,7:13:33 PM,11/25/2025,
1092,44.3,gf,2.770,mm,OK,--,7:13:33 PM,11/25/2025,
1093,44.3,gf,2.765,mm,OK,--,7:13:33 PM,11/25/2025,
1094,44.2,gf,2.755,mm,OK,--,7:13:33 PM,11/25/2025,
1095,44.1,gf,2.750,mm,OK,--,7:13:33 PM,11/25/2025,
1096,44.1,gf,2.745,mm,OK,--,7:13:34 PM,11/25/2025,
1097,44.1,gf,2.740,mm,OK,--,7:13:34 PM,11/25/2025,
1098,44.0,gf,2.735,mm,OK,--,7:13:34 PM,11/25/2025,
1099,44.0,gf,2.730,mm,OK,--,7:13:34 PM,11/25/2025,
1100,44.0,gf,2.725,mm,OK,--,7:13:34 PM,11/25/2025,
1101,44.0,gf,2.720,mm,OK,--,7:13:34 PM,11/25/2025,
1102,44.0,gf,2.720,mm,OK,--,7:13:34 PM,11/25/2025,
1103,43.9,gf,2.715,mm,OK,--,7:13:34 PM,11/25/2025,
1104,43.9,gf,2.710,mm,OK,--,7:13:34 PM,11/25/2025,
1105,43.9,gf,2.710,mm,OK,--,7:13:34 PM,11/25/2025,
1106,43.9,gf,2.705,mm,OK,--,7:13:35 PM,11/25/2025,
1107,43.9,gf,2.705,mm,OK,--,7:13:35 PM,11/25/2025,
1108,43.9,gf,2.700,mm,OK,--,7:13:35 PM,11/25/2025,
1109,43.8,gf,2.695,mm,OK,--,7:13:35 PM,11/25/2025,
1110,43.8,gf,2.690,mm,OK,--,7:13:35 PM,11/25/2025,
1111,43.7,gf,2.685,mm,OK,--,7:13:35 PM,11/25/2025,
1112,43.7,gf,2.680,mm,OK,--,7:13:35 PM,11/25/2025,
1113,43.5,gf,2.670,mm,OK,--,7:13:35 PM,11/25/2025,
1114,43.5,gf,2.665,mm,OK,--,7:13:35 PM,11/25/2025,
1115,43.5,gf,2.660,mm,OK,--,7:13:35 PM,11/25/2025,
1116,43.4,gf,2.650,mm,OK,--,7:13:36 PM,11/25/2025,
1117,43.4,gf,2.640,mm,OK,--,7:13:36 PM,11/25/2025,
1118,43.2,gf,2.630,mm,OK,--,7:13:36 PM,11/25/2025,
1119,43.1,gf,2.615,mm,OK,--,7:13:36 PM,11/25/2025,
1120,43.0,gf,2.600,mm,OK,--,7:13:36 PM,11/25/2025,
1121,43.0,gf,2.585,mm,OK,--,7:13:36 PM,11/25/2025,
1122,42.8,gf,2.570,mm,OK,--,7:13:36 PM,11/25/2025,
1123,42.7,gf,2.555,mm,OK,--,7:13:36 PM,11/25/2025,
1124,42.6,gf,2.545,mm,OK,--,7:13:36 PM,11/25/2025,
1125,42.6,gf,2.530,mm,OK,--,7:13:36 PM,11/25/2025,
1126,42.5,gf,2.520,mm,OK,--,7:13:37 PM,11/25/2025,
1127,42.3,gf,2.500,mm,OK,--,7:13:37 PM,11/25/2025,
1128,42.4,gf,2.475,mm,OK,--,7:13:37 PM,11/25/2025,
1129,42.3,gf,2.460,mm,OK,--,7:13:37 PM,11/25/2025,
1130,42.3,gf,2.450,mm,OK,--,7:13:37 PM,11/25/2025,
1131,42.3,gf,2.440,mm,OK,--,7:13:37 PM,11/25/2025,
1132,42.3,gf,2.435,mm,OK,--,7:13:37 PM,11/25/2025,
1133,42.3,gf,2.430,mm,OK,--,7:13:37 PM,11/25/2025,
1134,42.2,gf,2.425,mm,OK,--,7:13:37 PM,11/25/2025,
1135,42.2,gf,2.420,mm,OK,--,7:13:37 PM,11/25/2025,
1136,42.1,gf,2.415,mm,OK,--,7:13:38 PM,11/25/2025,
1137,42.2,gf,2.410,mm,OK,--,7:13:38 PM,11/25/2025,
1138,42.1,gf,2.410,mm,OK,--,7:13:38 PM,11/25/2025,
1139,42.1,gf,2.405,mm,OK,--,7:13:38 PM,11/25/2025,
1140,42.0,gf,2.400,mm,OK,--,7:13:38 PM,11/25/2025,
1141,42.0,gf,2.400,mm,OK,--,7:13:38 PM,11/25/2025,
1142,42.0,gf,2.395,mm,OK,--,7:13:38 PM,11/25/2025,
1143,42.0,gf,2.390,mm,OK,--,7:13:38 PM,11/25/2025,
1144,42.0,gf,2.385,mm,OK,--,7:13:38 PM,11/25/2025,
1145,41.9,gf,2.385,mm,OK,--,7:13:38 PM,11/25/2025,
1146,41.8,gf,2.380,mm,OK,--,7:13:39 PM,11/25/2025,
1147,41.9,gf,2.375,mm,OK,--,7:13:39 PM,11/25/2025,
1148,41.8,gf,2.365,mm,OK,--,7:13:39 PM,11/25/2025,
1149,42.1,gf,2.360,mm,OK,--,7:13:39 PM,11/25/2025,
1150,42.0,gf,2.350,mm,OK,--,7:13:39 PM,11/25/2025,
1151,41.9,gf,2.340,mm,OK,--,7:13:39 PM,11/25/2025,
1152,41.8,gf,2.330,mm,OK,--,7:13:39 PM,11/25/2025,
1153,41.8,gf,2.325,mm,OK,--,7:13:39 PM,11/25/2025,
1154,41.8,gf,2.320,mm,OK,--,7:13:39 PM,11/25/2025,
1155,41.7,gf,2.315,mm,OK,--,7:13:39 PM,11/25/2025,
1156,41.6,gf,2.310,mm,OK,--,7:13:40 PM,11/25/2025,
1157,41.6,gf,2.300,mm,OK,--,7:13:40 PM,11/25/2025,
1158,41.7,gf,2.295,mm,OK,--,7:13:40 PM,11/25/2025,
1159,41.5,gf,2.290,mm,OK,--,7:13:40 PM,11/25/2025,
1160,41.5,gf,2.285,mm,OK,--,7:13:40 PM,11/25/2025,
1161,41.4,gf,2.275,mm,OK,--,7:13:40 PM,11/25/2025,
1162,41.4,gf,2.270,mm,OK,--,7:13:40 PM,11/25/2025,
1163,41.3,gf,2.260,mm,OK,--,7:13:40 PM,11/25/2025,
1164,41.2,gf,2.255,mm,OK,--,7:13:40 PM,11/25/2025,
1165,41.2,gf,2.245,mm,OK,--,7:13:40 PM,11/25/2025,
1166,41.1,gf,2.235,mm,OK,--,7:13:41 PM,11/25/2025,
1167,41.0,gf,2.225,mm,OK,--,7:13:41 PM,11/25/2025,
1168,40.8,gf,2.215,mm,OK,--,7:13:41 PM,11/25/2025,
1169,40.8,gf,2.200,mm,OK,--,7:13:41 PM,11/25/2025,
1170,40.8,gf,2.185,mm,OK,--,7:13:41 PM,11/25/2025,
1171,40.9,gf,2.170,mm,OK,--,7:13:41 PM,11/25/2025,
1172,40.9,gf,2.155,mm,OK,--,7:13:41 PM,11/25/2025,
1173,40.8,gf,2.145,mm,OK,--,7:13:41 PM,11/25/2025,
1174,40.8,gf,2.130,mm,OK,--,7:13:41 PM,11/25/2025,
1175,40.9,gf,2.110,mm,OK,--,7:13:41 PM,11/25/2025,
1176,40.9,gf,2.100,mm,OK,--,7:13:42 PM,11/25/2025,
1177,40.8,gf,2.095,mm,OK,--,7:13:42 PM,11/25/2025,
1178,40.8,gf,2.085,mm,OK,--,7:13:42 PM,11/25/2025,
1179,40.8,gf,2.075,mm,OK,--,7:13:42 PM,11/25/2025,
1180,40.8,gf,2.065,mm,OK,--,7:13:42 PM,11/25/2025,
1181,40.7,gf,2.060,mm,OK,--,7:13:42 PM,11/25/2025,
1182,40.8,gf,2.055,mm,OK,--,7:13:42 PM,11/25/2025,
1183,40.7,gf,2.050,mm,OK,--,7:13:42 PM,11/25/2025,
1184,40.7,gf,2.045,mm,OK,--,7:13:42 PM,11/25/2025,
1185,40.7,gf,2.040,mm,OK,--,7:13:42 PM,11/25/2025,
1186,40.6,gf,2.030,mm,OK,--,7:13:43 PM,11/25/2025,
1187,40.6,gf,2.020,mm,OK,--,7:13:43 PM,11/25/2025,
1188,40.6,gf,2.010,mm,OK,--,7:13:43 PM,11/25/2025,
1189,40.6,gf,2.005,mm,OK,--,7:13:43 PM,11/25/2025,
1190,40.5,gf,1.995,mm,OK,--,7:13:43 PM,11/25/2025,
1191,40.5,gf,1.990,mm,OK,--,7:13:43 PM,11/25/2025,
1192,40.5,gf,1.985,mm,OK,--,7:13:43 PM,11/25/2025,
1193,40.5,gf,1.980,mm,OK,--,7:13:43 PM,11/25/2025,
1194,40.4,gf,1.980,mm,OK,--,7:13:43 PM,11/25/2025,
1195,40.4,gf,1.975,mm,OK,--,7:13:43 PM,11/25/2025,
1196,40.4,gf,1.975,mm,OK,--,7:13:44 PM,11/25/2025,
1197,40.3,gf,1.970,mm,OK,--,7:13:44 PM,11/25/2025,
1198,40.2,gf,1.965,mm,OK,--,7:13:44 PM,11/25/2025,
1199,40.2,gf,1.960,mm,OK,--,7:13:44 PM,11/25/2025,
1200,40.1,gf,1.955,mm,OK,--,7:13:44 PM,11/25/2025,
1201,40.1,gf,1.945,mm,OK,--,7:13:44 PM,11/25/2025,
1202,40.2,gf,1.940,mm,OK,--,7:13:44 PM,11/25/2025,
1203,40.2,gf,1.935,mm,OK,--,7:13:44 PM,11/25/2025,
1204,40.2,gf,1.930,mm,OK,--,7:13:44 PM,11/25/2025,
1205,40.2,gf,1.925,mm,OK,--,7:13:44 PM,11/25/2025,
1206,40.2,gf,1.925,mm,OK,--,7:13:45 PM,11/25/2025,
1207,40.2,gf,1.920,mm,OK,--,7:13:45 PM,11/25/2025,
1208,40.2,gf,1.920,mm,OK,--,7:13:45 PM,11/25/2025,
1209,40.2,gf,1.915,mm,OK,--,7:13:45 PM,11/25/2025,
1210,40.1,gf,1.910,mm,OK,--,7:13:45 PM,11/25/2025,
1211,40.1,gf,1.905,mm,OK,--,7:13:45 PM,11/25/2025,
1212,40.2,gf,1.900,mm,OK,--,7:13:45 PM,11/25/2025,
1213,40.1,gf,1.895,mm,OK,--,7:13:45 PM,11/25/2025,
1214,40.1,gf,1.890,mm,OK,--,7:13:45 PM,11/25/2025,
1215,40.0,gf,1.885,mm,OK,--,7:13:45 PM,11/25/2025,
1216,40.0,gf,1.880,mm,OK,--,7:13:46 PM,11/25/2025,
1217,40.0,gf,1.880,mm,OK,--,7:13:46 PM,11/25/2025,
1218,40.0,gf,1.875,mm,OK,--,7:13:46 PM,11/25/2025,
1219,39.9,gf,1.875,mm,OK,--,7:13:46 PM,11/25/2025,
1220,39.9,gf,1.870,mm,OK,--,7:13:46 PM,11/25/2025,
1221,39.9,gf,1.870,mm,OK,--,7:13:46 PM,11/25/2025,
1222,39.9,gf,1.865,mm,OK,--,7:13:46 PM,11/25/2025,
1223,39.9,gf,1.865,mm,OK,--,7:13:46 PM,11/25/2025,
1224,39.8,gf,1.865,mm,OK,--,7:13:46 PM,11/25/2025,
1225,39.7,gf,1.860,mm,OK,--,7:13:46 PM,11/25/2025,
1226,39.7,gf,1.855,mm,OK,--,7:13:47 PM,11/25/2025,
1227,39.7,gf,1.850,mm,OK,--,7:13:47 PM,11/25/2025,
1228,39.7,gf,1.845,mm,OK,--,7:13:47 PM,11/25/2025,
1229,39.6,gf,1.840,mm,OK,--,7:13:47 PM,11/25/2025,
1230,39.6,gf,1.835,mm,OK,--,7:13:47 PM,11/25/2025,
1231,39.5,gf,1.830,mm,OK,--,7:13:47 PM,11/25/2025,
1232,39.5,gf,1.825,mm,OK,--,7:13:47 PM,11/25/2025,
1233,39.6,gf,1.820,mm,OK,--,7:13:47 PM,11/25/2025,
1234,39.5,gf,1.815,mm,OK,--,7:13:47 PM,11/25/2025,
1235,39.5,gf,1.810,mm,OK,--,7:13:47 PM,11/25/2025,
1236,39.6,gf,1.805,mm,OK,--,7:13:48 PM,11/25/2025,
1237,39.5,gf,1.800,mm,OK,--,7:13:48 PM,11/25/2025,
1238,39.5,gf,1.800,mm,OK,--,7:13:48 PM,11/25/2025,
1239,39.4,gf,1.795,mm,OK,--,7:13:48 PM,11/25/2025,
1240,39.4,gf,1.790,mm,OK,--,7:13:48 PM,11/25/2025,
1241,39.4,gf,1.785,mm,OK,--,7:13:48 PM,11/25/2025,
1242,39.3,gf,1.780,mm,OK,--,7:13:48 PM,11/25/2025,
1243,39.3,gf,1.775,mm,OK,--,7:13:48 PM,11/25/2025,
1244,39.3,gf,1.770,mm,OK,--,7:13:48 PM,11/25/2025,
1245,39.2,gf,1.765,mm,OK,--,7:13:48 PM,11/25/2025,
1246,39.4,gf,1.760,mm,OK,--,7:13:49 PM,11/25/2025,
1247,39.4,gf,1.750,mm,OK,--,7:13:49 PM,11/25/2025,
1248,39.3,gf,1.745,mm,OK,--,7:13:49 PM,11/25/2025,
1249,39.1,gf,1.740,mm,OK,--,7:13:49 PM,11/25/2025,
1250,39.1,gf,1.735,mm,OK,--,7:13:49 PM,11/25/2025,
1251,38.8,gf,1.725,mm,OK,--,7:13:49 PM,11/25/2025,
1252,38.7,gf,1.710,mm,OK,--,7:13:49 PM,11/25/2025,
1253,38.5,gf,1.695,mm,OK,--,7:13:49 PM,11/25/2025,
1254,38.4,gf,1.685,mm,OK,--,7:13:49 PM,11/25/2025,
1255,38.3,gf,1.675,mm,OK,--,7:13:49 PM,11/25/2025,
1256,38.2,gf,1.665,mm,OK,--,7:13:50 PM,11/25/2025,
1257,38.0,gf,1.655,mm,OK,--,7:13:50 PM,11/25/2025,
1258,38.1,gf,1.645,mm,OK,--,7:13:50 PM,11/25/2025,
1259,38.0,gf,1.640,mm,OK,--,7:13:50 PM,11/25/2025,
1260,37.8,gf,1.630,mm,OK,--,7:13:50 PM,11/25/2025,
1261,37.7,gf,1.620,mm,OK,--,7:13:50 PM,11/25/2025,
1262,37.6,gf,1.610,mm,OK,--,7:13:50 PM,11/25/2025,
1263,37.5,gf,1.600,mm,OK,--,7:13:50 PM,11/25/2025,
1264,37.2,gf,1.590,mm,OK,--,7:13:50 PM,11/25/2025,
1265,37.1,gf,1.575,mm,OK,--,7:13:50 PM,11/25/2025,
1266,36.9,gf,1.565,mm,OK,--,7:13:51 PM,11/25/2025,
1267,36.7,gf,1.555,mm,OK,--,7:13:51 PM,11/25/2025,
1268,36.5,gf,1.540,mm,OK,--,7:13:51 PM,11/25/2025,
1269,36.4,gf,1.525,mm,OK,--,7:13:51 PM,11/25/2025,
1270,36.3,gf,1.510,mm,OK,--,7:13:51 PM,11/25/2025,
1271,36.0,gf,1.495,mm,OK,--,7:13:51 PM,11/25/2025,
1272,35.9,gf,1.475,mm,OK,--,7:13:51 PM,11/25/2025,
1273,35.8,gf,1.460,mm,OK,--,7:13:51 PM,11/25/2025,
1274,35.7,gf,1.445,mm,OK,--,7:13:51 PM,11/25/2025,
1275,35.6,gf,1.435,mm,OK,--,7:13:51 PM,11/25/2025,
1276,35.4,gf,1.425,mm,OK,--,7:13:52 PM,11/25/2025,
1277,35.3,gf,1.415,mm,OK,--,7:13:52 PM,11/25/2025,
1278,35.3,gf,1.405,mm,OK,--,7:13:52 PM,11/25/2025,
1279,35.2,gf,1.395,mm,OK,--,7:13:52 PM,11/25/2025,
1280,34.9,gf,1.380,mm,OK,--,7:13:52 PM,11/25/2025,
1281,34.8,gf,1.370,mm,OK,--,7:13:52 PM,11/25/2025,
1282,34.8,gf,1.365,mm,OK,--,7:13:52 PM,11/25/2025,
1283,34.4,gf,1.360,mm,OK,--,7:13:52 PM,11/25/2025,
1284,34.3,gf,1.345,mm,OK,--,7:13:52 PM,11/25/2025,
1285,34.3,gf,1.340,mm,OK,--,7:13:52 PM,11/25/2025,
1286,34.2,gf,1.335,mm,OK,--,7:13:53 PM,11/25/2025,
1287,34.0,gf,1.325,mm,OK,--,7:13:53 PM,11/25/2025,
1288,34.0,gf,1.320,mm,OK,--,7:13:53 PM,11/25/2025,
1289,33.8,gf,1.310,mm,OK,--,7:13:53 PM,11/25/2025,
1290,33.8,gf,1.300,mm,OK,--,7:13:53 PM,11/25/2025,
1291,34.1,gf,1.290,mm,OK,--,7:13:53 PM,11/25/2025,
1292,34.2,gf,1.280,mm,OK,--,7:13:53 PM,11/25/2025,
1293,33.9,gf,1.270,mm,OK,--,7:13:53 PM,11/25/2025,
1294,33.9,gf,1.260,mm,OK,--,7:13:53 PM,11/25/2025,
1295,33.8,gf,1.245,mm,OK,--,7:13:53 PM,11/25/2025,
1296,33.7,gf,1.230,mm,OK,--,7:13:54 PM,11/25/2025,
1297,33.8,gf,1.220,mm,OK,--,7:13:54 PM,11/25/2025,
1298,33.6,gf,1.210,mm,OK,--,7:13:54 PM,11/25/2025,
1299,33.6,gf,1.200,mm,OK,--,7:13:54 PM,11/25/2025,
1300,33.5,gf,1.190,mm,OK,--,7:13:54 PM,11/25/2025,
1301,33.4,gf,1.180,mm,OK,--,7:13:54 PM,11/25/2025,
1302,33.5,gf,1.170,mm,OK,--,7:13:54 PM,11/25/2025,
1303,33.4,gf,1.165,mm,OK,--,7:13:54 PM,11/25/2025,
1304,33.4,gf,1.160,mm,OK,--,7:13:54 PM,11/25/2025,
1305,33.2,gf,1.155,mm,OK,--,7:13:54 PM,11/25/2025,
1306,33.2,gf,1.145,mm,OK,--,7:13:55 PM,11/25/2025,
1307,33.1,gf,1.140,mm,OK,--,7:13:55 PM,11/25/2025,
1308,33.2,gf,1.135,mm,OK,--,7:13:55 PM,11/25/2025,
1309,33.3,gf,1.130,mm,OK,--,7:13:55 PM,11/25/2025,
1310,33.0,gf,1.125,mm,OK,--,7:13:55 PM,11/25/2025,
1311,33.0,gf,1.120,mm,OK,--,7:13:55 PM,11/25/2025,
1312,33.2,gf,1.115,mm,OK,--,7:13:55 PM,11/25/2025,
1313,33.1,gf,1.110,mm,OK,--,7:13:55 PM,11/25/2025,
1314,33.1,gf,1.110,mm,OK,--,7:13:55 PM,11/25/2025,
1315,33.0,gf,1.105,mm,OK,--,7:13:55 PM,11/25/2025,
1316,32.9,gf,1.100,mm,OK,--,7:13:56 PM,11/25/2025,
1317,32.8,gf,1.095,mm,OK,--,7:13:56 PM,11/25/2025,
1318,33.0,gf,1.090,mm,OK,--,7:13:56 PM,11/25/2025,
1319,32.9,gf,1.085,mm,OK,--,7:13:56 PM,11/25/2025,
1320,32.8,gf,1.075,mm,OK,--,7:13:56 PM,11/25/2025,
1321,32.8,gf,1.065,mm,OK,--,7:13:56 PM,11/25/2025,
1322,32.8,gf,1.055,mm,OK,--,7:13:56 PM,11/25/2025,
1323,32.9,gf,1.050,mm,OK,--,7:13:56 PM,11/25/2025,
1324,32.9,gf,1.045,mm,OK,--,7:13:56 PM,11/25/2025,
1325,33.0,gf,1.045,mm,OK,--,7:13:56 PM,11/25/2025,
1326,33.0,gf,1.040,mm,OK,--,7:13:57 PM,11/25/2025,
1327,33.0,gf,1.040,mm,OK,--,7:13:57 PM,11/25/2025,
1328,32.9,gf,1.035,mm,OK,--,7:13:57 PM,11/25/2025,
1329,32.8,gf,1.035,mm,OK,--,7:13:57 PM,11/25/2025,
1330,32.8,gf,1.030,mm,OK,--,7:13:57 PM,11/25/2025,
1331,32.8,gf,1.025,mm,OK,--,7:13:57 PM,11/25/2025,
1332,32.9,gf,1.025,mm,OK,--,7:13:57 PM,11/25/2025,
1333,33.0,gf,1.020,mm,OK,--,7:13:57 PM,11/25/2025,
1334,33.0,gf,1.020,mm,OK,--,7:13:57 PM,11/25/2025,
1335,33.0,gf,1.020,mm,OK,--,7:13:57 PM,11/25/2025,
1336,32.9,gf,1.015,mm,OK,--,7:13:58 PM,11/25/2025,
1337,32.9,gf,1.015,mm,OK,--,7:13:58 PM,11/25/2025,
1338,32.8,gf,1.015,mm,OK,--,7:13:58 PM,11/25/2025,
1339,32.8,gf,1.010,mm,OK,--,7:13:58 PM,11/25/2025,
1340,32.8,gf,1.010,mm,OK,--,7:13:58 PM,11/25/2025,
1341,32.9,gf,1.010,mm,OK,--,7:13:58 PM,11/25/2025,
1342,32.9,gf,1.005,mm,OK,--,7:13:58 PM,11/25/2025,
1343,32.8,gf,1.005,mm,OK,--,7:13:58 PM,11/25/2025,
1344,32.7,gf,1.000,mm,OK,--,7:13:58 PM,11/25/2025,
1345,32.8,gf,1.000,mm,OK,--,7:13:58 PM,11/25/2025,
1346,32.8,gf,1.000,mm,OK,--,7:13:59 PM,11/25/2025,
1347,32.6,gf,0.995,mm,OK,--,7:13:59 PM,11/25/2025,
1348,32.4,gf,0.990,mm,OK,--,7:13:59 PM,11/25/2025,
1349,32.4,gf,0.985,mm,OK,--,7:13:59 PM,11/25/2025,
1350,32.6,gf,0.980,mm,OK,--,7:13:59 PM,11/25/2025,
1351,32.5,gf,0.975,mm,OK,--,7:13:59 PM,11/25/2025,
1352,32.4,gf,0.970,mm,OK,--,7:13:59 PM,11/25/2025,
1353,32.3,gf,0.965,mm,OK,--,7:13:59 PM,11/25/2025,
1354,32.4,gf,0.960,mm,OK,--,7:13:59 PM,11/25/2025,
1355,32.3,gf,0.955,mm,OK,--,7:13:59 PM,11/25/2025,
1356,32.3,gf,0.950,mm,OK,--,7:14:00 PM,11/25/2025,
1357,32.4,gf,0.945,mm,OK,--,7:14:00 PM,11/25/2025,
1358,32.3,gf,0.940,mm,OK,--,7:14:00 PM,11/25/2025,
1359,32.3,gf,0.935,mm,OK,--,7:14:00 PM,11/25/2025,
1360,32.3,gf,0.930,mm,OK,--,7:14:00 PM,11/25/2025,
1361,32.3,gf,0.925,mm,OK,--,7:14:00 PM,11/25/2025,
1362,32.4,gf,0.925,mm,OK,--,7:14:00 PM,11/25/2025,
1363,32.4,gf,0.920,mm,OK,--,7:14:00 PM,11/25/2025,
1364,32.4,gf,0.920,mm,OK,--,7:14:00 PM,11/25/2025,
1365,32.4,gf,0.920,mm,OK,--,7:14:00 PM,11/25/2025,
1366,32.4,gf,0.915,mm,OK,--,7:14:01 PM,11/25/2025,
1367,32.4,gf,0.915,mm,OK,--,7:14:01 PM,11/25/2025,
1368,32.2,gf,0.915,mm,OK,--,7:14:01 PM,11/25/2025,
1369,32.1,gf,0.910,mm,OK,--,7:14:01 PM,11/25/2025,
1370,32.2,gf,0.905,mm,OK,--,7:14:01 PM,11/25/2025,
1371,32.1,gf,0.905,mm,OK,--,7:14:01 PM,11/25/2025,
1372,32.1,gf,0.900,mm,OK,--,7:14:01 PM,11/25/2025,
1373,32.1,gf,0.895,mm,OK,--,7:14:01 PM,11/25/2025,
1374,32.1,gf,0.890,mm,OK,--,7:14:01 PM,11/25/2025,
1375,32.2,gf,0.890,mm,OK,--,7:14:01 PM,11/25/2025,
1376,32.2,gf,0.885,mm,OK,--,7:14:02 PM,11/25/2025,
1377,32.2,gf,0.885,mm,OK,--,7:14:02 PM,11/25/2025,
1378,32.0,gf,0.880,mm,OK,--,7:14:02 PM,11/25/2025,
1379,31.9,gf,0.875,mm,OK,--,7:14:02 PM,11/25/2025,
1380,31.7,gf,0.870,mm,OK,--,7:14:02 PM,11/25/2025,
1381,31.8,gf,0.860,mm,OK,--,7:14:02 PM,11/25/2025,
1382,32.0,gf,0.850,mm,OK,--,7:14:02 PM,11/25/2025,
1383,32.0,gf,0.845,mm,OK,--,7:14:02 PM,11/25/2025,
1384,32.0,gf,0.840,mm,OK,--,7:14:02 PM,11/25/2025,
1385,32.0,gf,0.835,mm,OK,--,7:14:02 PM,11/25/2025,
1386,32.0,gf,0.830,mm,OK,--,7:14:03 PM,11/25/2025,
1387,31.9,gf,0.825,mm,OK,--,7:14:03 PM,11/25/2025,
1388,31.8,gf,0.820,mm,OK,--,7:14:03 PM,11/25/2025,
1389,32.0,gf,0.815,mm,OK,--,7:14:03 PM,11/25/2025,
1390,32.2,gf,0.810,mm,OK,--,7:14:03 PM,11/25/2025,
1391,32.1,gf,0.805,mm,OK,--,7:14:03 PM,11/25/2025,
1392,31.9,gf,0.800,mm,OK,--,7:14:03 PM,11/25/2025,
1393,31.9,gf,0.795,mm,OK,--,7:14:03 PM,11/25/2025,
1394,32.0,gf,0.790,mm,OK,--,7:14:03 PM,11/25/2025,
1395,32.0,gf,0.785,mm,OK,--,7:14:03 PM,11/25/2025,
1396,31.9,gf,0.780,mm,OK,--,7:14:04 PM,11/25/2025,
1397,31.9,gf,0.775,mm,OK,--,7:14:04 PM,11/25/2025,
1398,31.9,gf,0.765,mm,OK,--,7:14:04 PM,11/25/2025,
1399,32.0,gf,0.765,mm,OK,--,7:14:04 PM,11/25/2025,
1400,31.9,gf,0.760,mm,OK,--,7:14:04 PM,11/25/2025,
1401,31.9,gf,0.755,mm,OK,--,7:14:04 PM,11/25/2025,
1402,31.9,gf,0.750,mm,OK,--,7:14:04 PM,11/25/2025,
1403,31.9,gf,0.745,mm,OK,--,7:14:04 PM,11/25/2025,
1404,31.9,gf,0.745,mm,OK,--,7:14:04 PM,11/25/2025,
1405,31.8,gf,0.740,mm,OK,--,7:14:04 PM,11/25/2025,
1406,31.5,gf,0.735,mm,OK,--,7:14:05 PM,11/25/2025,
1407,31.6,gf,0.730,mm,OK,--,7:14:05 PM,11/25/2025,
1408,31.7,gf,0.725,mm,OK,--,7:14:05 PM,11/25/2025,
1409,31.7,gf,0.720,mm,OK,--,7:14:05 PM,11/25/2025,
1410,31.7,gf,0.720,mm,OK,--,7:14:05 PM,11/25/2025,
1411,31.7,gf,0.715,mm,OK,--,7:14:05 PM,11/25/2025,
1412,31.6,gf,0.715,mm,OK,--,7:14:05 PM,11/25/2025,
1413,31.7,gf,0.715,mm,OK,--,7:14:05 PM,11/25/2025,
1414,31.6,gf,0.710,mm,OK,--,7:14:05 PM,11/25/2025,
1415,31.4,gf,0.710,mm,OK,--,7:14:05 PM,11/25/2025,
1416,31.4,gf,0.705,mm,OK,--,7:14:06 PM,11/25/2025,
1417,31.4,gf,0.705,mm,OK,--,7:14:06 PM,11/25/2025,
1418,31.5,gf,0.700,mm,OK,--,7:14:06 PM,11/25/2025,
1419,31.4,gf,0.695,mm,OK,--,7:14:06 PM,11/25/2025,
1420,31.3,gf,0.695,mm,OK,--,7:14:06 PM,11/25/2025,
1421,31.4,gf,0.690,mm,OK,--,7:14:06 PM,11/25/2025,
1422,31.4,gf,0.690,mm,OK,--,7:14:06 PM,11/25/2025,
1423,31.3,gf,0.685,mm,OK,--,7:14:06 PM,11/25/2025,
1424,31.3,gf,0.685,mm,OK,--,7:14:06 PM,11/25/2025,
1425,31.2,gf,0.680,mm,OK,--,7:14:06 PM,11/25/2025,
1426,31.1,gf,0.680,mm,OK,--,7:14:07 PM,11/25/2025,
1427,31.1,gf,0.675,mm,OK,--,7:14:07 PM,11/25/2025,
1428,31.1,gf,0.670,mm,OK,--,7:14:07 PM,11/25/2025,
1429,31.1,gf,0.665,mm,OK,--,7:14:07 PM,11/25/2025,
1430,31.1,gf,0.665,mm,OK,--,7:14:07 PM,11/25/2025,
1431,31.1,gf,0.660,mm,OK,--,7:14:07 PM,11/25/2025,
1432,31.4,gf,0.655,mm,OK,--,7:14:07 PM,11/25/2025,
1433,31.3,gf,0.655,mm,OK,--,7:14:07 PM,11/25/2025,
1434,31.3,gf,0.650,mm,OK,--,7:14:07 PM,11/25/2025,
1435,31.3,gf,0.650,mm,OK,--,7:14:07 PM,11/25/2025,
1436,31.2,gf,0.645,mm,OK,--,7:14:08 PM,11/25/2025,
1437,31.3,gf,0.640,mm,OK,--,7:14:08 PM,11/25/2025,
1438,31.3,gf,0.640,mm,OK,--,7:14:08 PM,11/25/2025,
1439,31.3,gf,0.635,mm,OK,--,7:14:08 PM,11/25/2025,
1440,31.3,gf,0.635,mm,OK,--,7:14:08 PM,11/25/2025,
1441,31.4,gf,0.630,mm,OK,--,7:14:08 PM,11/25/2025,
1442,31.5,gf,0.630,mm,OK,--,7:14:08 PM,11/25/2025,
1443,31.4,gf,0.630,mm,OK,--,7:14:08 PM,11/25/2025,
1444,31.4,gf,0.625,mm,OK,--,7:14:08 PM,11/25/2025,
1445,31.0,gf,0.625,mm,OK,--,7:14:08 PM,11/25/2025,
1446,31.1,gf,0.620,mm,OK,--,7:14:09 PM,11/25/2025,
1447,31.1,gf,0.615,mm,OK,--,7:14:09 PM,11/25/2025,
1448,31.1,gf,0.610,mm,OK,--,7:14:09 PM,11/25/2025,
1449,31.0,gf,0.610,mm,OK,--,7:14:09 PM,11/25/2025,
1450,30.9,gf,0.605,mm,OK,--,7:14:09 PM,11/25/2025,
1451,30.9,gf,0.600,mm,OK,--,7:14:09 PM,11/25/2025,
1452,30.8,gf,0.595,mm,OK,--,7:14:09 PM,11/25/2025,
1453,30.9,gf,0.590,mm,OK,--,7:14:09 PM,11/25/2025,
1454,31.0,gf,0.585,mm,OK,--,7:14:09 PM,11/25/2025,
1455,30.8,gf,0.585,mm,OK,--,7:14:09 PM,11/25/2025,
1456,30.8,gf,0.580,mm,OK,--,7:14:10 PM,11/25/2025,
1457,30.7,gf,0.575,mm,OK,--,7:14:10 PM,11/25/2025,
1458,30.7,gf,0.565,mm,OK,--,7:14:10 PM,11/25/2025,
1459,30.9,gf,0.555,mm,OK,--,7:14:10 PM,11/25/2025,
1460,31.3,gf,0.545,mm,OK,--,7:14:10 PM,11/25/2025,
1461,31.3,gf,0.540,mm,OK,--,7:14:10 PM,11/25/2025,
1462,31.2,gf,0.535,mm,OK,--,7:14:10 PM,11/25/2025,
1463,31.1,gf,0.525,mm,OK,--,7:14:10 PM,11/25/2025,
1464,30.9,gf,0.520,mm,OK,--,7:14:10 PM,11/25/2025,
1465,30.7,gf,0.515,mm,OK,--,7:14:10 PM,11/25/2025,
1466,30.8,gf,0.505,mm,OK,--,7:14:11 PM,11/25/2025,
1467,31.0,gf,0.505,mm,OK,--,7:14:11 PM,11/25/2025,
1468,30.9,gf,0.500,mm,OK,--,7:14:11 PM,11/25/2025,
1469,31.0,gf,0.495,mm,OK,--,7:14:11 PM,11/25/2025,
1470,31.0,gf,0.495,mm,OK,--,7:14:11 PM,11/25/2025,
1471,30.9,gf,0.495,mm,OK,--,7:14:11 PM,11/25/2025,
1472,30.8,gf,0.490,mm,OK,--,7:14:11 PM,11/25/2025,
1473,30.8,gf,0.490,mm,OK,--,7:14:11 PM,11/25/2025,
1474,30.7,gf,0.485,mm,OK,--,7:14:11 PM,11/25/2025,
1475,30.5,gf,0.485,mm,OK,--,7:14:11 PM,11/25/2025,
1476,30.5,gf,0.480,mm,OK,--,7:14:12 PM,11/25/2025,
1477,30.6,gf,0.475,mm,OK,--,7:14:12 PM,11/25/2025,
1478,30.6,gf,0.470,mm,OK,--,7:14:12 PM,11/25/2025,
1479,30.6,gf,0.470,mm,OK,--,7:14:12 PM,11/25/2025,
1480,30.6,gf,0.465,mm,OK,--,7:14:12 PM,11/25/2025,
1481,30.5,gf,0.465,mm,OK,--,7:14:12 PM,11/25/2025,
1482,30.5,gf,0.460,mm,OK,--,7:14:12 PM,11/25/2025,
1483,30.4,gf,0.455,mm,OK,--,7:14:12 PM,11/25/2025,
1484,30.5,gf,0.450,mm,OK,--,7:14:12 PM,11/25/2025,
1485,30.4,gf,0.445,mm,OK,--,7:14:12 PM,11/25/2025,
1486,30.3,gf,0.440,mm,OK,--,7:14:13 PM,11/25/2025,
1487,30.2,gf,0.430,mm,OK,--,7:14:13 PM,11/25/2025,
1488,30.4,gf,0.425,mm,OK,--,7:14:13 PM,11/25/2025,
1489,30.3,gf,0.420,mm,OK,--,7:14:13 PM,11/25/2025,
1490,30.4,gf,0.415,mm,OK,--,7:14:13 PM,11/25/2025,
1491,30.3,gf,0.410,mm,OK,--,7:14:13 PM,11/25/2025,
1492,30.3,gf,0.405,mm,OK,--,7:14:13 PM,11/25/2025,
1493,30.2,gf,0.405,mm,OK,--,7:14:13 PM,11/25/2025,
1494,30.2,gf,0.400,mm,OK,--,7:14:13 PM,11/25/2025,
1495,29.9,gf,0.395,mm,OK,--,7:14:13 PM,11/25/2025,
1496,29.9,gf,0.385,mm,OK,--,7:14:14 PM,11/25/2025,
1497,30.0,gf,0.380,mm,OK,--,7:14:14 PM,11/25/2025,
1498,30.1,gf,0.375,mm,OK,--,7:14:14 PM,11/25/2025,
1499,30.1,gf,0.370,mm,OK,--,7:14:14 PM,11/25/2025,
1500,30.1,gf,0.365,mm,OK,--,7:14:14 PM,11/25/2025,
1501,30.2,gf,0.365,mm,OK,--,7:14:14 PM,11/25/2025,
1502,30.0,gf,0.360,mm,OK,--,7:14:14 PM,11/25/2025,
1503,30.0,gf,0.355,mm,OK,--,7:14:14 PM,11/25/2025,
1504,30.0,gf,0.355,mm,OK,--,7:14:14 PM,11/25/2025,
1505,29.9,gf,0.350,mm,OK,--,7:14:14 PM,11/25/2025,
1506,30.0,gf,0.345,mm,OK,--,7:14:15 PM,11/25/2025,
1507,29.9,gf,0.340,mm,OK,--,7:14:15 PM,11/25/2025,
1508,29.6,gf,0.330,mm,OK,--,7:14:15 PM,11/25/2025,
1509,29.7,gf,0.320,mm,OK,--,7:14:15 PM,11/25/2025,
1510,29.9,gf,0.315,mm,OK,--,7:14:15 PM,11/25/2025,
1511,29.9,gf,0.310,mm,OK,--,7:14:15 PM,11/25/2025,
1512,29.8,gf,0.305,mm,OK,--,7:14:15 PM,11/25/2025,
1513,29.7,gf,0.300,mm,OK,--,7:14:15 PM,11/25/2025,
1514,29.8,gf,0.295,mm,OK,--,7:14:15 PM,11/25/2025,
1515,29.9,gf,0.295,mm,OK,--,7:14:15 PM,11/25/2025,
1516,30.0,gf,0.290,mm,OK,--,7:14:16 PM,11/25/2025,
1517,29.9,gf,0.290,mm,OK,--,7:14:16 PM,11/25/2025,
1518,29.9,gf,0.285,mm,OK,--,7:14:16 PM,11/25/2025,
1519,29.9,gf,0.285,mm,OK,--,7:14:16 PM,11/25/2025,
1520,29.9,gf,0.280,mm,OK,--,7:14:16 PM,11/25/2025,
1521,30.0,gf,0.280,mm,OK,--,7:14:16 PM,11/25/2025,
1522,30.0,gf,0.275,mm,OK,--,7:14:16 PM,11/25/2025,
1523,29.7,gf,0.275,mm,OK,--,7:14:16 PM,11/25/2025,
1524,29.8,gf,0.270,mm,OK,--,7:14:16 PM,11/25/2025,
1525,29.8,gf,0.270,mm,OK,--,7:14:16 PM,11/25/2025,
1526,29.9,gf,0.265,mm,OK,--,7:14:17 PM,11/25/2025,
1527,29.8,gf,0.265,mm,OK,--,7:14:17 PM,11/25/2025,
1528,29.8,gf,0.260,mm,OK,--,7:14:17 PM,11/25/2025,
1529,29.9,gf,0.260,mm,OK,--,7:14:17 PM,11/25/2025,
1530,29.8,gf,0.255,mm,OK,--,7:14:17 PM,11/25/2025,
1531,29.7,gf,0.255,mm,OK,--,7:14:17 PM,11/25/2025,
1532,29.6,gf,0.250,mm,OK,--,7:14:17 PM,11/25/2025,
1533,29.6,gf,0.245,mm,OK,--,7:14:17 PM,11/25/2025,
1534,29.7,gf,0.245,mm,OK,--,7:14:17 PM,11/25/2025,
1535,29.7,gf,0.240,mm,OK,--,7:14:17 PM,11/25/2025,
1536,29.7,gf,0.240,mm,OK,--,7:14:18 PM,11/25/2025,
1537,29.8,gf,0.240,mm,OK,--,7:14:18 PM,11/25/2025,
1538,29.8,gf,0.235,mm,OK,--,7:14:18 PM,11/25/2025,
1539,29.5,gf,0.235,mm,OK,--,7:14:18 PM,11/25/2025,
1540,29.4,gf,0.230,mm,OK,--,7:14:18 PM,11/25/2025,
1541,29.4,gf,0.230,mm,OK,--,7:14:18 PM,11/25/2025,
1542,29.3,gf,0.225,mm,OK,--,7:14:18 PM,11/25/2025,
1543,29.0,gf,0.215,mm,OK,--,7:14:18 PM,11/25/2025,
1544,29.5,gf,0.210,mm,OK,--,7:14:18 PM,11/25/2025,
1545,29.5,gf,0.205,mm,OK,--,7:14:18 PM,11/25/2025,
1546,29.5,gf,0.205,mm,OK,--,7:14:19 PM,11/25/2025,
1547,29.4,gf,0.200,mm,OK,--,7:14:19 PM,11/25/2025,
1548,29.3,gf,0.200,mm,OK,--,7:14:19 PM,11/25/2025,
1549,29.3,gf,0.195,mm,OK,--,7:14:19 PM,11/25/2025,
1550,29.3,gf,0.190,mm,OK,--,7:14:19 PM,11/25/2025,
1551,29.2,gf,0.190,mm,OK,--,7:14:19 PM,11/25/2025,
1552,29.3,gf,0.185,mm,OK,--,7:14:19 PM,11/25/2025,
1553,29.3,gf,0.185,mm,OK,--,7:14:19 PM,11/25/2025,
1554,29.4,gf,0.180,mm,OK,--,7:14:19 PM,11/25/2025,
1555,29.3,gf,0.180,mm,OK,--,7:14:19 PM,11/25/2025,
1556,29.3,gf,0.175,mm,OK,--,7:14:20 PM,11/25/2025,
1557,29.2,gf,0.175,mm,OK,--,7:14:20 PM,11/25/2025,
1558,29.1,gf,0.170,mm,OK,--,7:14:20 PM,11/25/2025,
1559,29.1,gf,0.165,mm,OK,--,7:14:20 PM,11/25/2025,
1560,29.1,gf,0.165,mm,OK,--,7:14:20 PM,11/25/2025,
1561,29.0,gf,0.160,mm,OK,--,7:14:20 PM,11/25/2025,
1562,27.9,gf,0.155,mm,OK,--,7:14:20 PM,11/25/2025,
1563,25.0,gf,0.150,mm,OK,--,7:14:20 PM,11/25/2025,
1564,22.0,gf,0.145,mm,OK,--,7:14:20 PM,11/25/2025,
1565,19.1,gf,0.145,mm,OK,--,7:14:20 PM,11/25/2025,
1566,17.6,gf,0.140,mm,OK,--,7:14:21 PM,11/25/2025,
1567,17.9,gf,0.135,mm,OK,--,7:14:21 PM,11/25/2025,
1568,17.6,gf,0.130,mm,OK,--,7:14:21 PM,11/25/2025,
1569,17.4,gf,0.125,mm,OK,--,7:14:21 PM,11/25/2025,
1570,17.7,gf,0.120,mm,OK,--,7:14:21 PM,11/25/2025,
1571,17.9,gf,0.115,mm,OK,--,7:14:21 PM,11/25/2025,
1572,18.5,gf,0.110,mm,OK,--,7:14:21 PM,11/25/2025,
1573,18.8,gf,0.110,mm,OK,--,7:14:21 PM,11/25/2025,
1574,19.1,gf,0.105,mm,OK,--,7:14:21 PM,11/25/2025,
1575,18.7,gf,0.100,mm,OK,--,7:14:21 PM,11/25/2025,
1576,17.9,gf,0.095,mm,OK,--,7:14:22 PM,11/25/2025,
1577,14.2,gf,0.095,mm,OK,--,7:14:22 PM,11/25/2025,
1578,8.9,gf,0.090,mm,OK,--,7:14:22 PM,11/25/2025,
1579,2.9,gf,0.080,mm,OK,--,7:14:22 PM,11/25/2025,
1580,0.0,gf,0.075,mm,OK,--,7:14:22 PM,11/25/2025,
1581,0.0,gf,0.065,mm,OK,--,7:14:22 PM,11/25/2025,
1582,0.0,gf,0.050,mm,OK,--,7:14:22 PM,11/25/2025,
1583,0.1,gf,0.020,mm,OK,--,7:14:22 PM,11/25/2025,
1584,0.0,gf,-0.005,mm,OK,--,7:14:22 PM,11/25/2025,
1585,0.0,gf,-0.015,mm,OK,--,7:14:22 PM,11/25/2025,
1586,0.0,gf,-0.020,mm,OK,--,7:14:23 PM,11/25/2025,
1587,0.0,gf,-0.025,mm,OK,--,7:14:23 PM,11/25/2025,
1588,0.0,gf,-0.035,mm,OK,--,7:14:23 PM,11/25/2025,
1589,0.0,gf,-0.050,mm,OK,--,7:14:23 PM,11/25/2025,
1590,0.1,gf,-0.055,mm,OK,--,7:14:23 PM,11/25/2025,
1591,0.0,gf,-0.055,mm,OK,--,7:14:23 PM,11/25/2025,
1592,-0.1,gf,-0.055,mm,OK,--,7:14:23 PM,11/25/2025,
1593,0.0,gf,-0.055,mm,OK,--,7:14:23 PM,11/25/2025,
1594,0.1,gf,-0.055,mm,OK,--,7:14:23 PM,11/25/2025,
1595,0.2,gf,-0.055,mm,OK,--,7:14:23 PM,11/25/2025,
1596,0.1,gf,-0.055,mm,OK,--,7:14:24 PM,11/25/2025,
1597,0.0,gf,-0.055,mm,OK,--,7:14:24 PM,11/25/2025,
1598,0.1,gf,-0.055,mm,OK,--,7:14:24 PM,11/25/2025,
1599,0.1,gf,-0.050,mm,OK,--,7:14:24 PM,11/25/2025,
1600,0.1,gf,-0.045,mm,OK,--,7:14:24 PM,11/25/2025,
1601,0.0,gf,-0.040,mm,OK,--,7:14:24 PM,11/25/2025,
1602,0.0,gf,-0.040,mm,OK,--,7:14:24 PM,11/25/2025,
1603,0.1,gf,-0.035,mm,OK,--,7:14:24 PM,11/25/2025,
1604,0.0,gf,-0.030,mm,OK,--,7:14:24 PM,11/25/2025,
1605,0.0,gf,-0.030,mm,OK,--,7:14:24 PM,11/25/2025,
1606,0.0,gf,-0.025,mm,OK,--,7:14:25 PM,11/25/2025,
1607,0.1,gf,-0.020,mm,OK,--,7:14:25 PM,11/25/2025,
1608,0.0,gf,-0.015,mm,OK,--,7:14:25 PM,11/25/2025,
1609,-0.1,gf,-0.015,mm,OK,--,7:14:25 PM,11/25/2025,
1610,0.0,gf,-0.010,mm,OK,--,7:14:25 PM,11/25/2025,
1611,0.0,gf,-0.005,mm,OK,--,7:14:25 PM,11/25/2025,
1612,0.0,gf,-0.005,mm,OK,--,7:14:25 PM,11/25/2025,
1613,0.0,gf,0.000,mm,OK,--,7:14:25 PM,11/25/2025,
1614,0.0,gf,0.005,mm,OK,--,7:14:25 PM,11/25/2025,
1615,0.0,gf,0.010,mm,OK,--,7:14:25 PM,11/25/2025,
