Maximum,192.0,@,No.1040,,,,,,
Minimum,-0.4,@,No.3,,,,,,
Average,51.96,,,,,,,,
Data Quantity,1838,,,,,,,,
Number of NG,0,,,,,,,,
No.,Force,Unit,Displacement,Unit,Judge,Position,Time,Date,
1,0.0,gf,0.000,mm,OK,--,5:30:56 PM,11/25/2025,
2,-0.3,gf,0.000,mm,OK,--,5:30:56 PM,11/25/2025,
3,-0.4,gf,0.000,mm,OK,--,5:30:56 PM,11/25/2025,
4,0.0,gf,0.000,mm,OK,--,5:30:56 PM,11/25/2025,
5,0.0,gf,0.005,mm,OK,--,5:30:56 PM,11/25/2025,
6,0.0,gf,0.005,mm,OK,--,5:30:56 PM,11/25/2025,
7,0.0,gf,0.010,mm,OK,--,5:30:56 PM,11/25/2025,
8,0.0,gf,0.010,mm,OK,--,5:30:56 PM,11/25/2025,
9,0.0,gf,0.010,mm,OK,--,5:30:56 PM,11/25/2025,
10,0.0,gf,0.015,mm,OK,--,5:30:56 PM,11/25/2025,
11,0.0,gf,0.015,mm,OK,--,5:30:57 PM,11/25/2025,
12,0.0,gf,0.020,mm,OK,--,5:30:57 PM,11/25/2025,
13,0.0,gf,0.020,mm,OK,--,5:30:57 PM,11/25/2025,
14,0.0,gf,0.025,mm,OK,--,5:30:57 PM,11/25/2025,
15,-0.1,gf,0.025,mm,OK,--,5:30:57 PM,11/25/2025,
16,0.0,gf,0.030,mm,OK,--,5:30:57 PM,11/25/2025,
17,0.0,gf,0.030,mm,OK,--,5:30:57 PM,11/25/2025,
18,0.0,gf,0.035,mm,OK,--,5:30:57 PM,11/25/2025,
19,0.0,gf,0.040,mm,OK,--,5:30:57 PM,11/25/2025,
20,0.0,gf,0.040,mm,OK,--,5:30:57 PM,11/25/2025,
21,0.0,gf,0.045,mm,OK,--,5:30:58 PM,11/25/2025,
22,0.0,gf,0.045,mm,OK,--,5:30:58 PM,11/25/2025,
23,0.0,gf,0.050,mm,OK,--,5:30:58 PM,11/25/2025,
24,-0.1,gf,0.055,mm,OK,--,5:30:58 PM,11/25/2025,
25,0.0,gf,0.055,mm,OK,--,5:30:58 PM,11/25/2025,
26,0.0,gf,0.060,mm,OK,--,5:30:58 PM,11/25/2025,
27,0.0,gf,0.065,mm,OK,--,5:30:58 PM,11/25/2025,
28,0.0,gf,0.070,mm,OK,--,5:30:58 PM,11/25/2025,
29,0.0,gf,0.075,mm,OK,--,5:30:58 PM,11/25/2025,
30,0.0,gf,0.080,mm,OK,--,5:30:58 PM,11/25/2025,
31,0.0,gf,0.085,mm,OK,--,5:30:59 PM,11/25/2025,
32,-0.1,gf,0.090,mm,OK,--,5:30:59 PM,11/25/2025,
33,0.0,gf,0.090,mm,OK,--,5:30:59 PM,11/25/2025,
34,0.0,gf,0.095,mm,OK,--,5:30:59 PM,11/25/2025,
35,0.0,gf,0.100,mm,OK,--,5:30:59 PM,11/25/2025,
36,0.0,gf,0.100,mm,OK,--,5:30:59 PM,11/25/2025,
37,0.0,gf,0.105,mm,OK,--,5:30:59 PM,11/25/2025,
38,0.0,gf,0.105,mm,OK,--,5:30:59 PM,11/25/2025,
39,0.0,gf,0.110,mm,OK,--,5:30:59 PM,11/25/2025,
40,0.0,gf,0.110,mm,OK,--,5:30:59 PM,11/25/2025,
41,0.0,gf,0.110,mm,OK,--,5:31:00 PM,11/25/2025,
42,0.0,gf,0.115,mm,OK,--,5:31:00 PM,11/25/2025,
43,0.0,gf,0.115,mm,OK,--,5:31:00 PM,11/25/2025,
44,-0.1,gf,0.115,mm,OK,--,5:31:00 PM,11/25/2025,
45,0.0,gf,0.115,mm,OK,--,5:31:00 PM,11/25/2025,
46,0.0,gf,0.115,mm,OK,--,5:31:00 PM,11/25/2025,
47,-0.1,gf,0.120,mm,OK,--,5:31:00 PM,11/25/2025,
48,0.0,gf,0.120,mm,OK,--,5:31:00 PM,11/25/2025,
49,1.0,gf,0.120,mm,OK,--,5:31:00 PM,11/25/2025,
50,2.3,gf,0.125,mm,OK,--,5:31:00 PM,11/25/2025,
51,3.3,gf,0.125,mm,OK,--,5:31:01 PM,11/25/2025,
52,4.0,gf,0.125,mm,OK,--,5:31:01 PM,11/25/2025,
53,4.7,gf,0.125,mm,OK,--,5:31:01 PM,11/25/2025,
54,5.4,gf,0.125,mm,OK,--,5:31:01 PM,11/25/2025,
55,6.2,gf,0.130,mm,OK,--,5:31:01 PM,11/25/2025,
56,7.1,gf,0.130,mm,OK,--,5:31:01 PM,11/25/2025,
57,8.2,gf,0.130,mm,OK,--,5:31:01 PM,11/25/2025,
58,9.1,gf,0.130,mm,OK,--,5:31:01 PM,11/25/2025,
59,10.0,gf,0.130,mm,OK,--,5:31:01 PM,11/25/2025,
60,10.9,gf,0.135,mm,OK,--,5:31:01 PM,11/25/2025,
61,11.7,gf,0.135,mm,OK,--,5:31:02 PM,11/25/2025,
62,12.4,gf,0.135,mm,OK,--,5:31:02 PM,11/25/2025,
63,13.1,gf,0.135,mm,OK,--,5:31:02 PM,11/25/2025,
64,13.7,gf,0.135,mm,OK,--,5:31:02 PM,11/25/2025,
65,14.4,gf,0.135,mm,OK,--,5:31:02 PM,11/25/2025,
66,14.9,gf,0.135,mm,OK,--,5:31:02 PM,11/25/2025,
67,15.2,gf,0.140,mm,OK,--,5:31:02 PM,11/25/2025,
68,15.5,gf,0.140,mm,OK,--,5:31:02 PM,11/25/2025,
69,16.0,gf,0.140,mm,OK,--,5:31:02 PM,11/25/2025,
70,16.5,gf,0.140,mm,OK,--,5:31:02 PM,11/25/2025,
71,17.0,gf,0.140,mm,OK,--,5:31:03 PM,11/25/2025,
72,17.6,gf,0.140,mm,OK,--,5:31:03 PM,11/25/2025,
73,19.0,gf,0.140,mm,OK,--,5:31:03 PM,11/25/2025,
74,20.5,gf,0.145,mm,OK,--,5:31:03 PM,11/25/2025,
75,22.0,gf,0.145,mm,OK,--,5:31:03 PM,11/25/2025,
76,23.3,gf,0.145,mm,OK,--,5:31:03 PM,11/25/2025,
77,24.7,gf,0.145,mm,OK,--,5:31:03 PM,11/25/2025,
78,26.2,gf,0.150,mm,OK,--,5:31:03 PM,11/25/2025,
79,27.6,gf,0.150,mm,OK,--,5:31:03 PM,11/25/2025,
80,29.0,gf,0.150,mm,OK,--,5:31:03 PM,11/25/2025,
81,30.4,gf,0.155,mm,OK,--,5:31:04 PM,11/25/2025,
82,31.8,gf,0.155,mm,OK,--,5:31:04 PM,11/25/2025,
83,33.1,gf,0.155,mm,OK,--,5:31:04 PM,11/25/2025,
84,34.3,gf,0.160,mm,OK,--,5:31:04 PM,11/25/2025,
85,34.3,gf,0.160,mm,OK,--,5:31:04 PM,11/25/2025,
86,34.4,gf,0.160,mm,OK,--,5:31:04 PM,11/25/2025,
87,34.5,gf,0.165,mm,OK,--,5:31:04 PM,11/25/2025,
88,34.4,gf,0.165,mm,OK,--,5:31:04 PM,11/25/2025,
89,34.2,gf,0.170,mm,OK,--,5:31:04 PM,11/25/2025,
90,34.2,gf,0.175,mm,OK,--,5:31:05 PM,11/25/2025,
91,34.6,gf,0.175,mm,OK,--,5:31:05 PM,11/25/2025,
92,34.6,gf,0.180,mm,OK,--,5:31:05 PM,11/25/2025,
93,34.6,gf,0.185,mm,OK,--,5:31:05 PM,11/25/2025,
94,34.9,gf,0.185,mm,OK,--,5:31:05 PM,11/25/2025,
95,35.4,gf,0.190,mm,OK,--,5:31:05 PM,11/25/2025,
96,35.8,gf,0.195,mm,OK,--,5:31:05 PM,11/25/2025,
97,36.9,gf,0.195,mm,OK,--,5:31:05 PM,11/25/2025,
98,38.0,gf,0.200,mm,OK,--,5:31:05 PM,11/25/2025,
99,38.7,gf,0.200,mm,OK,--,5:31:05 PM,11/25/2025,
100,39.1,gf,0.205,mm,OK,--,5:31:05 PM,11/25/2025,
101,39.6,gf,0.205,mm,OK,--,5:31:06 PM,11/25/2025,
102,40.0,gf,0.210,mm,OK,--,5:31:06 PM,11/25/2025,
103,39.7,gf,0.210,mm,OK,--,5:31:06 PM,11/25/2025,
104,39.5,gf,0.215,mm,OK,--,5:31:06 PM,11/25/2025,
105,39.5,gf,0.220,mm,OK,--,5:31:06 PM,11/25/2025,
106,39.5,gf,0.220,mm,OK,--,5:31:06 PM,11/25/2025,
107,39.5,gf,0.225,mm,OK,--,5:31:06 PM,11/25/2025,
108,39.3,gf,0.230,mm,OK,--,5:31:06 PM,11/25/2025,
109,39.2,gf,0.230,mm,OK,--,5:31:06 PM,11/25/2025,
110,39.2,gf,0.235,mm,OK,--,5:31:06 PM,11/25/2025,
111,39.1,gf,0.240,mm,OK,--,5:31:07 PM,11/25/2025,
112,39.1,gf,0.245,mm,OK,--,5:31:07 PM,11/25/2025,
113,39.1,gf,0.245,mm,OK,--,5:31:07 PM,11/25/2025,
114,39.0,gf,0.250,mm,OK,--,5:31:07 PM,11/25/2025,
115,39.1,gf,0.255,mm,OK,--,5:31:07 PM,11/25/2025,
116,39.0,gf,0.255,mm,OK,--,5:31:07 PM,11/25/2025,
117,38.9,gf,0.260,mm,OK,--,5:31:07 PM,11/25/2025,
118,38.9,gf,0.265,mm,OK,--,5:31:07 PM,11/25/2025,
119,38.8,gf,0.270,mm,OK,--,5:31:07 PM,11/25/2025,
120,38.9,gf,0.270,mm,OK,--,5:31:07 PM,11/25/2025,
121,38.7,gf,0.275,mm,OK,--,5:31:08 PM,11/25/2025,
122,38.6,gf,0.280,mm,OK,--,5:31:08 PM,11/25/2025,
123,38.6,gf,0.280,mm,OK,--,5:31:08 PM,11/25/2025,
124,38.6,gf,0.280,mm,OK,--,5:31:08 PM,11/25/2025,
125,38.6,gf,0.285,mm,OK,--,5:31:08 PM,11/25/2025,
126,38.6,gf,0.285,mm,OK,--,5:31:08 PM,11/25/2025,
127,38.7,gf,0.290,mm,OK,--,5:31:08 PM,11/25/2025,
128,38.7,gf,0.295,mm,OK,--,5:31:08 PM,11/25/2025,
129,38.7,gf,0.295,mm,OK,--,5:31:08 PM,11/25/2025,
130,38.6,gf,0.300,mm,OK,--,5:31:08 PM,11/25/2025,
131,38.5,gf,0.305,mm,OK,--,5:31:09 PM,11/25/2025,
132,38.5,gf,0.305,mm,OK,--,5:31:09 PM,11/25/2025,
133,38.5,gf,0.310,mm,OK,--,5:31:09 PM,11/25/2025,
134,38.4,gf,0.315,mm,OK,--,5:31:09 PM,11/25/2025,
135,38.5,gf,0.320,mm,OK,--,5:31:09 PM,11/25/2025,
136,38.5,gf,0.320,mm,OK,--,5:31:09 PM,11/25/2025,
137,38.6,gf,0.325,mm,OK,--,5:31:09 PM,11/25/2025,
138,38.5,gf,0.330,mm,OK,--,5:31:09 PM,11/25/2025,
139,38.5,gf,0.330,mm,OK,--,5:31:09 PM,11/25/2025,
140,38.6,gf,0.335,mm,OK,--,5:31:09 PM,11/25/2025,
141,38.6,gf,0.340,mm,OK,--,5:31:10 PM,11/25/2025,
142,38.6,gf,0.345,mm,OK,--,5:31:10 PM,11/25/2025,
143,38.7,gf,0.350,mm,OK,--,5:31:10 PM,11/25/2025,
144,38.7,gf,0.355,mm,OK,--,5:31:10 PM,11/25/2025,
145,38.7,gf,0.355,mm,OK,--,5:31:10 PM,11/25/2025,
146,38.7,gf,0.360,mm,OK,--,5:31:10 PM,11/25/2025,
147,38.6,gf,0.365,mm,OK,--,5:31:10 PM,11/25/2025,
148,38.5,gf,0.370,mm,OK,--,5:31:10 PM,11/25/2025,
149,38.6,gf,0.375,mm,OK,--,5:31:10 PM,11/25/2025,
150,38.7,gf,0.380,mm,OK,--,5:31:10 PM,11/25/2025,
151,38.5,gf,0.380,mm,OK,--,5:31:11 PM,11/25/2025,
152,38.5,gf,0.385,mm,OK,--,5:31:11 PM,11/25/2025,
153,38.5,gf,0.390,mm,OK,--,5:31:11 PM,11/25/2025,
154,38.5,gf,0.395,mm,OK,--,5:31:11 PM,11/25/2025,
155,38.5,gf,0.395,mm,OK,--,5:31:11 PM,11/25/2025,
156,38.4,gf,0.400,mm,OK,--,5:31:11 PM,11/25/2025,
157,38.4,gf,0.400,mm,OK,--,5:31:11 PM,11/25/2025,
158,38.4,gf,0.405,mm,OK,--,5:31:11 PM,11/25/2025,
159,38.6,gf,0.405,mm,OK,--,5:31:11 PM,11/25/2025,
160,38.6,gf,0.410,mm,OK,--,5:31:11 PM,11/25/2025,
161,38.5,gf,0.410,mm,OK,--,5:31:12 PM,11/25/2025,
162,38.5,gf,0.415,mm,OK,--,5:31:12 PM,11/25/2025,
163,38.5,gf,0.420,mm,OK,--,5:31:12 PM,11/25/2025,
164,38.6,gf,0.420,mm,OK,--,5:31:12 PM,11/25/2025,
165,38.7,gf,0.425,mm,OK,--,5:31:12 PM,11/25/2025,
166,38.8,gf,0.430,mm,OK,--,5:31:12 PM,11/25/2025,
167,38.8,gf,0.435,mm,OK,--,5:31:12 PM,11/25/2025,
168,38.8,gf,0.440,mm,OK,--,5:31:12 PM,11/25/2025,
169,38.8,gf,0.445,mm,OK,--,5:31:12 PM,11/25/2025,
170,38.7,gf,0.450,mm,OK,--,5:31:12 PM,11/25/2025,
171,38.6,gf,0.450,mm,OK,--,5:31:13 PM,11/25/2025,
172,38.6,gf,0.455,mm,OK,--,5:31:13 PM,11/25/2025,
173,38.7,gf,0.460,mm,OK,--,5:31:13 PM,11/25/2025,
174,38.7,gf,0.465,mm,OK,--,5:31:13 PM,11/25/2025,
175,38.7,gf,0.470,mm,OK,--,5:31:13 PM,11/25/2025,
176,38.6,gf,0.470,mm,OK,--,5:31:13 PM,11/25/2025,
177,38.6,gf,0.475,mm,OK,--,5:31:13 PM,11/25/2025,
178,38.7,gf,0.480,mm,OK,--,5:31:13 PM,11/25/2025,
179,38.6,gf,0.480,mm,OK,--,5:31:13 PM,11/25/2025,
180,38.6,gf,0.485,mm,OK,--,5:31:13 PM,11/25/2025,
181,38.6,gf,0.485,mm,OK,--,5:31:14 PM,11/25/2025,
182,38.6,gf,0.490,mm,OK,--,5:31:14 PM,11/25/2025,
183,38.6,gf,0.490,mm,OK,--,5:31:14 PM,11/25/2025,
184,38.6,gf,0.495,mm,OK,--,5:31:14 PM,11/25/2025,
185,38.7,gf,0.495,mm,OK,--,5:31:14 PM,11/25/2025,
186,38.7,gf,0.500,mm,OK,--,5:31:14 PM,11/25/2025,
187,38.7,gf,0.505,mm,OK,--,5:31:14 PM,11/25/2025,
188,38.7,gf,0.505,mm,OK,--,5:31:14 PM,11/25/2025,
189,38.7,gf,0.510,mm,OK,--,5:31:14 PM,11/25/2025,
190,38.7,gf,0.510,mm,OK,--,5:31:14 PM,11/25/2025,
191,38.7,gf,0.515,mm,OK,--,5:31:15 PM,11/25/2025,
192,38.7,gf,0.515,mm,OK,--,5:31:15 PM,11/25/2025,
193,38.7,gf,0.520,mm,OK,--,5:31:15 PM,11/25/2025,
194,38.7,gf,0.525,mm,OK,--,5:31:15 PM,11/25/2025,
195,38.7,gf,0.525,mm,OK,--,5:31:15 PM,11/25/2025,
196,38.7,gf,0.530,mm,OK,--,5:31:15 PM,11/25/2025,
197,38.7,gf,0.530,mm,OK,--,5:31:15 PM,11/25/2025,
198,38.7,gf,0.535,mm,OK,--,5:31:15 PM,11/25/2025,
199,38.8,gf,0.535,mm,OK,--,5:31:15 PM,11/25/2025,
200,38.8,gf,0.540,mm,OK,--,5:31:15 PM,11/25/2025,
201,38.8,gf,0.545,mm,OK,--,5:31:16 PM,11/25/2025,
202,38.8,gf,0.545,mm,OK,--,5:31:16 PM,11/25/2025,
203,38.8,gf,0.550,mm,OK,--,5:31:16 PM,11/25/2025,
204,38.7,gf,0.555,mm,OK,--,5:31:16 PM,11/25/2025,
205,38.7,gf,0.560,mm,OK,--,5:31:16 PM,11/25/2025,
206,38.8,gf,0.565,mm,OK,--,5:31:16 PM,11/25/2025,
207,38.8,gf,0.565,mm,OK,--,5:31:16 PM,11/25/2025,
208,38.8,gf,0.570,mm,OK,--,5:31:16 PM,11/25/2025,
209,38.9,gf,0.575,mm,OK,--,5:31:16 PM,11/25/2025,
210,38.9,gf,0.580,mm,OK,--,5:31:16 PM,11/25/2025,
211,38.9,gf,0.585,mm,OK,--,5:31:17 PM,11/25/2025,
212,38.9,gf,0.590,mm,OK,--,5:31:17 PM,11/25/2025,
213,39.0,gf,0.595,mm,OK,--,5:31:17 PM,11/25/2025,
214,39.1,gf,0.605,mm,OK,--,5:31:17 PM,11/25/2025,
215,39.1,gf,0.605,mm,OK,--,5:31:17 PM,11/25/2025,
216,39.0,gf,0.610,mm,OK,--,5:31:17 PM,11/25/2025,
217,39.0,gf,0.615,mm,OK,--,5:31:17 PM,11/25/2025,
218,39.1,gf,0.620,mm,OK,--,5:31:17 PM,11/25/2025,
219,39.0,gf,0.625,mm,OK,--,5:31:17 PM,11/25/2025,
220,39.1,gf,0.630,mm,OK,--,5:31:17 PM,11/25/2025,
221,39.1,gf,0.635,mm,OK,--,5:31:18 PM,11/25/2025,
222,39.0,gf,0.640,mm,OK,--,5:31:18 PM,11/25/2025,
223,39.0,gf,0.645,mm,OK,--,5:31:18 PM,11/25/2025,
224,39.0,gf,0.650,mm,OK,--,5:31:18 PM,11/25/2025,
225,39.0,gf,0.650,mm,OK,--,5:31:18 PM,11/25/2025,
226,39.1,gf,0.655,mm,OK,--,5:31:18 PM,11/25/2025,
227,39.1,gf,0.660,mm,OK,--,5:31:18 PM,11/25/2025,
228,39.1,gf,0.665,mm,OK,--,5:31:18 PM,11/25/2025,
229,39.1,gf,0.670,mm,OK,--,5:31:18 PM,11/25/2025,
230,39.1,gf,0.675,mm,OK,--,5:31:18 PM,11/25/2025,
231,39.2,gf,0.675,mm,OK,--,5:31:19 PM,11/25/2025,
232,39.2,gf,0.680,mm,OK,--,5:31:19 PM,11/25/2025,
233,39.3,gf,0.685,mm,OK,--,5:31:19 PM,11/25/2025,
234,39.3,gf,0.690,mm,OK,--,5:31:19 PM,11/25/2025,
235,39.2,gf,0.690,mm,OK,--,5:31:19 PM,11/25/2025,
236,39.3,gf,0.695,mm,OK,--,5:31:19 PM,11/25/2025,
237,39.3,gf,0.700,mm,OK,--,5:31:19 PM,11/25/2025,
238,39.3,gf,0.705,mm,OK,--,5:31:19 PM,11/25/2025,
239,39.3,gf,0.705,mm,OK,--,5:31:19 PM,11/25/2025,
240,39.3,gf,0.710,mm,OK,--,5:31:19 PM,11/25/2025,
241,39.3,gf,0.715,mm,OK,--,5:31:20 PM,11/25/2025,
242,39.4,gf,0.720,mm,OK,--,5:31:20 PM,11/25/2025,
243,39.3,gf,0.725,mm,OK,--,5:31:20 PM,11/25/2025,
244,39.4,gf,0.730,mm,OK,--,5:31:20 PM,11/25/2025,
245,39.4,gf,0.735,mm,OK,--,5:31:20 PM,11/25/2025,
246,39.4,gf,0.740,mm,OK,--,5:31:20 PM,11/25/2025,
247,39.5,gf,0.745,mm,OK,--,5:31:20 PM,11/25/2025,
248,39.5,gf,0.755,mm,OK,--,5:31:20 PM,11/25/2025,
249,39.5,gf,0.765,mm,OK,--,5:31:20 PM,11/25/2025,
250,39.6,gf,0.775,mm,OK,--,5:31:20 PM,11/25/2025,
251,39.7,gf,0.785,mm,OK,--,5:31:21 PM,11/25/2025,
252,39.7,gf,0.795,mm,OK,--,5:31:21 PM,11/25/2025,
253,39.8,gf,0.805,mm,OK,--,5:31:21 PM,11/25/2025,
254,39.8,gf,0.815,mm,OK,--,5:31:21 PM,11/25/2025,
255,39.8,gf,0.825,mm,OK,--,5:31:21 PM,11/25/2025,
256,39.9,gf,0.835,mm,OK,--,5:31:21 PM,11/25/2025,
257,39.9,gf,0.845,mm,OK,--,5:31:21 PM,11/25/2025,
258,39.8,gf,0.855,mm,OK,--,5:31:21 PM,11/25/2025,
259,39.9,gf,0.860,mm,OK,--,5:31:21 PM,11/25/2025,
260,39.8,gf,0.865,mm,OK,--,5:31:21 PM,11/25/2025,
261,39.8,gf,0.870,mm,OK,--,5:31:22 PM,11/25/2025,
262,39.8,gf,0.875,mm,OK,--,5:31:22 PM,11/25/2025,
263,39.9,gf,0.875,mm,OK,--,5:31:22 PM,11/25/2025,
264,39.9,gf,0.880,mm,OK,--,5:31:22 PM,11/25/2025,
265,39.9,gf,0.880,mm,OK,--,5:31:22 PM,11/25/2025,
266,40.0,gf,0.885,mm,OK,--,5:31:22 PM,11/25/2025,
267,40.0,gf,0.890,mm,OK,--,5:31:22 PM,11/25/2025,
268,39.8,gf,0.895,mm,OK,--,5:31:22 PM,11/25/2025,
269,39.8,gf,0.895,mm,OK,--,5:31:22 PM,11/25/2025,
270,39.8,gf,0.900,mm,OK,--,5:31:22 PM,11/25/2025,
271,40.0,gf,0.905,mm,OK,--,5:31:23 PM,11/25/2025,
272,40.0,gf,0.910,mm,OK,--,5:31:23 PM,11/25/2025,
273,39.9,gf,0.915,mm,OK,--,5:31:23 PM,11/25/2025,
274,39.9,gf,0.920,mm,OK,--,5:31:23 PM,11/25/2025,
275,39.8,gf,0.925,mm,OK,--,5:31:23 PM,11/25/2025,
276,39.9,gf,0.930,mm,OK,--,5:31:23 PM,11/25/2025,
277,39.9,gf,0.935,mm,OK,--,5:31:23 PM,11/25/2025,
278,39.9,gf,0.940,mm,OK,--,5:31:23 PM,11/25/2025,
279,39.8,gf,0.945,mm,OK,--,5:31:23 PM,11/25/2025,
280,39.9,gf,0.950,mm,OK,--,5:31:23 PM,11/25/2025,
281,40.0,gf,0.950,mm,OK,--,5:31:24 PM,11/25/2025,
282,40.0,gf,0.960,mm,OK,--,5:31:24 PM,11/25/2025,
283,40.1,gf,0.965,mm,OK,--,5:31:24 PM,11/25/2025,
284,40.0,gf,0.970,mm,OK,--,5:31:24 PM,11/25/2025,
285,40.0,gf,0.980,mm,OK,--,5:31:24 PM,11/25/2025,
286,40.1,gf,0.985,mm,OK,--,5:31:24 PM,11/25/2025,
287,40.2,gf,0.995,mm,OK,--,5:31:24 PM,11/25/2025,
288,40.1,gf,1.000,mm,OK,--,5:31:24 PM,11/25/2025,
289,40.0,gf,1.005,mm,OK,--,5:31:24 PM,11/25/2025,
290,40.1,gf,1.010,mm,OK,--,5:31:24 PM,11/25/2025,
291,40.2,gf,1.015,mm,OK,--,5:31:25 PM,11/25/2025,
292,40.2,gf,1.025,mm,OK,--,5:31:25 PM,11/25/2025,
293,40.2,gf,1.030,mm,OK,--,5:31:25 PM,11/25/2025,
294,40.2,gf,1.040,mm,OK,--,5:31:25 PM,11/25/2025,
295,40.2,gf,1.045,mm,OK,--,5:31:25 PM,11/25/2025,
296,40.2,gf,1.050,mm,OK,--,5:31:25 PM,11/25/2025,
297,40.3,gf,1.055,mm,OK,--,5:31:25 PM,11/25/2025,
298,40.3,gf,1.060,mm,OK,--,5:31:25 PM,11/25/2025,
299,40.3,gf,1.065,mm,OK,--,5:31:25 PM,11/25/2025,
300,40.3,gf,1.070,mm,OK,--,5:31:25 PM,11/25/2025,
301,40.3,gf,1.075,mm,OK,--,5:31:26 PM,11/25/2025,
302,40.3,gf,1.080,mm,OK,--,5:31:26 PM,11/25/2025,
303,40.3,gf,1.080,mm,OK,--,5:31:26 PM,11/25/2025,
304,40.3,gf,1.085,mm,OK,--,5:31:26 PM,11/25/2025,
305,40.4,gf,1.085,mm,OK,--,5:31:26 PM,11/25/2025,
306,40.3,gf,1.090,mm,OK,--,5:31:26 PM,11/25/2025,
307,40.3,gf,1.095,mm,OK,--,5:31:26 PM,11/25/2025,
308,40.3,gf,1.095,mm,OK,--,5:31:26 PM,11/25/2025,
309,40.3,gf,1.100,mm,OK,--,5:31:26 PM,11/25/2025,
310,40.3,gf,1.100,mm,OK,--,5:31:26 PM,11/25/2025,
311,40.3,gf,1.105,mm,OK,--,5:31:27 PM,11/25/2025,
312,40.4,gf,1.105,mm,OK,--,5:31:27 PM,11/25/2025,
313,40.4,gf,1.110,mm,OK,--,5:31:27 PM,11/25/2025,
314,40.5,gf,1.115,mm,OK,--,5:31:27 PM,11/25/2025,
315,40.4,gf,1.120,mm,OK,--,5:31:27 PM,11/25/2025,
316,40.4,gf,1.120,mm,OK,--,5:31:27 PM,11/25/2025,
317,40.5,gf,1.125,mm,OK,--,5:31:27 PM,11/25/2025,
318,40.5,gf,1.130,mm,OK,--,5:31:27 PM,11/25/2025,
319,40.5,gf,1.130,mm,OK,--,5:31:27 PM,11/25/2025,
320,40.5,gf,1.135,mm,OK,--,5:31:27 PM,11/25/2025,
321,40.5,gf,1.140,mm,OK,--,5:31:28 PM,11/25/2025,
322,40.5,gf,1.145,mm,OK,--,5:31:28 PM,11/25/2025,
323,40.6,gf,1.145,mm,OK,--,5:31:28 PM,11/25/2025,
324,40.6,gf,1.155,mm,OK,--,5:31:28 PM,11/25/2025,
325,40.5,gf,1.160,mm,OK,--,5:31:28 PM,11/25/2025,
326,40.6,gf,1.160,mm,OK,--,5:31:28 PM,11/25/2025,
327,40.6,gf,1.165,mm,OK,--,5:31:28 PM,11/25/2025,
328,40.6,gf,1.165,mm,OK,--,5:31:28 PM,11/25/2025,
329,40.6,gf,1.170,mm,OK,--,5:31:28 PM,11/25/2025,
330,40.5,gf,1.170,mm,OK,--,5:31:28 PM,11/25/2025,
331,40.6,gf,1.175,mm,OK,--,5:31:29 PM,11/25/2025,
332,40.6,gf,1.175,mm,OK,--,5:31:29 PM,11/25/2025,
333,40.5,gf,1.175,mm,OK,--,5:31:29 PM,11/25/2025,
334,40.5,gf,1.180,mm,OK,--,5:31:29 PM,11/25/2025,
335,40.5,gf,1.180,mm,OK,--,5:31:29 PM,11/25/2025,
336,40.5,gf,1.180,mm,OK,--,5:31:29 PM,11/25/2025,
337,40.5,gf,1.180,mm,OK,--,5:31:29 PM,11/25/2025,
338,40.5,gf,1.185,mm,OK,--,5:31:29 PM,11/25/2025,
339,40.6,gf,1.185,mm,OK,--,5:31:29 PM,11/25/2025,
340,40.6,gf,1.185,mm,OK,--,5:31:29 PM,11/25/2025,
341,40.6,gf,1.185,mm,OK,--,5:31:30 PM,11/25/2025,
342,40.6,gf,1.185,mm,OK,--,5:31:30 PM,11/25/2025,
343,40.6,gf,1.190,mm,OK,--,5:31:30 PM,11/25/2025,
344,40.6,gf,1.190,mm,OK,--,5:31:30 PM,11/25/2025,
345,40.7,gf,1.190,mm,OK,--,5:31:30 PM,11/25/2025,
346,40.7,gf,1.190,mm,OK,--,5:31:30 PM,11/25/2025,
347,40.7,gf,1.195,mm,OK,--,5:31:30 PM,11/25/2025,
348,40.7,gf,1.195,mm,OK,--,5:31:30 PM,11/25/2025,
349,40.7,gf,1.195,mm,OK,--,5:31:30 PM,11/25/2025,
350,40.6,gf,1.200,mm,OK,--,5:31:30 PM,11/25/2025,
351,40.6,gf,1.200,mm,OK,--,5:31:31 PM,11/25/2025,
352,40.7,gf,1.200,mm,OK,--,5:31:31 PM,11/25/2025,
353,40.8,gf,1.205,mm,OK,--,5:31:31 PM,11/25/2025,
354,40.7,gf,1.205,mm,OK,--,5:31:31 PM,11/25/2025,
355,40.6,gf,1.210,mm,OK,--,5:31:31 PM,11/25/2025,
356,40.7,gf,1.210,mm,OK,--,5:31:31 PM,11/25/2025,
357,40.7,gf,1.215,mm,OK,--,5:31:31 PM,11/25/2025,
358,40.7,gf,1.215,mm,OK,--,5:31:31 PM,11/25/2025,
359,40.7,gf,1.215,mm,OK,--,5:31:31 PM,11/25/2025,
360,40.7,gf,1.220,mm,OK,--,5:31:32 PM,11/25/2025,
361,40.8,gf,1.220,mm,OK,--,5:31:32 PM,11/25/2025,
362,40.8,gf,1.225,mm,OK,--,5:31:32 PM,11/25/2025,
363,40.8,gf,1.225,mm,OK,--,5:31:32 PM,11/25/2025,
364,40.8,gf,1.230,mm,OK,--,5:31:32 PM,11/25/2025,
365,40.8,gf,1.230,mm,OK,--,5:31:32 PM,11/25/2025,
366,40.8,gf,1.235,mm,OK,--,5:31:32 PM,11/25/2025,
367,40.8,gf,1.240,mm,OK,--,5:31:32 PM,11/25/2025,
368,40.9,gf,1.245,mm,OK,--,5:31:32 PM,11/25/2025,
369,40.9,gf,1.245,mm,OK,--,5:31:32 PM,11/25/2025,
370,40.9,gf,1.250,mm,OK,--,5:31:32 PM,11/25/2025,
371,40.9,gf,1.255,mm,OK,--,5:31:33 PM,11/25/2025,
372,40.9,gf,1.260,mm,OK,--,5:31:33 PM,11/25/2025,
373,40.8,gf,1.265,mm,OK,--,5:31:33 PM,11/25/2025,
374,40.9,gf,1.265,mm,OK,--,5:31:33 PM,11/25/2025,
375,40.9,gf,1.270,mm,OK,--,5:31:33 PM,11/25/2025,
376,41.0,gf,1.275,mm,OK,--,5:31:33 PM,11/25/2025,
377,41.0,gf,1.280,mm,OK,--,5:31:33 PM,11/25/2025,
378,41.0,gf,1.280,mm,OK,--,5:31:33 PM,11/25/2025,
379,41.0,gf,1.285,mm,OK,--,5:31:33 PM,11/25/2025,
380,40.9,gf,1.290,mm,OK,--,5:31:33 PM,11/25/2025,
381,40.9,gf,1.290,mm,OK,--,5:31:34 PM,11/25/2025,
382,40.9,gf,1.295,mm,OK,--,5:31:34 PM,11/25/2025,
383,40.9,gf,1.295,mm,OK,--,5:31:34 PM,11/25/2025,
384,40.9,gf,1.295,mm,OK,--,5:31:34 PM,11/25/2025,
385,40.9,gf,1.300,mm,OK,--,5:31:34 PM,11/25/2025,
386,40.9,gf,1.300,mm,OK,--,5:31:34 PM,11/25/2025,
387,41.0,gf,1.305,mm,OK,--,5:31:34 PM,11/25/2025,
388,41.0,gf,1.305,mm,OK,--,5:31:34 PM,11/25/2025,
389,41.0,gf,1.310,mm,OK,--,5:31:34 PM,11/25/2025,
390,41.0,gf,1.315,mm,OK,--,5:31:34 PM,11/25/2025,
391,41.0,gf,1.315,mm,OK,--,5:31:35 PM,11/25/2025,
392,41.1,gf,1.320,mm,OK,--,5:31:35 PM,11/25/2025,
393,41.1,gf,1.325,mm,OK,--,5:31:35 PM,11/25/2025,
394,41.1,gf,1.330,mm,OK,--,5:31:35 PM,11/25/2025,
395,41.1,gf,1.335,mm,OK,--,5:31:35 PM,11/25/2025,
396,41.2,gf,1.345,mm,OK,--,5:31:35 PM,11/25/2025,
397,41.2,gf,1.350,mm,OK,--,5:31:35 PM,11/25/2025,
398,41.3,gf,1.355,mm,OK,--,5:31:35 PM,11/25/2025,
399,41.2,gf,1.360,mm,OK,--,5:31:35 PM,11/25/2025,
400,41.1,gf,1.365,mm,OK,--,5:31:35 PM,11/25/2025,
401,41.2,gf,1.370,mm,OK,--,5:31:36 PM,11/25/2025,
402,41.3,gf,1.375,mm,OK,--,5:31:36 PM,11/25/2025,
403,41.4,gf,1.380,mm,OK,--,5:31:36 PM,11/25/2025,
404,41.4,gf,1.385,mm,OK,--,5:31:36 PM,11/25/2025,
405,41.4,gf,1.390,mm,OK,--,5:31:36 PM,11/25/2025,
406,41.4,gf,1.395,mm,OK,--,5:31:36 PM,11/25/2025,
407,41.4,gf,1.400,mm,OK,--,5:31:36 PM,11/25/2025,
408,41.4,gf,1.405,mm,OK,--,5:31:36 PM,11/25/2025,
409,41.4,gf,1.410,mm,OK,--,5:31:36 PM,11/25/2025,
410,41.4,gf,1.410,mm,OK,--,5:31:36 PM,11/25/2025,
411,41.4,gf,1.415,mm,OK,--,5:31:37 PM,11/25/2025,
412,41.4,gf,1.420,mm,OK,--,5:31:37 PM,11/25/2025,
413,41.4,gf,1.420,mm,OK,--,5:31:37 PM,11/25/2025,
414,41.4,gf,1.425,mm,OK,--,5:31:37 PM,11/25/2025,
415,41.5,gf,1.425,mm,OK,--,5:31:37 PM,11/25/2025,
416,41.5,gf,1.430,mm,OK,--,5:31:37 PM,11/25/2025,
417,41.6,gf,1.430,mm,OK,--,5:31:37 PM,11/25/2025,
418,41.5,gf,1.435,mm,OK,--,5:31:37 PM,11/25/2025,
419,41.6,gf,1.440,mm,OK,--,5:31:37 PM,11/25/2025,
420,41.5,gf,1.445,mm,OK,--,5:31:37 PM,11/25/2025,
421,41.5,gf,1.445,mm,OK,--,5:31:38 PM,11/25/2025,
422,41.5,gf,1.450,mm,OK,--,5:31:38 PM,11/25/2025,
423,41.4,gf,1.450,mm,OK,--,5:31:38 PM,11/25/2025,
424,41.4,gf,1.455,mm,OK,--,5:31:38 PM,11/25/2025,
425,41.4,gf,1.455,mm,OK,--,5:31:38 PM,11/25/2025,
426,41.4,gf,1.455,mm,OK,--,5:31:38 PM,11/25/2025,
427,41.4,gf,1.455,mm,OK,--,5:31:38 PM,11/25/2025,
428,41.4,gf,1.460,mm,OK,--,5:31:38 PM,11/25/2025,
429,41.4,gf,1.460,mm,OK,--,5:31:38 PM,11/25/2025,
430,41.5,gf,1.460,mm,OK,--,5:31:38 PM,11/25/2025,
431,41.5,gf,1.465,mm,OK,--,5:31:39 PM,11/25/2025,
432,41.5,gf,1.465,mm,OK,--,5:31:39 PM,11/25/2025,
433,41.5,gf,1.470,mm,OK,--,5:31:39 PM,11/25/2025,
434,41.5,gf,1.470,mm,OK,--,5:31:39 PM,11/25/2025,
435,41.5,gf,1.475,mm,OK,--,5:31:39 PM,11/25/2025,
436,41.6,gf,1.480,mm,OK,--,5:31:39 PM,11/25/2025,
437,41.6,gf,1.485,mm,OK,--,5:31:39 PM,11/25/2025,
438,41.7,gf,1.490,mm,OK,--,5:31:39 PM,11/25/2025,
439,41.7,gf,1.500,mm,OK,--,5:31:39 PM,11/25/2025,
440,41.8,gf,1.505,mm,OK,--,5:31:39 PM,11/25/2025,
441,41.8,gf,1.515,mm,OK,--,5:31:40 PM,11/25/2025,
442,41.8,gf,1.525,mm,OK,--,5:31:40 PM,11/25/2025,
443,41.8,gf,1.530,mm,OK,--,5:31:40 PM,11/25/2025,
444,41.8,gf,1.540,mm,OK,--,5:31:40 PM,11/25/2025,
445,41.8,gf,1.545,mm,OK,--,5:31:40 PM,11/25/2025,
446,41.9,gf,1.555,mm,OK,--,5:31:40 PM,11/25/2025,
447,41.9,gf,1.560,mm,OK,--,5:31:40 PM,11/25/2025,
448,41.9,gf,1.565,mm,OK,--,5:31:40 PM,11/25/2025,
449,41.9,gf,1.565,mm,OK,--,5:31:40 PM,11/25/2025,
450,42.0,gf,1.570,mm,OK,--,5:31:40 PM,11/25/2025,
451,41.9,gf,1.575,mm,OK,--,5:31:41 PM,11/25/2025,
452,42.0,gf,1.575,mm,OK,--,5:31:41 PM,11/25/2025,
453,41.9,gf,1.580,mm,OK,--,5:31:41 PM,11/25/2025,
454,41.9,gf,1.585,mm,OK,--,5:31:41 PM,11/25/2025,
455,41.9,gf,1.590,mm,OK,--,5:31:41 PM,11/25/2025,
456,41.9,gf,1.590,mm,OK,--,5:31:41 PM,11/25/2025,
457,41.9,gf,1.595,mm,OK,--,5:31:41 PM,11/25/2025,
458,41.9,gf,1.595,mm,OK,--,5:31:41 PM,11/25/2025,
459,41.9,gf,1.600,mm,OK,--,5:31:41 PM,11/25/2025,
460,41.9,gf,1.600,mm,OK,--,5:31:41 PM,11/25/2025,
461,42.0,gf,1.605,mm,OK,--,5:31:42 PM,11/25/2025,
462,42.0,gf,1.610,mm,OK,--,5:31:42 PM,11/25/2025,
463,42.1,gf,1.615,mm,OK,--,5:31:42 PM,11/25/2025,
464,42.0,gf,1.615,mm,OK,--,5:31:42 PM,11/25/2025,
465,42.0,gf,1.620,mm,OK,--,5:31:42 PM,11/25/2025,
466,42.0,gf,1.625,mm,OK,--,5:31:42 PM,11/25/2025,
467,42.1,gf,1.625,mm,OK,--,5:31:42 PM,11/25/2025,
468,42.0,gf,1.630,mm,OK,--,5:31:42 PM,11/25/2025,
469,42.1,gf,1.635,mm,OK,--,5:31:42 PM,11/25/2025,
470,42.1,gf,1.640,mm,OK,--,5:31:42 PM,11/25/2025,
471,42.1,gf,1.645,mm,OK,--,5:31:43 PM,11/25/2025,
472,42.2,gf,1.650,mm,OK,--,5:31:43 PM,11/25/2025,
473,42.2,gf,1.655,mm,OK,--,5:31:43 PM,11/25/2025,
474,42.2,gf,1.660,mm,OK,--,5:31:43 PM,11/25/2025,
475,42.2,gf,1.665,mm,OK,--,5:31:43 PM,11/25/2025,
476,42.2,gf,1.665,mm,OK,--,5:31:43 PM,11/25/2025,
477,42.2,gf,1.670,mm,OK,--,5:31:43 PM,11/25/2025,
478,42.3,gf,1.675,mm,OK,--,5:31:43 PM,11/25/2025,
479,42.4,gf,1.680,mm,OK,--,5:31:43 PM,11/25/2025,
480,42.4,gf,1.685,mm,OK,--,5:31:43 PM,11/25/2025,
481,42.4,gf,1.690,mm,OK,--,5:31:44 PM,11/25/2025,
482,42.4,gf,1.695,mm,OK,--,5:31:44 PM,11/25/2025,
483,42.4,gf,1.700,mm,OK,--,5:31:44 PM,11/25/2025,
484,42.4,gf,1.700,mm,OK,--,5:31:44 PM,11/25/2025,
485,42.4,gf,1.705,mm,OK,--,5:31:44 PM,11/25/2025,
486,42.4,gf,1.710,mm,OK,--,5:31:44 PM,11/25/2025,
487,42.4,gf,1.710,mm,OK,--,5:31:44 PM,11/25/2025,
488,42.4,gf,1.715,mm,OK,--,5:31:44 PM,11/25/2025,
489,42.5,gf,1.715,mm,OK,--,5:31:44 PM,11/25/2025,
490,42.5,gf,1.720,mm,OK,--,5:31:44 PM,11/25/2025,
491,42.5,gf,1.720,mm,OK,--,5:31:45 PM,11/25/2025,
492,42.5,gf,1.725,mm,OK,--,5:31:45 PM,11/25/2025,
493,42.5,gf,1.730,mm,OK,--,5:31:45 PM,11/25/2025,
494,42.5,gf,1.730,mm,OK,--,5:31:45 PM,11/25/2025,
495,42.6,gf,1.735,mm,OK,--,5:31:45 PM,11/25/2025,
496,42.6,gf,1.740,mm,OK,--,5:31:45 PM,11/25/2025,
497,42.6,gf,1.740,mm,OK,--,5:31:45 PM,11/25/2025,
498,42.6,gf,1.745,mm,OK,--,5:31:45 PM,11/25/2025,
499,42.7,gf,1.750,mm,OK,--,5:31:45 PM,11/25/2025,
500,42.8,gf,1.755,mm,OK,--,5:31:45 PM,11/25/2025,
501,42.8,gf,1.760,mm,OK,--,5:31:46 PM,11/25/2025,
502,42.8,gf,1.765,mm,OK,--,5:31:46 PM,11/25/2025,
503,42.9,gf,1.770,mm,OK,--,5:31:46 PM,11/25/2025,
504,42.9,gf,1.775,mm,OK,--,5:31:46 PM,11/25/2025,
505,42.9,gf,1.780,mm,OK,--,5:31:46 PM,11/25/2025,
506,43.0,gf,1.785,mm,OK,--,5:31:46 PM,11/25/2025,
507,43.0,gf,1.790,mm,OK,--,5:31:46 PM,11/25/2025,
508,43.0,gf,1.795,mm,OK,--,5:31:46 PM,11/25/2025,
509,43.1,gf,1.800,mm,OK,--,5:31:46 PM,11/25/2025,
510,43.0,gf,1.810,mm,OK,--,5:31:46 PM,11/25/2025,
511,43.0,gf,1.815,mm,OK,--,5:31:47 PM,11/25/2025,
512,43.0,gf,1.820,mm,OK,--,5:31:47 PM,11/25/2025,
513,43.0,gf,1.820,mm,OK,--,5:31:47 PM,11/25/2025,
514,43.1,gf,1.825,mm,OK,--,5:31:47 PM,11/25/2025,
515,43.1,gf,1.830,mm,OK,--,5:31:47 PM,11/25/2025,
516,43.1,gf,1.835,mm,OK,--,5:31:47 PM,11/25/2025,
517,43.1,gf,1.835,mm,OK,--,5:31:47 PM,11/25/2025,
518,43.1,gf,1.840,mm,OK,--,5:31:47 PM,11/25/2025,
519,43.1,gf,1.845,mm,OK,--,5:31:47 PM,11/25/2025,
520,43.1,gf,1.845,mm,OK,--,5:31:47 PM,11/25/2025,
521,43.1,gf,1.850,mm,OK,--,5:31:48 PM,11/25/2025,
522,43.2,gf,1.850,mm,OK,--,5:31:48 PM,11/25/2025,
523,43.2,gf,1.855,mm,OK,--,5:31:48 PM,11/25/2025,
524,43.2,gf,1.855,mm,OK,--,5:31:48 PM,11/25/2025,
525,43.2,gf,1.860,mm,OK,--,5:31:48 PM,11/25/2025,
526,43.2,gf,1.860,mm,OK,--,5:31:48 PM,11/25/2025,
527,43.2,gf,1.865,mm,OK,--,5:31:48 PM,11/25/2025,
528,43.2,gf,1.865,mm,OK,--,5:31:48 PM,11/25/2025,
529,43.2,gf,1.870,mm,OK,--,5:31:48 PM,11/25/2025,
530,43.2,gf,1.870,mm,OK,--,5:31:48 PM,11/25/2025,
531,43.3,gf,1.875,mm,OK,--,5:31:49 PM,11/25/2025,
532,43.3,gf,1.880,mm,OK,--,5:31:49 PM,11/25/2025,
533,43.3,gf,1.880,mm,OK,--,5:31:49 PM,11/25/2025,
534,43.4,gf,1.890,mm,OK,--,5:31:49 PM,11/25/2025,
535,43.4,gf,1.900,mm,OK,--,5:31:49 PM,11/25/2025,
536,43.4,gf,1.910,mm,OK,--,5:31:49 PM,11/25/2025,
537,43.4,gf,1.920,mm,OK,--,5:31:49 PM,11/25/2025,
538,43.4,gf,1.925,mm,OK,--,5:31:49 PM,11/25/2025,
539,43.5,gf,1.940,mm,OK,--,5:31:49 PM,11/25/2025,
540,43.5,gf,1.950,mm,OK,--,5:31:49 PM,11/25/2025,
541,43.6,gf,1.965,mm,OK,--,5:31:50 PM,11/25/2025,
542,43.7,gf,1.975,mm,OK,--,5:31:50 PM,11/25/2025,
543,43.7,gf,1.985,mm,OK,--,5:31:50 PM,11/25/2025,
544,43.7,gf,1.990,mm,OK,--,5:31:50 PM,11/25/2025,
545,43.8,gf,2.000,mm,OK,--,5:31:50 PM,11/25/2025,
546,43.8,gf,2.015,mm,OK,--,5:31:50 PM,11/25/2025,
547,43.8,gf,2.025,mm,OK,--,5:31:50 PM,11/25/2025,
548,43.8,gf,2.030,mm,OK,--,5:31:50 PM,11/25/2025,
549,43.9,gf,2.035,mm,OK,--,5:31:50 PM,11/25/2025,
550,43.9,gf,2.040,mm,OK,--,5:31:50 PM,11/25/2025,
551,43.9,gf,2.040,mm,OK,--,5:31:51 PM,11/25/2025,
552,43.9,gf,2.045,mm,OK,--,5:31:51 PM,11/25/2025,
553,43.9,gf,2.045,mm,OK,--,5:31:51 PM,11/25/2025,
554,43.9,gf,2.045,mm,OK,--,5:31:51 PM,11/25/2025,
555,43.9,gf,2.050,mm,OK,--,5:31:51 PM,11/25/2025,
556,43.9,gf,2.050,mm,OK,--,5:31:51 PM,11/25/2025,
557,43.9,gf,2.050,mm,OK,--,5:31:51 PM,11/25/2025,
558,43.9,gf,2.055,mm,OK,--,5:31:51 PM,11/25/2025,
559,43.9,gf,2.055,mm,OK,--,5:31:51 PM,11/25/2025,
560,43.9,gf,2.060,mm,OK,--,5:31:51 PM,11/25/2025,
561,43.9,gf,2.060,mm,OK,--,5:31:52 PM,11/25/2025,
562,43.9,gf,2.065,mm,OK,--,5:31:52 PM,11/25/2025,
563,43.9,gf,2.065,mm,OK,--,5:31:52 PM,11/25/2025,
564,43.9,gf,2.070,mm,OK,--,5:31:52 PM,11/25/2025,
565,43.9,gf,2.070,mm,OK,--,5:31:52 PM,11/25/2025,
566,44.0,gf,2.075,mm,OK,--,5:31:52 PM,11/25/2025,
567,44.0,gf,2.080,mm,OK,--,5:31:52 PM,11/25/2025,
568,44.0,gf,2.085,mm,OK,--,5:31:52 PM,11/25/2025,
569,44.1,gf,2.090,mm,OK,--,5:31:52 PM,11/25/2025,
570,44.1,gf,2.090,mm,OK,--,5:31:52 PM,11/25/2025,
571,44.1,gf,2.095,mm,OK,--,5:31:53 PM,11/25/2025,
572,44.1,gf,2.100,mm,OK,--,5:31:53 PM,11/25/2025,
573,44.1,gf,2.100,mm,OK,--,5:31:53 PM,11/25/2025,
574,44.2,gf,2.105,mm,OK,--,5:31:53 PM,11/25/2025,
575,44.1,gf,2.105,mm,OK,--,5:31:53 PM,11/25/2025,
576,44.2,gf,2.110,mm,OK,--,5:31:53 PM,11/25/2025,
577,44.2,gf,2.115,mm,OK,--,5:31:53 PM,11/25/2025,
578,44.2,gf,2.120,mm,OK,--,5:31:53 PM,11/25/2025,
579,44.2,gf,2.125,mm,OK,--,5:31:53 PM,11/25/2025,
580,44.2,gf,2.130,mm,OK,--,5:31:53 PM,11/25/2025,
581,44.2,gf,2.140,mm,OK,--,5:31:54 PM,11/25/2025,
582,44.3,gf,2.145,mm,OK,--,5:31:54 PM,11/25/2025,
583,44.3,gf,2.155,mm,OK,--,5:31:54 PM,11/25/2025,
584,44.3,gf,2.165,mm,OK,--,5:31:54 PM,11/25/2025,
585,44.3,gf,2.175,mm,OK,--,5:31:54 PM,11/25/2025,
586,44.4,gf,2.185,mm,OK,--,5:31:54 PM,11/25/2025,
587,44.4,gf,2.190,mm,OK,--,5:31:54 PM,11/25/2025,
588,44.4,gf,2.200,mm,OK,--,5:31:54 PM,11/25/2025,
589,44.4,gf,2.205,mm,OK,--,5:31:54 PM,11/25/2025,
590,44.4,gf,2.210,mm,OK,--,5:31:54 PM,11/25/2025,
591,44.5,gf,2.215,mm,OK,--,5:31:55 PM,11/25/2025,
592,44.5,gf,2.220,mm,OK,--,5:31:55 PM,11/25/2025,
593,44.5,gf,2.225,mm,OK,--,5:31:55 PM,11/25/2025,
594,44.5,gf,2.230,mm,OK,--,5:31:55 PM,11/25/2025,
595,44.6,gf,2.235,mm,OK,--,5:31:55 PM,11/25/2025,
596,44.6,gf,2.235,mm,OK,--,5:31:55 PM,11/25/2025,
597,44.6,gf,2.240,mm,OK,--,5:31:55 PM,11/25/2025,
598,44.6,gf,2.250,mm,OK,--,5:31:55 PM,11/25/2025,
599,44.6,gf,2.255,mm,OK,--,5:31:55 PM,11/25/2025,
600,44.6,gf,2.260,mm,OK,--,5:31:55 PM,11/25/2025,
601,44.6,gf,2.265,mm,OK,--,5:31:56 PM,11/25/2025,
602,44.6,gf,2.270,mm,OK,--,5:31:56 PM,11/25/2025,
603,44.6,gf,2.275,mm,OK,--,5:31:56 PM,11/25/2025,
604,44.6,gf,2.280,mm,OK,--,5:31:56 PM,11/25/2025,
605,44.7,gf,2.285,mm,OK,--,5:31:56 PM,11/25/2025,
606,44.7,gf,2.295,mm,OK,--,5:31:56 PM,11/25/2025,
607,44.8,gf,2.300,mm,OK,--,5:31:56 PM,11/25/2025,
608,44.7,gf,2.305,mm,OK,--,5:31:56 PM,11/25/2025,
609,44.8,gf,2.310,mm,OK,--,5:31:56 PM,11/25/2025,
610,44.8,gf,2.310,mm,OK,--,5:31:56 PM,11/25/2025,
611,44.8,gf,2.315,mm,OK,--,5:31:57 PM,11/25/2025,
612,44.8,gf,2.320,mm,OK,--,5:31:57 PM,11/25/2025,
613,44.8,gf,2.325,mm,OK,--,5:31:57 PM,11/25/2025,
614,44.8,gf,2.325,mm,OK,--,5:31:57 PM,11/25/2025,
615,44.8,gf,2.330,mm,OK,--,5:31:57 PM,11/25/2025,
616,44.8,gf,2.330,mm,OK,--,5:31:57 PM,11/25/2025,
617,44.8,gf,2.330,mm,OK,--,5:31:57 PM,11/25/2025,
618,44.8,gf,2.335,mm,OK,--,5:31:57 PM,11/25/2025,
619,44.8,gf,2.335,mm,OK,--,5:31:57 PM,11/25/2025,
620,44.8,gf,2.340,mm,OK,--,5:31:57 PM,11/25/2025,
621,44.8,gf,2.345,mm,OK,--,5:31:58 PM,11/25/2025,
622,44.8,gf,2.345,mm,OK,--,5:31:58 PM,11/25/2025,
623,44.9,gf,2.350,mm,OK,--,5:31:58 PM,11/25/2025,
624,44.9,gf,2.355,mm,OK,--,5:31:58 PM,11/25/2025,
625,44.9,gf,2.360,mm,OK,--,5:31:58 PM,11/25/2025,
626,44.9,gf,2.365,mm,OK,--,5:31:58 PM,11/25/2025,
627,44.9,gf,2.370,mm,OK,--,5:31:58 PM,11/25/2025,
628,44.9,gf,2.375,mm,OK,--,5:31:58 PM,11/25/2025,
629,44.9,gf,2.380,mm,OK,--,5:31:58 PM,11/25/2025,
630,44.9,gf,2.380,mm,OK,--,5:31:58 PM,11/25/2025,
631,44.9,gf,2.385,mm,OK,--,5:31:59 PM,11/25/2025,
632,44.9,gf,2.390,mm,OK,--,5:31:59 PM,11/25/2025,
633,45.0,gf,2.395,mm,OK,--,5:31:59 PM,11/25/2025,
634,45.0,gf,2.395,mm,OK,--,5:31:59 PM,11/25/2025,
635,45.0,gf,2.400,mm,OK,--,5:31:59 PM,11/25/2025,
636,45.0,gf,2.405,mm,OK,--,5:31:59 PM,11/25/2025,
637,45.0,gf,2.410,mm,OK,--,5:31:59 PM,11/25/2025,
638,45.0,gf,2.410,mm,OK,--,5:31:59 PM,11/25/2025,
639,45.0,gf,2.415,mm,OK,--,5:31:59 PM,11/25/2025,
640,45.0,gf,2.420,mm,OK,--,5:31:59 PM,11/25/2025,
641,45.1,gf,2.425,mm,OK,--,5:32:00 PM,11/25/2025,
642,45.1,gf,2.430,mm,OK,--,5:32:00 PM,11/25/2025,
643,45.1,gf,2.435,mm,OK,--,5:32:00 PM,11/25/2025,
644,45.1,gf,2.435,mm,OK,--,5:32:00 PM,11/25/2025,
645,45.2,gf,2.445,mm,OK,--,5:32:00 PM,11/25/2025,
646,45.2,gf,2.450,mm,OK,--,5:32:00 PM,11/25/2025,
647,45.2,gf,2.455,mm,OK,--,5:32:00 PM,11/25/2025,
648,45.2,gf,2.460,mm,OK,--,5:32:00 PM,11/25/2025,
649,45.3,gf,2.465,mm,OK,--,5:32:00 PM,11/25/2025,
650,45.3,gf,2.475,mm,OK,--,5:32:00 PM,11/25/2025,
651,45.3,gf,2.485,mm,OK,--,5:32:01 PM,11/25/2025,
652,45.3,gf,2.490,mm,OK,--,5:32:01 PM,11/25/2025,
653,45.4,gf,2.500,mm,OK,--,5:32:01 PM,11/25/2025,
654,45.4,gf,2.510,mm,OK,--,5:32:01 PM,11/25/2025,
655,45.4,gf,2.515,mm,OK,--,5:32:01 PM,11/25/2025,
656,45.4,gf,2.520,mm,OK,--,5:32:01 PM,11/25/2025,
657,45.4,gf,2.525,mm,OK,--,5:32:01 PM,11/25/2025,
658,45.4,gf,2.525,mm,OK,--,5:32:01 PM,11/25/2025,
659,45.4,gf,2.530,mm,OK,--,5:32:01 PM,11/25/2025,
660,45.4,gf,2.535,mm,OK,--,5:32:01 PM,11/25/2025,
661,45.4,gf,2.540,mm,OK,--,5:32:02 PM,11/25/2025,
662,45.4,gf,2.545,mm,OK,--,5:32:02 PM,11/25/2025,
663,45.4,gf,2.545,mm,OK,--,5:32:02 PM,11/25/2025,
664,45.4,gf,2.550,mm,OK,--,5:32:02 PM,11/25/2025,
665,45.4,gf,2.555,mm,OK,--,5:32:02 PM,11/25/2025,
666,45.4,gf,2.555,mm,OK,--,5:32:02 PM,11/25/2025,
667,45.4,gf,2.560,mm,OK,--,5:32:02 PM,11/25/2025,
668,45.4,gf,2.560,mm,OK,--,5:32:02 PM,11/25/2025,
669,45.4,gf,2.560,mm,OK,--,5:32:02 PM,11/25/2025,
670,45.4,gf,2.565,mm,OK,--,5:32:02 PM,11/25/2025,
671,45.4,gf,2.565,mm,OK,--,5:32:03 PM,11/25/2025,
672,45.4,gf,2.565,mm,OK,--,5:32:03 PM,11/25/2025,
673,45.5,gf,2.565,mm,OK,--,5:32:03 PM,11/25/2025,
674,45.5,gf,2.570,mm,OK,--,5:32:03 PM,11/25/2025,
675,45.5,gf,2.570,mm,OK,--,5:32:03 PM,11/25/2025,
676,45.5,gf,2.575,mm,OK,--,5:32:03 PM,11/25/2025,
677,45.5,gf,2.575,mm,OK,--,5:32:03 PM,11/25/2025,
678,45.5,gf,2.575,mm,OK,--,5:32:03 PM,11/25/2025,
679,45.5,gf,2.575,mm,OK,--,5:32:03 PM,11/25/2025,
680,45.5,gf,2.580,mm,OK,--,5:32:03 PM,11/25/2025,
681,45.5,gf,2.580,mm,OK,--,5:32:04 PM,11/25/2025,
682,45.5,gf,2.580,mm,OK,--,5:32:04 PM,11/25/2025,
683,45.5,gf,2.585,mm,OK,--,5:32:04 PM,11/25/2025,
684,45.5,gf,2.585,mm,OK,--,5:32:04 PM,11/25/2025,
685,45.6,gf,2.590,mm,OK,--,5:32:04 PM,11/25/2025,
686,45.6,gf,2.590,mm,OK,--,5:32:04 PM,11/25/2025,
687,45.6,gf,2.590,mm,OK,--,5:32:04 PM,11/25/2025,
688,45.6,gf,2.595,mm,OK,--,5:32:04 PM,11/25/2025,
689,45.6,gf,2.595,mm,OK,--,5:32:04 PM,11/25/2025,
690,45.6,gf,2.600,mm,OK,--,5:32:04 PM,11/25/2025,
691,45.6,gf,2.605,mm,OK,--,5:32:05 PM,11/25/2025,
692,45.6,gf,2.605,mm,OK,--,5:32:05 PM,11/25/2025,
693,45.6,gf,2.610,mm,OK,--,5:32:05 PM,11/25/2025,
694,45.7,gf,2.615,mm,OK,--,5:32:05 PM,11/25/2025,
695,45.7,gf,2.620,mm,OK,--,5:32:05 PM,11/25/2025,
696,45.7,gf,2.625,mm,OK,--,5:32:05 PM,11/25/2025,
697,45.7,gf,2.630,mm,OK,--,5:32:05 PM,11/25/2025,
698,45.7,gf,2.635,mm,OK,--,5:32:05 PM,11/25/2025,
699,45.7,gf,2.640,mm,OK,--,5:32:05 PM,11/25/2025,
700,45.7,gf,2.645,mm,OK,--,5:32:05 PM,11/25/2025,
701,45.7,gf,2.650,mm,OK,--,5:32:06 PM,11/25/2025,
702,45.7,gf,2.655,mm,OK,--,5:32:06 PM,11/25/2025,
703,45.7,gf,2.660,mm,OK,--,5:32:06 PM,11/25/2025,
704,45.7,gf,2.665,mm,OK,--,5:32:06 PM,11/25/2025,
705,45.8,gf,2.665,mm,OK,--,5:32:06 PM,11/25/2025,
706,45.8,gf,2.670,mm,OK,--,5:32:06 PM,11/25/2025,
707,45.8,gf,2.675,mm,OK,--,5:32:06 PM,11/25/2025,
708,45.8,gf,2.680,mm,OK,--,5:32:06 PM,11/25/2025,
709,45.8,gf,2.680,mm,OK,--,5:32:06 PM,11/25/2025,
710,45.8,gf,2.685,mm,OK,--,5:32:06 PM,11/25/2025,
711,45.8,gf,2.690,mm,OK,--,5:32:07 PM,11/25/2025,
712,45.8,gf,2.690,mm,OK,--,5:32:07 PM,11/25/2025,
713,45.9,gf,2.695,mm,OK,--,5:32:07 PM,11/25/2025,
714,45.9,gf,2.695,mm,OK,--,5:32:07 PM,11/25/2025,
715,45.9,gf,2.700,mm,OK,--,5:32:07 PM,11/25/2025,
716,45.9,gf,2.700,mm,OK,--,5:32:07 PM,11/25/2025,
717,45.9,gf,2.705,mm,OK,--,5:32:07 PM,11/25/2025,
718,45.9,gf,2.710,mm,OK,--,5:32:07 PM,11/25/2025,
719,45.9,gf,2.715,mm,OK,--,5:32:07 PM,11/25/2025,
720,45.9,gf,2.720,mm,OK,--,5:32:07 PM,11/25/2025,
721,46.1,gf,2.725,mm,OK,--,5:32:08 PM,11/25/2025,
722,46.0,gf,2.735,mm,OK,--,5:32:08 PM,11/25/2025,
723,46.1,gf,2.740,mm,OK,--,5:32:08 PM,11/25/2025,
724,46.1,gf,2.750,mm,OK,--,5:32:08 PM,11/25/2025,
725,46.2,gf,2.760,mm,OK,--,5:32:08 PM,11/25/2025,
726,46.2,gf,2.770,mm,OK,--,5:32:08 PM,11/25/2025,
727,46.3,gf,2.780,mm,OK,--,5:32:08 PM,11/25/2025,
728,46.3,gf,2.790,mm,OK,--,5:32:08 PM,11/25/2025,
729,46.4,gf,2.805,mm,OK,--,5:32:08 PM,11/25/2025,
730,46.3,gf,2.815,mm,OK,--,5:32:08 PM,11/25/2025,
731,46.4,gf,2.820,mm,OK,--,5:32:09 PM,11/25/2025,
732,46.5,gf,2.830,mm,OK,--,5:32:09 PM,11/25/2025,
733,46.5,gf,2.835,mm,OK,--,5:32:09 PM,11/25/2025,
734,46.6,gf,2.840,mm,OK,--,5:32:09 PM,11/25/2025,
735,46.6,gf,2.845,mm,OK,--,5:32:09 PM,11/25/2025,
736,46.6,gf,2.845,mm,OK,--,5:32:09 PM,11/25/2025,
737,46.7,gf,2.850,mm,OK,--,5:32:09 PM,11/25/2025,
738,46.7,gf,2.855,mm,OK,--,5:32:09 PM,11/25/2025,
739,46.7,gf,2.855,mm,OK,--,5:32:09 PM,11/25/2025,
740,46.7,gf,2.860,mm,OK,--,5:32:09 PM,11/25/2025,
741,46.7,gf,2.860,mm,OK,--,5:32:10 PM,11/25/2025,
742,46.7,gf,2.860,mm,OK,--,5:32:10 PM,11/25/2025,
743,46.7,gf,2.860,mm,OK,--,5:32:10 PM,11/25/2025,
744,46.7,gf,2.865,mm,OK,--,5:32:10 PM,11/25/2025,
745,46.7,gf,2.865,mm,OK,--,5:32:10 PM,11/25/2025,
746,46.7,gf,2.865,mm,OK,--,5:32:10 PM,11/25/2025,
747,46.7,gf,2.870,mm,OK,--,5:32:10 PM,11/25/2025,
748,46.7,gf,2.870,mm,OK,--,5:32:10 PM,11/25/2025,
749,46.7,gf,2.875,mm,OK,--,5:32:10 PM,11/25/2025,
750,46.7,gf,2.880,mm,OK,--,5:32:10 PM,11/25/2025,
751,46.7,gf,2.880,mm,OK,--,5:32:11 PM,11/25/2025,
752,46.7,gf,2.885,mm,OK,--,5:32:11 PM,11/25/2025,
753,46.8,gf,2.885,mm,OK,--,5:32:11 PM,11/25/2025,
754,46.8,gf,2.890,mm,OK,--,5:32:11 PM,11/25/2025,
755,46.7,gf,2.890,mm,OK,--,5:32:11 PM,11/25/2025,
756,46.8,gf,2.900,mm,OK,--,5:32:11 PM,11/25/2025,
757,46.7,gf,2.900,mm,OK,--,5:32:11 PM,11/25/2025,
758,46.7,gf,2.905,mm,OK,--,5:32:11 PM,11/25/2025,
759,46.7,gf,2.910,mm,OK,--,5:32:11 PM,11/25/2025,
760,46.8,gf,2.915,mm,OK,--,5:32:11 PM,11/25/2025,
761,46.8,gf,2.920,mm,OK,--,5:32:12 PM,11/25/2025,
762,46.8,gf,2.925,mm,OK,--,5:32:12 PM,11/25/2025,
763,46.9,gf,2.930,mm,OK,--,5:32:12 PM,11/25/2025,
764,46.9,gf,2.935,mm,OK,--,5:32:12 PM,11/25/2025,
765,46.9,gf,2.940,mm,OK,--,5:32:12 PM,11/25/2025,
766,46.9,gf,2.945,mm,OK,--,5:32:12 PM,11/25/2025,
767,46.9,gf,2.950,mm,OK,--,5:32:12 PM,11/25/2025,
768,46.9,gf,2.950,mm,OK,--,5:32:12 PM,11/25/2025,
769,46.9,gf,2.955,mm,OK,--,5:32:12 PM,11/25/2025,
770,46.9,gf,2.965,mm,OK,--,5:32:12 PM,11/25/2025,
771,46.9,gf,2.970,mm,OK,--,5:32:13 PM,11/25/2025,
772,46.9,gf,2.975,mm,OK,--,5:32:13 PM,11/25/2025,
773,46.9,gf,2.985,mm,OK,--,5:32:13 PM,11/25/2025,
774,46.9,gf,2.990,mm,OK,--,5:32:13 PM,11/25/2025,
775,46.9,gf,2.995,mm,OK,--,5:32:13 PM,11/25/2025,
776,47.0,gf,3.000,mm,OK,--,5:32:13 PM,11/25/2025,
777,47.0,gf,3.005,mm,OK,--,5:32:13 PM,11/25/2025,
778,47.0,gf,3.005,mm,OK,--,5:32:13 PM,11/25/2025,
779,47.0,gf,3.010,mm,OK,--,5:32:13 PM,11/25/2025,
780,47.1,gf,3.015,mm,OK,--,5:32:13 PM,11/25/2025,
781,47.1,gf,3.015,mm,OK,--,5:32:14 PM,11/25/2025,
782,47.1,gf,3.020,mm,OK,--,5:32:14 PM,11/25/2025,
783,47.2,gf,3.020,mm,OK,--,5:32:14 PM,11/25/2025,
784,47.2,gf,3.025,mm,OK,--,5:32:14 PM,11/25/2025,
785,47.2,gf,3.030,mm,OK,--,5:32:14 PM,11/25/2025,
786,47.3,gf,3.035,mm,OK,--,5:32:14 PM,11/25/2025,
787,47.3,gf,3.035,mm,OK,--,5:32:14 PM,11/25/2025,
788,47.3,gf,3.040,mm,OK,--,5:32:14 PM,11/25/2025,
789,47.3,gf,3.045,mm,OK,--,5:32:14 PM,11/25/2025,
790,47.3,gf,3.050,mm,OK,--,5:32:14 PM,11/25/2025,
791,47.3,gf,3.055,mm,OK,--,5:32:15 PM,11/25/2025,
792,47.4,gf,3.055,mm,OK,--,5:32:15 PM,11/25/2025,
793,47.3,gf,3.060,mm,OK,--,5:32:15 PM,11/25/2025,
794,47.4,gf,3.060,mm,OK,--,5:32:15 PM,11/25/2025,
795,47.4,gf,3.065,mm,OK,--,5:32:15 PM,11/25/2025,
796,47.4,gf,3.065,mm,OK,--,5:32:15 PM,11/25/2025,
797,47.4,gf,3.070,mm,OK,--,5:32:15 PM,11/25/2025,
798,47.4,gf,3.070,mm,OK,--,5:32:15 PM,11/25/2025,
799,47.4,gf,3.075,mm,OK,--,5:32:15 PM,11/25/2025,
800,47.4,gf,3.080,mm,OK,--,5:32:15 PM,11/25/2025,
801,47.4,gf,3.080,mm,OK,--,5:32:16 PM,11/25/2025,
802,47.4,gf,3.085,mm,OK,--,5:32:16 PM,11/25/2025,
803,47.4,gf,3.085,mm,OK,--,5:32:16 PM,11/25/2025,
804,47.4,gf,3.090,mm,OK,--,5:32:16 PM,11/25/2025,
805,47.4,gf,3.095,mm,OK,--,5:32:16 PM,11/25/2025,
806,47.5,gf,3.100,mm,OK,--,5:32:16 PM,11/25/2025,
807,47.5,gf,3.105,mm,OK,--,5:32:16 PM,11/25/2025,
808,47.5,gf,3.105,mm,OK,--,5:32:16 PM,11/25/2025,
809,47.5,gf,3.110,mm,OK,--,5:32:16 PM,11/25/2025,
810,47.5,gf,3.115,mm,OK,--,5:32:16 PM,11/25/2025,
811,47.5,gf,3.120,mm,OK,--,5:32:17 PM,11/25/2025,
812,47.5,gf,3.125,mm,OK,--,5:32:17 PM,11/25/2025,
813,47.5,gf,3.130,mm,OK,--,5:32:17 PM,11/25/2025,
814,47.5,gf,3.135,mm,OK,--,5:32:17 PM,11/25/2025,
815,47.6,gf,3.140,mm,OK,--,5:32:17 PM,11/25/2025,
816,47.6,gf,3.140,mm,OK,--,5:32:17 PM,11/25/2025,
817,47.6,gf,3.145,mm,OK,--,5:32:17 PM,11/25/2025,
818,47.6,gf,3.145,mm,OK,--,5:32:17 PM,11/25/2025,
819,47.6,gf,3.150,mm,OK,--,5:32:17 PM,11/25/2025,
820,47.7,gf,3.150,mm,OK,--,5:32:17 PM,11/25/2025,
821,47.7,gf,3.155,mm,OK,--,5:32:18 PM,11/25/2025,
822,47.7,gf,3.155,mm,OK,--,5:32:18 PM,11/25/2025,
823,47.7,gf,3.160,mm,OK,--,5:32:18 PM,11/25/2025,
824,47.7,gf,3.160,mm,OK,--,5:32:18 PM,11/25/2025,
825,47.8,gf,3.165,mm,OK,--,5:32:18 PM,11/25/2025,
826,47.8,gf,3.170,mm,OK,--,5:32:18 PM,11/25/2025,
827,47.8,gf,3.175,mm,OK,--,5:32:18 PM,11/25/2025,
828,47.8,gf,3.180,mm,OK,--,5:32:18 PM,11/25/2025,
829,47.8,gf,3.185,mm,OK,--,5:32:18 PM,11/25/2025,
830,47.8,gf,3.190,mm,OK,--,5:32:18 PM,11/25/2025,
831,47.8,gf,3.195,mm,OK,--,5:32:19 PM,11/25/2025,
832,47.8,gf,3.200,mm,OK,--,5:32:19 PM,11/25/2025,
833,47.8,gf,3.200,mm,OK,--,5:32:19 PM,11/25/2025,
834,47.8,gf,3.205,mm,OK,--,5:32:19 PM,11/25/2025,
835,47.9,gf,3.210,mm,OK,--,5:32:19 PM,11/25/2025,
836,48.0,gf,3.210,mm,OK,--,5:32:19 PM,11/25/2025,
837,47.9,gf,3.215,mm,OK,--,5:32:19 PM,11/25/2025,
838,47.9,gf,3.215,mm,OK,--,5:32:19 PM,11/25/2025,
839,47.9,gf,3.220,mm,OK,--,5:32:19 PM,11/25/2025,
840,47.9,gf,3.220,mm,OK,--,5:32:19 PM,11/25/2025,
841,47.9,gf,3.220,mm,OK,--,5:32:20 PM,11/25/2025,
842,47.9,gf,3.220,mm,OK,--,5:32:20 PM,11/25/2025,
843,47.9,gf,3.225,mm,OK,--,5:32:20 PM,11/25/2025,
844,48.0,gf,3.225,mm,OK,--,5:32:20 PM,11/25/2025,
845,48.0,gf,3.225,mm,OK,--,5:32:20 PM,11/25/2025,
846,48.0,gf,3.230,mm,OK,--,5:32:20 PM,11/25/2025,
847,48.0,gf,3.230,mm,OK,--,5:32:20 PM,11/25/2025,
848,48.0,gf,3.235,mm,OK,--,5:32:20 PM,11/25/2025,
849,48.0,gf,3.235,mm,OK,--,5:32:20 PM,11/25/2025,
850,47.9,gf,3.235,mm,OK,--,5:32:20 PM,11/25/2025,
851,47.9,gf,3.240,mm,OK,--,5:32:21 PM,11/25/2025,
852,47.9,gf,3.240,mm,OK,--,5:32:21 PM,11/25/2025,
853,47.9,gf,3.240,mm,OK,--,5:32:21 PM,11/25/2025,
854,47.9,gf,3.240,mm,OK,--,5:32:21 PM,11/25/2025,
855,47.9,gf,3.240,mm,OK,--,5:32:21 PM,11/25/2025,
856,48.0,gf,3.245,mm,OK,--,5:32:21 PM,11/25/2025,
857,48.0,gf,3.245,mm,OK,--,5:32:21 PM,11/25/2025,
858,48.0,gf,3.245,mm,OK,--,5:32:21 PM,11/25/2025,
859,48.0,gf,3.250,mm,OK,--,5:32:21 PM,11/25/2025,
860,48.0,gf,3.250,mm,OK,--,5:32:21 PM,11/25/2025,
861,48.0,gf,3.255,mm,OK,--,5:32:22 PM,11/25/2025,
862,48.1,gf,3.255,mm,OK,--,5:32:22 PM,11/25/2025,
863,48.1,gf,3.260,mm,OK,--,5:32:22 PM,11/25/2025,
864,48.1,gf,3.260,mm,OK,--,5:32:22 PM,11/25/2025,
865,48.2,gf,3.260,mm,OK,--,5:32:22 PM,11/25/2025,
866,48.2,gf,3.265,mm,OK,--,5:32:22 PM,11/25/2025,
867,48.2,gf,3.270,mm,OK,--,5:32:22 PM,11/25/2025,
868,48.3,gf,3.280,mm,OK,--,5:32:22 PM,11/25/2025,
869,48.3,gf,3.295,mm,OK,--,5:32:22 PM,11/25/2025,
870,48.4,gf,3.310,mm,OK,--,5:32:22 PM,11/25/2025,
871,48.4,gf,3.325,mm,OK,--,5:32:23 PM,11/25/2025,
872,48.5,gf,3.340,mm,OK,--,5:32:23 PM,11/25/2025,
873,48.5,gf,3.350,mm,OK,--,5:32:23 PM,11/25/2025,
874,48.6,gf,3.360,mm,OK,--,5:32:23 PM,11/25/2025,
875,48.5,gf,3.375,mm,OK,--,5:32:23 PM,11/25/2025,
876,48.5,gf,3.390,mm,OK,--,5:32:23 PM,11/25/2025,
877,48.5,gf,3.400,mm,OK,--,5:32:23 PM,11/25/2025,
878,48.6,gf,3.405,mm,OK,--,5:32:23 PM,11/25/2025,
879,48.7,gf,3.415,mm,OK,--,5:32:23 PM,11/25/2025,
880,48.8,gf,3.420,mm,OK,--,5:32:23 PM,11/25/2025,
881,48.8,gf,3.425,mm,OK,--,5:32:24 PM,11/25/2025,
882,48.8,gf,3.430,mm,OK,--,5:32:24 PM,11/25/2025,
883,48.9,gf,3.435,mm,OK,--,5:32:24 PM,11/25/2025,
884,48.8,gf,3.435,mm,OK,--,5:32:24 PM,11/25/2025,
885,48.8,gf,3.435,mm,OK,--,5:32:24 PM,11/25/2025,
886,48.8,gf,3.440,mm,OK,--,5:32:24 PM,11/25/2025,
887,48.9,gf,3.440,mm,OK,--,5:32:24 PM,11/25/2025,
888,48.9,gf,3.445,mm,OK,--,5:32:24 PM,11/25/2025,
889,48.9,gf,3.445,mm,OK,--,5:32:24 PM,11/25/2025,
890,48.9,gf,3.450,mm,OK,--,5:32:24 PM,11/25/2025,
891,48.9,gf,3.455,mm,OK,--,5:32:25 PM,11/25/2025,
892,48.9,gf,3.460,mm,OK,--,5:32:25 PM,11/25/2025,
893,48.9,gf,3.460,mm,OK,--,5:32:25 PM,11/25/2025,
894,48.9,gf,3.470,mm,OK,--,5:32:25 PM,11/25/2025,
895,49.0,gf,3.475,mm,OK,--,5:32:25 PM,11/25/2025,
896,49.1,gf,3.475,mm,OK,--,5:32:25 PM,11/25/2025,
897,49.1,gf,3.480,mm,OK,--,5:32:25 PM,11/25/2025,
898,49.0,gf,3.485,mm,OK,--,5:32:25 PM,11/25/2025,
899,49.0,gf,3.485,mm,OK,--,5:32:25 PM,11/25/2025,
900,49.1,gf,3.490,mm,OK,--,5:32:25 PM,11/25/2025,
901,49.1,gf,3.495,mm,OK,--,5:32:26 PM,11/25/2025,
902,49.1,gf,3.495,mm,OK,--,5:32:26 PM,11/25/2025,
903,49.1,gf,3.500,mm,OK,--,5:32:26 PM,11/25/2025,
904,49.1,gf,3.505,mm,OK,--,5:32:26 PM,11/25/2025,
905,49.1,gf,3.510,mm,OK,--,5:32:26 PM,11/25/2025,
906,49.1,gf,3.510,mm,OK,--,5:32:26 PM,11/25/2025,
907,49.1,gf,3.510,mm,OK,--,5:32:26 PM,11/25/2025,
908,49.2,gf,3.515,mm,OK,--,5:32:26 PM,11/25/2025,
909,49.2,gf,3.520,mm,OK,--,5:32:26 PM,11/25/2025,
910,49.2,gf,3.520,mm,OK,--,5:32:26 PM,11/25/2025,
911,49.2,gf,3.525,mm,OK,--,5:32:27 PM,11/25/2025,
912,49.2,gf,3.525,mm,OK,--,5:32:27 PM,11/25/2025,
913,49.2,gf,3.525,mm,OK,--,5:32:27 PM,11/25/2025,
914,49.2,gf,3.525,mm,OK,--,5:32:27 PM,11/25/2025,
915,49.2,gf,3.530,mm,OK,--,5:32:27 PM,11/25/2025,
916,49.2,gf,3.530,mm,OK,--,5:32:27 PM,11/25/2025,
917,49.2,gf,3.530,mm,OK,--,5:32:27 PM,11/25/2025,
918,49.3,gf,3.530,mm,OK,--,5:32:27 PM,11/25/2025,
919,49.2,gf,3.530,mm,OK,--,5:32:27 PM,11/25/2025,
920,49.3,gf,3.530,mm,OK,--,5:32:27 PM,11/25/2025,
921,49.3,gf,3.535,mm,OK,--,5:32:28 PM,11/25/2025,
922,49.3,gf,3.535,mm,OK,--,5:32:28 PM,11/25/2025,
923,49.3,gf,3.540,mm,OK,--,5:32:28 PM,11/25/2025,
924,49.3,gf,3.545,mm,OK,--,5:32:28 PM,11/25/2025,
925,49.3,gf,3.545,mm,OK,--,5:32:28 PM,11/25/2025,
926,49.3,gf,3.550,mm,OK,--,5:32:28 PM,11/25/2025,
927,49.3,gf,3.555,mm,OK,--,5:32:28 PM,11/25/2025,
928,49.3,gf,3.560,mm,OK,--,5:32:28 PM,11/25/2025,
929,49.3,gf,3.565,mm,OK,--,5:32:28 PM,11/25/2025,
930,49.3,gf,3.565,mm,OK,--,5:32:28 PM,11/25/2025,
931,49.3,gf,3.570,mm,OK,--,5:32:29 PM,11/25/2025,
932,49.3,gf,3.575,mm,OK,--,5:32:29 PM,11/25/2025,
933,49.4,gf,3.580,mm,OK,--,5:32:29 PM,11/25/2025,
934,49.4,gf,3.585,mm,OK,--,5:32:29 PM,11/25/2025,
935,49.4,gf,3.585,mm,OK,--,5:32:29 PM,11/25/2025,
936,49.5,gf,3.590,mm,OK,--,5:32:29 PM,11/25/2025,
937,49.5,gf,3.595,mm,OK,--,5:32:29 PM,11/25/2025,
938,49.6,gf,3.605,mm,OK,--,5:32:29 PM,11/25/2025,
939,49.7,gf,3.615,mm,OK,--,5:32:29 PM,11/25/2025,
940,49.8,gf,3.630,mm,OK,--,5:32:29 PM,11/25/2025,
941,49.8,gf,3.640,mm,OK,--,5:32:30 PM,11/25/2025,
942,49.8,gf,3.650,mm,OK,--,5:32:30 PM,11/25/2025,
943,49.8,gf,3.655,mm,OK,--,5:32:30 PM,11/25/2025,
944,49.8,gf,3.660,mm,OK,--,5:32:30 PM,11/25/2025,
945,49.8,gf,3.660,mm,OK,--,5:32:30 PM,11/25/2025,
946,49.8,gf,3.665,mm,OK,--,5:32:30 PM,11/25/2025,
947,49.8,gf,3.670,mm,OK,--,5:32:30 PM,11/25/2025,
948,49.8,gf,3.670,mm,OK,--,5:32:30 PM,11/25/2025,
949,49.8,gf,3.675,mm,OK,--,5:32:30 PM,11/25/2025,
950,49.8,gf,3.680,mm,OK,--,5:32:30 PM,11/25/2025,
951,50.0,gf,3.685,mm,OK,--,5:32:31 PM,11/25/2025,
952,53.1,gf,3.690,mm,OK,--,5:32:31 PM,11/25/2025,
953,56.2,gf,3.695,mm,OK,--,5:32:31 PM,11/25/2025,
954,58.9,gf,3.695,mm,OK,--,5:32:31 PM,11/25/2025,
955,61.9,gf,3.700,mm,OK,--,5:32:31 PM,11/25/2025,
956,65.3,gf,3.705,mm,OK,--,5:32:31 PM,11/25/2025,
957,68.0,gf,3.705,mm,OK,--,5:32:31 PM,11/25/2025,
958,70.5,gf,3.710,mm,OK,--,5:32:31 PM,11/25/2025,
959,72.3,gf,3.710,mm,OK,--,5:32:31 PM,11/25/2025,
960,73.7,gf,3.710,mm,OK,--,5:32:31 PM,11/25/2025,
961,74.8,gf,3.715,mm,OK,--,5:32:32 PM,11/25/2025,
962,75.7,gf,3.715,mm,OK,--,5:32:32 PM,11/25/2025,
963,76.7,gf,3.715,mm,OK,--,5:32:32 PM,11/25/2025,
964,78.0,gf,3.715,mm,OK,--,5:32:32 PM,11/25/2025,
965,79.5,gf,3.720,mm,OK,--,5:32:32 PM,11/25/2025,
966,81.1,gf,3.720,mm,OK,--,5:32:32 PM,11/25/2025,
967,82.8,gf,3.720,mm,OK,--,5:32:32 PM,11/25/2025,
968,84.6,gf,3.725,mm,OK,--,5:32:32 PM,11/25/2025,
969,86.3,gf,3.725,mm,OK,--,5:32:32 PM,11/25/2025,
970,88.2,gf,3.730,mm,OK,--,5:32:32 PM,11/25/2025,
971,90.4,gf,3.730,mm,OK,--,5:32:33 PM,11/25/2025,
972,92.7,gf,3.730,mm,OK,--,5:32:33 PM,11/25/2025,
973,95.0,gf,3.735,mm,OK,--,5:32:33 PM,11/25/2025,
974,97.4,gf,3.740,mm,OK,--,5:32:33 PM,11/25/2025,
975,99.9,gf,3.740,mm,OK,--,5:32:33 PM,11/25/2025,
976,102.6,gf,3.745,mm,OK,--,5:32:33 PM,11/25/2025,
977,105.1,gf,3.745,mm,OK,--,5:32:33 PM,11/25/2025,
978,107.5,gf,3.745,mm,OK,--,5:32:33 PM,11/25/2025,
979,109.8,gf,3.750,mm,OK,--,5:32:33 PM,11/25/2025,
980,112.1,gf,3.750,mm,OK,--,5:32:33 PM,11/25/2025,
981,114.7,gf,3.755,mm,OK,--,5:32:34 PM,11/25/2025,
982,117.2,gf,3.755,mm,OK,--,5:32:34 PM,11/25/2025,
983,119.9,gf,3.760,mm,OK,--,5:32:34 PM,11/25/2025,
984,122.3,gf,3.760,mm,OK,--,5:32:34 PM,11/25/2025,
985,124.2,gf,3.765,mm,OK,--,5:32:34 PM,11/25/2025,
986,126.2,gf,3.765,mm,OK,--,5:32:34 PM,11/25/2025,
987,128.0,gf,3.770,mm,OK,--,5:32:34 PM,11/25/2025,
988,129.6,gf,3.770,mm,OK,--,5:32:34 PM,11/25/2025,
989,131.0,gf,3.770,mm,OK,--,5:32:34 PM,11/25/2025,
990,132.2,gf,3.770,mm,OK,--,5:32:34 PM,11/25/2025,
991,133.2,gf,3.775,mm,OK,--,5:32:35 PM,11/25/2025,
992,134.0,gf,3.775,mm,OK,--,5:32:35 PM,11/25/2025,
993,134.7,gf,3.775,mm,OK,--,5:32:35 PM,11/25/2025,
994,135.2,gf,3.775,mm,OK,--,5:32:35 PM,11/25/2025,
995,135.9,gf,3.775,mm,OK,--,5:32:35 PM,11/25/2025,
996,136.7,gf,3.775,mm,OK,--,5:32:35 PM,11/25/2025,
997,137.8,gf,3.780,mm,OK,--,5:32:35 PM,11/25/2025,
998,138.7,gf,3.780,mm,OK,--,5:32:35 PM,11/25/2025,
999,139.8,gf,3.780,mm,OK,--,5:32:35 PM,11/25/2025,
1000,140.9,gf,3.780,mm,OK,--,5:32:35 PM,11/25/2025,
1001,141.9,gf,3.785,mm,OK,--,5:32:36 PM,11/25/2025,
1002,143.0,gf,3.785,mm,OK,--,5:32:36 PM,11/25/2025,
1003,144.3,gf,3.785,mm,OK,--,5:32:36 PM,11/25/2025,
1004,145.9,gf,3.785,mm,OK,--,5:32:36 PM,11/25/2025,
1005,147.5,gf,3.790,mm,OK,--,5:32:36 PM,11/25/2025,
1006,148.8,gf,3.790,mm,OK,--,5:32:36 PM,11/25/2025,
1007,150.1,gf,3.790,mm,OK,--,5:32:36 PM,11/25/2025,
1008,151.5,gf,3.795,mm,OK,--,5:32:36 PM,11/25/2025,
1009,153.3,gf,3.795,mm,OK,--,5:32:36 PM,11/25/2025,
1010,154.6,gf,3.795,mm,OK,--,5:32:36 PM,11/25/2025,
1011,156.0,gf,3.800,mm,OK,--,5:32:37 PM,11/25/2025,
1012,157.2,gf,3.800,mm,OK,--,5:32:37 PM,11/25/2025,
1013,158.7,gf,3.800,mm,OK,--,5:32:37 PM,11/25/2025,
1014,160.1,gf,3.800,mm,OK,--,5:32:37 PM,11/25/2025,
1015,161.7,gf,3.805,mm,OK,--,5:32:37 PM,11/25/2025,
1016,163.2,gf,3.805,mm,OK,--,5:32:37 PM,11/25/2025,
1017,164.5,gf,3.805,mm,OK,--,5:32:37 PM,11/25/2025,
1018,165.5,gf,3.805,mm,OK,--,5:32:37 PM,11/25/2025,
1019,166.8,gf,3.810,mm,OK,--,5:32:37 PM,11/25/2025,
1020,168.1,gf,3.810,mm,OK,--,5:32:37 PM,11/25/2025,
1021,169.7,gf,3.810,mm,OK,--,5:32:38 PM,11/25/2025,
1022,171.2,gf,3.815,mm,OK,--,5:32:38 PM,11/25/2025,
1023,172.4,gf,3.815,mm,OK,--,5:32:38 PM,11/25/2025,
1024,173.5,gf,3.815,mm,OK,--,5:32:38 PM,11/25/2025,
1025,174.4,gf,3.815,mm,OK,--,5:32:38 PM,11/25/2025,
1026,175.1,gf,3.815,mm,OK,--,5:32:38 PM,11/25/2025,
1027,175.8,gf,3.820,mm,OK,--,5:32:38 PM,11/25/2025,
1028,177.0,gf,3.820,mm,OK,--,5:32:38 PM,11/25/2025,
1029,177.7,gf,3.820,mm,OK,--,5:32:38 PM,11/25/2025,
1030,178.4,gf,3.820,mm,OK,--,5:32:38 PM,11/25/2025,
1031,179.6,gf,3.820,mm,OK,--,5:32:39 PM,11/25/2025,
1032,181.4,gf,3.825,mm,OK,--,5:32:39 PM,11/25/2025,
1033,183.9,gf,3.825,mm,OK,--,5:32:39 PM,11/25/2025,
1034,186.0,gf,3.830,mm,OK,--,5:32:39 PM,11/25/2025,
1035,187.5,gf,3.830,mm,OK,--,5:32:39 PM,11/25/2025,
1036,189.1,gf,3.830,mm,OK,--,5:32:39 PM,11/25/2025,
1037,190.7,gf,3.830,mm,OK,--,5:32:39 PM,11/25/2025,
1038,191.5,gf,3.835,mm,OK,--,5:32:39 PM,11/25/2025,
1039,191.8,gf,3.835,mm,OK,--,5:32:39 PM,11/25/2025,
1040,192.0,gf,3.835,mm,OK,--,5:32:39 PM,11/25/2025,
1041,191.8,gf,3.835,mm,OK,--,5:32:40 PM,11/25/2025,
1042,191.8,gf,3.835,mm,OK,--,5:32:40 PM,11/25/2025,
1043,191.8,gf,3.835,mm,OK,--,5:32:40 PM,11/25/2025,
1044,191.7,gf,3.835,mm,OK,--,5:32:40 PM,11/25/2025,
1045,191.7,gf,3.835,mm,OK,--,5:32:40 PM,11/25/2025,
1046,191.6,gf,3.835,mm,OK,--,5:32:40 PM,11/25/2025,
1047,191.6,gf,3.835,mm,OK,--,5:32:40 PM,11/25/2025,
1048,191.6,gf,3.835,mm,OK,--,5:32:40 PM,11/25/2025,
1049,191.6,gf,3.835,mm,OK,--,5:32:40 PM,11/25/2025,
1050,191.6,gf,3.835,mm,OK,--,5:32:40 PM,11/25/2025,
1051,191.6,gf,3.835,mm,OK,--,5:32:41 PM,11/25/2025,
1052,191.5,gf,3.835,mm,OK,--,5:32:41 PM,11/25/2025,
1053,191.5,gf,3.835,mm,OK,--,5:32:41 PM,11/25/2025,
1054,191.5,gf,3.835,mm,OK,--,5:32:41 PM,11/25/2025,
1055,191.5,gf,3.835,mm,OK,--,5:32:41 PM,11/25/2025,
1056,191.4,gf,3.835,mm,OK,--,5:32:41 PM,11/25/2025,
1057,191.3,gf,3.835,mm,OK,--,5:32:41 PM,11/25/2025,
1058,191.1,gf,3.835,mm,OK,--,5:32:41 PM,11/25/2025,
1059,191.0,gf,3.835,mm,OK,--,5:32:41 PM,11/25/2025,
1060,190.8,gf,3.835,mm,OK,--,5:32:41 PM,11/25/2025,
1061,190.7,gf,3.835,mm,OK,--,5:32:42 PM,11/25/2025,
1062,190.4,gf,3.835,mm,OK,--,5:32:42 PM,11/25/2025,
1063,190.2,gf,3.835,mm,OK,--,5:32:42 PM,11/25/2025,
1064,189.5,gf,3.835,mm,OK,--,5:32:42 PM,11/25/2025,
1065,188.3,gf,3.835,mm,OK,--,5:32:42 PM,11/25/2025,
1066,186.5,gf,3.830,mm,OK,--,5:32:42 PM,11/25/2025,
1067,185.0,gf,3.830,mm,OK,--,5:32:42 PM,11/25/2025,
1068,184.5,gf,3.830,mm,OK,--,5:32:42 PM,11/25/2025,
1069,184.5,gf,3.830,mm,OK,--,5:32:42 PM,11/25/2025,
1070,184.3,gf,3.830,mm,OK,--,5:32:42 PM,11/25/2025,
1071,184.0,gf,3.830,mm,OK,--,5:32:43 PM,11/25/2025,
1072,183.5,gf,3.830,mm,OK,--,5:32:43 PM,11/25/2025,
1073,182.6,gf,3.825,mm,OK,--,5:32:43 PM,11/25/2025,
1074,181.4,gf,3.825,mm,OK,--,5:32:43 PM,11/25/2025,
1075,180.7,gf,3.825,mm,OK,--,5:32:43 PM,11/25/2025,
1076,180.2,gf,3.825,mm,OK,--,5:32:43 PM,11/25/2025,
1077,179.7,gf,3.825,mm,OK,--,5:32:43 PM,11/25/2025,
1078,179.2,gf,3.825,mm,OK,--,5:32:43 PM,11/25/2025,
1079,178.7,gf,3.825,mm,OK,--,5:32:43 PM,11/25/2025,
1080,178.3,gf,3.825,mm,OK,--,5:32:43 PM,11/25/2025,
1081,177.8,gf,3.825,mm,OK,--,5:32:44 PM,11/25/2025,
1082,177.3,gf,3.825,mm,OK,--,5:32:44 PM,11/25/2025,
1083,176.7,gf,3.820,mm,OK,--,5:32:44 PM,11/25/2025,
1084,176.2,gf,3.820,mm,OK,--,5:32:44 PM,11/25/2025,
1085,175.7,gf,3.820,mm,OK,--,5:32:44 PM,11/25/2025,
1086,175.2,gf,3.820,mm,OK,--,5:32:44 PM,11/25/2025,
1087,174.8,gf,3.820,mm,OK,--,5:32:44 PM,11/25/2025,
1088,174.5,gf,3.820,mm,OK,--,5:32:44 PM,11/25/2025,
1089,174.1,gf,3.820,mm,OK,--,5:32:44 PM,11/25/2025,
1090,173.8,gf,3.820,mm,OK,--,5:32:44 PM,11/25/2025,
1091,173.5,gf,3.820,mm,OK,--,5:32:45 PM,11/25/2025,
1092,173.2,gf,3.820,mm,OK,--,5:32:45 PM,11/25/2025,
1093,172.8,gf,3.820,mm,OK,--,5:32:45 PM,11/25/2025,
1094,172.5,gf,3.820,mm,OK,--,5:32:45 PM,11/25/2025,
1095,172.2,gf,3.820,mm,OK,--,5:32:45 PM,11/25/2025,
1096,171.8,gf,3.820,mm,OK,--,5:32:45 PM,11/25/2025,
1097,170.9,gf,3.815,mm,OK,--,5:32:45 PM,11/25/2025,
1098,170.1,gf,3.815,mm,OK,--,5:32:45 PM,11/25/2025,
1099,169.6,gf,3.815,mm,OK,--,5:32:45 PM,11/25/2025,
1100,169.1,gf,3.815,mm,OK,--,5:32:45 PM,11/25/2025,
1101,168.5,gf,3.815,mm,OK,--,5:32:46 PM,11/25/2025,
1102,167.9,gf,3.815,mm,OK,--,5:32:46 PM,11/25/2025,
1103,167.5,gf,3.815,mm,OK,--,5:32:46 PM,11/25/2025,
1104,167.1,gf,3.815,mm,OK,--,5:32:46 PM,11/25/2025,
1105,166.7,gf,3.815,mm,OK,--,5:32:46 PM,11/25/2025,
1106,166.3,gf,3.810,mm,OK,--,5:32:46 PM,11/25/2025,
1107,166.1,gf,3.810,mm,OK,--,5:32:46 PM,11/25/2025,
1108,165.7,gf,3.810,mm,OK,--,5:32:46 PM,11/25/2025,
1109,165.1,gf,3.810,mm,OK,--,5:32:46 PM,11/25/2025,
1110,164.1,gf,3.810,mm,OK,--,5:32:46 PM,11/25/2025,
1111,163.2,gf,3.810,mm,OK,--,5:32:47 PM,11/25/2025,
1112,162.7,gf,3.810,mm,OK,--,5:32:47 PM,11/25/2025,
1113,162.3,gf,3.810,mm,OK,--,5:32:47 PM,11/25/2025,
1114,161.9,gf,3.810,mm,OK,--,5:32:47 PM,11/25/2025,
1115,161.6,gf,3.810,mm,OK,--,5:32:47 PM,11/25/2025,
1116,161.3,gf,3.805,mm,OK,--,5:32:47 PM,11/25/2025,
1117,161.0,gf,3.805,mm,OK,--,5:32:47 PM,11/25/2025,
1118,160.7,gf,3.805,mm,OK,--,5:32:47 PM,11/25/2025,
1119,160.4,gf,3.805,mm,OK,--,5:32:47 PM,11/25/2025,
1120,160.0,gf,3.805,mm,OK,--,5:32:47 PM,11/25/2025,
1121,159.6,gf,3.805,mm,OK,--,5:32:48 PM,11/25/2025,
1122,159.2,gf,3.805,mm,OK,--,5:32:48 PM,11/25/2025,
1123,158.8,gf,3.805,mm,OK,--,5:32:48 PM,11/25/2025,
1124,158.3,gf,3.805,mm,OK,--,5:32:48 PM,11/25/2025,
1125,157.9,gf,3.805,mm,OK,--,5:32:48 PM,11/25/2025,
1126,157.5,gf,3.805,mm,OK,--,5:32:48 PM,11/25/2025,
1127,157.1,gf,3.805,mm,OK,--,5:32:48 PM,11/25/2025,
1128,156.7,gf,3.805,mm,OK,--,5:32:48 PM,11/25/2025,
1129,155.9,gf,3.800,mm,OK,--,5:32:48 PM,11/25/2025,
1130,155.0,gf,3.800,mm,OK,--,5:32:48 PM,11/25/2025,
1131,154.4,gf,3.800,mm,OK,--,5:32:49 PM,11/25/2025,
1132,153.9,gf,3.800,mm,OK,--,5:32:49 PM,11/25/2025,
1133,153.4,gf,3.800,mm,OK,--,5:32:49 PM,11/25/2025,
1134,152.7,gf,3.800,mm,OK,--,5:32:49 PM,11/25/2025,
1135,151.9,gf,3.800,mm,OK,--,5:32:49 PM,11/25/2025,
1136,151.0,gf,3.795,mm,OK,--,5:32:49 PM,11/25/2025,
1137,150.1,gf,3.795,mm,OK,--,5:32:49 PM,11/25/2025,
1138,149.2,gf,3.795,mm,OK,--,5:32:49 PM,11/25/2025,
1139,148.3,gf,3.795,mm,OK,--,5:32:49 PM,11/25/2025,
1140,147.2,gf,3.795,mm,OK,--,5:32:49 PM,11/25/2025,
1141,145.0,gf,3.790,mm,OK,--,5:32:50 PM,11/25/2025,
1142,143.2,gf,3.790,mm,OK,--,5:32:50 PM,11/25/2025,
1143,141.1,gf,3.785,mm,OK,--,5:32:50 PM,11/25/2025,
1144,139.4,gf,3.785,mm,OK,--,5:32:50 PM,11/25/2025,
1145,137.5,gf,3.785,mm,OK,--,5:32:50 PM,11/25/2025,
1146,135.2,gf,3.780,mm,OK,--,5:32:50 PM,11/25/2025,
1147,131.8,gf,3.780,mm,OK,--,5:32:50 PM,11/25/2025,
1148,128.4,gf,3.775,mm,OK,--,5:32:50 PM,11/25/2025,
1149,125.7,gf,3.770,mm,OK,--,5:32:50 PM,11/25/2025,
1150,123.8,gf,3.770,mm,OK,--,5:32:50 PM,11/25/2025,
1151,121.7,gf,3.770,mm,OK,--,5:32:51 PM,11/25/2025,
1152,119.6,gf,3.765,mm,OK,--,5:32:51 PM,11/25/2025,
1153,117.6,gf,3.765,mm,OK,--,5:32:51 PM,11/25/2025,
1154,115.1,gf,3.760,mm,OK,--,5:32:51 PM,11/25/2025,
1155,112.7,gf,3.760,mm,OK,--,5:32:51 PM,11/25/2025,
1156,110.2,gf,3.755,mm,OK,--,5:32:51 PM,11/25/2025,
1157,107.6,gf,3.755,mm,OK,--,5:32:51 PM,11/25/2025,
1158,105.1,gf,3.750,mm,OK,--,5:32:51 PM,11/25/2025,
1159,102.3,gf,3.750,mm,OK,--,5:32:51 PM,11/25/2025,
1160,99.0,gf,3.745,mm,OK,--,5:32:51 PM,11/25/2025,
1161,95.9,gf,3.740,mm,OK,--,5:32:52 PM,11/25/2025,
1162,93.3,gf,3.740,mm,OK,--,5:32:52 PM,11/25/2025,
1163,90.6,gf,3.735,mm,OK,--,5:32:52 PM,11/25/2025,
1164,87.5,gf,3.735,mm,OK,--,5:32:52 PM,11/25/2025,
1165,84.3,gf,3.730,mm,OK,--,5:32:52 PM,11/25/2025,
1166,80.3,gf,3.725,mm,OK,--,5:32:52 PM,11/25/2025,
1167,76.6,gf,3.720,mm,OK,--,5:32:52 PM,11/25/2025,
1168,72.4,gf,3.720,mm,OK,--,5:32:52 PM,11/25/2025,
1169,67.6,gf,3.715,mm,OK,--,5:32:52 PM,11/25/2025,
1170,62.8,gf,3.710,mm,OK,--,5:32:52 PM,11/25/2025,
1171,58.5,gf,3.705,mm,OK,--,5:32:53 PM,11/25/2025,
1172,54.7,gf,3.700,mm,OK,--,5:32:53 PM,11/25/2025,
1173,51.4,gf,3.695,mm,OK,--,5:32:53 PM,11/25/2025,
1174,48.8,gf,3.690,mm,OK,--,5:32:53 PM,11/25/2025,
1175,48.1,gf,3.690,mm,OK,--,5:32:53 PM,11/25/2025,
1176,48.1,gf,3.685,mm,OK,--,5:32:53 PM,11/25/2025,
1177,48.1,gf,3.680,mm,OK,--,5:32:53 PM,11/25/2025,
1178,48.1,gf,3.675,mm,OK,--,5:32:53 PM,11/25/2025,
1179,48.1,gf,3.670,mm,OK,--,5:32:53 PM,11/25/2025,
1180,48.1,gf,3.665,mm,OK,--,5:32:53 PM,11/25/2025,
1181,48.1,gf,3.660,mm,OK,--,5:32:54 PM,11/25/2025,
1182,48.1,gf,3.660,mm,OK,--,5:32:54 PM,11/25/2025,
1183,48.1,gf,3.655,mm,OK,--,5:32:54 PM,11/25/2025,
1184,48.1,gf,3.645,mm,OK,--,5:32:54 PM,11/25/2025,
1185,48.0,gf,3.635,mm,OK,--,5:32:54 PM,11/25/2025,
1186,48.0,gf,3.630,mm,OK,--,5:32:54 PM,11/25/2025,
1187,48.0,gf,3.620,mm,OK,--,5:32:54 PM,11/25/2025,
1188,47.9,gf,3.610,mm,OK,--,5:32:54 PM,11/25/2025,
1189,47.8,gf,3.600,mm,OK,--,5:32:54 PM,11/25/2025,
1190,47.8,gf,3.585,mm,OK,--,5:32:54 PM,11/25/2025,
1191,47.8,gf,3.580,mm,OK,--,5:32:55 PM,11/25/2025,
1192,47.7,gf,3.570,mm,OK,--,5:32:55 PM,11/25/2025,
1193,47.7,gf,3.560,mm,OK,--,5:32:55 PM,11/25/2025,
1194,47.6,gf,3.555,mm,OK,--,5:32:55 PM,11/25/2025,
1195,47.6,gf,3.550,mm,OK,--,5:32:55 PM,11/25/2025,
1196,47.5,gf,3.540,mm,OK,--,5:32:55 PM,11/25/2025,
1197,47.5,gf,3.530,mm,OK,--,5:32:55 PM,11/25/2025,
1198,47.5,gf,3.520,mm,OK,--,5:32:55 PM,11/25/2025,
1199,47.5,gf,3.510,mm,OK,--,5:32:55 PM,11/25/2025,
1200,47.5,gf,3.505,mm,OK,--,5:32:55 PM,11/25/2025,
1201,47.5,gf,3.500,mm,OK,--,5:32:56 PM,11/25/2025,
1202,47.5,gf,3.495,mm,OK,--,5:32:56 PM,11/25/2025,
1203,47.4,gf,3.485,mm,OK,--,5:32:56 PM,11/25/2025,
1204,47.4,gf,3.475,mm,OK,--,5:32:56 PM,11/25/2025,
1205,47.3,gf,3.465,mm,OK,--,5:32:56 PM,11/25/2025,
1206,47.3,gf,3.455,mm,OK,--,5:32:56 PM,11/25/2025,
1207,47.2,gf,3.450,mm,OK,--,5:32:56 PM,11/25/2025,
1208,47.1,gf,3.440,mm,OK,--,5:32:56 PM,11/25/2025,
1209,47.1,gf,3.435,mm,OK,--,5:32:56 PM,11/25/2025,
1210,47.1,gf,3.430,mm,OK,--,5:32:56 PM,11/25/2025,
1211,47.1,gf,3.420,mm,OK,--,5:32:57 PM,11/25/2025,
1212,47.1,gf,3.420,mm,OK,--,5:32:57 PM,11/25/2025,
1213,47.0,gf,3.415,mm,OK,--,5:32:57 PM,11/25/2025,
1214,47.0,gf,3.410,mm,OK,--,5:32:57 PM,11/25/2025,
1215,47.0,gf,3.405,mm,OK,--,5:32:57 PM,11/25/2025,
1216,47.0,gf,3.400,mm,OK,--,5:32:57 PM,11/25/2025,
1217,47.0,gf,3.400,mm,OK,--,5:32:57 PM,11/25/2025,
1218,46.9,gf,3.395,mm,OK,--,5:32:57 PM,11/25/2025,
1219,46.9,gf,3.390,mm,OK,--,5:32:57 PM,11/25/2025,
1220,46.9,gf,3.390,mm,OK,--,5:32:57 PM,11/25/2025,
1221,46.9,gf,3.385,mm,OK,--,5:32:58 PM,11/25/2025,
1222,46.9,gf,3.380,mm,OK,--,5:32:58 PM,11/25/2025,
1223,46.9,gf,3.375,mm,OK,--,5:32:58 PM,11/25/2025,
1224,46.9,gf,3.370,mm,OK,--,5:32:58 PM,11/25/2025,
1225,46.9,gf,3.365,mm,OK,--,5:32:58 PM,11/25/2025,
1226,46.9,gf,3.360,mm,OK,--,5:32:58 PM,11/25/2025,
1227,46.9,gf,3.360,mm,OK,--,5:32:58 PM,11/25/2025,
1228,46.9,gf,3.355,mm,OK,--,5:32:58 PM,11/25/2025,
1229,46.9,gf,3.350,mm,OK,--,5:32:58 PM,11/25/2025,
1230,46.9,gf,3.350,mm,OK,--,5:32:58 PM,11/25/2025,
1231,46.9,gf,3.345,mm,OK,--,5:32:59 PM,11/25/2025,
1232,46.9,gf,3.340,mm,OK,--,5:32:59 PM,11/25/2025,
1233,46.9,gf,3.340,mm,OK,--,5:32:59 PM,11/25/2025,
1234,46.9,gf,3.335,mm,OK,--,5:32:59 PM,11/25/2025,
1235,46.8,gf,3.335,mm,OK,--,5:32:59 PM,11/25/2025,
1236,46.8,gf,3.330,mm,OK,--,5:32:59 PM,11/25/2025,
1237,46.8,gf,3.325,mm,OK,--,5:32:59 PM,11/25/2025,
1238,46.7,gf,3.325,mm,OK,--,5:32:59 PM,11/25/2025,
1239,46.7,gf,3.320,mm,OK,--,5:32:59 PM,11/25/2025,
1240,46.7,gf,3.320,mm,OK,--,5:32:59 PM,11/25/2025,
1241,46.7,gf,3.315,mm,OK,--,5:33:00 PM,11/25/2025,
1242,46.7,gf,3.310,mm,OK,--,5:33:00 PM,11/25/2025,
1243,46.7,gf,3.305,mm,OK,--,5:33:00 PM,11/25/2025,
1244,46.7,gf,3.305,mm,OK,--,5:33:00 PM,11/25/2025,
1245,46.6,gf,3.300,mm,OK,--,5:33:00 PM,11/25/2025,
1246,46.6,gf,3.295,mm,OK,--,5:33:00 PM,11/25/2025,
1247,46.6,gf,3.290,mm,OK,--,5:33:00 PM,11/25/2025,
1248,46.6,gf,3.290,mm,OK,--,5:33:00 PM,11/25/2025,
1249,46.6,gf,3.285,mm,OK,--,5:33:00 PM,11/25/2025,
1250,46.6,gf,3.280,mm,OK,--,5:33:00 PM,11/25/2025,
1251,46.5,gf,3.275,mm,OK,--,5:33:01 PM,11/25/2025,
1252,46.5,gf,3.270,mm,OK,--,5:33:01 PM,11/25/2025,
1253,46.5,gf,3.270,mm,OK,--,5:33:01 PM,11/25/2025,
1254,46.5,gf,3.265,mm,OK,--,5:33:01 PM,11/25/2025,
1255,46.4,gf,3.260,mm,OK,--,5:33:01 PM,11/25/2025,
1256,46.4,gf,3.255,mm,OK,--,5:33:01 PM,11/25/2025,
1257,46.4,gf,3.250,mm,OK,--,5:33:01 PM,11/25/2025,
1258,46.4,gf,3.250,mm,OK,--,5:33:01 PM,11/25/2025,
1259,46.4,gf,3.245,mm,OK,--,5:33:01 PM,11/25/2025,
1260,46.4,gf,3.240,mm,OK,--,5:33:01 PM,11/25/2025,
1261,46.4,gf,3.240,mm,OK,--,5:33:02 PM,11/25/2025,
1262,46.4,gf,3.235,mm,OK,--,5:33:02 PM,11/25/2025,
1263,46.4,gf,3.230,mm,OK,--,5:33:02 PM,11/25/2025,
1264,46.3,gf,3.230,mm,OK,--,5:33:02 PM,11/25/2025,
1265,46.3,gf,3.225,mm,OK,--,5:33:02 PM,11/25/2025,
1266,46.3,gf,3.220,mm,OK,--,5:33:02 PM,11/25/2025,
1267,46.3,gf,3.220,mm,OK,--,5:33:02 PM,11/25/2025,
1268,46.3,gf,3.215,mm,OK,--,5:33:02 PM,11/25/2025,
1269,46.3,gf,3.215,mm,OK,--,5:33:02 PM,11/25/2025,
1270,46.3,gf,3.215,mm,OK,--,5:33:02 PM,11/25/2025,
1271,46.3,gf,3.210,mm,OK,--,5:33:03 PM,11/25/2025,
1272,46.3,gf,3.210,mm,OK,--,5:33:03 PM,11/25/2025,
1273,46.3,gf,3.205,mm,OK,--,5:33:03 PM,11/25/2025,
1274,46.3,gf,3.205,mm,OK,--,5:33:03 PM,11/25/2025,
1275,46.3,gf,3.200,mm,OK,--,5:33:03 PM,11/25/2025,
1276,46.3,gf,3.200,mm,OK,--,5:33:03 PM,11/25/2025,
1277,46.2,gf,3.195,mm,OK,--,5:33:03 PM,11/25/2025,
1278,46.2,gf,3.190,mm,OK,--,5:33:03 PM,11/25/2025,
1279,46.2,gf,3.190,mm,OK,--,5:33:03 PM,11/25/2025,
1280,46.2,gf,3.185,mm,OK,--,5:33:03 PM,11/25/2025,
1281,46.2,gf,3.185,mm,OK,--,5:33:04 PM,11/25/2025,
1282,46.2,gf,3.180,mm,OK,--,5:33:04 PM,11/25/2025,
1283,46.1,gf,3.175,mm,OK,--,5:33:04 PM,11/25/2025,
1284,46.1,gf,3.170,mm,OK,--,5:33:04 PM,11/25/2025,
1285,46.1,gf,3.165,mm,OK,--,5:33:04 PM,11/25/2025,
1286,46.1,gf,3.160,mm,OK,--,5:33:04 PM,11/25/2025,
1287,46.1,gf,3.160,mm,OK,--,5:33:04 PM,11/25/2025,
1288,46.1,gf,3.155,mm,OK,--,5:33:04 PM,11/25/2025,
1289,46.1,gf,3.150,mm,OK,--,5:33:04 PM,11/25/2025,
1290,46.1,gf,3.145,mm,OK,--,5:33:04 PM,11/25/2025,
1291,46.1,gf,3.140,mm,OK,--,5:33:05 PM,11/25/2025,
1292,46.1,gf,3.140,mm,OK,--,5:33:05 PM,11/25/2025,
1293,46.1,gf,3.135,mm,OK,--,5:33:05 PM,11/25/2025,
1294,46.0,gf,3.130,mm,OK,--,5:33:05 PM,11/25/2025,
1295,46.0,gf,3.130,mm,OK,--,5:33:05 PM,11/25/2025,
1296,46.0,gf,3.125,mm,OK,--,5:33:05 PM,11/25/2025,
1297,46.0,gf,3.120,mm,OK,--,5:33:05 PM,11/25/2025,
1298,46.0,gf,3.110,mm,OK,--,5:33:05 PM,11/25/2025,
1299,46.0,gf,3.105,mm,OK,--,5:33:05 PM,11/25/2025,
1300,45.9,gf,3.100,mm,OK,--,5:33:05 PM,11/25/2025,
1301,45.9,gf,3.095,mm,OK,--,5:33:06 PM,11/25/2025,
1302,45.9,gf,3.090,mm,OK,--,5:33:06 PM,11/25/2025,
1303,45.9,gf,3.080,mm,OK,--,5:33:06 PM,11/25/2025,
1304,45.8,gf,3.075,mm,OK,--,5:33:06 PM,11/25/2025,
1305,45.8,gf,3.070,mm,OK,--,5:33:06 PM,11/25/2025,
1306,45.8,gf,3.065,mm,OK,--,5:33:06 PM,11/25/2025,
1307,45.8,gf,3.065,mm,OK,--,5:33:06 PM,11/25/2025,
1308,45.8,gf,3.060,mm,OK,--,5:33:06 PM,11/25/2025,
1309,45.8,gf,3.060,mm,OK,--,5:33:06 PM,11/25/2025,
1310,45.7,gf,3.055,mm,OK,--,5:33:06 PM,11/25/2025,
1311,45.7,gf,3.050,mm,OK,--,5:33:07 PM,11/25/2025,
1312,45.7,gf,3.050,mm,OK,--,5:33:07 PM,11/25/2025,
1313,45.7,gf,3.045,mm,OK,--,5:33:07 PM,11/25/2025,
1314,45.7,gf,3.045,mm,OK,--,5:33:07 PM,11/25/2025,
1315,45.7,gf,3.040,mm,OK,--,5:33:07 PM,11/25/2025,
1316,45.7,gf,3.040,mm,OK,--,5:33:07 PM,11/25/2025,
1317,45.7,gf,3.040,mm,OK,--,5:33:07 PM,11/25/2025,
1318,45.7,gf,3.035,mm,OK,--,5:33:07 PM,11/25/2025,
1319,45.6,gf,3.035,mm,OK,--,5:33:07 PM,11/25/2025,
1320,45.6,gf,3.035,mm,OK,--,5:33:07 PM,11/25/2025,
1321,45.6,gf,3.030,mm,OK,--,5:33:08 PM,11/25/2025,
1322,45.6,gf,3.030,mm,OK,--,5:33:08 PM,11/25/2025,
1323,45.6,gf,3.030,mm,OK,--,5:33:08 PM,11/25/2025,
1324,45.6,gf,3.025,mm,OK,--,5:33:08 PM,11/25/2025,
1325,45.6,gf,3.025,mm,OK,--,5:33:08 PM,11/25/2025,
1326,45.6,gf,3.025,mm,OK,--,5:33:08 PM,11/25/2025,
1327,45.6,gf,3.020,mm,OK,--,5:33:08 PM,11/25/2025,
1328,45.5,gf,3.020,mm,OK,--,5:33:08 PM,11/25/2025,
1329,45.5,gf,3.020,mm,OK,--,5:33:08 PM,11/25/2025,
1330,45.5,gf,3.015,mm,OK,--,5:33:08 PM,11/25/2025,
1331,45.5,gf,3.010,mm,OK,--,5:33:09 PM,11/25/2025,
1332,45.5,gf,3.005,mm,OK,--,5:33:09 PM,11/25/2025,
1333,45.5,gf,3.000,mm,OK,--,5:33:09 PM,11/25/2025,
1334,45.5,gf,3.000,mm,OK,--,5:33:09 PM,11/25/2025,
1335,45.5,gf,2.995,mm,OK,--,5:33:09 PM,11/25/2025,
1336,45.5,gf,2.990,mm,OK,--,5:33:09 PM,11/25/2025,
1337,45.4,gf,2.990,mm,OK,--,5:33:09 PM,11/25/2025,
1338,45.4,gf,2.985,mm,OK,--,5:33:09 PM,11/25/2025,
1339,45.4,gf,2.985,mm,OK,--,5:33:09 PM,11/25/2025,
1340,45.4,gf,2.980,mm,OK,--,5:33:09 PM,11/25/2025,
1341,45.4,gf,2.975,mm,OK,--,5:33:10 PM,11/25/2025,
1342,45.4,gf,2.975,mm,OK,--,5:33:10 PM,11/25/2025,
1343,45.4,gf,2.970,mm,OK,--,5:33:10 PM,11/25/2025,
1344,45.4,gf,2.970,mm,OK,--,5:33:10 PM,11/25/2025,
1345,45.4,gf,2.965,mm,OK,--,5:33:10 PM,11/25/2025,
1346,45.4,gf,2.965,mm,OK,--,5:33:10 PM,11/25/2025,
1347,45.4,gf,2.965,mm,OK,--,5:33:10 PM,11/25/2025,
1348,45.4,gf,2.965,mm,OK,--,5:33:10 PM,11/25/2025,
1349,45.4,gf,2.960,mm,OK,--,5:33:10 PM,11/25/2025,
1350,45.4,gf,2.960,mm,OK,--,5:33:10 PM,11/25/2025,
1351,45.4,gf,2.955,mm,OK,--,5:33:11 PM,11/25/2025,
1352,45.4,gf,2.955,mm,OK,--,5:33:11 PM,11/25/2025,
1353,45.4,gf,2.950,mm,OK,--,5:33:11 PM,11/25/2025,
1354,45.3,gf,2.945,mm,OK,--,5:33:11 PM,11/25/2025,
1355,45.3,gf,2.940,mm,OK,--,5:33:11 PM,11/25/2025,
1356,45.3,gf,2.935,mm,OK,--,5:33:11 PM,11/25/2025,
1357,45.3,gf,2.930,mm,OK,--,5:33:11 PM,11/25/2025,
1358,45.3,gf,2.925,mm,OK,--,5:33:11 PM,11/25/2025,
1359,45.3,gf,2.920,mm,OK,--,5:33:11 PM,11/25/2025,
1360,45.2,gf,2.910,mm,OK,--,5:33:11 PM,11/25/2025,
1361,45.2,gf,2.900,mm,OK,--,5:33:12 PM,11/25/2025,
1362,45.1,gf,2.895,mm,OK,--,5:33:12 PM,11/25/2025,
1363,45.1,gf,2.890,mm,OK,--,5:33:12 PM,11/25/2025,
1364,45.1,gf,2.880,mm,OK,--,5:33:12 PM,11/25/2025,
1365,45.1,gf,2.875,mm,OK,--,5:33:12 PM,11/25/2025,
1366,45.0,gf,2.865,mm,OK,--,5:33:12 PM,11/25/2025,
1367,44.8,gf,2.855,mm,OK,--,5:33:12 PM,11/25/2025,
1368,44.8,gf,2.845,mm,OK,--,5:33:12 PM,11/25/2025,
1369,44.8,gf,2.835,mm,OK,--,5:33:12 PM,11/25/2025,
1370,44.8,gf,2.830,mm,OK,--,5:33:12 PM,11/25/2025,
1371,44.8,gf,2.825,mm,OK,--,5:33:13 PM,11/25/2025,
1372,44.7,gf,2.820,mm,OK,--,5:33:13 PM,11/25/2025,
1373,44.7,gf,2.815,mm,OK,--,5:33:13 PM,11/25/2025,
1374,44.7,gf,2.810,mm,OK,--,5:33:13 PM,11/25/2025,
1375,44.7,gf,2.805,mm,OK,--,5:33:13 PM,11/25/2025,
1376,44.6,gf,2.800,mm,OK,--,5:33:13 PM,11/25/2025,
1377,44.7,gf,2.795,mm,OK,--,5:33:13 PM,11/25/2025,
1378,44.7,gf,2.790,mm,OK,--,5:33:13 PM,11/25/2025,
1379,44.7,gf,2.780,mm,OK,--,5:33:13 PM,11/25/2025,
1380,44.8,gf,2.780,mm,OK,--,5:33:13 PM,11/25/2025,
1381,44.7,gf,2.775,mm,OK,--,5:33:14 PM,11/25/2025,
1382,44.8,gf,2.770,mm,OK,--,5:33:14 PM,11/25/2025,
1383,44.8,gf,2.765,mm,OK,--,5:33:14 PM,11/25/2025,
1384,44.8,gf,2.760,mm,OK,--,5:33:14 PM,11/25/2025,
1385,44.7,gf,2.760,mm,OK,--,5:33:14 PM,11/25/2025,
1386,44.7,gf,2.755,mm,OK,--,5:33:14 PM,11/25/2025,
1387,44.7,gf,2.750,mm,OK,--,5:33:14 PM,11/25/2025,
1388,44.7,gf,2.745,mm,OK,--,5:33:14 PM,11/25/2025,
1389,44.7,gf,2.740,mm,OK,--,5:33:14 PM,11/25/2025,
1390,44.6,gf,2.735,mm,OK,--,5:33:14 PM,11/25/2025,
1391,44.6,gf,2.730,mm,OK,--,5:33:15 PM,11/25/2025,
1392,44.6,gf,2.730,mm,OK,--,5:33:15 PM,11/25/2025,
1393,44.6,gf,2.725,mm,OK,--,5:33:15 PM,11/25/2025,
1394,44.6,gf,2.715,mm,OK,--,5:33:15 PM,11/25/2025,
1395,44.6,gf,2.710,mm,OK,--,5:33:15 PM,11/25/2025,
1396,44.6,gf,2.705,mm,OK,--,5:33:15 PM,11/25/2025,
1397,44.6,gf,2.700,mm,OK,--,5:33:15 PM,11/25/2025,
1398,44.6,gf,2.690,mm,OK,--,5:33:15 PM,11/25/2025,
1399,44.5,gf,2.685,mm,OK,--,5:33:15 PM,11/25/2025,
1400,44.5,gf,2.680,mm,OK,--,5:33:15 PM,11/25/2025,
1401,44.5,gf,2.675,mm,OK,--,5:33:16 PM,11/25/2025,
1402,44.5,gf,2.670,mm,OK,--,5:33:16 PM,11/25/2025,
1403,44.5,gf,2.665,mm,OK,--,5:33:16 PM,11/25/2025,
1404,44.5,gf,2.660,mm,OK,--,5:33:16 PM,11/25/2025,
1405,44.5,gf,2.655,mm,OK,--,5:33:16 PM,11/25/2025,
1406,44.5,gf,2.655,mm,OK,--,5:33:16 PM,11/25/2025,
1407,44.5,gf,2.650,mm,OK,--,5:33:16 PM,11/25/2025,
1408,44.5,gf,2.645,mm,OK,--,5:33:16 PM,11/25/2025,
1409,44.4,gf,2.640,mm,OK,--,5:33:16 PM,11/25/2025,
1410,44.4,gf,2.635,mm,OK,--,5:33:16 PM,11/25/2025,
1411,44.4,gf,2.630,mm,OK,--,5:33:17 PM,11/25/2025,
1412,44.4,gf,2.625,mm,OK,--,5:33:17 PM,11/25/2025,
1413,44.4,gf,2.620,mm,OK,--,5:33:17 PM,11/25/2025,
1414,44.4,gf,2.615,mm,OK,--,5:33:17 PM,11/25/2025,
1415,44.4,gf,2.610,mm,OK,--,5:33:17 PM,11/25/2025,
1416,44.4,gf,2.605,mm,OK,--,5:33:17 PM,11/25/2025,
1417,44.3,gf,2.600,mm,OK,--,5:33:17 PM,11/25/2025,
1418,44.3,gf,2.595,mm,OK,--,5:33:17 PM,11/25/2025,
1419,44.3,gf,2.590,mm,OK,--,5:33:17 PM,11/25/2025,
1420,44.3,gf,2.580,mm,OK,--,5:33:17 PM,11/25/2025,
1421,44.2,gf,2.575,mm,OK,--,5:33:18 PM,11/25/2025,
1422,44.2,gf,2.570,mm,OK,--,5:33:18 PM,11/25/2025,
1423,44.2,gf,2.565,mm,OK,--,5:33:18 PM,11/25/2025,
1424,44.2,gf,2.560,mm,OK,--,5:33:18 PM,11/25/2025,
1425,44.2,gf,2.555,mm,OK,--,5:33:18 PM,11/25/2025,
1426,44.1,gf,2.555,mm,OK,--,5:33:18 PM,11/25/2025,
1427,44.1,gf,2.550,mm,OK,--,5:33:18 PM,11/25/2025,
1428,44.1,gf,2.545,mm,OK,--,5:33:18 PM,11/25/2025,
1429,44.1,gf,2.545,mm,OK,--,5:33:18 PM,11/25/2025,
1430,44.1,gf,2.540,mm,OK,--,5:33:18 PM,11/25/2025,
1431,44.1,gf,2.535,mm,OK,--,5:33:19 PM,11/25/2025,
1432,44.1,gf,2.530,mm,OK,--,5:33:19 PM,11/25/2025,
1433,44.1,gf,2.520,mm,OK,--,5:33:19 PM,11/25/2025,
1434,44.1,gf,2.515,mm,OK,--,5:33:19 PM,11/25/2025,
1435,44.1,gf,2.505,mm,OK,--,5:33:19 PM,11/25/2025,
1436,44.0,gf,2.495,mm,OK,--,5:33:19 PM,11/25/2025,
1437,44.0,gf,2.490,mm,OK,--,5:33:19 PM,11/25/2025,
1438,44.0,gf,2.485,mm,OK,--,5:33:19 PM,11/25/2025,
1439,43.9,gf,2.475,mm,OK,--,5:33:19 PM,11/25/2025,
1440,43.9,gf,2.470,mm,OK,--,5:33:19 PM,11/25/2025,
1441,43.9,gf,2.465,mm,OK,--,5:33:20 PM,11/25/2025,
1442,43.9,gf,2.460,mm,OK,--,5:33:20 PM,11/25/2025,
1443,43.9,gf,2.455,mm,OK,--,5:33:20 PM,11/25/2025,
1444,43.9,gf,2.455,mm,OK,--,5:33:20 PM,11/25/2025,
1445,43.9,gf,2.450,mm,OK,--,5:33:20 PM,11/25/2025,
1446,43.8,gf,2.445,mm,OK,--,5:33:20 PM,11/25/2025,
1447,43.8,gf,2.445,mm,OK,--,5:33:20 PM,11/25/2025,
1448,43.8,gf,2.440,mm,OK,--,5:33:20 PM,11/25/2025,
1449,43.8,gf,2.435,mm,OK,--,5:33:20 PM,11/25/2025,
1450,43.8,gf,2.430,mm,OK,--,5:33:20 PM,11/25/2025,
1451,43.8,gf,2.430,mm,OK,--,5:33:21 PM,11/25/2025,
1452,43.8,gf,2.425,mm,OK,--,5:33:21 PM,11/25/2025,
1453,43.7,gf,2.425,mm,OK,--,5:33:21 PM,11/25/2025,
1454,43.7,gf,2.420,mm,OK,--,5:33:21 PM,11/25/2025,
1455,43.7,gf,2.415,mm,OK,--,5:33:21 PM,11/25/2025,
1456,43.7,gf,2.415,mm,OK,--,5:33:21 PM,11/25/2025,
1457,43.7,gf,2.410,mm,OK,--,5:33:21 PM,11/25/2025,
1458,43.7,gf,2.405,mm,OK,--,5:33:21 PM,11/25/2025,
1459,43.7,gf,2.405,mm,OK,--,5:33:21 PM,11/25/2025,
1460,43.7,gf,2.400,mm,OK,--,5:33:21 PM,11/25/2025,
1461,43.7,gf,2.395,mm,OK,--,5:33:22 PM,11/25/2025,
1462,43.6,gf,2.390,mm,OK,--,5:33:22 PM,11/25/2025,
1463,43.6,gf,2.385,mm,OK,--,5:33:22 PM,11/25/2025,
1464,43.6,gf,2.380,mm,OK,--,5:33:22 PM,11/25/2025,
1465,43.6,gf,2.370,mm,OK,--,5:33:22 PM,11/25/2025,
1466,43.6,gf,2.365,mm,OK,--,5:33:22 PM,11/25/2025,
1467,43.6,gf,2.360,mm,OK,--,5:33:22 PM,11/25/2025,
1468,43.6,gf,2.350,mm,OK,--,5:33:22 PM,11/25/2025,
1469,43.6,gf,2.345,mm,OK,--,5:33:22 PM,11/25/2025,
1470,43.6,gf,2.340,mm,OK,--,5:33:22 PM,11/25/2025,
1471,43.6,gf,2.335,mm,OK,--,5:33:23 PM,11/25/2025,
1472,43.5,gf,2.330,mm,OK,--,5:33:23 PM,11/25/2025,
1473,43.5,gf,2.320,mm,OK,--,5:33:23 PM,11/25/2025,
1474,43.4,gf,2.310,mm,OK,--,5:33:23 PM,11/25/2025,
1475,43.4,gf,2.305,mm,OK,--,5:33:23 PM,11/25/2025,
1476,43.3,gf,2.300,mm,OK,--,5:33:23 PM,11/25/2025,
1477,43.3,gf,2.295,mm,OK,--,5:33:23 PM,11/25/2025,
1478,43.3,gf,2.285,mm,OK,--,5:33:23 PM,11/25/2025,
1479,43.3,gf,2.280,mm,OK,--,5:33:23 PM,11/25/2025,
1480,43.3,gf,2.275,mm,OK,--,5:33:23 PM,11/25/2025,
1481,43.3,gf,2.270,mm,OK,--,5:33:24 PM,11/25/2025,
1482,43.3,gf,2.265,mm,OK,--,5:33:24 PM,11/25/2025,
1483,43.3,gf,2.260,mm,OK,--,5:33:24 PM,11/25/2025,
1484,43.3,gf,2.250,mm,OK,--,5:33:24 PM,11/25/2025,
1485,43.3,gf,2.240,mm,OK,--,5:33:24 PM,11/25/2025,
1486,43.3,gf,2.230,mm,OK,--,5:33:24 PM,11/25/2025,
1487,43.3,gf,2.220,mm,OK,--,5:33:24 PM,11/25/2025,
1488,43.2,gf,2.215,mm,OK,--,5:33:24 PM,11/25/2025,
1489,43.2,gf,2.210,mm,OK,--,5:33:24 PM,11/25/2025,
1490,43.0,gf,2.205,mm,OK,--,5:33:24 PM,11/25/2025,
1491,43.1,gf,2.205,mm,OK,--,5:33:25 PM,11/25/2025,
1492,43.1,gf,2.195,mm,OK,--,5:33:25 PM,11/25/2025,
1493,43.0,gf,2.190,mm,OK,--,5:33:25 PM,11/25/2025,
1494,43.0,gf,2.185,mm,OK,--,5:33:25 PM,11/25/2025,
1495,43.0,gf,2.180,mm,OK,--,5:33:25 PM,11/25/2025,
1496,43.0,gf,2.175,mm,OK,--,5:33:25 PM,11/25/2025,
1497,43.0,gf,2.170,mm,OK,--,5:33:25 PM,11/25/2025,
1498,43.0,gf,2.165,mm,OK,--,5:33:25 PM,11/25/2025,
1499,43.0,gf,2.165,mm,OK,--,5:33:25 PM,11/25/2025,
1500,42.9,gf,2.160,mm,OK,--,5:33:25 PM,11/25/2025,
1501,42.9,gf,2.155,mm,OK,--,5:33:26 PM,11/25/2025,
1502,42.8,gf,2.150,mm,OK,--,5:33:26 PM,11/25/2025,
1503,42.8,gf,2.145,mm,OK,--,5:33:26 PM,11/25/2025,
1504,42.8,gf,2.135,mm,OK,--,5:33:26 PM,11/25/2025,
1505,42.8,gf,2.130,mm,OK,--,5:33:26 PM,11/25/2025,
1506,42.8,gf,2.125,mm,OK,--,5:33:26 PM,11/25/2025,
1507,42.8,gf,2.120,mm,OK,--,5:33:26 PM,11/25/2025,
1508,42.7,gf,2.115,mm,OK,--,5:33:26 PM,11/25/2025,
1509,42.7,gf,2.110,mm,OK,--,5:33:26 PM,11/25/2025,
1510,42.8,gf,2.105,mm,OK,--,5:33:26 PM,11/25/2025,
1511,42.7,gf,2.100,mm,OK,--,5:33:27 PM,11/25/2025,
1512,42.7,gf,2.095,mm,OK,--,5:33:27 PM,11/25/2025,
1513,42.7,gf,2.090,mm,OK,--,5:33:27 PM,11/25/2025,
1514,42.7,gf,2.085,mm,OK,--,5:33:27 PM,11/25/2025,
1515,42.6,gf,2.075,mm,OK,--,5:33:27 PM,11/25/2025,
1516,42.6,gf,2.075,mm,OK,--,5:33:27 PM,11/25/2025,
1517,42.6,gf,2.070,mm,OK,--,5:33:27 PM,11/25/2025,
1518,42.6,gf,2.065,mm,OK,--,5:33:27 PM,11/25/2025,
1519,42.6,gf,2.055,mm,OK,--,5:33:27 PM,11/25/2025,
1520,42.6,gf,2.050,mm,OK,--,5:33:27 PM,11/25/2025,
1521,42.6,gf,2.040,mm,OK,--,5:33:28 PM,11/25/2025,
1522,42.5,gf,2.035,mm,OK,--,5:33:28 PM,11/25/2025,
1523,42.4,gf,2.030,mm,OK,--,5:33:28 PM,11/25/2025,
1524,42.4,gf,2.025,mm,OK,--,5:33:28 PM,11/25/2025,
1525,42.4,gf,2.015,mm,OK,--,5:33:28 PM,11/25/2025,
1526,42.4,gf,2.005,mm,OK,--,5:33:28 PM,11/25/2025,
1527,42.3,gf,1.995,mm,OK,--,5:33:28 PM,11/25/2025,
1528,42.3,gf,1.990,mm,OK,--,5:33:28 PM,11/25/2025,
1529,42.2,gf,1.975,mm,OK,--,5:33:28 PM,11/25/2025,
1530,42.2,gf,1.965,mm,OK,--,5:33:28 PM,11/25/2025,
1531,42.2,gf,1.955,mm,OK,--,5:33:29 PM,11/25/2025,
1532,42.1,gf,1.950,mm,OK,--,5:33:29 PM,11/25/2025,
1533,42.1,gf,1.940,mm,OK,--,5:33:29 PM,11/25/2025,
1534,42.0,gf,1.935,mm,OK,--,5:33:29 PM,11/25/2025,
1535,41.9,gf,1.925,mm,OK,--,5:33:29 PM,11/25/2025,
1536,41.8,gf,1.915,mm,OK,--,5:33:29 PM,11/25/2025,
1537,41.7,gf,1.905,mm,OK,--,5:33:29 PM,11/25/2025,
1538,41.6,gf,1.895,mm,OK,--,5:33:29 PM,11/25/2025,
1539,41.5,gf,1.880,mm,OK,--,5:33:29 PM,11/25/2025,
1540,41.3,gf,1.870,mm,OK,--,5:33:29 PM,11/25/2025,
1541,41.0,gf,1.860,mm,OK,--,5:33:30 PM,11/25/2025,
1542,40.7,gf,1.850,mm,OK,--,5:33:30 PM,11/25/2025,
1543,40.6,gf,1.840,mm,OK,--,5:33:30 PM,11/25/2025,
1544,40.3,gf,1.830,mm,OK,--,5:33:30 PM,11/25/2025,
1545,40.2,gf,1.820,mm,OK,--,5:33:30 PM,11/25/2025,
1546,40.0,gf,1.805,mm,OK,--,5:33:30 PM,11/25/2025,
1547,39.7,gf,1.790,mm,OK,--,5:33:30 PM,11/25/2025,
1548,39.6,gf,1.775,mm,OK,--,5:33:30 PM,11/25/2025,
1549,39.3,gf,1.765,mm,OK,--,5:33:30 PM,11/25/2025,
1550,39.2,gf,1.755,mm,OK,--,5:33:30 PM,11/25/2025,
1551,39.1,gf,1.745,mm,OK,--,5:33:31 PM,11/25/2025,
1552,38.9,gf,1.740,mm,OK,--,5:33:31 PM,11/25/2025,
1553,38.7,gf,1.735,mm,OK,--,5:33:31 PM,11/25/2025,
1554,38.6,gf,1.725,mm,OK,--,5:33:31 PM,11/25/2025,
1555,38.4,gf,1.720,mm,OK,--,5:33:31 PM,11/25/2025,
1556,38.3,gf,1.710,mm,OK,--,5:33:31 PM,11/25/2025,
1557,38.2,gf,1.700,mm,OK,--,5:33:31 PM,11/25/2025,
1558,38.1,gf,1.690,mm,OK,--,5:33:31 PM,11/25/2025,
1559,38.1,gf,1.685,mm,OK,--,5:33:31 PM,11/25/2025,
1560,38.0,gf,1.680,mm,OK,--,5:33:31 PM,11/25/2025,
1561,37.9,gf,1.675,mm,OK,--,5:33:32 PM,11/25/2025,
1562,37.7,gf,1.670,mm,OK,--,5:33:32 PM,11/25/2025,
1563,37.6,gf,1.660,mm,OK,--,5:33:32 PM,11/25/2025,
1564,37.4,gf,1.650,mm,OK,--,5:33:32 PM,11/25/2025,
1565,37.4,gf,1.640,mm,OK,--,5:33:32 PM,11/25/2025,
1566,37.2,gf,1.630,mm,OK,--,5:33:32 PM,11/25/2025,
1567,37.1,gf,1.620,mm,OK,--,5:33:32 PM,11/25/2025,
1568,37.0,gf,1.615,mm,OK,--,5:33:32 PM,11/25/2025,
1569,36.8,gf,1.605,mm,OK,--,5:33:32 PM,11/25/2025,
1570,36.7,gf,1.600,mm,OK,--,5:33:32 PM,11/25/2025,
1571,36.5,gf,1.590,mm,OK,--,5:33:33 PM,11/25/2025,
1572,36.3,gf,1.575,mm,OK,--,5:33:33 PM,11/25/2025,
1573,36.3,gf,1.570,mm,OK,--,5:33:33 PM,11/25/2025,
1574,36.1,gf,1.565,mm,OK,--,5:33:33 PM,11/25/2025,
1575,36.1,gf,1.555,mm,OK,--,5:33:33 PM,11/25/2025,
1576,36.1,gf,1.550,mm,OK,--,5:33:33 PM,11/25/2025,
1577,36.1,gf,1.545,mm,OK,--,5:33:33 PM,11/25/2025,
1578,36.0,gf,1.535,mm,OK,--,5:33:33 PM,11/25/2025,
1579,35.8,gf,1.525,mm,OK,--,5:33:33 PM,11/25/2025,
1580,35.8,gf,1.520,mm,OK,--,5:33:33 PM,11/25/2025,
1581,35.8,gf,1.505,mm,OK,--,5:33:34 PM,11/25/2025,
1582,35.7,gf,1.490,mm,OK,--,5:33:34 PM,11/25/2025,
1583,35.7,gf,1.475,mm,OK,--,5:33:34 PM,11/25/2025,
1584,35.7,gf,1.470,mm,OK,--,5:33:34 PM,11/25/2025,
1585,35.7,gf,1.465,mm,OK,--,5:33:34 PM,11/25/2025,
1586,35.7,gf,1.455,mm,OK,--,5:33:34 PM,11/25/2025,
1587,35.7,gf,1.450,mm,OK,--,5:33:34 PM,11/25/2025,
1588,35.5,gf,1.445,mm,OK,--,5:33:34 PM,11/25/2025,
1589,35.5,gf,1.440,mm,OK,--,5:33:34 PM,11/25/2025,
1590,35.4,gf,1.425,mm,OK,--,5:33:34 PM,11/25/2025,
1591,35.4,gf,1.415,mm,OK,--,5:33:35 PM,11/25/2025,
1592,35.4,gf,1.405,mm,OK,--,5:33:35 PM,11/25/2025,
1593,35.3,gf,1.395,mm,OK,--,5:33:35 PM,11/25/2025,
1594,35.1,gf,1.375,mm,OK,--,5:33:35 PM,11/25/2025,
1595,35.3,gf,1.360,mm,OK,--,5:33:35 PM,11/25/2025,
1596,35.2,gf,1.350,mm,OK,--,5:33:35 PM,11/25/2025,
1597,35.1,gf,1.340,mm,OK,--,5:33:35 PM,11/25/2025,
1598,35.0,gf,1.330,mm,OK,--,5:33:35 PM,11/25/2025,
1599,35.0,gf,1.320,mm,OK,--,5:33:35 PM,11/25/2025,
1600,35.0,gf,1.315,mm,OK,--,5:33:35 PM,11/25/2025,
1601,34.8,gf,1.305,mm,OK,--,5:33:36 PM,11/25/2025,
1602,34.8,gf,1.300,mm,OK,--,5:33:36 PM,11/25/2025,
1603,34.8,gf,1.290,mm,OK,--,5:33:36 PM,11/25/2025,
1604,34.8,gf,1.285,mm,OK,--,5:33:36 PM,11/25/2025,
1605,34.7,gf,1.275,mm,OK,--,5:33:36 PM,11/25/2025,
1606,34.7,gf,1.265,mm,OK,--,5:33:36 PM,11/25/2025,
1607,34.7,gf,1.260,mm,OK,--,5:33:36 PM,11/25/2025,
1608,34.6,gf,1.255,mm,OK,--,5:33:36 PM,11/25/2025,
1609,34.5,gf,1.245,mm,OK,--,5:33:36 PM,11/25/2025,
1610,34.5,gf,1.240,mm,OK,--,5:33:36 PM,11/25/2025,
1611,34.5,gf,1.235,mm,OK,--,5:33:37 PM,11/25/2025,
1612,34.5,gf,1.230,mm,OK,--,5:33:37 PM,11/25/2025,
1613,34.5,gf,1.225,mm,OK,--,5:33:37 PM,11/25/2025,
1614,34.4,gf,1.220,mm,OK,--,5:33:37 PM,11/25/2025,
1615,34.3,gf,1.215,mm,OK,--,5:33:37 PM,11/25/2025,
1616,34.2,gf,1.205,mm,OK,--,5:33:37 PM,11/25/2025,
1617,34.3,gf,1.200,mm,OK,--,5:33:37 PM,11/25/2025,
1618,34.2,gf,1.195,mm,OK,--,5:33:37 PM,11/25/2025,
1619,34.2,gf,1.185,mm,OK,--,5:33:37 PM,11/25/2025,
1620,34.2,gf,1.180,mm,OK,--,5:33:37 PM,11/25/2025,
1621,34.2,gf,1.175,mm,OK,--,5:33:38 PM,11/25/2025,
1622,34.2,gf,1.175,mm,OK,--,5:33:38 PM,11/25/2025,
1623,34.1,gf,1.170,mm,OK,--,5:33:38 PM,11/25/2025,
1624,34.1,gf,1.165,mm,OK,--,5:33:38 PM,11/25/2025,
1625,34.1,gf,1.155,mm,OK,--,5:33:38 PM,11/25/2025,
1626,34.1,gf,1.150,mm,OK,--,5:33:38 PM,11/25/2025,
1627,34.0,gf,1.145,mm,OK,--,5:33:38 PM,11/25/2025,
1628,34.0,gf,1.140,mm,OK,--,5:33:38 PM,11/25/2025,
1629,34.0,gf,1.135,mm,OK,--,5:33:38 PM,11/25/2025,
1630,33.9,gf,1.130,mm,OK,--,5:33:38 PM,11/25/2025,
1631,33.9,gf,1.120,mm,OK,--,5:33:39 PM,11/25/2025,
1632,33.7,gf,1.115,mm,OK,--,5:33:39 PM,11/25/2025,
1633,33.8,gf,1.100,mm,OK,--,5:33:39 PM,11/25/2025,
1634,33.8,gf,1.090,mm,OK,--,5:33:39 PM,11/25/2025,
1635,33.8,gf,1.085,mm,OK,--,5:33:39 PM,11/25/2025,
1636,33.8,gf,1.080,mm,OK,--,5:33:39 PM,11/25/2025,
1637,33.7,gf,1.070,mm,OK,--,5:33:39 PM,11/25/2025,
1638,33.6,gf,1.060,mm,OK,--,5:33:39 PM,11/25/2025,
1639,33.6,gf,1.055,mm,OK,--,5:33:39 PM,11/25/2025,
1640,33.6,gf,1.050,mm,OK,--,5:33:39 PM,11/25/2025,
1641,33.5,gf,1.040,mm,OK,--,5:33:40 PM,11/25/2025,
1642,33.3,gf,1.030,mm,OK,--,5:33:40 PM,11/25/2025,
1643,33.4,gf,1.020,mm,OK,--,5:33:40 PM,11/25/2025,
1644,33.4,gf,1.010,mm,OK,--,5:33:40 PM,11/25/2025,
1645,33.2,gf,1.000,mm,OK,--,5:33:40 PM,11/25/2025,
1646,33.2,gf,0.990,mm,OK,--,5:33:40 PM,11/25/2025,
1647,33.2,gf,0.985,mm,OK,--,5:33:40 PM,11/25/2025,
1648,33.1,gf,0.975,mm,OK,--,5:33:40 PM,11/25/2025,
1649,33.1,gf,0.970,mm,OK,--,5:33:40 PM,11/25/2025,
1650,33.0,gf,0.960,mm,OK,--,5:33:40 PM,11/25/2025,
1651,33.0,gf,0.950,mm,OK,--,5:33:41 PM,11/25/2025,
1652,33.0,gf,0.945,mm,OK,--,5:33:41 PM,11/25/2025,
1653,33.0,gf,0.935,mm,OK,--,5:33:41 PM,11/25/2025,
1654,32.9,gf,0.930,mm,OK,--,5:33:41 PM,11/25/2025,
1655,32.9,gf,0.920,mm,OK,--,5:33:41 PM,11/25/2025,
1656,32.9,gf,0.915,mm,OK,--,5:33:41 PM,11/25/2025,
1657,32.8,gf,0.910,mm,OK,--,5:33:41 PM,11/25/2025,
1658,32.7,gf,0.900,mm,OK,--,5:33:41 PM,11/25/2025,
1659,32.7,gf,0.890,mm,OK,--,5:33:41 PM,11/25/2025,
1660,32.6,gf,0.875,mm,OK,--,5:33:41 PM,11/25/2025,
1661,32.6,gf,0.865,mm,OK,--,5:33:42 PM,11/25/2025,
1662,32.7,gf,0.855,mm,OK,--,5:33:42 PM,11/25/2025,
1663,32.6,gf,0.850,mm,OK,--,5:33:42 PM,11/25/2025,
1664,32.5,gf,0.845,mm,OK,--,5:33:42 PM,11/25/2025,
1665,32.5,gf,0.840,mm,OK,--,5:33:42 PM,11/25/2025,
1666,32.4,gf,0.835,mm,OK,--,5:33:42 PM,11/25/2025,
1667,32.4,gf,0.830,mm,OK,--,5:33:42 PM,11/25/2025,
1668,32.4,gf,0.825,mm,OK,--,5:33:42 PM,11/25/2025,
1669,32.4,gf,0.825,mm,OK,--,5:33:42 PM,11/25/2025,
1670,32.2,gf,0.820,mm,OK,--,5:33:42 PM,11/25/2025,
1671,32.2,gf,0.815,mm,OK,--,5:33:43 PM,11/25/2025,
1672,32.2,gf,0.805,mm,OK,--,5:33:43 PM,11/25/2025,
1673,32.3,gf,0.800,mm,OK,--,5:33:43 PM,11/25/2025,
1674,32.1,gf,0.790,mm,OK,--,5:33:43 PM,11/25/2025,
1675,32.2,gf,0.780,mm,OK,--,5:33:43 PM,11/25/2025,
1676,32.1,gf,0.775,mm,OK,--,5:33:43 PM,11/25/2025,
1677,32.1,gf,0.770,mm,OK,--,5:33:43 PM,11/25/2025,
1678,32.0,gf,0.760,mm,OK,--,5:33:43 PM,11/25/2025,
1679,32.2,gf,0.755,mm,OK,--,5:33:43 PM,11/25/2025,
1680,32.0,gf,0.750,mm,OK,--,5:33:43 PM,11/25/2025,
1681,31.9,gf,0.740,mm,OK,--,5:33:44 PM,11/25/2025,
1682,32.0,gf,0.730,mm,OK,--,5:33:44 PM,11/25/2025,
1683,32.0,gf,0.725,mm,OK,--,5:33:44 PM,11/25/2025,
1684,32.0,gf,0.715,mm,OK,--,5:33:44 PM,11/25/2025,
1685,31.7,gf,0.705,mm,OK,--,5:33:44 PM,11/25/2025,
1686,31.8,gf,0.690,mm,OK,--,5:33:44 PM,11/25/2025,
1687,31.8,gf,0.680,mm,OK,--,5:33:44 PM,11/25/2025,
1688,31.7,gf,0.670,mm,OK,--,5:33:44 PM,11/25/2025,
1689,31.6,gf,0.660,mm,OK,--,5:33:44 PM,11/25/2025,
1690,31.6,gf,0.645,mm,OK,--,5:33:44 PM,11/25/2025,
1691,31.7,gf,0.640,mm,OK,--,5:33:45 PM,11/25/2025,
1692,31.7,gf,0.630,mm,OK,--,5:33:45 PM,11/25/2025,
1693,31.6,gf,0.625,mm,OK,--,5:33:45 PM,11/25/2025,
1694,31.5,gf,0.620,mm,OK,--,5:33:45 PM,11/25/2025,
1695,31.5,gf,0.615,mm,OK,--,5:33:45 PM,11/25/2025,
1696,31.5,gf,0.615,mm,OK,--,5:33:45 PM,11/25/2025,
1697,31.4,gf,0.610,mm,OK,--,5:33:45 PM,11/25/2025,
1698,31.4,gf,0.605,mm,OK,--,5:33:45 PM,11/25/2025,
1699,31.4,gf,0.600,mm,OK,--,5:33:45 PM,11/25/2025,
1700,31.3,gf,0.595,mm,OK,--,5:33:45 PM,11/25/2025,
1701,31.3,gf,0.590,mm,OK,--,5:33:46 PM,11/25/2025,
1702,31.2,gf,0.585,mm,OK,--,5:33:46 PM,11/25/2025,
1703,31.2,gf,0.575,mm,OK,--,5:33:46 PM,11/25/2025,
1704,31.2,gf,0.570,mm,OK,--,5:33:46 PM,11/25/2025,
1705,31.1,gf,0.570,mm,OK,--,5:33:46 PM,11/25/2025,
1706,31.1,gf,0.565,mm,OK,--,5:33:46 PM,11/25/2025,
1707,31.1,gf,0.565,mm,OK,--,5:33:46 PM,11/25/2025,
1708,31.0,gf,0.560,mm,OK,--,5:33:46 PM,11/25/2025,
1709,31.0,gf,0.560,mm,OK,--,5:33:46 PM,11/25/2025,
1710,30.9,gf,0.555,mm,OK,--,5:33:46 PM,11/25/2025,
1711,30.9,gf,0.550,mm,OK,--,5:33:47 PM,11/25/2025,
1712,31.0,gf,0.550,mm,OK,--,5:33:47 PM,11/25/2025,
1713,31.0,gf,0.550,mm,OK,--,5:33:47 PM,11/25/2025,
1714,30.9,gf,0.545,mm,OK,--,5:33:47 PM,11/25/2025,
1715,30.8,gf,0.545,mm,OK,--,5:33:47 PM,11/25/2025,
1716,30.9,gf,0.545,mm,OK,--,5:33:47 PM,11/25/2025,
1717,31.0,gf,0.540,mm,OK,--,5:33:47 PM,11/25/2025,
1718,31.0,gf,0.540,mm,OK,--,5:33:47 PM,11/25/2025,
1719,30.9,gf,0.540,mm,OK,--,5:33:47 PM,11/25/2025,
1720,30.8,gf,0.540,mm,OK,--,5:33:47 PM,11/25/2025,
1721,30.8,gf,0.535,mm,OK,--,5:33:48 PM,11/25/2025,
1722,30.8,gf,0.535,mm,OK,--,5:33:48 PM,11/25/2025,
1723,30.7,gf,0.530,mm,OK,--,5:33:48 PM,11/25/2025,
1724,30.7,gf,0.525,mm,OK,--,5:33:48 PM,11/25/2025,
1725,30.7,gf,0.520,mm,OK,--,5:33:48 PM,11/25/2025,
1726,30.7,gf,0.520,mm,OK,--,5:33:48 PM,11/25/2025,
1727,30.6,gf,0.515,mm,OK,--,5:33:48 PM,11/25/2025,
1728,30.6,gf,0.505,mm,OK,--,5:33:48 PM,11/25/2025,
1729,30.5,gf,0.495,mm,OK,--,5:33:48 PM,11/25/2025,
1730,30.5,gf,0.485,mm,OK,--,5:33:48 PM,11/25/2025,
1731,30.6,gf,0.475,mm,OK,--,5:33:49 PM,11/25/2025,
1732,30.5,gf,0.470,mm,OK,--,5:33:49 PM,11/25/2025,
1733,30.5,gf,0.465,mm,OK,--,5:33:49 PM,11/25/2025,
1734,30.6,gf,0.460,mm,OK,--,5:33:49 PM,11/25/2025,
1735,30.5,gf,0.455,mm,OK,--,5:33:49 PM,11/25/2025,
1736,30.3,gf,0.450,mm,OK,--,5:33:49 PM,11/25/2025,
1737,30.3,gf,0.445,mm,OK,--,5:33:49 PM,11/25/2025,
1738,30.4,gf,0.440,mm,OK,--,5:33:49 PM,11/25/2025,
1739,30.2,gf,0.440,mm,OK,--,5:33:49 PM,11/25/2025,
1740,30.3,gf,0.435,mm,OK,--,5:33:49 PM,11/25/2025,
1741,30.3,gf,0.430,mm,OK,--,5:33:50 PM,11/25/2025,
1742,30.3,gf,0.425,mm,OK,--,5:33:50 PM,11/25/2025,
1743,30.3,gf,0.425,mm,OK,--,5:33:50 PM,11/25/2025,
1744,30.3,gf,0.420,mm,OK,--,5:33:50 PM,11/25/2025,
1745,30.2,gf,0.415,mm,OK,--,5:33:50 PM,11/25/2025,
1746,30.2,gf,0.415,mm,OK,--,5:33:50 PM,11/25/2025,
1747,30.2,gf,0.415,mm,OK,--,5:33:50 PM,11/25/2025,
1748,30.2,gf,0.410,mm,OK,--,5:33:50 PM,11/25/2025,
1749,30.1,gf,0.410,mm,OK,--,5:33:50 PM,11/25/2025,
1750,29.9,gf,0.405,mm,OK,--,5:33:50 PM,11/25/2025,
1751,30.1,gf,0.400,mm,OK,--,5:33:51 PM,11/25/2025,
1752,30.1,gf,0.400,mm,OK,--,5:33:51 PM,11/25/2025,
1753,30.1,gf,0.395,mm,OK,--,5:33:51 PM,11/25/2025,
1754,30.1,gf,0.395,mm,OK,--,5:33:51 PM,11/25/2025,
1755,30.1,gf,0.390,mm,OK,--,5:33:51 PM,11/25/2025,
1756,30.2,gf,0.390,mm,OK,--,5:33:51 PM,11/25/2025,
1757,29.9,gf,0.385,mm,OK,--,5:33:51 PM,11/25/2025,
1758,30.1,gf,0.385,mm,OK,--,5:33:51 PM,11/25/2025,
1759,30.0,gf,0.380,mm,OK,--,5:33:51 PM,11/25/2025,
1760,30.0,gf,0.375,mm,OK,--,5:33:51 PM,11/25/2025,
1761,30.0,gf,0.370,mm,OK,--,5:33:52 PM,11/25/2025,
1762,30.2,gf,0.365,mm,OK,--,5:33:52 PM,11/25/2025,
1763,30.1,gf,0.365,mm,OK,--,5:33:52 PM,11/25/2025,
1764,30.1,gf,0.360,mm,OK,--,5:33:52 PM,11/25/2025,
1765,29.8,gf,0.360,mm,OK,--,5:33:52 PM,11/25/2025,
1766,30.0,gf,0.350,mm,OK,--,5:33:52 PM,11/25/2025,
1767,30.0,gf,0.350,mm,OK,--,5:33:52 PM,11/25/2025,
1768,29.8,gf,0.345,mm,OK,--,5:33:52 PM,11/25/2025,
1769,29.5,gf,0.335,mm,OK,--,5:33:52 PM,11/25/2025,
1770,29.6,gf,0.325,mm,OK,--,5:33:52 PM,11/25/2025,
1771,29.8,gf,0.315,mm,OK,--,5:33:53 PM,11/25/2025,
1772,29.6,gf,0.310,mm,OK,--,5:33:53 PM,11/25/2025,
1773,29.4,gf,0.300,mm,OK,--,5:33:53 PM,11/25/2025,
1774,29.4,gf,0.295,mm,OK,--,5:33:53 PM,11/25/2025,
1775,29.2,gf,0.290,mm,OK,--,5:33:53 PM,11/25/2025,
1776,29.1,gf,0.280,mm,OK,--,5:33:53 PM,11/25/2025,
1777,28.9,gf,0.275,mm,OK,--,5:33:53 PM,11/25/2025,
1778,28.9,gf,0.270,mm,OK,--,5:33:53 PM,11/25/2025,
1779,28.8,gf,0.260,mm,OK,--,5:33:53 PM,11/25/2025,
1780,28.7,gf,0.250,mm,OK,--,5:33:53 PM,11/25/2025,
1781,29.0,gf,0.240,mm,OK,--,5:33:54 PM,11/25/2025,
1782,28.9,gf,0.235,mm,OK,--,5:33:54 PM,11/25/2025,
1783,28.7,gf,0.225,mm,OK,--,5:33:54 PM,11/25/2025,
1784,28.8,gf,0.220,mm,OK,--,5:33:54 PM,11/25/2025,
1785,28.8,gf,0.215,mm,OK,--,5:33:54 PM,11/25/2025,
1786,28.7,gf,0.210,mm,OK,--,5:33:54 PM,11/25/2025,
1787,28.2,gf,0.205,mm,OK,--,5:33:54 PM,11/25/2025,
1788,26.6,gf,0.195,mm,OK,--,5:33:54 PM,11/25/2025,
1789,19.6,gf,0.180,mm,OK,--,5:33:54 PM,11/25/2025,
1790,20.7,gf,0.170,mm,OK,--,5:33:54 PM,11/25/2025,
1791,20.5,gf,0.170,mm,OK,--,5:33:55 PM,11/25/2025,
1792,20.0,gf,0.165,mm,OK,--,5:33:55 PM,11/25/2025,
1793,19.3,gf,0.155,mm,OK,--,5:33:55 PM,11/25/2025,
1794,17.3,gf,0.145,mm,OK,--,5:33:55 PM,11/25/2025,
1795,7.4,gf,0.135,mm,OK,--,5:33:55 PM,11/25/2025,
1796,1.3,gf,0.125,mm,OK,--,5:33:55 PM,11/25/2025,
1797,0.0,gf,0.120,mm,OK,--,5:33:55 PM,11/25/2025,
1798,0.0,gf,0.115,mm,OK,--,5:33:55 PM,11/25/2025,
1799,0.0,gf,0.110,mm,OK,--,5:33:55 PM,11/25/2025,
1800,0.0,gf,0.105,mm,OK,--,5:33:55 PM,11/25/2025,
1801,0.0,gf,0.105,mm,OK,--,5:33:56 PM,11/25/2025,
1802,0.0,gf,0.100,mm,OK,--,5:33:56 PM,11/25/2025,
1803,0.1,gf,0.095,mm,OK,--,5:33:56 PM,11/25/2025,
1804,0.0,gf,0.085,mm,OK,--,5:33:56 PM,11/25/2025,
1805,0.0,gf,0.075,mm,OK,--,5:33:56 PM,11/25/2025,
1806,0.0,gf,0.065,mm,OK,--,5:33:56 PM,11/25/2025,
1807,0.1,gf,0.055,mm,OK,--,5:33:56 PM,11/25/2025,
1808,0.0,gf,0.040,mm,OK,--,5:33:56 PM,11/25/2025,
1809,0.1,gf,0.030,mm,OK,--,5:33:56 PM,11/25/2025,
1810,0.0,gf,0.010,mm,OK,--,5:33:56 PM,11/25/2025,
1811,0.1,gf,0.000,mm,OK,--,5:33:57 PM,11/25/2025,
1812,0.1,gf,0.000,mm,OK,--,5:33:57 PM,11/25/2025,
1813,0.1,gf,0.000,mm,OK,--,5:33:57 PM,11/25/2025,
1814,0.0,gf,0.000,mm,OK,--,5:33:57 PM,11/25/2025,
1815,0.1,gf,0.000,mm,OK,--,5:33:57 PM,11/25/2025,
1816,0.1,gf,0.000,mm,OK,--,5:33:57 PM,11/25/2025,
1817,0.0,gf,0.000,mm,OK,--,5:33:57 PM,11/25/2025,
1818,0.0,gf,0.000,mm,OK,--,5:33:57 PM,11/25/2025,
1819,0.0,gf,0.000,mm,OK,--,5:33:57 PM,11/25/2025,
1820,0.0,gf,0.000,mm,OK,--,5:33:57 PM,11/25/2025,
1821,-0.1,gf,0.000,mm,OK,--,5:33:58 PM,11/25/2025,
1822,0.1,gf,0.000,mm,OK,--,5:33:58 PM,11/25/2025,
1823,0.0,gf,0.005,mm,OK,--,5:33:58 PM,11/25/2025,
1824,0.0,gf,0.005,mm,OK,--,5:33:58 PM,11/25/2025,
1825,0.0,gf,0.010,mm,OK,--,5:33:58 PM,11/25/2025,
1826,0.0,gf,0.015,mm,OK,--,5:33:58 PM,11/25/2025,
1827,0.0,gf,0.020,mm,OK,--,5:33:58 PM,11/25/2025,
1828,0.0,gf,0.025,mm,OK,--,5:33:58 PM,11/25/2025,
1829,0.0,gf,0.025,mm,OK,--,5:33:58 PM,11/25/2025,
1830,0.1,gf,0.030,mm,OK,--,5:33:58 PM,11/25/2025,
1831,0.0,gf,0.035,mm,OK,--,5:33:59 PM,11/25/2025,
1832,0.0,gf,0.040,mm,OK,--,5:33:59 PM,11/25/2025,
1833,0.1,gf,0.040,mm,OK,--,5:33:59 PM,11/25/2025,
1834,0.1,gf,0.045,mm,OK,--,5:33:59 PM,11/25/2025,
1835,0.0,gf,0.050,mm,OK,--,5:33:59 PM,11/25/2025,
1836,0.0,gf,0.050,mm,OK,--,5:33:59 PM,11/25/2025,
1837,0.0,gf,0.055,mm,OK,--,5:33:59 PM,11/25/2025,
1838,0.0,gf,0.060,mm,OK,--,5:33:59 PM,11/25/2025,
