Maximum,194.3,@,No.963,,,,,,
Minimum,-0.2,@,No.16,,,,,,
Average,52.08,,,,,,,,
Data Quantity,1928,,,,,,,,
Number of NG,0,,,,,,,,
No.,Force,Unit,Displacement,Unit,Judge,Position,Time,Date,
1,0.0,gf,0.000,mm,OK,--,5:58:29 PM,12/26/2024,
2,0.0,gf,0.000,mm,OK,--,5:58:29 PM,12/26/2024,
3,0.0,gf,0.000,mm,OK,--,5:58:30 PM,12/26/2024,
4,0.0,gf,0.000,mm,OK,--,5:58:30 PM,12/26/2024,
5,0.0,gf,0.000,mm,OK,--,5:58:30 PM,12/26/2024,
6,0.0,gf,0.000,mm,OK,--,5:58:30 PM,12/26/2024,
7,0.0,gf,0.000,mm,OK,--,5:58:30 PM,12/26/2024,
8,0.0,gf,0.000,mm,OK,--,5:58:30 PM,12/26/2024,
9,0.0,gf,0.000,mm,OK,--,5:58:30 PM,12/26/2024,
10,0.0,gf,0.000,mm,OK,--,5:58:30 PM,12/26/2024,
11,0.0,gf,0.000,mm,OK,--,5:58:30 PM,12/26/2024,
12,0.0,gf,0.000,mm,OK,--,5:58:30 PM,12/26/2024,
13,0.0,gf,0.000,mm,OK,--,5:58:31 PM,12/26/2024,
14,0.1,gf,0.000,mm,OK,--,5:58:31 PM,12/26/2024,
15,-0.1,gf,0.000,mm,OK,--,5:58:31 PM,12/26/2024,
16,-0.2,gf,0.000,mm,OK,--,5:58:31 PM,12/26/2024,
17,0.0,gf,0.000,mm,OK,--,5:58:31 PM,12/26/2024,
18,0.0,gf,0.000,mm,OK,--,5:58:31 PM,12/26/2024,
19,0.0,gf,0.000,mm,OK,--,5:58:31 PM,12/26/2024,
20,-0.1,gf,0.000,mm,OK,--,5:58:31 PM,12/26/2024,
21,0.0,gf,0.000,mm,OK,--,5:58:31 PM,12/26/2024,
22,0.0,gf,0.000,mm,OK,--,5:58:31 PM,12/26/2024,
23,0.0,gf,0.000,mm,OK,--,5:58:32 PM,12/26/2024,
24,0.0,gf,0.005,mm,OK,--,5:58:32 PM,12/26/2024,
25,0.0,gf,0.005,mm,OK,--,5:58:32 PM,12/26/2024,
26,0.0,gf,0.005,mm,OK,--,5:58:32 PM,12/26/2024,
27,0.0,gf,0.005,mm,OK,--,5:58:32 PM,12/26/2024,
28,0.0,gf,0.010,mm,OK,--,5:58:32 PM,12/26/2024,
29,0.0,gf,0.015,mm,OK,--,5:58:32 PM,12/26/2024,
30,0.0,gf,0.020,mm,OK,--,5:58:32 PM,12/26/2024,
31,0.0,gf,0.025,mm,OK,--,5:58:32 PM,12/26/2024,
32,0.0,gf,0.035,mm,OK,--,5:58:32 PM,12/26/2024,
33,0.0,gf,0.040,mm,OK,--,5:58:33 PM,12/26/2024,
34,0.0,gf,0.050,mm,OK,--,5:58:33 PM,12/26/2024,
35,0.0,gf,0.055,mm,OK,--,5:58:33 PM,12/26/2024,
36,0.0,gf,0.065,mm,OK,--,5:58:33 PM,12/26/2024,
37,0.0,gf,0.065,mm,OK,--,5:58:33 PM,12/26/2024,
38,0.0,gf,0.070,mm,OK,--,5:58:33 PM,12/26/2024,
39,0.0,gf,0.075,mm,OK,--,5:58:33 PM,12/26/2024,
40,0.0,gf,0.080,mm,OK,--,5:58:33 PM,12/26/2024,
41,0.0,gf,0.080,mm,OK,--,5:58:33 PM,12/26/2024,
42,0.0,gf,0.080,mm,OK,--,5:58:33 PM,12/26/2024,
43,0.0,gf,0.085,mm,OK,--,5:58:34 PM,12/26/2024,
44,0.0,gf,0.085,mm,OK,--,5:58:34 PM,12/26/2024,
45,0.0,gf,0.085,mm,OK,--,5:58:34 PM,12/26/2024,
46,0.0,gf,0.090,mm,OK,--,5:58:34 PM,12/26/2024,
47,0.0,gf,0.090,mm,OK,--,5:58:34 PM,12/26/2024,
48,0.0,gf,0.090,mm,OK,--,5:58:34 PM,12/26/2024,
49,0.0,gf,0.095,mm,OK,--,5:58:34 PM,12/26/2024,
50,0.0,gf,0.095,mm,OK,--,5:58:34 PM,12/26/2024,
51,0.0,gf,0.100,mm,OK,--,5:58:34 PM,12/26/2024,
52,0.0,gf,0.105,mm,OK,--,5:58:34 PM,12/26/2024,
53,0.0,gf,0.105,mm,OK,--,5:58:35 PM,12/26/2024,
54,0.0,gf,0.110,mm,OK,--,5:58:35 PM,12/26/2024,
55,0.0,gf,0.110,mm,OK,--,5:58:35 PM,12/26/2024,
56,0.0,gf,0.110,mm,OK,--,5:58:35 PM,12/26/2024,
57,0.0,gf,0.115,mm,OK,--,5:58:35 PM,12/26/2024,
58,0.0,gf,0.120,mm,OK,--,5:58:35 PM,12/26/2024,
59,0.0,gf,0.130,mm,OK,--,5:58:35 PM,12/26/2024,
60,0.0,gf,0.135,mm,OK,--,5:58:35 PM,12/26/2024,
61,0.0,gf,0.140,mm,OK,--,5:58:35 PM,12/26/2024,
62,0.0,gf,0.150,mm,OK,--,5:58:35 PM,12/26/2024,
63,0.0,gf,0.155,mm,OK,--,5:58:36 PM,12/26/2024,
64,0.0,gf,0.160,mm,OK,--,5:58:36 PM,12/26/2024,
65,0.0,gf,0.165,mm,OK,--,5:58:36 PM,12/26/2024,
66,0.0,gf,0.165,mm,OK,--,5:58:36 PM,12/26/2024,
67,0.0,gf,0.170,mm,OK,--,5:58:36 PM,12/26/2024,
68,0.0,gf,0.175,mm,OK,--,5:58:36 PM,12/26/2024,
69,0.0,gf,0.180,mm,OK,--,5:58:36 PM,12/26/2024,
70,0.0,gf,0.185,mm,OK,--,5:58:36 PM,12/26/2024,
71,0.0,gf,0.190,mm,OK,--,5:58:36 PM,12/26/2024,
72,0.0,gf,0.195,mm,OK,--,5:58:36 PM,12/26/2024,
73,0.0,gf,0.200,mm,OK,--,5:58:37 PM,12/26/2024,
74,0.0,gf,0.205,mm,OK,--,5:58:37 PM,12/26/2024,
75,0.0,gf,0.210,mm,OK,--,5:58:37 PM,12/26/2024,
76,0.8,gf,0.215,mm,OK,--,5:58:37 PM,12/26/2024,
77,7.0,gf,0.225,mm,OK,--,5:58:37 PM,12/26/2024,
78,13.5,gf,0.235,mm,OK,--,5:58:37 PM,12/26/2024,
79,18.5,gf,0.240,mm,OK,--,5:58:37 PM,12/26/2024,
80,22.2,gf,0.245,mm,OK,--,5:58:37 PM,12/26/2024,
81,25.1,gf,0.245,mm,OK,--,5:58:37 PM,12/26/2024,
82,27.5,gf,0.250,mm,OK,--,5:58:37 PM,12/26/2024,
83,30.2,gf,0.250,mm,OK,--,5:58:38 PM,12/26/2024,
84,33.5,gf,0.255,mm,OK,--,5:58:38 PM,12/26/2024,
85,35.9,gf,0.260,mm,OK,--,5:58:38 PM,12/26/2024,
86,38.0,gf,0.260,mm,OK,--,5:58:38 PM,12/26/2024,
87,39.7,gf,0.265,mm,OK,--,5:58:38 PM,12/26/2024,
88,41.8,gf,0.265,mm,OK,--,5:58:38 PM,12/26/2024,
89,42.9,gf,0.270,mm,OK,--,5:58:38 PM,12/26/2024,
90,42.7,gf,0.270,mm,OK,--,5:58:38 PM,12/26/2024,
91,42.7,gf,0.270,mm,OK,--,5:58:38 PM,12/26/2024,
92,42.8,gf,0.275,mm,OK,--,5:58:38 PM,12/26/2024,
93,42.9,gf,0.275,mm,OK,--,5:58:39 PM,12/26/2024,
94,42.9,gf,0.280,mm,OK,--,5:58:39 PM,12/26/2024,
95,42.7,gf,0.280,mm,OK,--,5:58:39 PM,12/26/2024,
96,42.6,gf,0.285,mm,OK,--,5:58:39 PM,12/26/2024,
97,43.1,gf,0.285,mm,OK,--,5:58:39 PM,12/26/2024,
98,43.2,gf,0.290,mm,OK,--,5:58:39 PM,12/26/2024,
99,42.8,gf,0.290,mm,OK,--,5:58:39 PM,12/26/2024,
100,43.3,gf,0.295,mm,OK,--,5:58:39 PM,12/26/2024,
101,43.3,gf,0.295,mm,OK,--,5:58:39 PM,12/26/2024,
102,43.4,gf,0.300,mm,OK,--,5:58:39 PM,12/26/2024,
103,43.1,gf,0.305,mm,OK,--,5:58:40 PM,12/26/2024,
104,43.2,gf,0.310,mm,OK,--,5:58:40 PM,12/26/2024,
105,43.1,gf,0.310,mm,OK,--,5:58:40 PM,12/26/2024,
106,43.6,gf,0.315,mm,OK,--,5:58:40 PM,12/26/2024,
107,43.6,gf,0.320,mm,OK,--,5:58:40 PM,12/26/2024,
108,43.3,gf,0.325,mm,OK,--,5:58:40 PM,12/26/2024,
109,43.2,gf,0.325,mm,OK,--,5:58:40 PM,12/26/2024,
110,42.9,gf,0.330,mm,OK,--,5:58:40 PM,12/26/2024,
111,42.8,gf,0.330,mm,OK,--,5:58:40 PM,12/26/2024,
112,43.7,gf,0.335,mm,OK,--,5:58:40 PM,12/26/2024,
113,43.5,gf,0.340,mm,OK,--,5:58:41 PM,12/26/2024,
114,43.3,gf,0.345,mm,OK,--,5:58:41 PM,12/26/2024,
115,43.0,gf,0.355,mm,OK,--,5:58:41 PM,12/26/2024,
116,42.9,gf,0.360,mm,OK,--,5:58:41 PM,12/26/2024,
117,42.9,gf,0.365,mm,OK,--,5:58:41 PM,12/26/2024,
118,43.0,gf,0.375,mm,OK,--,5:58:41 PM,12/26/2024,
119,43.0,gf,0.380,mm,OK,--,5:58:41 PM,12/26/2024,
120,43.0,gf,0.390,mm,OK,--,5:58:41 PM,12/26/2024,
121,43.1,gf,0.395,mm,OK,--,5:58:41 PM,12/26/2024,
122,43.0,gf,0.400,mm,OK,--,5:58:41 PM,12/26/2024,
123,43.2,gf,0.405,mm,OK,--,5:58:42 PM,12/26/2024,
124,43.3,gf,0.410,mm,OK,--,5:58:42 PM,12/26/2024,
125,43.2,gf,0.410,mm,OK,--,5:58:42 PM,12/26/2024,
126,43.3,gf,0.415,mm,OK,--,5:58:42 PM,12/26/2024,
127,43.5,gf,0.415,mm,OK,--,5:58:42 PM,12/26/2024,
128,43.5,gf,0.420,mm,OK,--,5:58:42 PM,12/26/2024,
129,43.7,gf,0.420,mm,OK,--,5:58:42 PM,12/26/2024,
130,43.9,gf,0.420,mm,OK,--,5:58:42 PM,12/26/2024,
131,43.8,gf,0.425,mm,OK,--,5:58:42 PM,12/26/2024,
132,43.9,gf,0.425,mm,OK,--,5:58:42 PM,12/26/2024,
133,44.0,gf,0.430,mm,OK,--,5:58:43 PM,12/26/2024,
134,43.8,gf,0.430,mm,OK,--,5:58:43 PM,12/26/2024,
135,43.7,gf,0.435,mm,OK,--,5:58:43 PM,12/26/2024,
136,43.8,gf,0.435,mm,OK,--,5:58:43 PM,12/26/2024,
137,43.7,gf,0.440,mm,OK,--,5:58:43 PM,12/26/2024,
138,43.8,gf,0.440,mm,OK,--,5:58:43 PM,12/26/2024,
139,43.8,gf,0.445,mm,OK,--,5:58:43 PM,12/26/2024,
140,43.7,gf,0.450,mm,OK,--,5:58:43 PM,12/26/2024,
141,43.8,gf,0.450,mm,OK,--,5:58:43 PM,12/26/2024,
142,43.7,gf,0.455,mm,OK,--,5:58:43 PM,12/26/2024,
143,43.8,gf,0.460,mm,OK,--,5:58:44 PM,12/26/2024,
144,44.1,gf,0.460,mm,OK,--,5:58:44 PM,12/26/2024,
145,44.2,gf,0.465,mm,OK,--,5:58:44 PM,12/26/2024,
146,44.3,gf,0.465,mm,OK,--,5:58:44 PM,12/26/2024,
147,44.3,gf,0.465,mm,OK,--,5:58:44 PM,12/26/2024,
148,44.3,gf,0.470,mm,OK,--,5:58:44 PM,12/26/2024,
149,44.2,gf,0.470,mm,OK,--,5:58:44 PM,12/26/2024,
150,44.1,gf,0.470,mm,OK,--,5:58:44 PM,12/26/2024,
151,44.0,gf,0.470,mm,OK,--,5:58:44 PM,12/26/2024,
152,44.1,gf,0.470,mm,OK,--,5:58:44 PM,12/26/2024,
153,44.0,gf,0.470,mm,OK,--,5:58:45 PM,12/26/2024,
154,44.4,gf,0.470,mm,OK,--,5:58:45 PM,12/26/2024,
155,44.1,gf,0.475,mm,OK,--,5:58:45 PM,12/26/2024,
156,45.0,gf,0.475,mm,OK,--,5:58:45 PM,12/26/2024,
157,44.9,gf,0.475,mm,OK,--,5:58:45 PM,12/26/2024,
158,44.4,gf,0.475,mm,OK,--,5:58:45 PM,12/26/2024,
159,44.4,gf,0.475,mm,OK,--,5:58:45 PM,12/26/2024,
160,44.7,gf,0.480,mm,OK,--,5:58:45 PM,12/26/2024,
161,44.9,gf,0.480,mm,OK,--,5:58:45 PM,12/26/2024,
162,44.8,gf,0.480,mm,OK,--,5:58:45 PM,12/26/2024,
163,44.6,gf,0.480,mm,OK,--,5:58:46 PM,12/26/2024,
164,44.4,gf,0.480,mm,OK,--,5:58:46 PM,12/26/2024,
165,44.4,gf,0.485,mm,OK,--,5:58:46 PM,12/26/2024,
166,44.4,gf,0.485,mm,OK,--,5:58:46 PM,12/26/2024,
167,44.5,gf,0.485,mm,OK,--,5:58:46 PM,12/26/2024,
168,44.5,gf,0.485,mm,OK,--,5:58:46 PM,12/26/2024,
169,45.0,gf,0.485,mm,OK,--,5:58:46 PM,12/26/2024,
170,45.1,gf,0.485,mm,OK,--,5:58:46 PM,12/26/2024,
171,45.0,gf,0.485,mm,OK,--,5:58:46 PM,12/26/2024,
172,44.7,gf,0.485,mm,OK,--,5:58:46 PM,12/26/2024,
173,44.8,gf,0.485,mm,OK,--,5:58:47 PM,12/26/2024,
174,45.1,gf,0.485,mm,OK,--,5:58:47 PM,12/26/2024,
175,44.8,gf,0.485,mm,OK,--,5:58:47 PM,12/26/2024,
176,45.1,gf,0.490,mm,OK,--,5:58:47 PM,12/26/2024,
177,45.2,gf,0.490,mm,OK,--,5:58:47 PM,12/26/2024,
178,45.0,gf,0.490,mm,OK,--,5:58:47 PM,12/26/2024,
179,45.0,gf,0.490,mm,OK,--,5:58:47 PM,12/26/2024,
180,45.1,gf,0.490,mm,OK,--,5:58:47 PM,12/26/2024,
181,45.3,gf,0.490,mm,OK,--,5:58:47 PM,12/26/2024,
182,45.3,gf,0.490,mm,OK,--,5:58:47 PM,12/26/2024,
183,45.1,gf,0.490,mm,OK,--,5:58:48 PM,12/26/2024,
184,45.2,gf,0.495,mm,OK,--,5:58:48 PM,12/26/2024,
185,45.1,gf,0.495,mm,OK,--,5:58:48 PM,12/26/2024,
186,45.0,gf,0.495,mm,OK,--,5:58:48 PM,12/26/2024,
187,45.1,gf,0.495,mm,OK,--,5:58:48 PM,12/26/2024,
188,45.2,gf,0.495,mm,OK,--,5:58:48 PM,12/26/2024,
189,45.4,gf,0.500,mm,OK,--,5:58:48 PM,12/26/2024,
190,45.0,gf,0.500,mm,OK,--,5:58:48 PM,12/26/2024,
191,44.8,gf,0.505,mm,OK,--,5:58:48 PM,12/26/2024,
192,44.8,gf,0.505,mm,OK,--,5:58:48 PM,12/26/2024,
193,45.0,gf,0.510,mm,OK,--,5:58:49 PM,12/26/2024,
194,45.0,gf,0.510,mm,OK,--,5:58:49 PM,12/26/2024,
195,44.8,gf,0.515,mm,OK,--,5:58:49 PM,12/26/2024,
196,44.8,gf,0.520,mm,OK,--,5:58:49 PM,12/26/2024,
197,44.8,gf,0.520,mm,OK,--,5:58:49 PM,12/26/2024,
198,44.9,gf,0.525,mm,OK,--,5:58:49 PM,12/26/2024,
199,44.8,gf,0.530,mm,OK,--,5:58:49 PM,12/26/2024,
200,44.7,gf,0.535,mm,OK,--,5:58:49 PM,12/26/2024,
201,44.8,gf,0.540,mm,OK,--,5:58:49 PM,12/26/2024,
202,45.0,gf,0.540,mm,OK,--,5:58:49 PM,12/26/2024,
203,44.9,gf,0.545,mm,OK,--,5:58:50 PM,12/26/2024,
204,44.9,gf,0.550,mm,OK,--,5:58:50 PM,12/26/2024,
205,44.9,gf,0.550,mm,OK,--,5:58:50 PM,12/26/2024,
206,44.7,gf,0.555,mm,OK,--,5:58:50 PM,12/26/2024,
207,44.9,gf,0.555,mm,OK,--,5:58:50 PM,12/26/2024,
208,44.9,gf,0.560,mm,OK,--,5:58:50 PM,12/26/2024,
209,45.0,gf,0.560,mm,OK,--,5:58:50 PM,12/26/2024,
210,45.0,gf,0.560,mm,OK,--,5:58:50 PM,12/26/2024,
211,45.2,gf,0.560,mm,OK,--,5:58:50 PM,12/26/2024,
212,45.4,gf,0.565,mm,OK,--,5:58:50 PM,12/26/2024,
213,45.5,gf,0.565,mm,OK,--,5:58:51 PM,12/26/2024,
214,45.8,gf,0.565,mm,OK,--,5:58:51 PM,12/26/2024,
215,45.3,gf,0.570,mm,OK,--,5:58:51 PM,12/26/2024,
216,45.2,gf,0.575,mm,OK,--,5:58:51 PM,12/26/2024,
217,45.1,gf,0.580,mm,OK,--,5:58:51 PM,12/26/2024,
218,45.2,gf,0.580,mm,OK,--,5:58:51 PM,12/26/2024,
219,45.1,gf,0.585,mm,OK,--,5:58:51 PM,12/26/2024,
220,45.2,gf,0.590,mm,OK,--,5:58:51 PM,12/26/2024,
221,45.2,gf,0.590,mm,OK,--,5:58:51 PM,12/26/2024,
222,45.3,gf,0.595,mm,OK,--,5:58:51 PM,12/26/2024,
223,45.3,gf,0.595,mm,OK,--,5:58:52 PM,12/26/2024,
224,45.4,gf,0.600,mm,OK,--,5:58:52 PM,12/26/2024,
225,45.2,gf,0.605,mm,OK,--,5:58:52 PM,12/26/2024,
226,45.3,gf,0.610,mm,OK,--,5:58:52 PM,12/26/2024,
227,45.3,gf,0.615,mm,OK,--,5:58:52 PM,12/26/2024,
228,45.4,gf,0.625,mm,OK,--,5:58:52 PM,12/26/2024,
229,45.3,gf,0.630,mm,OK,--,5:58:52 PM,12/26/2024,
230,45.4,gf,0.635,mm,OK,--,5:58:52 PM,12/26/2024,
231,45.5,gf,0.645,mm,OK,--,5:58:52 PM,12/26/2024,
232,45.4,gf,0.650,mm,OK,--,5:58:52 PM,12/26/2024,
233,45.4,gf,0.655,mm,OK,--,5:58:53 PM,12/26/2024,
234,45.5,gf,0.660,mm,OK,--,5:58:53 PM,12/26/2024,
235,45.4,gf,0.670,mm,OK,--,5:58:53 PM,12/26/2024,
236,45.5,gf,0.675,mm,OK,--,5:58:53 PM,12/26/2024,
237,45.6,gf,0.680,mm,OK,--,5:58:53 PM,12/26/2024,
238,45.6,gf,0.685,mm,OK,--,5:58:53 PM,12/26/2024,
239,45.8,gf,0.690,mm,OK,--,5:58:53 PM,12/26/2024,
240,46.1,gf,0.695,mm,OK,--,5:58:53 PM,12/26/2024,
241,46.0,gf,0.700,mm,OK,--,5:58:53 PM,12/26/2024,
242,45.8,gf,0.705,mm,OK,--,5:58:53 PM,12/26/2024,
243,45.9,gf,0.710,mm,OK,--,5:58:54 PM,12/26/2024,
244,45.9,gf,0.715,mm,OK,--,5:58:54 PM,12/26/2024,
245,45.8,gf,0.720,mm,OK,--,5:58:54 PM,12/26/2024,
246,45.8,gf,0.725,mm,OK,--,5:58:54 PM,12/26/2024,
247,45.9,gf,0.735,mm,OK,--,5:58:54 PM,12/26/2024,
248,45.8,gf,0.740,mm,OK,--,5:58:54 PM,12/26/2024,
249,46.0,gf,0.745,mm,OK,--,5:58:54 PM,12/26/2024,
250,46.1,gf,0.750,mm,OK,--,5:58:54 PM,12/26/2024,
251,46.4,gf,0.755,mm,OK,--,5:58:54 PM,12/26/2024,
252,46.2,gf,0.765,mm,OK,--,5:58:54 PM,12/26/2024,
253,46.4,gf,0.770,mm,OK,--,5:58:55 PM,12/26/2024,
254,46.3,gf,0.775,mm,OK,--,5:58:55 PM,12/26/2024,
255,46.4,gf,0.780,mm,OK,--,5:58:55 PM,12/26/2024,
256,46.2,gf,0.785,mm,OK,--,5:58:55 PM,12/26/2024,
257,46.5,gf,0.795,mm,OK,--,5:58:55 PM,12/26/2024,
258,46.4,gf,0.800,mm,OK,--,5:58:55 PM,12/26/2024,
259,46.4,gf,0.805,mm,OK,--,5:58:55 PM,12/26/2024,
260,46.0,gf,0.815,mm,OK,--,5:58:55 PM,12/26/2024,
261,46.1,gf,0.820,mm,OK,--,5:58:55 PM,12/26/2024,
262,46.2,gf,0.830,mm,OK,--,5:58:55 PM,12/26/2024,
263,46.2,gf,0.835,mm,OK,--,5:58:56 PM,12/26/2024,
264,46.3,gf,0.840,mm,OK,--,5:58:56 PM,12/26/2024,
265,46.3,gf,0.845,mm,OK,--,5:58:56 PM,12/26/2024,
266,46.4,gf,0.850,mm,OK,--,5:58:56 PM,12/26/2024,
267,46.4,gf,0.855,mm,OK,--,5:58:56 PM,12/26/2024,
268,46.5,gf,0.855,mm,OK,--,5:58:56 PM,12/26/2024,
269,46.5,gf,0.860,mm,OK,--,5:58:56 PM,12/26/2024,
270,46.6,gf,0.865,mm,OK,--,5:58:56 PM,12/26/2024,
271,46.7,gf,0.865,mm,OK,--,5:58:56 PM,12/26/2024,
272,47.0,gf,0.870,mm,OK,--,5:58:56 PM,12/26/2024,
273,46.9,gf,0.875,mm,OK,--,5:58:57 PM,12/26/2024,
274,46.7,gf,0.875,mm,OK,--,5:58:57 PM,12/26/2024,
275,47.0,gf,0.880,mm,OK,--,5:58:57 PM,12/26/2024,
276,46.8,gf,0.885,mm,OK,--,5:58:57 PM,12/26/2024,
277,46.9,gf,0.890,mm,OK,--,5:58:57 PM,12/26/2024,
278,47.0,gf,0.890,mm,OK,--,5:58:57 PM,12/26/2024,
279,47.0,gf,0.895,mm,OK,--,5:58:57 PM,12/26/2024,
280,46.9,gf,0.900,mm,OK,--,5:58:57 PM,12/26/2024,
281,46.8,gf,0.905,mm,OK,--,5:58:57 PM,12/26/2024,
282,47.0,gf,0.905,mm,OK,--,5:58:57 PM,12/26/2024,
283,46.9,gf,0.910,mm,OK,--,5:58:58 PM,12/26/2024,
284,46.9,gf,0.915,mm,OK,--,5:58:58 PM,12/26/2024,
285,46.9,gf,0.920,mm,OK,--,5:58:58 PM,12/26/2024,
286,47.0,gf,0.925,mm,OK,--,5:58:58 PM,12/26/2024,
287,47.0,gf,0.925,mm,OK,--,5:58:58 PM,12/26/2024,
288,47.0,gf,0.930,mm,OK,--,5:58:58 PM,12/26/2024,
289,47.1,gf,0.935,mm,OK,--,5:58:58 PM,12/26/2024,
290,47.4,gf,0.935,mm,OK,--,5:58:58 PM,12/26/2024,
291,47.5,gf,0.940,mm,OK,--,5:58:58 PM,12/26/2024,
292,47.4,gf,0.945,mm,OK,--,5:58:58 PM,12/26/2024,
293,47.4,gf,0.945,mm,OK,--,5:58:59 PM,12/26/2024,
294,47.3,gf,0.950,mm,OK,--,5:58:59 PM,12/26/2024,
295,47.5,gf,0.950,mm,OK,--,5:58:59 PM,12/26/2024,
296,47.6,gf,0.955,mm,OK,--,5:58:59 PM,12/26/2024,
297,47.5,gf,0.955,mm,OK,--,5:58:59 PM,12/26/2024,
298,47.6,gf,0.960,mm,OK,--,5:58:59 PM,12/26/2024,
299,47.7,gf,0.960,mm,OK,--,5:58:59 PM,12/26/2024,
300,47.6,gf,0.965,mm,OK,--,5:58:59 PM,12/26/2024,
301,47.4,gf,0.970,mm,OK,--,5:58:59 PM,12/26/2024,
302,47.6,gf,0.970,mm,OK,--,5:58:59 PM,12/26/2024,
303,47.5,gf,0.975,mm,OK,--,5:59:00 PM,12/26/2024,
304,47.5,gf,0.980,mm,OK,--,5:59:00 PM,12/26/2024,
305,47.6,gf,0.985,mm,OK,--,5:59:00 PM,12/26/2024,
306,47.5,gf,0.990,mm,OK,--,5:59:00 PM,12/26/2024,
307,47.7,gf,0.995,mm,OK,--,5:59:00 PM,12/26/2024,
308,47.9,gf,1.000,mm,OK,--,5:59:00 PM,12/26/2024,
309,47.8,gf,1.005,mm,OK,--,5:59:00 PM,12/26/2024,
310,48.0,gf,1.010,mm,OK,--,5:59:00 PM,12/26/2024,
311,48.1,gf,1.015,mm,OK,--,5:59:00 PM,12/26/2024,
312,48.0,gf,1.020,mm,OK,--,5:59:00 PM,12/26/2024,
313,48.0,gf,1.025,mm,OK,--,5:59:01 PM,12/26/2024,
314,48.1,gf,1.030,mm,OK,--,5:59:01 PM,12/26/2024,
315,48.3,gf,1.035,mm,OK,--,5:59:01 PM,12/26/2024,
316,48.3,gf,1.040,mm,OK,--,5:59:01 PM,12/26/2024,
317,48.2,gf,1.040,mm,OK,--,5:59:01 PM,12/26/2024,
318,48.3,gf,1.045,mm,OK,--,5:59:01 PM,12/26/2024,
319,48.4,gf,1.050,mm,OK,--,5:59:01 PM,12/26/2024,
320,48.4,gf,1.055,mm,OK,--,5:59:01 PM,12/26/2024,
321,48.4,gf,1.060,mm,OK,--,5:59:01 PM,12/26/2024,
322,48.4,gf,1.065,mm,OK,--,5:59:01 PM,12/26/2024,
323,48.5,gf,1.070,mm,OK,--,5:59:02 PM,12/26/2024,
324,48.5,gf,1.075,mm,OK,--,5:59:02 PM,12/26/2024,
325,48.5,gf,1.080,mm,OK,--,5:59:02 PM,12/26/2024,
326,48.5,gf,1.085,mm,OK,--,5:59:02 PM,12/26/2024,
327,48.4,gf,1.090,mm,OK,--,5:59:02 PM,12/26/2024,
328,48.3,gf,1.095,mm,OK,--,5:59:02 PM,12/26/2024,
329,48.3,gf,1.100,mm,OK,--,5:59:02 PM,12/26/2024,
330,48.1,gf,1.105,mm,OK,--,5:59:02 PM,12/26/2024,
331,48.2,gf,1.110,mm,OK,--,5:59:02 PM,12/26/2024,
332,48.2,gf,1.115,mm,OK,--,5:59:02 PM,12/26/2024,
333,48.3,gf,1.120,mm,OK,--,5:59:03 PM,12/26/2024,
334,48.4,gf,1.125,mm,OK,--,5:59:03 PM,12/26/2024,
335,48.5,gf,1.130,mm,OK,--,5:59:03 PM,12/26/2024,
336,48.5,gf,1.135,mm,OK,--,5:59:03 PM,12/26/2024,
337,48.6,gf,1.140,mm,OK,--,5:59:03 PM,12/26/2024,
338,48.7,gf,1.140,mm,OK,--,5:59:03 PM,12/26/2024,
339,48.7,gf,1.145,mm,OK,--,5:59:03 PM,12/26/2024,
340,48.8,gf,1.150,mm,OK,--,5:59:03 PM,12/26/2024,
341,48.8,gf,1.150,mm,OK,--,5:59:03 PM,12/26/2024,
342,48.9,gf,1.155,mm,OK,--,5:59:03 PM,12/26/2024,
343,48.8,gf,1.155,mm,OK,--,5:59:04 PM,12/26/2024,
344,49.2,gf,1.160,mm,OK,--,5:59:04 PM,12/26/2024,
345,49.2,gf,1.165,mm,OK,--,5:59:04 PM,12/26/2024,
346,49.2,gf,1.165,mm,OK,--,5:59:04 PM,12/26/2024,
347,49.3,gf,1.170,mm,OK,--,5:59:04 PM,12/26/2024,
348,49.1,gf,1.175,mm,OK,--,5:59:04 PM,12/26/2024,
349,49.3,gf,1.175,mm,OK,--,5:59:04 PM,12/26/2024,
350,49.3,gf,1.180,mm,OK,--,5:59:04 PM,12/26/2024,
351,49.2,gf,1.185,mm,OK,--,5:59:04 PM,12/26/2024,
352,49.1,gf,1.185,mm,OK,--,5:59:04 PM,12/26/2024,
353,49.3,gf,1.185,mm,OK,--,5:59:05 PM,12/26/2024,
354,49.4,gf,1.190,mm,OK,--,5:59:05 PM,12/26/2024,
355,49.3,gf,1.195,mm,OK,--,5:59:05 PM,12/26/2024,
356,48.8,gf,1.195,mm,OK,--,5:59:05 PM,12/26/2024,
357,49.9,gf,1.195,mm,OK,--,5:59:05 PM,12/26/2024,
358,49.2,gf,1.200,mm,OK,--,5:59:05 PM,12/26/2024,
359,49.1,gf,1.205,mm,OK,--,5:59:05 PM,12/26/2024,
360,49.2,gf,1.210,mm,OK,--,5:59:05 PM,12/26/2024,
361,49.4,gf,1.220,mm,OK,--,5:59:05 PM,12/26/2024,
362,49.2,gf,1.225,mm,OK,--,5:59:05 PM,12/26/2024,
363,49.1,gf,1.235,mm,OK,--,5:59:06 PM,12/26/2024,
364,49.7,gf,1.245,mm,OK,--,5:59:06 PM,12/26/2024,
365,49.9,gf,1.255,mm,OK,--,5:59:06 PM,12/26/2024,
366,50.0,gf,1.260,mm,OK,--,5:59:06 PM,12/26/2024,
367,50.1,gf,1.270,mm,OK,--,5:59:06 PM,12/26/2024,
368,50.5,gf,1.270,mm,OK,--,5:59:06 PM,12/26/2024,
369,51.0,gf,1.275,mm,OK,--,5:59:06 PM,12/26/2024,
370,50.8,gf,1.280,mm,OK,--,5:59:06 PM,12/26/2024,
371,50.2,gf,1.285,mm,OK,--,5:59:06 PM,12/26/2024,
372,50.4,gf,1.290,mm,OK,--,5:59:06 PM,12/26/2024,
373,50.7,gf,1.290,mm,OK,--,5:59:07 PM,12/26/2024,
374,51.3,gf,1.295,mm,OK,--,5:59:07 PM,12/26/2024,
375,51.5,gf,1.295,mm,OK,--,5:59:07 PM,12/26/2024,
376,50.6,gf,1.300,mm,OK,--,5:59:07 PM,12/26/2024,
377,50.7,gf,1.305,mm,OK,--,5:59:07 PM,12/26/2024,
378,50.8,gf,1.310,mm,OK,--,5:59:07 PM,12/26/2024,
379,50.8,gf,1.315,mm,OK,--,5:59:07 PM,12/26/2024,
380,50.8,gf,1.320,mm,OK,--,5:59:07 PM,12/26/2024,
381,50.5,gf,1.330,mm,OK,--,5:59:07 PM,12/26/2024,
382,50.7,gf,1.335,mm,OK,--,5:59:07 PM,12/26/2024,
383,50.9,gf,1.345,mm,OK,--,5:59:08 PM,12/26/2024,
384,50.8,gf,1.350,mm,OK,--,5:59:08 PM,12/26/2024,
385,51.1,gf,1.355,mm,OK,--,5:59:08 PM,12/26/2024,
386,50.8,gf,1.360,mm,OK,--,5:59:08 PM,12/26/2024,
387,51.1,gf,1.365,mm,OK,--,5:59:08 PM,12/26/2024,
388,51.0,gf,1.370,mm,OK,--,5:59:08 PM,12/26/2024,
389,51.2,gf,1.375,mm,OK,--,5:59:08 PM,12/26/2024,
390,51.5,gf,1.380,mm,OK,--,5:59:08 PM,12/26/2024,
391,51.5,gf,1.385,mm,OK,--,5:59:08 PM,12/26/2024,
392,51.7,gf,1.385,mm,OK,--,5:59:08 PM,12/26/2024,
393,51.5,gf,1.390,mm,OK,--,5:59:09 PM,12/26/2024,
394,51.3,gf,1.395,mm,OK,--,5:59:09 PM,12/26/2024,
395,51.4,gf,1.400,mm,OK,--,5:59:09 PM,12/26/2024,
396,51.5,gf,1.405,mm,OK,--,5:59:09 PM,12/26/2024,
397,51.4,gf,1.410,mm,OK,--,5:59:09 PM,12/26/2024,
398,51.2,gf,1.415,mm,OK,--,5:59:09 PM,12/26/2024,
399,50.9,gf,1.420,mm,OK,--,5:59:09 PM,12/26/2024,
400,51.3,gf,1.420,mm,OK,--,5:59:09 PM,12/26/2024,
401,51.8,gf,1.425,mm,OK,--,5:59:09 PM,12/26/2024,
402,51.6,gf,1.425,mm,OK,--,5:59:09 PM,12/26/2024,
403,51.5,gf,1.430,mm,OK,--,5:59:10 PM,12/26/2024,
404,51.8,gf,1.430,mm,OK,--,5:59:10 PM,12/26/2024,
405,51.7,gf,1.435,mm,OK,--,5:59:10 PM,12/26/2024,
406,51.7,gf,1.440,mm,OK,--,5:59:10 PM,12/26/2024,
407,51.3,gf,1.440,mm,OK,--,5:59:10 PM,12/26/2024,
408,51.3,gf,1.445,mm,OK,--,5:59:10 PM,12/26/2024,
409,51.4,gf,1.450,mm,OK,--,5:59:10 PM,12/26/2024,
410,51.3,gf,1.455,mm,OK,--,5:59:10 PM,12/26/2024,
411,50.9,gf,1.460,mm,OK,--,5:59:10 PM,12/26/2024,
412,51.0,gf,1.465,mm,OK,--,5:59:10 PM,12/26/2024,
413,51.1,gf,1.470,mm,OK,--,5:59:11 PM,12/26/2024,
414,51.1,gf,1.475,mm,OK,--,5:59:11 PM,12/26/2024,
415,51.2,gf,1.480,mm,OK,--,5:59:11 PM,12/26/2024,
416,51.4,gf,1.480,mm,OK,--,5:59:11 PM,12/26/2024,
417,51.0,gf,1.485,mm,OK,--,5:59:11 PM,12/26/2024,
418,51.2,gf,1.490,mm,OK,--,5:59:11 PM,12/26/2024,
419,51.2,gf,1.495,mm,OK,--,5:59:11 PM,12/26/2024,
420,51.2,gf,1.500,mm,OK,--,5:59:11 PM,12/26/2024,
421,51.0,gf,1.505,mm,OK,--,5:59:11 PM,12/26/2024,
422,51.0,gf,1.510,mm,OK,--,5:59:11 PM,12/26/2024,
423,51.4,gf,1.510,mm,OK,--,5:59:12 PM,12/26/2024,
424,51.4,gf,1.515,mm,OK,--,5:59:12 PM,12/26/2024,
425,51.2,gf,1.520,mm,OK,--,5:59:12 PM,12/26/2024,
426,51.1,gf,1.525,mm,OK,--,5:59:12 PM,12/26/2024,
427,50.9,gf,1.530,mm,OK,--,5:59:12 PM,12/26/2024,
428,51.0,gf,1.540,mm,OK,--,5:59:12 PM,12/26/2024,
429,51.2,gf,1.545,mm,OK,--,5:59:12 PM,12/26/2024,
430,51.2,gf,1.550,mm,OK,--,5:59:12 PM,12/26/2024,
431,50.9,gf,1.555,mm,OK,--,5:59:12 PM,12/26/2024,
432,50.9,gf,1.560,mm,OK,--,5:59:12 PM,12/26/2024,
433,51.1,gf,1.565,mm,OK,--,5:59:13 PM,12/26/2024,
434,51.2,gf,1.570,mm,OK,--,5:59:13 PM,12/26/2024,
435,50.9,gf,1.575,mm,OK,--,5:59:13 PM,12/26/2024,
436,50.8,gf,1.585,mm,OK,--,5:59:13 PM,12/26/2024,
437,50.7,gf,1.590,mm,OK,--,5:59:13 PM,12/26/2024,
438,50.7,gf,1.600,mm,OK,--,5:59:13 PM,12/26/2024,
439,50.4,gf,1.610,mm,OK,--,5:59:13 PM,12/26/2024,
440,50.7,gf,1.615,mm,OK,--,5:59:13 PM,12/26/2024,
441,50.5,gf,1.625,mm,OK,--,5:59:13 PM,12/26/2024,
442,50.5,gf,1.630,mm,OK,--,5:59:13 PM,12/26/2024,
443,50.6,gf,1.635,mm,OK,--,5:59:14 PM,12/26/2024,
444,50.7,gf,1.640,mm,OK,--,5:59:14 PM,12/26/2024,
445,50.5,gf,1.650,mm,OK,--,5:59:14 PM,12/26/2024,
446,50.5,gf,1.655,mm,OK,--,5:59:14 PM,12/26/2024,
447,50.4,gf,1.660,mm,OK,--,5:59:14 PM,12/26/2024,
448,50.6,gf,1.665,mm,OK,--,5:59:14 PM,12/26/2024,
449,50.6,gf,1.675,mm,OK,--,5:59:14 PM,12/26/2024,
450,50.5,gf,1.680,mm,OK,--,5:59:14 PM,12/26/2024,
451,50.4,gf,1.685,mm,OK,--,5:59:14 PM,12/26/2024,
452,50.6,gf,1.690,mm,OK,--,5:59:14 PM,12/26/2024,
453,50.6,gf,1.690,mm,OK,--,5:59:15 PM,12/26/2024,
454,50.6,gf,1.695,mm,OK,--,5:59:15 PM,12/26/2024,
455,50.6,gf,1.700,mm,OK,--,5:59:15 PM,12/26/2024,
456,50.7,gf,1.700,mm,OK,--,5:59:15 PM,12/26/2024,
457,50.6,gf,1.705,mm,OK,--,5:59:15 PM,12/26/2024,
458,50.5,gf,1.705,mm,OK,--,5:59:15 PM,12/26/2024,
459,50.4,gf,1.710,mm,OK,--,5:59:15 PM,12/26/2024,
460,50.3,gf,1.715,mm,OK,--,5:59:15 PM,12/26/2024,
461,50.4,gf,1.715,mm,OK,--,5:59:15 PM,12/26/2024,
462,50.5,gf,1.720,mm,OK,--,5:59:15 PM,12/26/2024,
463,50.7,gf,1.725,mm,OK,--,5:59:16 PM,12/26/2024,
464,50.5,gf,1.725,mm,OK,--,5:59:16 PM,12/26/2024,
465,50.4,gf,1.730,mm,OK,--,5:59:16 PM,12/26/2024,
466,50.4,gf,1.735,mm,OK,--,5:59:16 PM,12/26/2024,
467,50.5,gf,1.735,mm,OK,--,5:59:16 PM,12/26/2024,
468,50.5,gf,1.740,mm,OK,--,5:59:16 PM,12/26/2024,
469,50.5,gf,1.745,mm,OK,--,5:59:16 PM,12/26/2024,
470,50.6,gf,1.745,mm,OK,--,5:59:16 PM,12/26/2024,
471,50.4,gf,1.750,mm,OK,--,5:59:16 PM,12/26/2024,
472,50.4,gf,1.755,mm,OK,--,5:59:16 PM,12/26/2024,
473,50.5,gf,1.755,mm,OK,--,5:59:17 PM,12/26/2024,
474,50.4,gf,1.760,mm,OK,--,5:59:17 PM,12/26/2024,
475,50.7,gf,1.760,mm,OK,--,5:59:17 PM,12/26/2024,
476,50.7,gf,1.765,mm,OK,--,5:59:17 PM,12/26/2024,
477,50.6,gf,1.770,mm,OK,--,5:59:17 PM,12/26/2024,
478,50.6,gf,1.770,mm,OK,--,5:59:17 PM,12/26/2024,
479,50.6,gf,1.775,mm,OK,--,5:59:17 PM,12/26/2024,
480,50.5,gf,1.780,mm,OK,--,5:59:17 PM,12/26/2024,
481,50.6,gf,1.780,mm,OK,--,5:59:17 PM,12/26/2024,
482,50.6,gf,1.785,mm,OK,--,5:59:17 PM,12/26/2024,
483,50.6,gf,1.785,mm,OK,--,5:59:18 PM,12/26/2024,
484,50.5,gf,1.790,mm,OK,--,5:59:18 PM,12/26/2024,
485,50.6,gf,1.795,mm,OK,--,5:59:18 PM,12/26/2024,
486,50.6,gf,1.795,mm,OK,--,5:59:18 PM,12/26/2024,
487,50.7,gf,1.800,mm,OK,--,5:59:18 PM,12/26/2024,
488,50.7,gf,1.800,mm,OK,--,5:59:18 PM,12/26/2024,
489,50.6,gf,1.805,mm,OK,--,5:59:18 PM,12/26/2024,
490,50.7,gf,1.805,mm,OK,--,5:59:18 PM,12/26/2024,
491,50.8,gf,1.810,mm,OK,--,5:59:18 PM,12/26/2024,
492,50.9,gf,1.810,mm,OK,--,5:59:18 PM,12/26/2024,
493,50.8,gf,1.815,mm,OK,--,5:59:19 PM,12/26/2024,
494,50.6,gf,1.820,mm,OK,--,5:59:19 PM,12/26/2024,
495,50.3,gf,1.820,mm,OK,--,5:59:19 PM,12/26/2024,
496,50.5,gf,1.825,mm,OK,--,5:59:19 PM,12/26/2024,
497,50.6,gf,1.830,mm,OK,--,5:59:19 PM,12/26/2024,
498,50.5,gf,1.830,mm,OK,--,5:59:19 PM,12/26/2024,
499,50.6,gf,1.835,mm,OK,--,5:59:19 PM,12/26/2024,
500,50.5,gf,1.840,mm,OK,--,5:59:19 PM,12/26/2024,
501,50.6,gf,1.840,mm,OK,--,5:59:19 PM,12/26/2024,
502,50.6,gf,1.845,mm,OK,--,5:59:19 PM,12/26/2024,
503,50.6,gf,1.845,mm,OK,--,5:59:20 PM,12/26/2024,
504,50.8,gf,1.850,mm,OK,--,5:59:20 PM,12/26/2024,
505,50.7,gf,1.850,mm,OK,--,5:59:20 PM,12/26/2024,
506,50.7,gf,1.855,mm,OK,--,5:59:20 PM,12/26/2024,
507,50.6,gf,1.855,mm,OK,--,5:59:20 PM,12/26/2024,
508,50.4,gf,1.860,mm,OK,--,5:59:20 PM,12/26/2024,
509,50.6,gf,1.860,mm,OK,--,5:59:20 PM,12/26/2024,
510,50.5,gf,1.865,mm,OK,--,5:59:20 PM,12/26/2024,
511,50.5,gf,1.865,mm,OK,--,5:59:20 PM,12/26/2024,
512,50.3,gf,1.870,mm,OK,--,5:59:20 PM,12/26/2024,
513,50.4,gf,1.870,mm,OK,--,5:59:21 PM,12/26/2024,
514,50.5,gf,1.875,mm,OK,--,5:59:21 PM,12/26/2024,
515,50.4,gf,1.875,mm,OK,--,5:59:21 PM,12/26/2024,
516,50.4,gf,1.880,mm,OK,--,5:59:21 PM,12/26/2024,
517,50.4,gf,1.880,mm,OK,--,5:59:21 PM,12/26/2024,
518,50.3,gf,1.885,mm,OK,--,5:59:21 PM,12/26/2024,
519,50.2,gf,1.885,mm,OK,--,5:59:21 PM,12/26/2024,
520,50.4,gf,1.890,mm,OK,--,5:59:21 PM,12/26/2024,
521,50.6,gf,1.890,mm,OK,--,5:59:21 PM,12/26/2024,
522,50.3,gf,1.895,mm,OK,--,5:59:21 PM,12/26/2024,
523,50.4,gf,1.900,mm,OK,--,5:59:22 PM,12/26/2024,
524,50.4,gf,1.900,mm,OK,--,5:59:22 PM,12/26/2024,
525,50.2,gf,1.905,mm,OK,--,5:59:22 PM,12/26/2024,
526,50.3,gf,1.905,mm,OK,--,5:59:22 PM,12/26/2024,
527,50.3,gf,1.910,mm,OK,--,5:59:22 PM,12/26/2024,
528,50.4,gf,1.915,mm,OK,--,5:59:22 PM,12/26/2024,
529,50.3,gf,1.920,mm,OK,--,5:59:22 PM,12/26/2024,
530,50.3,gf,1.920,mm,OK,--,5:59:22 PM,12/26/2024,
531,50.3,gf,1.925,mm,OK,--,5:59:22 PM,12/26/2024,
532,50.4,gf,1.930,mm,OK,--,5:59:22 PM,12/26/2024,
533,50.4,gf,1.935,mm,OK,--,5:59:23 PM,12/26/2024,
534,50.6,gf,1.935,mm,OK,--,5:59:23 PM,12/26/2024,
535,50.6,gf,1.940,mm,OK,--,5:59:23 PM,12/26/2024,
536,50.7,gf,1.945,mm,OK,--,5:59:23 PM,12/26/2024,
537,50.6,gf,1.945,mm,OK,--,5:59:23 PM,12/26/2024,
538,50.5,gf,1.950,mm,OK,--,5:59:23 PM,12/26/2024,
539,50.4,gf,1.955,mm,OK,--,5:59:23 PM,12/26/2024,
540,50.5,gf,1.960,mm,OK,--,5:59:23 PM,12/26/2024,
541,50.5,gf,1.965,mm,OK,--,5:59:23 PM,12/26/2024,
542,50.6,gf,1.965,mm,OK,--,5:59:23 PM,12/26/2024,
543,50.7,gf,1.970,mm,OK,--,5:59:24 PM,12/26/2024,
544,50.7,gf,1.970,mm,OK,--,5:59:24 PM,12/26/2024,
545,50.6,gf,1.975,mm,OK,--,5:59:24 PM,12/26/2024,
546,50.7,gf,1.980,mm,OK,--,5:59:24 PM,12/26/2024,
547,50.7,gf,1.985,mm,OK,--,5:59:24 PM,12/26/2024,
548,50.6,gf,1.985,mm,OK,--,5:59:24 PM,12/26/2024,
549,50.7,gf,1.990,mm,OK,--,5:59:24 PM,12/26/2024,
550,50.6,gf,1.995,mm,OK,--,5:59:24 PM,12/26/2024,
551,50.7,gf,1.995,mm,OK,--,5:59:24 PM,12/26/2024,
552,50.9,gf,2.000,mm,OK,--,5:59:24 PM,12/26/2024,
553,50.8,gf,2.000,mm,OK,--,5:59:25 PM,12/26/2024,
554,50.8,gf,2.005,mm,OK,--,5:59:25 PM,12/26/2024,
555,50.8,gf,2.010,mm,OK,--,5:59:25 PM,12/26/2024,
556,50.9,gf,2.010,mm,OK,--,5:59:25 PM,12/26/2024,
557,51.1,gf,2.010,mm,OK,--,5:59:25 PM,12/26/2024,
558,51.1,gf,2.015,mm,OK,--,5:59:25 PM,12/26/2024,
559,50.9,gf,2.015,mm,OK,--,5:59:25 PM,12/26/2024,
560,50.7,gf,2.020,mm,OK,--,5:59:25 PM,12/26/2024,
561,50.8,gf,2.020,mm,OK,--,5:59:25 PM,12/26/2024,
562,50.7,gf,2.025,mm,OK,--,5:59:25 PM,12/26/2024,
563,50.7,gf,2.030,mm,OK,--,5:59:26 PM,12/26/2024,
564,50.8,gf,2.030,mm,OK,--,5:59:26 PM,12/26/2024,
565,50.7,gf,2.035,mm,OK,--,5:59:26 PM,12/26/2024,
566,50.5,gf,2.035,mm,OK,--,5:59:26 PM,12/26/2024,
567,50.6,gf,2.040,mm,OK,--,5:59:26 PM,12/26/2024,
568,50.5,gf,2.045,mm,OK,--,5:59:26 PM,12/26/2024,
569,50.7,gf,2.050,mm,OK,--,5:59:26 PM,12/26/2024,
570,50.6,gf,2.055,mm,OK,--,5:59:26 PM,12/26/2024,
571,50.5,gf,2.060,mm,OK,--,5:59:26 PM,12/26/2024,
572,50.6,gf,2.065,mm,OK,--,5:59:26 PM,12/26/2024,
573,50.7,gf,2.065,mm,OK,--,5:59:27 PM,12/26/2024,
574,50.6,gf,2.070,mm,OK,--,5:59:27 PM,12/26/2024,
575,50.6,gf,2.075,mm,OK,--,5:59:27 PM,12/26/2024,
576,50.6,gf,2.080,mm,OK,--,5:59:27 PM,12/26/2024,
577,50.9,gf,2.085,mm,OK,--,5:59:27 PM,12/26/2024,
578,50.6,gf,2.085,mm,OK,--,5:59:27 PM,12/26/2024,
579,50.8,gf,2.090,mm,OK,--,5:59:27 PM,12/26/2024,
580,50.8,gf,2.095,mm,OK,--,5:59:27 PM,12/26/2024,
581,50.7,gf,2.100,mm,OK,--,5:59:27 PM,12/26/2024,
582,50.7,gf,2.100,mm,OK,--,5:59:27 PM,12/26/2024,
583,50.7,gf,2.105,mm,OK,--,5:59:28 PM,12/26/2024,
584,50.7,gf,2.110,mm,OK,--,5:59:28 PM,12/26/2024,
585,50.5,gf,2.110,mm,OK,--,5:59:28 PM,12/26/2024,
586,50.8,gf,2.115,mm,OK,--,5:59:28 PM,12/26/2024,
587,50.7,gf,2.120,mm,OK,--,5:59:28 PM,12/26/2024,
588,50.6,gf,2.125,mm,OK,--,5:59:28 PM,12/26/2024,
589,50.7,gf,2.130,mm,OK,--,5:59:28 PM,12/26/2024,
590,50.7,gf,2.130,mm,OK,--,5:59:28 PM,12/26/2024,
591,50.7,gf,2.135,mm,OK,--,5:59:28 PM,12/26/2024,
592,50.6,gf,2.140,mm,OK,--,5:59:28 PM,12/26/2024,
593,50.6,gf,2.145,mm,OK,--,5:59:29 PM,12/26/2024,
594,50.5,gf,2.150,mm,OK,--,5:59:29 PM,12/26/2024,
595,50.5,gf,2.155,mm,OK,--,5:59:29 PM,12/26/2024,
596,50.5,gf,2.155,mm,OK,--,5:59:29 PM,12/26/2024,
597,50.4,gf,2.160,mm,OK,--,5:59:29 PM,12/26/2024,
598,50.4,gf,2.165,mm,OK,--,5:59:29 PM,12/26/2024,
599,50.3,gf,2.170,mm,OK,--,5:59:29 PM,12/26/2024,
600,50.2,gf,2.175,mm,OK,--,5:59:29 PM,12/26/2024,
601,50.2,gf,2.175,mm,OK,--,5:59:29 PM,12/26/2024,
602,50.4,gf,2.180,mm,OK,--,5:59:29 PM,12/26/2024,
603,50.1,gf,2.185,mm,OK,--,5:59:29 PM,12/26/2024,
604,50.2,gf,2.190,mm,OK,--,5:59:30 PM,12/26/2024,
605,50.1,gf,2.190,mm,OK,--,5:59:30 PM,12/26/2024,
606,50.0,gf,2.195,mm,OK,--,5:59:30 PM,12/26/2024,
607,50.0,gf,2.200,mm,OK,--,5:59:30 PM,12/26/2024,
608,50.2,gf,2.200,mm,OK,--,5:59:30 PM,12/26/2024,
609,50.0,gf,2.205,mm,OK,--,5:59:30 PM,12/26/2024,
610,50.0,gf,2.210,mm,OK,--,5:59:30 PM,12/26/2024,
611,50.0,gf,2.210,mm,OK,--,5:59:30 PM,12/26/2024,
612,50.0,gf,2.215,mm,OK,--,5:59:30 PM,12/26/2024,
613,49.9,gf,2.220,mm,OK,--,5:59:31 PM,12/26/2024,
614,49.8,gf,2.220,mm,OK,--,5:59:31 PM,12/26/2024,
615,49.7,gf,2.225,mm,OK,--,5:59:31 PM,12/26/2024,
616,49.8,gf,2.225,mm,OK,--,5:59:31 PM,12/26/2024,
617,49.8,gf,2.230,mm,OK,--,5:59:31 PM,12/26/2024,
618,49.7,gf,2.235,mm,OK,--,5:59:31 PM,12/26/2024,
619,49.7,gf,2.235,mm,OK,--,5:59:31 PM,12/26/2024,
620,49.7,gf,2.240,mm,OK,--,5:59:31 PM,12/26/2024,
621,49.7,gf,2.240,mm,OK,--,5:59:31 PM,12/26/2024,
622,49.7,gf,2.245,mm,OK,--,5:59:31 PM,12/26/2024,
623,49.6,gf,2.250,mm,OK,--,5:59:32 PM,12/26/2024,
624,49.5,gf,2.250,mm,OK,--,5:59:32 PM,12/26/2024,
625,49.4,gf,2.255,mm,OK,--,5:59:32 PM,12/26/2024,
626,49.3,gf,2.260,mm,OK,--,5:59:32 PM,12/26/2024,
627,49.2,gf,2.265,mm,OK,--,5:59:32 PM,12/26/2024,
628,49.0,gf,2.270,mm,OK,--,5:59:32 PM,12/26/2024,
629,49.0,gf,2.275,mm,OK,--,5:59:32 PM,12/26/2024,
630,48.9,gf,2.280,mm,OK,--,5:59:32 PM,12/26/2024,
631,49.0,gf,2.285,mm,OK,--,5:59:32 PM,12/26/2024,
632,48.9,gf,2.290,mm,OK,--,5:59:32 PM,12/26/2024,
633,48.8,gf,2.295,mm,OK,--,5:59:32 PM,12/26/2024,
634,48.7,gf,2.300,mm,OK,--,5:59:33 PM,12/26/2024,
635,48.7,gf,2.305,mm,OK,--,5:59:33 PM,12/26/2024,
636,48.6,gf,2.310,mm,OK,--,5:59:33 PM,12/26/2024,
637,48.5,gf,2.310,mm,OK,--,5:59:33 PM,12/26/2024,
638,48.4,gf,2.315,mm,OK,--,5:59:33 PM,12/26/2024,
639,48.4,gf,2.320,mm,OK,--,5:59:33 PM,12/26/2024,
640,48.3,gf,2.325,mm,OK,--,5:59:33 PM,12/26/2024,
641,48.2,gf,2.330,mm,OK,--,5:59:33 PM,12/26/2024,
642,48.2,gf,2.330,mm,OK,--,5:59:33 PM,12/26/2024,
643,48.1,gf,2.335,mm,OK,--,5:59:33 PM,12/26/2024,
644,48.1,gf,2.340,mm,OK,--,5:59:34 PM,12/26/2024,
645,48.2,gf,2.340,mm,OK,--,5:59:34 PM,12/26/2024,
646,48.2,gf,2.345,mm,OK,--,5:59:34 PM,12/26/2024,
647,47.9,gf,2.350,mm,OK,--,5:59:34 PM,12/26/2024,
648,48.0,gf,2.350,mm,OK,--,5:59:34 PM,12/26/2024,
649,47.9,gf,2.355,mm,OK,--,5:59:34 PM,12/26/2024,
650,47.8,gf,2.360,mm,OK,--,5:59:34 PM,12/26/2024,
651,47.7,gf,2.365,mm,OK,--,5:59:34 PM,12/26/2024,
652,47.8,gf,2.365,mm,OK,--,5:59:34 PM,12/26/2024,
653,47.7,gf,2.370,mm,OK,--,5:59:34 PM,12/26/2024,
654,47.6,gf,2.375,mm,OK,--,5:59:35 PM,12/26/2024,
655,47.5,gf,2.380,mm,OK,--,5:59:35 PM,12/26/2024,
656,47.6,gf,2.385,mm,OK,--,5:59:35 PM,12/26/2024,
657,47.5,gf,2.385,mm,OK,--,5:59:35 PM,12/26/2024,
658,47.5,gf,2.390,mm,OK,--,5:59:35 PM,12/26/2024,
659,47.5,gf,2.395,mm,OK,--,5:59:35 PM,12/26/2024,
660,47.6,gf,2.400,mm,OK,--,5:59:35 PM,12/26/2024,
661,47.7,gf,2.405,mm,OK,--,5:59:35 PM,12/26/2024,
662,47.6,gf,2.415,mm,OK,--,5:59:35 PM,12/26/2024,
663,47.6,gf,2.420,mm,OK,--,5:59:35 PM,12/26/2024,
664,47.6,gf,2.430,mm,OK,--,5:59:36 PM,12/26/2024,
665,47.7,gf,2.435,mm,OK,--,5:59:36 PM,12/26/2024,
666,47.7,gf,2.440,mm,OK,--,5:59:36 PM,12/26/2024,
667,47.7,gf,2.445,mm,OK,--,5:59:36 PM,12/26/2024,
668,47.7,gf,2.450,mm,OK,--,5:59:36 PM,12/26/2024,
669,47.7,gf,2.455,mm,OK,--,5:59:36 PM,12/26/2024,
670,47.7,gf,2.460,mm,OK,--,5:59:36 PM,12/26/2024,
671,47.7,gf,2.465,mm,OK,--,5:59:36 PM,12/26/2024,
672,47.7,gf,2.470,mm,OK,--,5:59:36 PM,12/26/2024,
673,47.7,gf,2.470,mm,OK,--,5:59:36 PM,12/26/2024,
674,47.7,gf,2.475,mm,OK,--,5:59:37 PM,12/26/2024,
675,47.6,gf,2.480,mm,OK,--,5:59:37 PM,12/26/2024,
676,47.6,gf,2.480,mm,OK,--,5:59:37 PM,12/26/2024,
677,47.6,gf,2.485,mm,OK,--,5:59:37 PM,12/26/2024,
678,47.5,gf,2.495,mm,OK,--,5:59:37 PM,12/26/2024,
679,47.4,gf,2.500,mm,OK,--,5:59:37 PM,12/26/2024,
680,47.4,gf,2.510,mm,OK,--,5:59:37 PM,12/26/2024,
681,47.3,gf,2.515,mm,OK,--,5:59:37 PM,12/26/2024,
682,47.3,gf,2.525,mm,OK,--,5:59:37 PM,12/26/2024,
683,47.2,gf,2.530,mm,OK,--,5:59:37 PM,12/26/2024,
684,47.3,gf,2.535,mm,OK,--,5:59:38 PM,12/26/2024,
685,47.2,gf,2.540,mm,OK,--,5:59:38 PM,12/26/2024,
686,47.2,gf,2.545,mm,OK,--,5:59:38 PM,12/26/2024,
687,47.2,gf,2.550,mm,OK,--,5:59:38 PM,12/26/2024,
688,47.1,gf,2.555,mm,OK,--,5:59:38 PM,12/26/2024,
689,47.2,gf,2.560,mm,OK,--,5:59:38 PM,12/26/2024,
690,47.2,gf,2.565,mm,OK,--,5:59:38 PM,12/26/2024,
691,47.2,gf,2.570,mm,OK,--,5:59:38 PM,12/26/2024,
692,47.2,gf,2.575,mm,OK,--,5:59:38 PM,12/26/2024,
693,47.2,gf,2.575,mm,OK,--,5:59:38 PM,12/26/2024,
694,47.1,gf,2.580,mm,OK,--,5:59:39 PM,12/26/2024,
695,47.1,gf,2.585,mm,OK,--,5:59:39 PM,12/26/2024,
696,47.1,gf,2.590,mm,OK,--,5:59:39 PM,12/26/2024,
697,47.1,gf,2.595,mm,OK,--,5:59:39 PM,12/26/2024,
698,47.1,gf,2.595,mm,OK,--,5:59:39 PM,12/26/2024,
699,47.1,gf,2.600,mm,OK,--,5:59:39 PM,12/26/2024,
700,47.2,gf,2.605,mm,OK,--,5:59:39 PM,12/26/2024,
701,47.2,gf,2.610,mm,OK,--,5:59:39 PM,12/26/2024,
702,47.4,gf,2.615,mm,OK,--,5:59:39 PM,12/26/2024,
703,47.5,gf,2.620,mm,OK,--,5:59:39 PM,12/26/2024,
704,47.4,gf,2.625,mm,OK,--,5:59:40 PM,12/26/2024,
705,47.5,gf,2.630,mm,OK,--,5:59:40 PM,12/26/2024,
706,47.6,gf,2.635,mm,OK,--,5:59:40 PM,12/26/2024,
707,47.6,gf,2.640,mm,OK,--,5:59:40 PM,12/26/2024,
708,47.5,gf,2.645,mm,OK,--,5:59:40 PM,12/26/2024,
709,47.5,gf,2.650,mm,OK,--,5:59:40 PM,12/26/2024,
710,47.4,gf,2.655,mm,OK,--,5:59:40 PM,12/26/2024,
711,47.4,gf,2.665,mm,OK,--,5:59:40 PM,12/26/2024,
712,47.3,gf,2.670,mm,OK,--,5:59:40 PM,12/26/2024,
713,47.3,gf,2.675,mm,OK,--,5:59:40 PM,12/26/2024,
714,47.3,gf,2.680,mm,OK,--,5:59:41 PM,12/26/2024,
715,47.2,gf,2.685,mm,OK,--,5:59:41 PM,12/26/2024,
716,47.2,gf,2.685,mm,OK,--,5:59:41 PM,12/26/2024,
717,47.2,gf,2.690,mm,OK,--,5:59:41 PM,12/26/2024,
718,47.2,gf,2.695,mm,OK,--,5:59:41 PM,12/26/2024,
719,47.2,gf,2.700,mm,OK,--,5:59:41 PM,12/26/2024,
720,47.2,gf,2.705,mm,OK,--,5:59:41 PM,12/26/2024,
721,47.2,gf,2.710,mm,OK,--,5:59:41 PM,12/26/2024,
722,47.2,gf,2.715,mm,OK,--,5:59:41 PM,12/26/2024,
723,47.2,gf,2.720,mm,OK,--,5:59:41 PM,12/26/2024,
724,47.2,gf,2.725,mm,OK,--,5:59:42 PM,12/26/2024,
725,47.3,gf,2.730,mm,OK,--,5:59:42 PM,12/26/2024,
726,47.3,gf,2.735,mm,OK,--,5:59:42 PM,12/26/2024,
727,47.4,gf,2.740,mm,OK,--,5:59:42 PM,12/26/2024,
728,47.3,gf,2.750,mm,OK,--,5:59:42 PM,12/26/2024,
729,47.4,gf,2.755,mm,OK,--,5:59:42 PM,12/26/2024,
730,47.4,gf,2.760,mm,OK,--,5:59:42 PM,12/26/2024,
731,47.5,gf,2.765,mm,OK,--,5:59:42 PM,12/26/2024,
732,47.5,gf,2.775,mm,OK,--,5:59:42 PM,12/26/2024,
733,47.5,gf,2.785,mm,OK,--,5:59:42 PM,12/26/2024,
734,47.6,gf,2.790,mm,OK,--,5:59:43 PM,12/26/2024,
735,47.6,gf,2.800,mm,OK,--,5:59:43 PM,12/26/2024,
736,47.6,gf,2.810,mm,OK,--,5:59:43 PM,12/26/2024,
737,47.7,gf,2.820,mm,OK,--,5:59:43 PM,12/26/2024,
738,47.7,gf,2.825,mm,OK,--,5:59:43 PM,12/26/2024,
739,47.7,gf,2.830,mm,OK,--,5:59:43 PM,12/26/2024,
740,47.7,gf,2.840,mm,OK,--,5:59:43 PM,12/26/2024,
741,47.8,gf,2.845,mm,OK,--,5:59:43 PM,12/26/2024,
742,47.8,gf,2.855,mm,OK,--,5:59:43 PM,12/26/2024,
743,47.8,gf,2.860,mm,OK,--,5:59:43 PM,12/26/2024,
744,47.8,gf,2.870,mm,OK,--,5:59:44 PM,12/26/2024,
745,47.9,gf,2.875,mm,OK,--,5:59:44 PM,12/26/2024,
746,47.9,gf,2.885,mm,OK,--,5:59:44 PM,12/26/2024,
747,47.9,gf,2.890,mm,OK,--,5:59:44 PM,12/26/2024,
748,48.0,gf,2.900,mm,OK,--,5:59:44 PM,12/26/2024,
749,48.0,gf,2.910,mm,OK,--,5:59:44 PM,12/26/2024,
750,48.0,gf,2.915,mm,OK,--,5:59:44 PM,12/26/2024,
751,48.0,gf,2.920,mm,OK,--,5:59:44 PM,12/26/2024,
752,48.1,gf,2.925,mm,OK,--,5:59:44 PM,12/26/2024,
753,48.1,gf,2.930,mm,OK,--,5:59:44 PM,12/26/2024,
754,48.1,gf,2.935,mm,OK,--,5:59:45 PM,12/26/2024,
755,48.1,gf,2.940,mm,OK,--,5:59:45 PM,12/26/2024,
756,48.1,gf,2.940,mm,OK,--,5:59:45 PM,12/26/2024,
757,48.1,gf,2.945,mm,OK,--,5:59:45 PM,12/26/2024,
758,48.1,gf,2.950,mm,OK,--,5:59:45 PM,12/26/2024,
759,48.1,gf,2.955,mm,OK,--,5:59:45 PM,12/26/2024,
760,48.2,gf,2.960,mm,OK,--,5:59:45 PM,12/26/2024,
761,48.2,gf,2.965,mm,OK,--,5:59:45 PM,12/26/2024,
762,48.2,gf,2.970,mm,OK,--,5:59:45 PM,12/26/2024,
763,48.2,gf,2.975,mm,OK,--,5:59:45 PM,12/26/2024,
764,48.2,gf,2.980,mm,OK,--,5:59:46 PM,12/26/2024,
765,48.2,gf,2.980,mm,OK,--,5:59:46 PM,12/26/2024,
766,48.2,gf,2.985,mm,OK,--,5:59:46 PM,12/26/2024,
767,48.2,gf,2.990,mm,OK,--,5:59:46 PM,12/26/2024,
768,48.3,gf,3.000,mm,OK,--,5:59:46 PM,12/26/2024,
769,48.3,gf,3.005,mm,OK,--,5:59:46 PM,12/26/2024,
770,48.3,gf,3.010,mm,OK,--,5:59:46 PM,12/26/2024,
771,48.3,gf,3.015,mm,OK,--,5:59:46 PM,12/26/2024,
772,48.3,gf,3.020,mm,OK,--,5:59:46 PM,12/26/2024,
773,48.4,gf,3.025,mm,OK,--,5:59:46 PM,12/26/2024,
774,48.4,gf,3.030,mm,OK,--,5:59:47 PM,12/26/2024,
775,48.4,gf,3.040,mm,OK,--,5:59:47 PM,12/26/2024,
776,48.5,gf,3.045,mm,OK,--,5:59:47 PM,12/26/2024,
777,48.5,gf,3.050,mm,OK,--,5:59:47 PM,12/26/2024,
778,48.5,gf,3.055,mm,OK,--,5:59:47 PM,12/26/2024,
779,48.5,gf,3.065,mm,OK,--,5:59:47 PM,12/26/2024,
780,48.5,gf,3.070,mm,OK,--,5:59:47 PM,12/26/2024,
781,48.5,gf,3.075,mm,OK,--,5:59:47 PM,12/26/2024,
782,48.6,gf,3.075,mm,OK,--,5:59:47 PM,12/26/2024,
783,48.6,gf,3.080,mm,OK,--,5:59:47 PM,12/26/2024,
784,48.6,gf,3.085,mm,OK,--,5:59:48 PM,12/26/2024,
785,48.6,gf,3.085,mm,OK,--,5:59:48 PM,12/26/2024,
786,48.6,gf,3.085,mm,OK,--,5:59:48 PM,12/26/2024,
787,48.6,gf,3.090,mm,OK,--,5:59:48 PM,12/26/2024,
788,48.6,gf,3.090,mm,OK,--,5:59:48 PM,12/26/2024,
789,48.6,gf,3.095,mm,OK,--,5:59:48 PM,12/26/2024,
790,48.6,gf,3.100,mm,OK,--,5:59:48 PM,12/26/2024,
791,48.7,gf,3.100,mm,OK,--,5:59:48 PM,12/26/2024,
792,48.7,gf,3.105,mm,OK,--,5:59:48 PM,12/26/2024,
793,48.7,gf,3.110,mm,OK,--,5:59:48 PM,12/26/2024,
794,48.7,gf,3.110,mm,OK,--,5:59:49 PM,12/26/2024,
795,48.7,gf,3.115,mm,OK,--,5:59:49 PM,12/26/2024,
796,48.7,gf,3.115,mm,OK,--,5:59:49 PM,12/26/2024,
797,48.8,gf,3.120,mm,OK,--,5:59:49 PM,12/26/2024,
798,48.8,gf,3.120,mm,OK,--,5:59:49 PM,12/26/2024,
799,48.8,gf,3.125,mm,OK,--,5:59:49 PM,12/26/2024,
800,48.8,gf,3.125,mm,OK,--,5:59:49 PM,12/26/2024,
801,48.8,gf,3.130,mm,OK,--,5:59:49 PM,12/26/2024,
802,48.8,gf,3.135,mm,OK,--,5:59:49 PM,12/26/2024,
803,48.9,gf,3.135,mm,OK,--,5:59:49 PM,12/26/2024,
804,48.9,gf,3.140,mm,OK,--,5:59:50 PM,12/26/2024,
805,48.8,gf,3.140,mm,OK,--,5:59:50 PM,12/26/2024,
806,48.8,gf,3.145,mm,OK,--,5:59:50 PM,12/26/2024,
807,48.8,gf,3.145,mm,OK,--,5:59:50 PM,12/26/2024,
808,48.8,gf,3.150,mm,OK,--,5:59:50 PM,12/26/2024,
809,48.8,gf,3.155,mm,OK,--,5:59:50 PM,12/26/2024,
810,48.9,gf,3.155,mm,OK,--,5:59:50 PM,12/26/2024,
811,48.9,gf,3.155,mm,OK,--,5:59:50 PM,12/26/2024,
812,48.9,gf,3.160,mm,OK,--,5:59:50 PM,12/26/2024,
813,48.9,gf,3.160,mm,OK,--,5:59:50 PM,12/26/2024,
814,48.9,gf,3.165,mm,OK,--,5:59:51 PM,12/26/2024,
815,48.9,gf,3.165,mm,OK,--,5:59:51 PM,12/26/2024,
816,48.9,gf,3.170,mm,OK,--,5:59:51 PM,12/26/2024,
817,48.9,gf,3.170,mm,OK,--,5:59:51 PM,12/26/2024,
818,48.9,gf,3.175,mm,OK,--,5:59:51 PM,12/26/2024,
819,48.9,gf,3.175,mm,OK,--,5:59:51 PM,12/26/2024,
820,48.9,gf,3.180,mm,OK,--,5:59:51 PM,12/26/2024,
821,48.9,gf,3.180,mm,OK,--,5:59:51 PM,12/26/2024,
822,48.9,gf,3.185,mm,OK,--,5:59:51 PM,12/26/2024,
823,48.9,gf,3.185,mm,OK,--,5:59:51 PM,12/26/2024,
824,48.9,gf,3.190,mm,OK,--,5:59:52 PM,12/26/2024,
825,49.0,gf,3.190,mm,OK,--,5:59:52 PM,12/26/2024,
826,49.0,gf,3.195,mm,OK,--,5:59:52 PM,12/26/2024,
827,48.9,gf,3.195,mm,OK,--,5:59:52 PM,12/26/2024,
828,48.9,gf,3.200,mm,OK,--,5:59:52 PM,12/26/2024,
829,48.9,gf,3.200,mm,OK,--,5:59:52 PM,12/26/2024,
830,48.9,gf,3.205,mm,OK,--,5:59:52 PM,12/26/2024,
831,49.0,gf,3.205,mm,OK,--,5:59:52 PM,12/26/2024,
832,49.0,gf,3.210,mm,OK,--,5:59:52 PM,12/26/2024,
833,49.0,gf,3.210,mm,OK,--,5:59:52 PM,12/26/2024,
834,49.0,gf,3.215,mm,OK,--,5:59:53 PM,12/26/2024,
835,49.0,gf,3.220,mm,OK,--,5:59:53 PM,12/26/2024,
836,49.0,gf,3.220,mm,OK,--,5:59:53 PM,12/26/2024,
837,49.0,gf,3.225,mm,OK,--,5:59:53 PM,12/26/2024,
838,49.0,gf,3.225,mm,OK,--,5:59:53 PM,12/26/2024,
839,49.0,gf,3.225,mm,OK,--,5:59:53 PM,12/26/2024,
840,49.0,gf,3.230,mm,OK,--,5:59:53 PM,12/26/2024,
841,49.0,gf,3.230,mm,OK,--,5:59:53 PM,12/26/2024,
842,49.0,gf,3.230,mm,OK,--,5:59:53 PM,12/26/2024,
843,49.0,gf,3.230,mm,OK,--,5:59:53 PM,12/26/2024,
844,49.0,gf,3.235,mm,OK,--,5:59:54 PM,12/26/2024,
845,49.0,gf,3.235,mm,OK,--,5:59:54 PM,12/26/2024,
846,49.1,gf,3.240,mm,OK,--,5:59:54 PM,12/26/2024,
847,49.1,gf,3.245,mm,OK,--,5:59:54 PM,12/26/2024,
848,49.1,gf,3.250,mm,OK,--,5:59:54 PM,12/26/2024,
849,49.1,gf,3.250,mm,OK,--,5:59:54 PM,12/26/2024,
850,49.1,gf,3.255,mm,OK,--,5:59:54 PM,12/26/2024,
851,49.2,gf,3.260,mm,OK,--,5:59:54 PM,12/26/2024,
852,49.2,gf,3.265,mm,OK,--,5:59:54 PM,12/26/2024,
853,49.2,gf,3.270,mm,OK,--,5:59:54 PM,12/26/2024,
854,49.2,gf,3.270,mm,OK,--,5:59:55 PM,12/26/2024,
855,49.2,gf,3.275,mm,OK,--,5:59:55 PM,12/26/2024,
856,49.2,gf,3.280,mm,OK,--,5:59:55 PM,12/26/2024,
857,49.2,gf,3.290,mm,OK,--,5:59:55 PM,12/26/2024,
858,49.2,gf,3.295,mm,OK,--,5:59:55 PM,12/26/2024,
859,49.2,gf,3.300,mm,OK,--,5:59:55 PM,12/26/2024,
860,49.3,gf,3.300,mm,OK,--,5:59:55 PM,12/26/2024,
861,49.3,gf,3.305,mm,OK,--,5:59:55 PM,12/26/2024,
862,49.3,gf,3.310,mm,OK,--,5:59:55 PM,12/26/2024,
863,49.4,gf,3.315,mm,OK,--,5:59:55 PM,12/26/2024,
864,49.4,gf,3.320,mm,OK,--,5:59:56 PM,12/26/2024,
865,49.4,gf,3.320,mm,OK,--,5:59:56 PM,12/26/2024,
866,49.4,gf,3.325,mm,OK,--,5:59:56 PM,12/26/2024,
867,49.4,gf,3.325,mm,OK,--,5:59:56 PM,12/26/2024,
868,49.4,gf,3.330,mm,OK,--,5:59:56 PM,12/26/2024,
869,49.4,gf,3.335,mm,OK,--,5:59:56 PM,12/26/2024,
870,49.4,gf,3.335,mm,OK,--,5:59:56 PM,12/26/2024,
871,49.4,gf,3.340,mm,OK,--,5:59:56 PM,12/26/2024,
872,49.5,gf,3.345,mm,OK,--,5:59:56 PM,12/26/2024,
873,49.5,gf,3.345,mm,OK,--,5:59:56 PM,12/26/2024,
874,49.5,gf,3.350,mm,OK,--,5:59:57 PM,12/26/2024,
875,49.5,gf,3.350,mm,OK,--,5:59:57 PM,12/26/2024,
876,49.6,gf,3.355,mm,OK,--,5:59:57 PM,12/26/2024,
877,49.6,gf,3.360,mm,OK,--,5:59:57 PM,12/26/2024,
878,49.6,gf,3.360,mm,OK,--,5:59:57 PM,12/26/2024,
879,49.6,gf,3.365,mm,OK,--,5:59:57 PM,12/26/2024,
880,49.6,gf,3.365,mm,OK,--,5:59:57 PM,12/26/2024,
881,49.6,gf,3.370,mm,OK,--,5:59:57 PM,12/26/2024,
882,49.6,gf,3.370,mm,OK,--,5:59:57 PM,12/26/2024,
883,49.6,gf,3.375,mm,OK,--,5:59:57 PM,12/26/2024,
884,49.6,gf,3.375,mm,OK,--,5:59:58 PM,12/26/2024,
885,49.6,gf,3.380,mm,OK,--,5:59:58 PM,12/26/2024,
886,49.8,gf,3.385,mm,OK,--,5:59:58 PM,12/26/2024,
887,53.1,gf,3.385,mm,OK,--,5:59:58 PM,12/26/2024,
888,58.2,gf,3.390,mm,OK,--,5:59:58 PM,12/26/2024,
889,64.6,gf,3.400,mm,OK,--,5:59:58 PM,12/26/2024,
890,71.8,gf,3.405,mm,OK,--,5:59:58 PM,12/26/2024,
891,78.4,gf,3.415,mm,OK,--,5:59:58 PM,12/26/2024,
892,82.3,gf,3.415,mm,OK,--,5:59:58 PM,12/26/2024,
893,85.2,gf,3.420,mm,OK,--,5:59:58 PM,12/26/2024,
894,90.3,gf,3.425,mm,OK,--,5:59:59 PM,12/26/2024,
895,95.9,gf,3.430,mm,OK,--,5:59:59 PM,12/26/2024,
896,101.0,gf,3.435,mm,OK,--,5:59:59 PM,12/26/2024,
897,105.3,gf,3.440,mm,OK,--,5:59:59 PM,12/26/2024,
898,109.5,gf,3.445,mm,OK,--,5:59:59 PM,12/26/2024,
899,113.8,gf,3.450,mm,OK,--,5:59:59 PM,12/26/2024,
900,117.4,gf,3.450,mm,OK,--,5:59:59 PM,12/26/2024,
901,120.4,gf,3.455,mm,OK,--,5:59:59 PM,12/26/2024,
902,122.7,gf,3.460,mm,OK,--,5:59:59 PM,12/26/2024,
903,124.2,gf,3.460,mm,OK,--,5:59:59 PM,12/26/2024,
904,125.2,gf,3.460,mm,OK,--,6:00:00 PM,12/26/2024,
905,126.3,gf,3.460,mm,OK,--,6:00:00 PM,12/26/2024,
906,127.4,gf,3.460,mm,OK,--,6:00:00 PM,12/26/2024,
907,128.7,gf,3.465,mm,OK,--,6:00:00 PM,12/26/2024,
908,130.2,gf,3.465,mm,OK,--,6:00:00 PM,12/26/2024,
909,131.9,gf,3.465,mm,OK,--,6:00:00 PM,12/26/2024,
910,133.2,gf,3.470,mm,OK,--,6:00:00 PM,12/26/2024,
911,134.4,gf,3.470,mm,OK,--,6:00:00 PM,12/26/2024,
912,135.5,gf,3.470,mm,OK,--,6:00:00 PM,12/26/2024,
913,136.6,gf,3.470,mm,OK,--,6:00:00 PM,12/26/2024,
914,137.7,gf,3.470,mm,OK,--,6:00:01 PM,12/26/2024,
915,138.6,gf,3.475,mm,OK,--,6:00:01 PM,12/26/2024,
916,139.6,gf,3.475,mm,OK,--,6:00:01 PM,12/26/2024,
917,140.3,gf,3.475,mm,OK,--,6:00:01 PM,12/26/2024,
918,141.0,gf,3.475,mm,OK,--,6:00:01 PM,12/26/2024,
919,141.7,gf,3.475,mm,OK,--,6:00:01 PM,12/26/2024,
920,142.5,gf,3.475,mm,OK,--,6:00:01 PM,12/26/2024,
921,143.2,gf,3.475,mm,OK,--,6:00:01 PM,12/26/2024,
922,144.0,gf,3.480,mm,OK,--,6:00:01 PM,12/26/2024,
923,144.6,gf,3.480,mm,OK,--,6:00:01 PM,12/26/2024,
924,145.2,gf,3.480,mm,OK,--,6:00:02 PM,12/26/2024,
925,145.8,gf,3.480,mm,OK,--,6:00:02 PM,12/26/2024,
926,146.4,gf,3.480,mm,OK,--,6:00:02 PM,12/26/2024,
927,147.2,gf,3.480,mm,OK,--,6:00:02 PM,12/26/2024,
928,148.0,gf,3.480,mm,OK,--,6:00:02 PM,12/26/2024,
929,148.7,gf,3.485,mm,OK,--,6:00:02 PM,12/26/2024,
930,149.4,gf,3.485,mm,OK,--,6:00:02 PM,12/26/2024,
931,150.3,gf,3.485,mm,OK,--,6:00:02 PM,12/26/2024,
932,151.3,gf,3.485,mm,OK,--,6:00:02 PM,12/26/2024,
933,152.4,gf,3.485,mm,OK,--,6:00:02 PM,12/26/2024,
934,153.6,gf,3.490,mm,OK,--,6:00:03 PM,12/26/2024,
935,155.0,gf,3.490,mm,OK,--,6:00:03 PM,12/26/2024,
936,156.5,gf,3.490,mm,OK,--,6:00:03 PM,12/26/2024,
937,158.0,gf,3.490,mm,OK,--,6:00:03 PM,12/26/2024,
938,159.4,gf,3.495,mm,OK,--,6:00:03 PM,12/26/2024,
939,161.0,gf,3.495,mm,OK,--,6:00:03 PM,12/26/2024,
940,162.5,gf,3.495,mm,OK,--,6:00:03 PM,12/26/2024,
941,163.8,gf,3.500,mm,OK,--,6:00:03 PM,12/26/2024,
942,164.9,gf,3.500,mm,OK,--,6:00:03 PM,12/26/2024,
943,166.1,gf,3.500,mm,OK,--,6:00:03 PM,12/26/2024,
944,167.4,gf,3.500,mm,OK,--,6:00:04 PM,12/26/2024,
945,168.6,gf,3.505,mm,OK,--,6:00:04 PM,12/26/2024,
946,170.0,gf,3.505,mm,OK,--,6:00:04 PM,12/26/2024,
947,171.4,gf,3.505,mm,OK,--,6:00:04 PM,12/26/2024,
948,173.1,gf,3.505,mm,OK,--,6:00:04 PM,12/26/2024,
949,174.8,gf,3.510,mm,OK,--,6:00:04 PM,12/26/2024,
950,176.3,gf,3.510,mm,OK,--,6:00:04 PM,12/26/2024,
951,177.3,gf,3.510,mm,OK,--,6:00:04 PM,12/26/2024,
952,178.3,gf,3.510,mm,OK,--,6:00:04 PM,12/26/2024,
953,179.5,gf,3.515,mm,OK,--,6:00:04 PM,12/26/2024,
954,181.0,gf,3.515,mm,OK,--,6:00:05 PM,12/26/2024,
955,182.8,gf,3.515,mm,OK,--,6:00:05 PM,12/26/2024,
956,184.6,gf,3.520,mm,OK,--,6:00:05 PM,12/26/2024,
957,186.4,gf,3.520,mm,OK,--,6:00:05 PM,12/26/2024,
958,188.4,gf,3.525,mm,OK,--,6:00:05 PM,12/26/2024,
959,190.5,gf,3.525,mm,OK,--,6:00:05 PM,12/26/2024,
960,191.9,gf,3.525,mm,OK,--,6:00:05 PM,12/26/2024,
961,193.3,gf,3.530,mm,OK,--,6:00:05 PM,12/26/2024,
962,194.2,gf,3.530,mm,OK,--,6:00:05 PM,12/26/2024,
963,194.3,gf,3.530,mm,OK,--,6:00:05 PM,12/26/2024,
964,194.1,gf,3.530,mm,OK,--,6:00:06 PM,12/26/2024,
965,194.1,gf,3.530,mm,OK,--,6:00:06 PM,12/26/2024,
966,194.1,gf,3.530,mm,OK,--,6:00:06 PM,12/26/2024,
967,194.1,gf,3.530,mm,OK,--,6:00:06 PM,12/26/2024,
968,194.1,gf,3.530,mm,OK,--,6:00:06 PM,12/26/2024,
969,194.1,gf,3.530,mm,OK,--,6:00:06 PM,12/26/2024,
970,194.0,gf,3.530,mm,OK,--,6:00:06 PM,12/26/2024,
971,194.0,gf,3.530,mm,OK,--,6:00:06 PM,12/26/2024,
972,194.0,gf,3.530,mm,OK,--,6:00:06 PM,12/26/2024,
973,194.0,gf,3.530,mm,OK,--,6:00:06 PM,12/26/2024,
974,194.0,gf,3.530,mm,OK,--,6:00:07 PM,12/26/2024,
975,194.0,gf,3.530,mm,OK,--,6:00:07 PM,12/26/2024,
976,194.0,gf,3.530,mm,OK,--,6:00:07 PM,12/26/2024,
977,193.9,gf,3.530,mm,OK,--,6:00:07 PM,12/26/2024,
978,193.7,gf,3.530,mm,OK,--,6:00:07 PM,12/26/2024,
979,193.5,gf,3.530,mm,OK,--,6:00:07 PM,12/26/2024,
980,193.3,gf,3.530,mm,OK,--,6:00:07 PM,12/26/2024,
981,193.1,gf,3.530,mm,OK,--,6:00:07 PM,12/26/2024,
982,192.6,gf,3.530,mm,OK,--,6:00:07 PM,12/26/2024,
983,191.4,gf,3.530,mm,OK,--,6:00:07 PM,12/26/2024,
984,189.2,gf,3.525,mm,OK,--,6:00:08 PM,12/26/2024,
985,187.1,gf,3.525,mm,OK,--,6:00:08 PM,12/26/2024,
986,185.1,gf,3.520,mm,OK,--,6:00:08 PM,12/26/2024,
987,183.4,gf,3.520,mm,OK,--,6:00:08 PM,12/26/2024,
988,181.7,gf,3.520,mm,OK,--,6:00:08 PM,12/26/2024,
989,180.3,gf,3.515,mm,OK,--,6:00:08 PM,12/26/2024,
990,179.2,gf,3.515,mm,OK,--,6:00:08 PM,12/26/2024,
991,178.3,gf,3.515,mm,OK,--,6:00:08 PM,12/26/2024,
992,177.3,gf,3.515,mm,OK,--,6:00:08 PM,12/26/2024,
993,176.2,gf,3.515,mm,OK,--,6:00:08 PM,12/26/2024,
994,175.2,gf,3.510,mm,OK,--,6:00:09 PM,12/26/2024,
995,174.3,gf,3.510,mm,OK,--,6:00:09 PM,12/26/2024,
996,173.5,gf,3.510,mm,OK,--,6:00:09 PM,12/26/2024,
997,172.9,gf,3.510,mm,OK,--,6:00:09 PM,12/26/2024,
998,172.1,gf,3.510,mm,OK,--,6:00:09 PM,12/26/2024,
999,171.1,gf,3.510,mm,OK,--,6:00:09 PM,12/26/2024,
1000,170.0,gf,3.505,mm,OK,--,6:00:09 PM,12/26/2024,
1001,168.9,gf,3.505,mm,OK,--,6:00:09 PM,12/26/2024,
1002,167.8,gf,3.505,mm,OK,--,6:00:09 PM,12/26/2024,
1003,166.7,gf,3.505,mm,OK,--,6:00:09 PM,12/26/2024,
1004,165.8,gf,3.505,mm,OK,--,6:00:10 PM,12/26/2024,
1005,165.3,gf,3.505,mm,OK,--,6:00:10 PM,12/26/2024,
1006,164.8,gf,3.500,mm,OK,--,6:00:10 PM,12/26/2024,
1007,164.3,gf,3.500,mm,OK,--,6:00:10 PM,12/26/2024,
1008,163.8,gf,3.500,mm,OK,--,6:00:10 PM,12/26/2024,
1009,163.3,gf,3.500,mm,OK,--,6:00:10 PM,12/26/2024,
1010,162.9,gf,3.500,mm,OK,--,6:00:10 PM,12/26/2024,
1011,162.5,gf,3.500,mm,OK,--,6:00:10 PM,12/26/2024,
1012,162.1,gf,3.500,mm,OK,--,6:00:10 PM,12/26/2024,
1013,161.8,gf,3.500,mm,OK,--,6:00:10 PM,12/26/2024,
1014,161.5,gf,3.500,mm,OK,--,6:00:11 PM,12/26/2024,
1015,161.2,gf,3.500,mm,OK,--,6:00:11 PM,12/26/2024,
1016,160.9,gf,3.500,mm,OK,--,6:00:11 PM,12/26/2024,
1017,160.7,gf,3.500,mm,OK,--,6:00:11 PM,12/26/2024,
1018,160.5,gf,3.495,mm,OK,--,6:00:11 PM,12/26/2024,
1019,160.2,gf,3.495,mm,OK,--,6:00:11 PM,12/26/2024,
1020,160.1,gf,3.495,mm,OK,--,6:00:11 PM,12/26/2024,
1021,159.9,gf,3.495,mm,OK,--,6:00:11 PM,12/26/2024,
1022,159.6,gf,3.495,mm,OK,--,6:00:11 PM,12/26/2024,
1023,159.3,gf,3.495,mm,OK,--,6:00:11 PM,12/26/2024,
1024,159.1,gf,3.495,mm,OK,--,6:00:12 PM,12/26/2024,
1025,158.7,gf,3.495,mm,OK,--,6:00:12 PM,12/26/2024,
1026,158.3,gf,3.495,mm,OK,--,6:00:12 PM,12/26/2024,
1027,157.6,gf,3.495,mm,OK,--,6:00:12 PM,12/26/2024,
1028,156.9,gf,3.495,mm,OK,--,6:00:12 PM,12/26/2024,
1029,156.3,gf,3.495,mm,OK,--,6:00:12 PM,12/26/2024,
1030,155.6,gf,3.495,mm,OK,--,6:00:12 PM,12/26/2024,
1031,155.0,gf,3.490,mm,OK,--,6:00:12 PM,12/26/2024,
1032,154.5,gf,3.490,mm,OK,--,6:00:12 PM,12/26/2024,
1033,154.0,gf,3.490,mm,OK,--,6:00:12 PM,12/26/2024,
1034,153.8,gf,3.490,mm,OK,--,6:00:13 PM,12/26/2024,
1035,153.2,gf,3.490,mm,OK,--,6:00:13 PM,12/26/2024,
1036,152.6,gf,3.490,mm,OK,--,6:00:13 PM,12/26/2024,
1037,151.8,gf,3.490,mm,OK,--,6:00:13 PM,12/26/2024,
1038,151.0,gf,3.490,mm,OK,--,6:00:13 PM,12/26/2024,
1039,150.4,gf,3.490,mm,OK,--,6:00:13 PM,12/26/2024,
1040,149.6,gf,3.485,mm,OK,--,6:00:13 PM,12/26/2024,
1041,149.0,gf,3.485,mm,OK,--,6:00:13 PM,12/26/2024,
1042,148.4,gf,3.485,mm,OK,--,6:00:13 PM,12/26/2024,
1043,147.8,gf,3.485,mm,OK,--,6:00:13 PM,12/26/2024,
1044,147.0,gf,3.485,mm,OK,--,6:00:14 PM,12/26/2024,
1045,146.2,gf,3.485,mm,OK,--,6:00:14 PM,12/26/2024,
1046,145.2,gf,3.485,mm,OK,--,6:00:14 PM,12/26/2024,
1047,144.3,gf,3.480,mm,OK,--,6:00:14 PM,12/26/2024,
1048,143.2,gf,3.480,mm,OK,--,6:00:14 PM,12/26/2024,
1049,142.1,gf,3.480,mm,OK,--,6:00:14 PM,12/26/2024,
1050,140.8,gf,3.480,mm,OK,--,6:00:14 PM,12/26/2024,
1051,139.6,gf,3.475,mm,OK,--,6:00:14 PM,12/26/2024,
1052,138.3,gf,3.475,mm,OK,--,6:00:14 PM,12/26/2024,
1053,136.9,gf,3.475,mm,OK,--,6:00:14 PM,12/26/2024,
1054,135.4,gf,3.475,mm,OK,--,6:00:15 PM,12/26/2024,
1055,133.7,gf,3.470,mm,OK,--,6:00:15 PM,12/26/2024,
1056,132.3,gf,3.470,mm,OK,--,6:00:15 PM,12/26/2024,
1057,131.2,gf,3.470,mm,OK,--,6:00:15 PM,12/26/2024,
1058,130.3,gf,3.470,mm,OK,--,6:00:15 PM,12/26/2024,
1059,129.3,gf,3.470,mm,OK,--,6:00:15 PM,12/26/2024,
1060,128.1,gf,3.465,mm,OK,--,6:00:15 PM,12/26/2024,
1061,127.0,gf,3.465,mm,OK,--,6:00:15 PM,12/26/2024,
1062,125.9,gf,3.465,mm,OK,--,6:00:15 PM,12/26/2024,
1063,125.1,gf,3.465,mm,OK,--,6:00:15 PM,12/26/2024,
1064,124.3,gf,3.465,mm,OK,--,6:00:16 PM,12/26/2024,
1065,123.6,gf,3.460,mm,OK,--,6:00:16 PM,12/26/2024,
1066,122.9,gf,3.460,mm,OK,--,6:00:16 PM,12/26/2024,
1067,122.2,gf,3.460,mm,OK,--,6:00:16 PM,12/26/2024,
1068,121.6,gf,3.460,mm,OK,--,6:00:16 PM,12/26/2024,
1069,121.0,gf,3.460,mm,OK,--,6:00:16 PM,12/26/2024,
1070,120.4,gf,3.460,mm,OK,--,6:00:16 PM,12/26/2024,
1071,119.9,gf,3.460,mm,OK,--,6:00:16 PM,12/26/2024,
1072,119.5,gf,3.460,mm,OK,--,6:00:16 PM,12/26/2024,
1073,119.0,gf,3.460,mm,OK,--,6:00:16 PM,12/26/2024,
1074,118.4,gf,3.460,mm,OK,--,6:00:17 PM,12/26/2024,
1075,117.9,gf,3.455,mm,OK,--,6:00:17 PM,12/26/2024,
1076,117.5,gf,3.455,mm,OK,--,6:00:17 PM,12/26/2024,
1077,117.1,gf,3.455,mm,OK,--,6:00:17 PM,12/26/2024,
1078,116.7,gf,3.455,mm,OK,--,6:00:17 PM,12/26/2024,
1079,116.3,gf,3.455,mm,OK,--,6:00:17 PM,12/26/2024,
1080,115.9,gf,3.455,mm,OK,--,6:00:17 PM,12/26/2024,
1081,115.5,gf,3.455,mm,OK,--,6:00:17 PM,12/26/2024,
1082,115.0,gf,3.455,mm,OK,--,6:00:17 PM,12/26/2024,
1083,114.3,gf,3.455,mm,OK,--,6:00:17 PM,12/26/2024,
1084,113.3,gf,3.455,mm,OK,--,6:00:18 PM,12/26/2024,
1085,112.7,gf,3.450,mm,OK,--,6:00:18 PM,12/26/2024,
1086,112.2,gf,3.450,mm,OK,--,6:00:18 PM,12/26/2024,
1087,111.5,gf,3.450,mm,OK,--,6:00:18 PM,12/26/2024,
1088,110.8,gf,3.450,mm,OK,--,6:00:18 PM,12/26/2024,
1089,110.1,gf,3.450,mm,OK,--,6:00:18 PM,12/26/2024,
1090,109.5,gf,3.450,mm,OK,--,6:00:18 PM,12/26/2024,
1091,109.0,gf,3.450,mm,OK,--,6:00:18 PM,12/26/2024,
1092,108.4,gf,3.450,mm,OK,--,6:00:18 PM,12/26/2024,
1093,108.0,gf,3.445,mm,OK,--,6:00:18 PM,12/26/2024,
1094,107.5,gf,3.445,mm,OK,--,6:00:19 PM,12/26/2024,
1095,107.0,gf,3.445,mm,OK,--,6:00:19 PM,12/26/2024,
1096,106.7,gf,3.445,mm,OK,--,6:00:19 PM,12/26/2024,
1097,106.3,gf,3.445,mm,OK,--,6:00:19 PM,12/26/2024,
1098,105.8,gf,3.445,mm,OK,--,6:00:19 PM,12/26/2024,
1099,105.4,gf,3.445,mm,OK,--,6:00:19 PM,12/26/2024,
1100,105.0,gf,3.445,mm,OK,--,6:00:19 PM,12/26/2024,
1101,104.7,gf,3.445,mm,OK,--,6:00:19 PM,12/26/2024,
1102,104.5,gf,3.445,mm,OK,--,6:00:19 PM,12/26/2024,
1103,104.2,gf,3.445,mm,OK,--,6:00:19 PM,12/26/2024,
1104,103.8,gf,3.445,mm,OK,--,6:00:20 PM,12/26/2024,
1105,103.2,gf,3.445,mm,OK,--,6:00:20 PM,12/26/2024,
1106,102.4,gf,3.440,mm,OK,--,6:00:20 PM,12/26/2024,
1107,101.4,gf,3.440,mm,OK,--,6:00:20 PM,12/26/2024,
1108,100.6,gf,3.440,mm,OK,--,6:00:20 PM,12/26/2024,
1109,99.7,gf,3.440,mm,OK,--,6:00:20 PM,12/26/2024,
1110,98.9,gf,3.440,mm,OK,--,6:00:20 PM,12/26/2024,
1111,98.0,gf,3.440,mm,OK,--,6:00:20 PM,12/26/2024,
1112,97.3,gf,3.435,mm,OK,--,6:00:20 PM,12/26/2024,
1113,96.7,gf,3.435,mm,OK,--,6:00:20 PM,12/26/2024,
1114,96.1,gf,3.435,mm,OK,--,6:00:21 PM,12/26/2024,
1115,95.7,gf,3.435,mm,OK,--,6:00:21 PM,12/26/2024,
1116,95.2,gf,3.435,mm,OK,--,6:00:21 PM,12/26/2024,
1117,94.4,gf,3.435,mm,OK,--,6:00:21 PM,12/26/2024,
1118,93.6,gf,3.435,mm,OK,--,6:00:21 PM,12/26/2024,
1119,93.1,gf,3.430,mm,OK,--,6:00:21 PM,12/26/2024,
1120,92.8,gf,3.430,mm,OK,--,6:00:21 PM,12/26/2024,
1121,92.4,gf,3.430,mm,OK,--,6:00:21 PM,12/26/2024,
1122,92.0,gf,3.430,mm,OK,--,6:00:21 PM,12/26/2024,
1123,91.5,gf,3.430,mm,OK,--,6:00:21 PM,12/26/2024,
1124,90.8,gf,3.430,mm,OK,--,6:00:22 PM,12/26/2024,
1125,90.3,gf,3.430,mm,OK,--,6:00:22 PM,12/26/2024,
1126,89.7,gf,3.430,mm,OK,--,6:00:22 PM,12/26/2024,
1127,89.1,gf,3.430,mm,OK,--,6:00:22 PM,12/26/2024,
1128,88.5,gf,3.430,mm,OK,--,6:00:22 PM,12/26/2024,
1129,87.8,gf,3.425,mm,OK,--,6:00:22 PM,12/26/2024,
1130,86.9,gf,3.425,mm,OK,--,6:00:22 PM,12/26/2024,
1131,85.9,gf,3.425,mm,OK,--,6:00:22 PM,12/26/2024,
1132,84.9,gf,3.425,mm,OK,--,6:00:22 PM,12/26/2024,
1133,83.9,gf,3.425,mm,OK,--,6:00:22 PM,12/26/2024,
1134,82.5,gf,3.420,mm,OK,--,6:00:23 PM,12/26/2024,
1135,81.1,gf,3.420,mm,OK,--,6:00:23 PM,12/26/2024,
1136,79.1,gf,3.420,mm,OK,--,6:00:23 PM,12/26/2024,
1137,76.6,gf,3.415,mm,OK,--,6:00:23 PM,12/26/2024,
1138,74.2,gf,3.415,mm,OK,--,6:00:23 PM,12/26/2024,
1139,71.3,gf,3.410,mm,OK,--,6:00:23 PM,12/26/2024,
1140,67.8,gf,3.405,mm,OK,--,6:00:23 PM,12/26/2024,
1141,63.2,gf,3.400,mm,OK,--,6:00:23 PM,12/26/2024,
1142,58.7,gf,3.395,mm,OK,--,6:00:23 PM,12/26/2024,
1143,54.3,gf,3.395,mm,OK,--,6:00:23 PM,12/26/2024,
1144,50.7,gf,3.390,mm,OK,--,6:00:24 PM,12/26/2024,
1145,48.1,gf,3.385,mm,OK,--,6:00:24 PM,12/26/2024,
1146,48.1,gf,3.385,mm,OK,--,6:00:24 PM,12/26/2024,
1147,48.1,gf,3.380,mm,OK,--,6:00:24 PM,12/26/2024,
1148,48.1,gf,3.375,mm,OK,--,6:00:24 PM,12/26/2024,
1149,48.1,gf,3.375,mm,OK,--,6:00:24 PM,12/26/2024,
1150,48.1,gf,3.370,mm,OK,--,6:00:24 PM,12/26/2024,
1151,48.0,gf,3.370,mm,OK,--,6:00:24 PM,12/26/2024,
1152,48.0,gf,3.365,mm,OK,--,6:00:24 PM,12/26/2024,
1153,48.0,gf,3.365,mm,OK,--,6:00:24 PM,12/26/2024,
1154,48.0,gf,3.360,mm,OK,--,6:00:25 PM,12/26/2024,
1155,48.0,gf,3.355,mm,OK,--,6:00:25 PM,12/26/2024,
1156,47.9,gf,3.355,mm,OK,--,6:00:25 PM,12/26/2024,
1157,47.8,gf,3.350,mm,OK,--,6:00:25 PM,12/26/2024,
1158,47.7,gf,3.345,mm,OK,--,6:00:25 PM,12/26/2024,
1159,47.7,gf,3.340,mm,OK,--,6:00:25 PM,12/26/2024,
1160,47.7,gf,3.340,mm,OK,--,6:00:25 PM,12/26/2024,
1161,47.7,gf,3.335,mm,OK,--,6:00:25 PM,12/26/2024,
1162,47.7,gf,3.330,mm,OK,--,6:00:25 PM,12/26/2024,
1163,47.7,gf,3.325,mm,OK,--,6:00:25 PM,12/26/2024,
1164,47.7,gf,3.325,mm,OK,--,6:00:26 PM,12/26/2024,
1165,47.7,gf,3.320,mm,OK,--,6:00:26 PM,12/26/2024,
1166,47.7,gf,3.320,mm,OK,--,6:00:26 PM,12/26/2024,
1167,47.7,gf,3.315,mm,OK,--,6:00:26 PM,12/26/2024,
1168,47.7,gf,3.310,mm,OK,--,6:00:26 PM,12/26/2024,
1169,47.7,gf,3.305,mm,OK,--,6:00:26 PM,12/26/2024,
1170,47.7,gf,3.300,mm,OK,--,6:00:26 PM,12/26/2024,
1171,47.6,gf,3.295,mm,OK,--,6:00:26 PM,12/26/2024,
1172,47.5,gf,3.290,mm,OK,--,6:00:26 PM,12/26/2024,
1173,47.5,gf,3.290,mm,OK,--,6:00:26 PM,12/26/2024,
1174,47.5,gf,3.285,mm,OK,--,6:00:27 PM,12/26/2024,
1175,47.5,gf,3.285,mm,OK,--,6:00:27 PM,12/26/2024,
1176,47.5,gf,3.280,mm,OK,--,6:00:27 PM,12/26/2024,
1177,47.5,gf,3.275,mm,OK,--,6:00:27 PM,12/26/2024,
1178,47.5,gf,3.270,mm,OK,--,6:00:27 PM,12/26/2024,
1179,47.5,gf,3.270,mm,OK,--,6:00:27 PM,12/26/2024,
1180,47.5,gf,3.265,mm,OK,--,6:00:27 PM,12/26/2024,
1181,47.5,gf,3.260,mm,OK,--,6:00:27 PM,12/26/2024,
1182,47.5,gf,3.255,mm,OK,--,6:00:27 PM,12/26/2024,
1183,47.5,gf,3.245,mm,OK,--,6:00:27 PM,12/26/2024,
1184,47.5,gf,3.240,mm,OK,--,6:00:28 PM,12/26/2024,
1185,47.4,gf,3.235,mm,OK,--,6:00:28 PM,12/26/2024,
1186,47.4,gf,3.230,mm,OK,--,6:00:28 PM,12/26/2024,
1187,47.4,gf,3.225,mm,OK,--,6:00:28 PM,12/26/2024,
1188,47.3,gf,3.225,mm,OK,--,6:00:28 PM,12/26/2024,
1189,47.3,gf,3.220,mm,OK,--,6:00:28 PM,12/26/2024,
1190,47.3,gf,3.220,mm,OK,--,6:00:28 PM,12/26/2024,
1191,47.3,gf,3.215,mm,OK,--,6:00:28 PM,12/26/2024,
1192,47.3,gf,3.210,mm,OK,--,6:00:28 PM,12/26/2024,
1193,47.2,gf,3.210,mm,OK,--,6:00:28 PM,12/26/2024,
1194,47.2,gf,3.205,mm,OK,--,6:00:29 PM,12/26/2024,
1195,47.2,gf,3.200,mm,OK,--,6:00:29 PM,12/26/2024,
1196,47.2,gf,3.195,mm,OK,--,6:00:29 PM,12/26/2024,
1197,47.2,gf,3.190,mm,OK,--,6:00:29 PM,12/26/2024,
1198,47.1,gf,3.190,mm,OK,--,6:00:29 PM,12/26/2024,
1199,47.0,gf,3.185,mm,OK,--,6:00:29 PM,12/26/2024,
1200,47.0,gf,3.180,mm,OK,--,6:00:29 PM,12/26/2024,
1201,46.9,gf,3.170,mm,OK,--,6:00:29 PM,12/26/2024,
1202,46.9,gf,3.165,mm,OK,--,6:00:29 PM,12/26/2024,
1203,46.9,gf,3.155,mm,OK,--,6:00:29 PM,12/26/2024,
1204,46.9,gf,3.150,mm,OK,--,6:00:30 PM,12/26/2024,
1205,46.8,gf,3.145,mm,OK,--,6:00:30 PM,12/26/2024,
1206,46.8,gf,3.145,mm,OK,--,6:00:30 PM,12/26/2024,
1207,46.7,gf,3.140,mm,OK,--,6:00:30 PM,12/26/2024,
1208,46.7,gf,3.135,mm,OK,--,6:00:30 PM,12/26/2024,
1209,46.7,gf,3.135,mm,OK,--,6:00:30 PM,12/26/2024,
1210,46.7,gf,3.130,mm,OK,--,6:00:30 PM,12/26/2024,
1211,46.7,gf,3.130,mm,OK,--,6:00:30 PM,12/26/2024,
1212,46.7,gf,3.125,mm,OK,--,6:00:30 PM,12/26/2024,
1213,46.7,gf,3.120,mm,OK,--,6:00:30 PM,12/26/2024,
1214,46.7,gf,3.120,mm,OK,--,6:00:31 PM,12/26/2024,
1215,46.7,gf,3.120,mm,OK,--,6:00:31 PM,12/26/2024,
1216,46.7,gf,3.115,mm,OK,--,6:00:31 PM,12/26/2024,
1217,46.7,gf,3.115,mm,OK,--,6:00:31 PM,12/26/2024,
1218,46.7,gf,3.110,mm,OK,--,6:00:31 PM,12/26/2024,
1219,46.7,gf,3.110,mm,OK,--,6:00:31 PM,12/26/2024,
1220,46.7,gf,3.110,mm,OK,--,6:00:31 PM,12/26/2024,
1221,46.7,gf,3.105,mm,OK,--,6:00:31 PM,12/26/2024,
1222,46.6,gf,3.105,mm,OK,--,6:00:31 PM,12/26/2024,
1223,46.6,gf,3.100,mm,OK,--,6:00:31 PM,12/26/2024,
1224,46.6,gf,3.100,mm,OK,--,6:00:32 PM,12/26/2024,
1225,46.6,gf,3.095,mm,OK,--,6:00:32 PM,12/26/2024,
1226,46.6,gf,3.090,mm,OK,--,6:00:32 PM,12/26/2024,
1227,46.6,gf,3.090,mm,OK,--,6:00:32 PM,12/26/2024,
1228,46.6,gf,3.085,mm,OK,--,6:00:32 PM,12/26/2024,
1229,46.6,gf,3.085,mm,OK,--,6:00:32 PM,12/26/2024,
1230,46.6,gf,3.085,mm,OK,--,6:00:32 PM,12/26/2024,
1231,46.6,gf,3.085,mm,OK,--,6:00:32 PM,12/26/2024,
1232,46.6,gf,3.080,mm,OK,--,6:00:32 PM,12/26/2024,
1233,46.6,gf,3.080,mm,OK,--,6:00:32 PM,12/26/2024,
1234,46.5,gf,3.080,mm,OK,--,6:00:33 PM,12/26/2024,
1235,46.5,gf,3.075,mm,OK,--,6:00:33 PM,12/26/2024,
1236,46.5,gf,3.070,mm,OK,--,6:00:33 PM,12/26/2024,
1237,46.5,gf,3.070,mm,OK,--,6:00:33 PM,12/26/2024,
1238,46.5,gf,3.065,mm,OK,--,6:00:33 PM,12/26/2024,
1239,46.5,gf,3.065,mm,OK,--,6:00:33 PM,12/26/2024,
1240,46.5,gf,3.060,mm,OK,--,6:00:33 PM,12/26/2024,
1241,46.5,gf,3.055,mm,OK,--,6:00:33 PM,12/26/2024,
1242,46.4,gf,3.050,mm,OK,--,6:00:33 PM,12/26/2024,
1243,46.4,gf,3.050,mm,OK,--,6:00:33 PM,12/26/2024,
1244,46.4,gf,3.045,mm,OK,--,6:00:34 PM,12/26/2024,
1245,46.4,gf,3.040,mm,OK,--,6:00:34 PM,12/26/2024,
1246,46.4,gf,3.035,mm,OK,--,6:00:34 PM,12/26/2024,
1247,46.4,gf,3.035,mm,OK,--,6:00:34 PM,12/26/2024,
1248,46.4,gf,3.030,mm,OK,--,6:00:34 PM,12/26/2024,
1249,46.3,gf,3.025,mm,OK,--,6:00:34 PM,12/26/2024,
1250,46.3,gf,3.025,mm,OK,--,6:00:34 PM,12/26/2024,
1251,46.3,gf,3.020,mm,OK,--,6:00:34 PM,12/26/2024,
1252,46.3,gf,3.015,mm,OK,--,6:00:34 PM,12/26/2024,
1253,46.3,gf,3.010,mm,OK,--,6:00:34 PM,12/26/2024,
1254,46.3,gf,3.010,mm,OK,--,6:00:35 PM,12/26/2024,
1255,46.2,gf,3.005,mm,OK,--,6:00:35 PM,12/26/2024,
1256,46.2,gf,3.000,mm,OK,--,6:00:35 PM,12/26/2024,
1257,46.2,gf,2.995,mm,OK,--,6:00:35 PM,12/26/2024,
1258,46.2,gf,2.990,mm,OK,--,6:00:35 PM,12/26/2024,
1259,46.1,gf,2.985,mm,OK,--,6:00:35 PM,12/26/2024,
1260,46.1,gf,2.985,mm,OK,--,6:00:35 PM,12/26/2024,
1261,46.1,gf,2.980,mm,OK,--,6:00:35 PM,12/26/2024,
1262,46.1,gf,2.975,mm,OK,--,6:00:35 PM,12/26/2024,
1263,46.1,gf,2.970,mm,OK,--,6:00:35 PM,12/26/2024,
1264,46.1,gf,2.970,mm,OK,--,6:00:36 PM,12/26/2024,
1265,46.1,gf,2.965,mm,OK,--,6:00:36 PM,12/26/2024,
1266,46.0,gf,2.960,mm,OK,--,6:00:36 PM,12/26/2024,
1267,46.0,gf,2.960,mm,OK,--,6:00:36 PM,12/26/2024,
1268,46.0,gf,2.955,mm,OK,--,6:00:36 PM,12/26/2024,
1269,46.0,gf,2.955,mm,OK,--,6:00:36 PM,12/26/2024,
1270,46.0,gf,2.950,mm,OK,--,6:00:36 PM,12/26/2024,
1271,46.0,gf,2.950,mm,OK,--,6:00:36 PM,12/26/2024,
1272,46.0,gf,2.945,mm,OK,--,6:00:36 PM,12/26/2024,
1273,45.9,gf,2.945,mm,OK,--,6:00:36 PM,12/26/2024,
1274,45.9,gf,2.940,mm,OK,--,6:00:37 PM,12/26/2024,
1275,45.9,gf,2.935,mm,OK,--,6:00:37 PM,12/26/2024,
1276,45.9,gf,2.930,mm,OK,--,6:00:37 PM,12/26/2024,
1277,45.9,gf,2.925,mm,OK,--,6:00:37 PM,12/26/2024,
1278,45.9,gf,2.920,mm,OK,--,6:00:37 PM,12/26/2024,
1279,45.9,gf,2.915,mm,OK,--,6:00:37 PM,12/26/2024,
1280,45.9,gf,2.910,mm,OK,--,6:00:37 PM,12/26/2024,
1281,45.9,gf,2.905,mm,OK,--,6:00:37 PM,12/26/2024,
1282,45.8,gf,2.900,mm,OK,--,6:00:37 PM,12/26/2024,
1283,45.8,gf,2.895,mm,OK,--,6:00:37 PM,12/26/2024,
1284,45.8,gf,2.890,mm,OK,--,6:00:38 PM,12/26/2024,
1285,45.7,gf,2.885,mm,OK,--,6:00:38 PM,12/26/2024,
1286,45.8,gf,2.880,mm,OK,--,6:00:38 PM,12/26/2024,
1287,45.7,gf,2.880,mm,OK,--,6:00:38 PM,12/26/2024,
1288,45.7,gf,2.875,mm,OK,--,6:00:38 PM,12/26/2024,
1289,45.7,gf,2.870,mm,OK,--,6:00:38 PM,12/26/2024,
1290,45.7,gf,2.865,mm,OK,--,6:00:38 PM,12/26/2024,
1291,45.6,gf,2.865,mm,OK,--,6:00:38 PM,12/26/2024,
1292,45.6,gf,2.860,mm,OK,--,6:00:38 PM,12/26/2024,
1293,45.6,gf,2.855,mm,OK,--,6:00:38 PM,12/26/2024,
1294,45.6,gf,2.850,mm,OK,--,6:00:39 PM,12/26/2024,
1295,45.5,gf,2.850,mm,OK,--,6:00:39 PM,12/26/2024,
1296,45.5,gf,2.845,mm,OK,--,6:00:39 PM,12/26/2024,
1297,45.5,gf,2.840,mm,OK,--,6:00:39 PM,12/26/2024,
1298,45.5,gf,2.835,mm,OK,--,6:00:39 PM,12/26/2024,
1299,45.5,gf,2.830,mm,OK,--,6:00:39 PM,12/26/2024,
1300,45.4,gf,2.830,mm,OK,--,6:00:39 PM,12/26/2024,
1301,45.4,gf,2.825,mm,OK,--,6:00:39 PM,12/26/2024,
1302,45.4,gf,2.820,mm,OK,--,6:00:39 PM,12/26/2024,
1303,45.4,gf,2.815,mm,OK,--,6:00:39 PM,12/26/2024,
1304,45.4,gf,2.810,mm,OK,--,6:00:40 PM,12/26/2024,
1305,45.4,gf,2.805,mm,OK,--,6:00:40 PM,12/26/2024,
1306,45.4,gf,2.805,mm,OK,--,6:00:40 PM,12/26/2024,
1307,45.3,gf,2.800,mm,OK,--,6:00:40 PM,12/26/2024,
1308,45.3,gf,2.795,mm,OK,--,6:00:40 PM,12/26/2024,
1309,45.3,gf,2.785,mm,OK,--,6:00:40 PM,12/26/2024,
1310,45.3,gf,2.785,mm,OK,--,6:00:40 PM,12/26/2024,
1311,45.3,gf,2.780,mm,OK,--,6:00:40 PM,12/26/2024,
1312,45.3,gf,2.775,mm,OK,--,6:00:40 PM,12/26/2024,
1313,45.2,gf,2.770,mm,OK,--,6:00:40 PM,12/26/2024,
1314,45.2,gf,2.765,mm,OK,--,6:00:41 PM,12/26/2024,
1315,45.2,gf,2.765,mm,OK,--,6:00:41 PM,12/26/2024,
1316,45.2,gf,2.760,mm,OK,--,6:00:41 PM,12/26/2024,
1317,45.2,gf,2.755,mm,OK,--,6:00:41 PM,12/26/2024,
1318,45.1,gf,2.755,mm,OK,--,6:00:41 PM,12/26/2024,
1319,45.1,gf,2.750,mm,OK,--,6:00:41 PM,12/26/2024,
1320,45.1,gf,2.745,mm,OK,--,6:00:41 PM,12/26/2024,
1321,45.1,gf,2.740,mm,OK,--,6:00:41 PM,12/26/2024,
1322,45.1,gf,2.735,mm,OK,--,6:00:41 PM,12/26/2024,
1323,45.1,gf,2.730,mm,OK,--,6:00:41 PM,12/26/2024,
1324,45.1,gf,2.730,mm,OK,--,6:00:42 PM,12/26/2024,
1325,45.0,gf,2.725,mm,OK,--,6:00:42 PM,12/26/2024,
1326,45.0,gf,2.720,mm,OK,--,6:00:42 PM,12/26/2024,
1327,45.0,gf,2.715,mm,OK,--,6:00:42 PM,12/26/2024,
1328,45.0,gf,2.710,mm,OK,--,6:00:42 PM,12/26/2024,
1329,45.0,gf,2.705,mm,OK,--,6:00:42 PM,12/26/2024,
1330,44.9,gf,2.700,mm,OK,--,6:00:42 PM,12/26/2024,
1331,44.8,gf,2.695,mm,OK,--,6:00:42 PM,12/26/2024,
1332,44.7,gf,2.690,mm,OK,--,6:00:42 PM,12/26/2024,
1333,44.6,gf,2.690,mm,OK,--,6:00:42 PM,12/26/2024,
1334,44.6,gf,2.685,mm,OK,--,6:00:43 PM,12/26/2024,
1335,44.4,gf,2.680,mm,OK,--,6:00:43 PM,12/26/2024,
1336,44.4,gf,2.680,mm,OK,--,6:00:43 PM,12/26/2024,
1337,44.3,gf,2.675,mm,OK,--,6:00:43 PM,12/26/2024,
1338,44.3,gf,2.675,mm,OK,--,6:00:43 PM,12/26/2024,
1339,44.2,gf,2.670,mm,OK,--,6:00:43 PM,12/26/2024,
1340,44.2,gf,2.665,mm,OK,--,6:00:43 PM,12/26/2024,
1341,44.2,gf,2.660,mm,OK,--,6:00:43 PM,12/26/2024,
1342,44.1,gf,2.650,mm,OK,--,6:00:43 PM,12/26/2024,
1343,43.9,gf,2.645,mm,OK,--,6:00:43 PM,12/26/2024,
1344,43.9,gf,2.640,mm,OK,--,6:00:44 PM,12/26/2024,
1345,43.8,gf,2.635,mm,OK,--,6:00:44 PM,12/26/2024,
1346,43.7,gf,2.630,mm,OK,--,6:00:44 PM,12/26/2024,
1347,43.6,gf,2.625,mm,OK,--,6:00:44 PM,12/26/2024,
1348,43.5,gf,2.615,mm,OK,--,6:00:44 PM,12/26/2024,
1349,43.5,gf,2.610,mm,OK,--,6:00:44 PM,12/26/2024,
1350,43.5,gf,2.605,mm,OK,--,6:00:44 PM,12/26/2024,
1351,43.4,gf,2.595,mm,OK,--,6:00:44 PM,12/26/2024,
1352,43.3,gf,2.590,mm,OK,--,6:00:44 PM,12/26/2024,
1353,43.2,gf,2.585,mm,OK,--,6:00:44 PM,12/26/2024,
1354,43.1,gf,2.580,mm,OK,--,6:00:45 PM,12/26/2024,
1355,43.0,gf,2.575,mm,OK,--,6:00:45 PM,12/26/2024,
1356,43.0,gf,2.570,mm,OK,--,6:00:45 PM,12/26/2024,
1357,42.9,gf,2.565,mm,OK,--,6:00:45 PM,12/26/2024,
1358,42.8,gf,2.565,mm,OK,--,6:00:45 PM,12/26/2024,
1359,42.8,gf,2.560,mm,OK,--,6:00:45 PM,12/26/2024,
1360,42.8,gf,2.555,mm,OK,--,6:00:45 PM,12/26/2024,
1361,42.7,gf,2.555,mm,OK,--,6:00:45 PM,12/26/2024,
1362,42.7,gf,2.550,mm,OK,--,6:00:45 PM,12/26/2024,
1363,42.6,gf,2.550,mm,OK,--,6:00:45 PM,12/26/2024,
1364,42.5,gf,2.550,mm,OK,--,6:00:46 PM,12/26/2024,
1365,42.5,gf,2.545,mm,OK,--,6:00:46 PM,12/26/2024,
1366,42.5,gf,2.545,mm,OK,--,6:00:46 PM,12/26/2024,
1367,42.4,gf,2.545,mm,OK,--,6:00:46 PM,12/26/2024,
1368,42.4,gf,2.540,mm,OK,--,6:00:46 PM,12/26/2024,
1369,42.4,gf,2.540,mm,OK,--,6:00:46 PM,12/26/2024,
1370,42.4,gf,2.535,mm,OK,--,6:00:46 PM,12/26/2024,
1371,42.4,gf,2.535,mm,OK,--,6:00:46 PM,12/26/2024,
1372,42.3,gf,2.535,mm,OK,--,6:00:46 PM,12/26/2024,
1373,42.3,gf,2.535,mm,OK,--,6:00:46 PM,12/26/2024,
1374,42.3,gf,2.530,mm,OK,--,6:00:47 PM,12/26/2024,
1375,42.3,gf,2.530,mm,OK,--,6:00:47 PM,12/26/2024,
1376,42.2,gf,2.530,mm,OK,--,6:00:47 PM,12/26/2024,
1377,42.2,gf,2.530,mm,OK,--,6:00:47 PM,12/26/2024,
1378,42.2,gf,2.530,mm,OK,--,6:00:47 PM,12/26/2024,
1379,42.2,gf,2.530,mm,OK,--,6:00:47 PM,12/26/2024,
1380,42.1,gf,2.525,mm,OK,--,6:00:47 PM,12/26/2024,
1381,42.1,gf,2.525,mm,OK,--,6:00:47 PM,12/26/2024,
1382,42.1,gf,2.525,mm,OK,--,6:00:47 PM,12/26/2024,
1383,42.1,gf,2.525,mm,OK,--,6:00:47 PM,12/26/2024,
1384,42.1,gf,2.520,mm,OK,--,6:00:48 PM,12/26/2024,
1385,42.1,gf,2.520,mm,OK,--,6:00:48 PM,12/26/2024,
1386,42.0,gf,2.520,mm,OK,--,6:00:48 PM,12/26/2024,
1387,42.0,gf,2.515,mm,OK,--,6:00:48 PM,12/26/2024,
1388,42.0,gf,2.515,mm,OK,--,6:00:48 PM,12/26/2024,
1389,42.0,gf,2.510,mm,OK,--,6:00:48 PM,12/26/2024,
1390,41.9,gf,2.510,mm,OK,--,6:00:48 PM,12/26/2024,
1391,41.9,gf,2.510,mm,OK,--,6:00:48 PM,12/26/2024,
1392,41.9,gf,2.505,mm,OK,--,6:00:48 PM,12/26/2024,
1393,41.8,gf,2.505,mm,OK,--,6:00:48 PM,12/26/2024,
1394,41.8,gf,2.505,mm,OK,--,6:00:49 PM,12/26/2024,
1395,41.7,gf,2.500,mm,OK,--,6:00:49 PM,12/26/2024,
1396,41.7,gf,2.500,mm,OK,--,6:00:49 PM,12/26/2024,
1397,41.7,gf,2.500,mm,OK,--,6:00:49 PM,12/26/2024,
1398,41.7,gf,2.500,mm,OK,--,6:00:49 PM,12/26/2024,
1399,41.7,gf,2.500,mm,OK,--,6:00:49 PM,12/26/2024,
1400,41.7,gf,2.495,mm,OK,--,6:00:49 PM,12/26/2024,
1401,41.7,gf,2.495,mm,OK,--,6:00:49 PM,12/26/2024,
1402,41.6,gf,2.495,mm,OK,--,6:00:49 PM,12/26/2024,
1403,41.6,gf,2.495,mm,OK,--,6:00:49 PM,12/26/2024,
1404,41.6,gf,2.495,mm,OK,--,6:00:50 PM,12/26/2024,
1405,41.6,gf,2.495,mm,OK,--,6:00:50 PM,12/26/2024,
1406,41.5,gf,2.495,mm,OK,--,6:00:50 PM,12/26/2024,
1407,41.5,gf,2.495,mm,OK,--,6:00:50 PM,12/26/2024,
1408,41.5,gf,2.490,mm,OK,--,6:00:50 PM,12/26/2024,
1409,41.5,gf,2.490,mm,OK,--,6:00:50 PM,12/26/2024,
1410,41.5,gf,2.490,mm,OK,--,6:00:50 PM,12/26/2024,
1411,41.5,gf,2.490,mm,OK,--,6:00:50 PM,12/26/2024,
1412,41.4,gf,2.490,mm,OK,--,6:00:50 PM,12/26/2024,
1413,41.4,gf,2.490,mm,OK,--,6:00:50 PM,12/26/2024,
1414,41.3,gf,2.490,mm,OK,--,6:00:51 PM,12/26/2024,
1415,41.5,gf,2.490,mm,OK,--,6:00:51 PM,12/26/2024,
1416,41.4,gf,2.490,mm,OK,--,6:00:51 PM,12/26/2024,
1417,41.4,gf,2.490,mm,OK,--,6:00:51 PM,12/26/2024,
1418,41.3,gf,2.485,mm,OK,--,6:00:51 PM,12/26/2024,
1419,41.3,gf,2.485,mm,OK,--,6:00:51 PM,12/26/2024,
1420,41.4,gf,2.485,mm,OK,--,6:00:51 PM,12/26/2024,
1421,41.3,gf,2.485,mm,OK,--,6:00:51 PM,12/26/2024,
1422,41.3,gf,2.485,mm,OK,--,6:00:51 PM,12/26/2024,
1423,41.3,gf,2.480,mm,OK,--,6:00:51 PM,12/26/2024,
1424,41.3,gf,2.480,mm,OK,--,6:00:52 PM,12/26/2024,
1425,41.3,gf,2.480,mm,OK,--,6:00:52 PM,12/26/2024,
1426,41.3,gf,2.480,mm,OK,--,6:00:52 PM,12/26/2024,
1427,41.3,gf,2.480,mm,OK,--,6:00:52 PM,12/26/2024,
1428,41.2,gf,2.475,mm,OK,--,6:00:52 PM,12/26/2024,
1429,41.2,gf,2.475,mm,OK,--,6:00:52 PM,12/26/2024,
1430,41.3,gf,2.475,mm,OK,--,6:00:52 PM,12/26/2024,
1431,41.2,gf,2.470,mm,OK,--,6:00:52 PM,12/26/2024,
1432,41.2,gf,2.470,mm,OK,--,6:00:52 PM,12/26/2024,
1433,41.2,gf,2.470,mm,OK,--,6:00:52 PM,12/26/2024,
1434,41.2,gf,2.465,mm,OK,--,6:00:53 PM,12/26/2024,
1435,41.2,gf,2.465,mm,OK,--,6:00:53 PM,12/26/2024,
1436,41.0,gf,2.460,mm,OK,--,6:00:53 PM,12/26/2024,
1437,41.1,gf,2.460,mm,OK,--,6:00:53 PM,12/26/2024,
1438,41.1,gf,2.455,mm,OK,--,6:00:53 PM,12/26/2024,
1439,41.0,gf,2.455,mm,OK,--,6:00:53 PM,12/26/2024,
1440,41.0,gf,2.450,mm,OK,--,6:00:53 PM,12/26/2024,
1441,40.9,gf,2.450,mm,OK,--,6:00:53 PM,12/26/2024,
1442,40.9,gf,2.445,mm,OK,--,6:00:53 PM,12/26/2024,
1443,40.9,gf,2.445,mm,OK,--,6:00:53 PM,12/26/2024,
1444,40.8,gf,2.440,mm,OK,--,6:00:54 PM,12/26/2024,
1445,40.8,gf,2.435,mm,OK,--,6:00:54 PM,12/26/2024,
1446,40.7,gf,2.435,mm,OK,--,6:00:54 PM,12/26/2024,
1447,40.7,gf,2.430,mm,OK,--,6:00:54 PM,12/26/2024,
1448,40.7,gf,2.430,mm,OK,--,6:00:54 PM,12/26/2024,
1449,40.7,gf,2.425,mm,OK,--,6:00:54 PM,12/26/2024,
1450,40.6,gf,2.425,mm,OK,--,6:00:54 PM,12/26/2024,
1451,40.5,gf,2.425,mm,OK,--,6:00:54 PM,12/26/2024,
1452,40.6,gf,2.420,mm,OK,--,6:00:54 PM,12/26/2024,
1453,40.5,gf,2.420,mm,OK,--,6:00:54 PM,12/26/2024,
1454,40.4,gf,2.415,mm,OK,--,6:00:55 PM,12/26/2024,
1455,40.4,gf,2.415,mm,OK,--,6:00:55 PM,12/26/2024,
1456,40.4,gf,2.410,mm,OK,--,6:00:55 PM,12/26/2024,
1457,40.4,gf,2.410,mm,OK,--,6:00:55 PM,12/26/2024,
1458,40.4,gf,2.410,mm,OK,--,6:00:55 PM,12/26/2024,
1459,40.3,gf,2.405,mm,OK,--,6:00:55 PM,12/26/2024,
1460,40.2,gf,2.405,mm,OK,--,6:00:55 PM,12/26/2024,
1461,40.2,gf,2.400,mm,OK,--,6:00:55 PM,12/26/2024,
1462,40.2,gf,2.400,mm,OK,--,6:00:55 PM,12/26/2024,
1463,40.3,gf,2.395,mm,OK,--,6:00:55 PM,12/26/2024,
1464,40.3,gf,2.395,mm,OK,--,6:00:56 PM,12/26/2024,
1465,40.2,gf,2.390,mm,OK,--,6:00:56 PM,12/26/2024,
1466,40.2,gf,2.390,mm,OK,--,6:00:56 PM,12/26/2024,
1467,40.2,gf,2.385,mm,OK,--,6:00:56 PM,12/26/2024,
1468,40.2,gf,2.385,mm,OK,--,6:00:56 PM,12/26/2024,
1469,40.1,gf,2.380,mm,OK,--,6:00:56 PM,12/26/2024,
1470,40.1,gf,2.375,mm,OK,--,6:00:56 PM,12/26/2024,
1471,40.0,gf,2.370,mm,OK,--,6:00:56 PM,12/26/2024,
1472,40.1,gf,2.365,mm,OK,--,6:00:56 PM,12/26/2024,
1473,40.1,gf,2.360,mm,OK,--,6:00:56 PM,12/26/2024,
1474,39.9,gf,2.355,mm,OK,--,6:00:57 PM,12/26/2024,
1475,39.9,gf,2.350,mm,OK,--,6:00:57 PM,12/26/2024,
1476,39.8,gf,2.345,mm,OK,--,6:00:57 PM,12/26/2024,
1477,39.7,gf,2.340,mm,OK,--,6:00:57 PM,12/26/2024,
1478,39.7,gf,2.335,mm,OK,--,6:00:57 PM,12/26/2024,
1479,39.7,gf,2.325,mm,OK,--,6:00:57 PM,12/26/2024,
1480,39.6,gf,2.315,mm,OK,--,6:00:57 PM,12/26/2024,
1481,39.3,gf,2.310,mm,OK,--,6:00:57 PM,12/26/2024,
1482,39.3,gf,2.300,mm,OK,--,6:00:57 PM,12/26/2024,
1483,39.1,gf,2.290,mm,OK,--,6:00:57 PM,12/26/2024,
1484,39.1,gf,2.280,mm,OK,--,6:00:58 PM,12/26/2024,
1485,39.0,gf,2.275,mm,OK,--,6:00:58 PM,12/26/2024,
1486,38.9,gf,2.270,mm,OK,--,6:00:58 PM,12/26/2024,
1487,38.9,gf,2.265,mm,OK,--,6:00:58 PM,12/26/2024,
1488,38.9,gf,2.255,mm,OK,--,6:00:58 PM,12/26/2024,
1489,38.9,gf,2.245,mm,OK,--,6:00:58 PM,12/26/2024,
1490,38.8,gf,2.240,mm,OK,--,6:00:58 PM,12/26/2024,
1491,38.7,gf,2.230,mm,OK,--,6:00:58 PM,12/26/2024,
1492,38.8,gf,2.215,mm,OK,--,6:00:58 PM,12/26/2024,
1493,38.7,gf,2.205,mm,OK,--,6:00:58 PM,12/26/2024,
1494,38.6,gf,2.200,mm,OK,--,6:00:59 PM,12/26/2024,
1495,38.4,gf,2.195,mm,OK,--,6:00:59 PM,12/26/2024,
1496,38.4,gf,2.185,mm,OK,--,6:00:59 PM,12/26/2024,
1497,38.3,gf,2.175,mm,OK,--,6:00:59 PM,12/26/2024,
1498,38.2,gf,2.160,mm,OK,--,6:00:59 PM,12/26/2024,
1499,38.1,gf,2.155,mm,OK,--,6:00:59 PM,12/26/2024,
1500,38.0,gf,2.145,mm,OK,--,6:00:59 PM,12/26/2024,
1501,37.8,gf,2.140,mm,OK,--,6:00:59 PM,12/26/2024,
1502,37.6,gf,2.135,mm,OK,--,6:00:59 PM,12/26/2024,
1503,37.8,gf,2.125,mm,OK,--,6:00:59 PM,12/26/2024,
1504,37.7,gf,2.115,mm,OK,--,6:01:00 PM,12/26/2024,
1505,37.7,gf,2.105,mm,OK,--,6:01:00 PM,12/26/2024,
1506,37.5,gf,2.095,mm,OK,--,6:01:00 PM,12/26/2024,
1507,37.3,gf,2.085,mm,OK,--,6:01:00 PM,12/26/2024,
1508,37.3,gf,2.080,mm,OK,--,6:01:00 PM,12/26/2024,
1509,37.0,gf,2.070,mm,OK,--,6:01:00 PM,12/26/2024,
1510,37.1,gf,2.065,mm,OK,--,6:01:00 PM,12/26/2024,
1511,37.0,gf,2.060,mm,OK,--,6:01:00 PM,12/26/2024,
1512,37.0,gf,2.050,mm,OK,--,6:01:00 PM,12/26/2024,
1513,36.7,gf,2.045,mm,OK,--,6:01:00 PM,12/26/2024,
1514,36.7,gf,2.040,mm,OK,--,6:01:01 PM,12/26/2024,
1515,36.5,gf,2.040,mm,OK,--,6:01:01 PM,12/26/2024,
1516,36.5,gf,2.035,mm,OK,--,6:01:01 PM,12/26/2024,
1517,36.7,gf,2.025,mm,OK,--,6:01:01 PM,12/26/2024,
1518,36.5,gf,2.020,mm,OK,--,6:01:01 PM,12/26/2024,
1519,36.6,gf,2.010,mm,OK,--,6:01:01 PM,12/26/2024,
1520,36.5,gf,2.005,mm,OK,--,6:01:01 PM,12/26/2024,
1521,36.3,gf,2.000,mm,OK,--,6:01:01 PM,12/26/2024,
1522,36.1,gf,1.995,mm,OK,--,6:01:01 PM,12/26/2024,
1523,36.1,gf,1.990,mm,OK,--,6:01:01 PM,12/26/2024,
1524,36.2,gf,1.985,mm,OK,--,6:01:02 PM,12/26/2024,
1525,36.4,gf,1.970,mm,OK,--,6:01:02 PM,12/26/2024,
1526,36.2,gf,1.960,mm,OK,--,6:01:02 PM,12/26/2024,
1527,36.3,gf,1.945,mm,OK,--,6:01:02 PM,12/26/2024,
1528,36.1,gf,1.935,mm,OK,--,6:01:02 PM,12/26/2024,
1529,35.9,gf,1.930,mm,OK,--,6:01:02 PM,12/26/2024,
1530,35.7,gf,1.920,mm,OK,--,6:01:02 PM,12/26/2024,
1531,35.7,gf,1.910,mm,OK,--,6:01:02 PM,12/26/2024,
1532,35.6,gf,1.905,mm,OK,--,6:01:02 PM,12/26/2024,
1533,35.6,gf,1.890,mm,OK,--,6:01:02 PM,12/26/2024,
1534,35.4,gf,1.880,mm,OK,--,6:01:03 PM,12/26/2024,
1535,35.2,gf,1.870,mm,OK,--,6:01:03 PM,12/26/2024,
1536,35.1,gf,1.860,mm,OK,--,6:01:03 PM,12/26/2024,
1537,35.0,gf,1.850,mm,OK,--,6:01:03 PM,12/26/2024,
1538,35.1,gf,1.845,mm,OK,--,6:01:03 PM,12/26/2024,
1539,35.0,gf,1.835,mm,OK,--,6:01:03 PM,12/26/2024,
1540,34.9,gf,1.830,mm,OK,--,6:01:03 PM,12/26/2024,
1541,34.8,gf,1.825,mm,OK,--,6:01:03 PM,12/26/2024,
1542,34.8,gf,1.825,mm,OK,--,6:01:03 PM,12/26/2024,
1543,34.6,gf,1.820,mm,OK,--,6:01:03 PM,12/26/2024,
1544,34.5,gf,1.820,mm,OK,--,6:01:04 PM,12/26/2024,
1545,34.4,gf,1.815,mm,OK,--,6:01:04 PM,12/26/2024,
1546,34.5,gf,1.810,mm,OK,--,6:01:04 PM,12/26/2024,
1547,34.5,gf,1.810,mm,OK,--,6:01:04 PM,12/26/2024,
1548,34.4,gf,1.805,mm,OK,--,6:01:04 PM,12/26/2024,
1549,34.3,gf,1.800,mm,OK,--,6:01:04 PM,12/26/2024,
1550,34.4,gf,1.800,mm,OK,--,6:01:04 PM,12/26/2024,
1551,34.2,gf,1.795,mm,OK,--,6:01:04 PM,12/26/2024,
1552,34.1,gf,1.795,mm,OK,--,6:01:04 PM,12/26/2024,
1553,33.9,gf,1.790,mm,OK,--,6:01:04 PM,12/26/2024,
1554,34.1,gf,1.790,mm,OK,--,6:01:05 PM,12/26/2024,
1555,34.1,gf,1.785,mm,OK,--,6:01:05 PM,12/26/2024,
1556,34.0,gf,1.780,mm,OK,--,6:01:05 PM,12/26/2024,
1557,33.9,gf,1.780,mm,OK,--,6:01:05 PM,12/26/2024,
1558,33.7,gf,1.775,mm,OK,--,6:01:05 PM,12/26/2024,
1559,33.7,gf,1.770,mm,OK,--,6:01:05 PM,12/26/2024,
1560,33.4,gf,1.760,mm,OK,--,6:01:05 PM,12/26/2024,
1561,33.4,gf,1.750,mm,OK,--,6:01:05 PM,12/26/2024,
1562,33.1,gf,1.745,mm,OK,--,6:01:05 PM,12/26/2024,
1563,32.7,gf,1.735,mm,OK,--,6:01:05 PM,12/26/2024,
1564,32.4,gf,1.730,mm,OK,--,6:01:06 PM,12/26/2024,
1565,32.3,gf,1.725,mm,OK,--,6:01:06 PM,12/26/2024,
1566,31.9,gf,1.720,mm,OK,--,6:01:06 PM,12/26/2024,
1567,31.8,gf,1.715,mm,OK,--,6:01:06 PM,12/26/2024,
1568,31.3,gf,1.710,mm,OK,--,6:01:06 PM,12/26/2024,
1569,31.3,gf,1.705,mm,OK,--,6:01:06 PM,12/26/2024,
1570,31.1,gf,1.700,mm,OK,--,6:01:06 PM,12/26/2024,
1571,31.0,gf,1.695,mm,OK,--,6:01:06 PM,12/26/2024,
1572,30.9,gf,1.690,mm,OK,--,6:01:06 PM,12/26/2024,
1573,30.6,gf,1.685,mm,OK,--,6:01:06 PM,12/26/2024,
1574,30.6,gf,1.680,mm,OK,--,6:01:07 PM,12/26/2024,
1575,30.2,gf,1.680,mm,OK,--,6:01:07 PM,12/26/2024,
1576,30.2,gf,1.675,mm,OK,--,6:01:07 PM,12/26/2024,
1577,30.0,gf,1.675,mm,OK,--,6:01:07 PM,12/26/2024,
1578,29.8,gf,1.670,mm,OK,--,6:01:07 PM,12/26/2024,
1579,29.7,gf,1.665,mm,OK,--,6:01:07 PM,12/26/2024,
1580,29.5,gf,1.665,mm,OK,--,6:01:07 PM,12/26/2024,
1581,29.7,gf,1.660,mm,OK,--,6:01:07 PM,12/26/2024,
1582,29.4,gf,1.655,mm,OK,--,6:01:07 PM,12/26/2024,
1583,29.5,gf,1.655,mm,OK,--,6:01:07 PM,12/26/2024,
1584,29.4,gf,1.650,mm,OK,--,6:01:08 PM,12/26/2024,
1585,29.2,gf,1.645,mm,OK,--,6:01:08 PM,12/26/2024,
1586,29.1,gf,1.645,mm,OK,--,6:01:08 PM,12/26/2024,
1587,28.9,gf,1.640,mm,OK,--,6:01:08 PM,12/26/2024,
1588,28.8,gf,1.640,mm,OK,--,6:01:08 PM,12/26/2024,
1589,28.7,gf,1.635,mm,OK,--,6:01:08 PM,12/26/2024,
1590,28.7,gf,1.635,mm,OK,--,6:01:08 PM,12/26/2024,
1591,28.5,gf,1.630,mm,OK,--,6:01:08 PM,12/26/2024,
1592,28.4,gf,1.630,mm,OK,--,6:01:08 PM,12/26/2024,
1593,28.3,gf,1.630,mm,OK,--,6:01:08 PM,12/26/2024,
1594,28.2,gf,1.625,mm,OK,--,6:01:09 PM,12/26/2024,
1595,28.1,gf,1.625,mm,OK,--,6:01:09 PM,12/26/2024,
1596,28.0,gf,1.620,mm,OK,--,6:01:09 PM,12/26/2024,
1597,28.0,gf,1.615,mm,OK,--,6:01:09 PM,12/26/2024,
1598,28.0,gf,1.610,mm,OK,--,6:01:09 PM,12/26/2024,
1599,27.8,gf,1.605,mm,OK,--,6:01:09 PM,12/26/2024,
1600,27.4,gf,1.600,mm,OK,--,6:01:09 PM,12/26/2024,
1601,27.4,gf,1.595,mm,OK,--,6:01:09 PM,12/26/2024,
1602,27.2,gf,1.590,mm,OK,--,6:01:09 PM,12/26/2024,
1603,27.1,gf,1.580,mm,OK,--,6:01:09 PM,12/26/2024,
1604,26.8,gf,1.575,mm,OK,--,6:01:10 PM,12/26/2024,
1605,26.5,gf,1.570,mm,OK,--,6:01:10 PM,12/26/2024,
1606,26.4,gf,1.565,mm,OK,--,6:01:10 PM,12/26/2024,
1607,26.3,gf,1.565,mm,OK,--,6:01:10 PM,12/26/2024,
1608,26.1,gf,1.560,mm,OK,--,6:01:10 PM,12/26/2024,
1609,26.2,gf,1.555,mm,OK,--,6:01:10 PM,12/26/2024,
1610,25.9,gf,1.550,mm,OK,--,6:01:10 PM,12/26/2024,
1611,25.8,gf,1.550,mm,OK,--,6:01:10 PM,12/26/2024,
1612,25.9,gf,1.545,mm,OK,--,6:01:10 PM,12/26/2024,
1613,26.2,gf,1.545,mm,OK,--,6:01:10 PM,12/26/2024,
1614,26.2,gf,1.540,mm,OK,--,6:01:11 PM,12/26/2024,
1615,25.7,gf,1.540,mm,OK,--,6:01:11 PM,12/26/2024,
1616,25.6,gf,1.540,mm,OK,--,6:01:11 PM,12/26/2024,
1617,25.7,gf,1.535,mm,OK,--,6:01:11 PM,12/26/2024,
1618,25.7,gf,1.535,mm,OK,--,6:01:11 PM,12/26/2024,
1619,25.7,gf,1.530,mm,OK,--,6:01:11 PM,12/26/2024,
1620,25.4,gf,1.530,mm,OK,--,6:01:11 PM,12/26/2024,
1621,25.7,gf,1.525,mm,OK,--,6:01:11 PM,12/26/2024,
1622,25.6,gf,1.520,mm,OK,--,6:01:11 PM,12/26/2024,
1623,25.9,gf,1.520,mm,OK,--,6:01:11 PM,12/26/2024,
1624,25.3,gf,1.520,mm,OK,--,6:01:12 PM,12/26/2024,
1625,25.6,gf,1.515,mm,OK,--,6:01:12 PM,12/26/2024,
1626,25.5,gf,1.510,mm,OK,--,6:01:12 PM,12/26/2024,
1627,25.6,gf,1.505,mm,OK,--,6:01:12 PM,12/26/2024,
1628,25.6,gf,1.500,mm,OK,--,6:01:12 PM,12/26/2024,
1629,26.0,gf,1.490,mm,OK,--,6:01:12 PM,12/26/2024,
1630,26.2,gf,1.480,mm,OK,--,6:01:12 PM,12/26/2024,
1631,26.3,gf,1.475,mm,OK,--,6:01:12 PM,12/26/2024,
1632,26.3,gf,1.465,mm,OK,--,6:01:12 PM,12/26/2024,
1633,26.4,gf,1.460,mm,OK,--,6:01:12 PM,12/26/2024,
1634,26.2,gf,1.455,mm,OK,--,6:01:13 PM,12/26/2024,
1635,26.1,gf,1.455,mm,OK,--,6:01:13 PM,12/26/2024,
1636,25.8,gf,1.450,mm,OK,--,6:01:13 PM,12/26/2024,
1637,25.7,gf,1.450,mm,OK,--,6:01:13 PM,12/26/2024,
1638,25.7,gf,1.445,mm,OK,--,6:01:13 PM,12/26/2024,
1639,25.5,gf,1.440,mm,OK,--,6:01:13 PM,12/26/2024,
1640,25.6,gf,1.435,mm,OK,--,6:01:13 PM,12/26/2024,
1641,25.6,gf,1.430,mm,OK,--,6:01:13 PM,12/26/2024,
1642,25.5,gf,1.425,mm,OK,--,6:01:13 PM,12/26/2024,
1643,25.6,gf,1.420,mm,OK,--,6:01:13 PM,12/26/2024,
1644,25.6,gf,1.415,mm,OK,--,6:01:14 PM,12/26/2024,
1645,25.5,gf,1.410,mm,OK,--,6:01:14 PM,12/26/2024,
1646,25.5,gf,1.405,mm,OK,--,6:01:14 PM,12/26/2024,
1647,25.4,gf,1.405,mm,OK,--,6:01:14 PM,12/26/2024,
1648,25.2,gf,1.400,mm,OK,--,6:01:14 PM,12/26/2024,
1649,25.3,gf,1.395,mm,OK,--,6:01:14 PM,12/26/2024,
1650,25.3,gf,1.390,mm,OK,--,6:01:14 PM,12/26/2024,
1651,25.2,gf,1.390,mm,OK,--,6:01:14 PM,12/26/2024,
1652,24.9,gf,1.385,mm,OK,--,6:01:14 PM,12/26/2024,
1653,25.4,gf,1.380,mm,OK,--,6:01:14 PM,12/26/2024,
1654,25.5,gf,1.375,mm,OK,--,6:01:15 PM,12/26/2024,
1655,25.5,gf,1.370,mm,OK,--,6:01:15 PM,12/26/2024,
1656,25.4,gf,1.365,mm,OK,--,6:01:15 PM,12/26/2024,
1657,25.5,gf,1.355,mm,OK,--,6:01:15 PM,12/26/2024,
1658,25.6,gf,1.350,mm,OK,--,6:01:15 PM,12/26/2024,
1659,25.6,gf,1.340,mm,OK,--,6:01:15 PM,12/26/2024,
1660,25.6,gf,1.335,mm,OK,--,6:01:15 PM,12/26/2024,
1661,25.6,gf,1.330,mm,OK,--,6:01:15 PM,12/26/2024,
1662,25.6,gf,1.325,mm,OK,--,6:01:15 PM,12/26/2024,
1663,25.4,gf,1.320,mm,OK,--,6:01:15 PM,12/26/2024,
1664,25.3,gf,1.315,mm,OK,--,6:01:16 PM,12/26/2024,
1665,25.2,gf,1.310,mm,OK,--,6:01:16 PM,12/26/2024,
1666,25.3,gf,1.305,mm,OK,--,6:01:16 PM,12/26/2024,
1667,25.3,gf,1.300,mm,OK,--,6:01:16 PM,12/26/2024,
1668,25.1,gf,1.295,mm,OK,--,6:01:16 PM,12/26/2024,
1669,25.1,gf,1.290,mm,OK,--,6:01:16 PM,12/26/2024,
1670,25.1,gf,1.290,mm,OK,--,6:01:16 PM,12/26/2024,
1671,25.1,gf,1.285,mm,OK,--,6:01:16 PM,12/26/2024,
1672,25.2,gf,1.280,mm,OK,--,6:01:16 PM,12/26/2024,
1673,25.3,gf,1.275,mm,OK,--,6:01:16 PM,12/26/2024,
1674,25.3,gf,1.270,mm,OK,--,6:01:17 PM,12/26/2024,
1675,25.3,gf,1.260,mm,OK,--,6:01:17 PM,12/26/2024,
1676,25.3,gf,1.255,mm,OK,--,6:01:17 PM,12/26/2024,
1677,25.3,gf,1.250,mm,OK,--,6:01:17 PM,12/26/2024,
1678,25.2,gf,1.245,mm,OK,--,6:01:17 PM,12/26/2024,
1679,25.2,gf,1.240,mm,OK,--,6:01:17 PM,12/26/2024,
1680,25.5,gf,1.235,mm,OK,--,6:01:17 PM,12/26/2024,
1681,25.4,gf,1.225,mm,OK,--,6:01:17 PM,12/26/2024,
1682,25.3,gf,1.220,mm,OK,--,6:01:17 PM,12/26/2024,
1683,25.4,gf,1.215,mm,OK,--,6:01:17 PM,12/26/2024,
1684,25.4,gf,1.205,mm,OK,--,6:01:18 PM,12/26/2024,
1685,25.3,gf,1.200,mm,OK,--,6:01:18 PM,12/26/2024,
1686,25.3,gf,1.195,mm,OK,--,6:01:18 PM,12/26/2024,
1687,25.2,gf,1.190,mm,OK,--,6:01:18 PM,12/26/2024,
1688,25.2,gf,1.185,mm,OK,--,6:01:18 PM,12/26/2024,
1689,25.2,gf,1.180,mm,OK,--,6:01:18 PM,12/26/2024,
1690,25.1,gf,1.175,mm,OK,--,6:01:18 PM,12/26/2024,
1691,25.1,gf,1.170,mm,OK,--,6:01:18 PM,12/26/2024,
1692,25.1,gf,1.170,mm,OK,--,6:01:18 PM,12/26/2024,
1693,25.0,gf,1.165,mm,OK,--,6:01:18 PM,12/26/2024,
1694,24.9,gf,1.160,mm,OK,--,6:01:19 PM,12/26/2024,
1695,25.3,gf,1.155,mm,OK,--,6:01:19 PM,12/26/2024,
1696,25.3,gf,1.145,mm,OK,--,6:01:19 PM,12/26/2024,
1697,25.3,gf,1.140,mm,OK,--,6:01:19 PM,12/26/2024,
1698,25.4,gf,1.130,mm,OK,--,6:01:19 PM,12/26/2024,
1699,25.3,gf,1.125,mm,OK,--,6:01:19 PM,12/26/2024,
1700,25.4,gf,1.120,mm,OK,--,6:01:19 PM,12/26/2024,
1701,25.3,gf,1.115,mm,OK,--,6:01:19 PM,12/26/2024,
1702,25.3,gf,1.105,mm,OK,--,6:01:19 PM,12/26/2024,
1703,25.5,gf,1.095,mm,OK,--,6:01:19 PM,12/26/2024,
1704,25.2,gf,1.090,mm,OK,--,6:01:20 PM,12/26/2024,
1705,24.9,gf,1.090,mm,OK,--,6:01:20 PM,12/26/2024,
1706,25.1,gf,1.080,mm,OK,--,6:01:20 PM,12/26/2024,
1707,25.1,gf,1.080,mm,OK,--,6:01:20 PM,12/26/2024,
1708,24.9,gf,1.075,mm,OK,--,6:01:20 PM,12/26/2024,
1709,24.7,gf,1.070,mm,OK,--,6:01:20 PM,12/26/2024,
1710,24.7,gf,1.070,mm,OK,--,6:01:20 PM,12/26/2024,
1711,24.8,gf,1.065,mm,OK,--,6:01:20 PM,12/26/2024,
1712,24.7,gf,1.065,mm,OK,--,6:01:20 PM,12/26/2024,
1713,24.7,gf,1.060,mm,OK,--,6:01:20 PM,12/26/2024,
1714,24.9,gf,1.055,mm,OK,--,6:01:21 PM,12/26/2024,
1715,24.9,gf,1.050,mm,OK,--,6:01:21 PM,12/26/2024,
1716,24.9,gf,1.045,mm,OK,--,6:01:21 PM,12/26/2024,
1717,24.8,gf,1.040,mm,OK,--,6:01:21 PM,12/26/2024,
1718,24.7,gf,1.040,mm,OK,--,6:01:21 PM,12/26/2024,
1719,24.9,gf,1.035,mm,OK,--,6:01:21 PM,12/26/2024,
1720,24.8,gf,1.030,mm,OK,--,6:01:21 PM,12/26/2024,
1721,24.7,gf,1.025,mm,OK,--,6:01:21 PM,12/26/2024,
1722,24.7,gf,1.020,mm,OK,--,6:01:21 PM,12/26/2024,
1723,24.7,gf,1.015,mm,OK,--,6:01:21 PM,12/26/2024,
1724,24.7,gf,1.010,mm,OK,--,6:01:22 PM,12/26/2024,
1725,24.5,gf,1.010,mm,OK,--,6:01:22 PM,12/26/2024,
1726,24.4,gf,1.005,mm,OK,--,6:01:22 PM,12/26/2024,
1727,24.3,gf,1.005,mm,OK,--,6:01:22 PM,12/26/2024,
1728,24.1,gf,1.000,mm,OK,--,6:01:22 PM,12/26/2024,
1729,24.2,gf,0.995,mm,OK,--,6:01:22 PM,12/26/2024,
1730,24.3,gf,0.995,mm,OK,--,6:01:22 PM,12/26/2024,
1731,24.5,gf,0.990,mm,OK,--,6:01:22 PM,12/26/2024,
1732,24.4,gf,0.985,mm,OK,--,6:01:22 PM,12/26/2024,
1733,24.5,gf,0.985,mm,OK,--,6:01:22 PM,12/26/2024,
1734,24.3,gf,0.980,mm,OK,--,6:01:23 PM,12/26/2024,
1735,24.2,gf,0.975,mm,OK,--,6:01:23 PM,12/26/2024,
1736,24.4,gf,0.970,mm,OK,--,6:01:23 PM,12/26/2024,
1737,24.6,gf,0.970,mm,OK,--,6:01:23 PM,12/26/2024,
1738,24.5,gf,0.965,mm,OK,--,6:01:23 PM,12/26/2024,
1739,24.7,gf,0.960,mm,OK,--,6:01:23 PM,12/26/2024,
1740,24.7,gf,0.955,mm,OK,--,6:01:23 PM,12/26/2024,
1741,24.7,gf,0.950,mm,OK,--,6:01:23 PM,12/26/2024,
1742,24.6,gf,0.945,mm,OK,--,6:01:23 PM,12/26/2024,
1743,24.5,gf,0.940,mm,OK,--,6:01:23 PM,12/26/2024,
1744,24.5,gf,0.935,mm,OK,--,6:01:24 PM,12/26/2024,
1745,24.6,gf,0.930,mm,OK,--,6:01:24 PM,12/26/2024,
1746,24.5,gf,0.930,mm,OK,--,6:01:24 PM,12/26/2024,
1747,24.4,gf,0.925,mm,OK,--,6:01:24 PM,12/26/2024,
1748,24.5,gf,0.925,mm,OK,--,6:01:24 PM,12/26/2024,
1749,24.5,gf,0.920,mm,OK,--,6:01:24 PM,12/26/2024,
1750,24.4,gf,0.915,mm,OK,--,6:01:24 PM,12/26/2024,
1751,24.5,gf,0.910,mm,OK,--,6:01:24 PM,12/26/2024,
1752,24.2,gf,0.905,mm,OK,--,6:01:24 PM,12/26/2024,
1753,25.3,gf,0.895,mm,OK,--,6:01:24 PM,12/26/2024,
1754,25.0,gf,0.885,mm,OK,--,6:01:25 PM,12/26/2024,
1755,24.9,gf,0.885,mm,OK,--,6:01:25 PM,12/26/2024,
1756,24.7,gf,0.875,mm,OK,--,6:01:25 PM,12/26/2024,
1757,24.8,gf,0.870,mm,OK,--,6:01:25 PM,12/26/2024,
1758,24.7,gf,0.865,mm,OK,--,6:01:25 PM,12/26/2024,
1759,24.7,gf,0.860,mm,OK,--,6:01:25 PM,12/26/2024,
1760,24.8,gf,0.855,mm,OK,--,6:01:25 PM,12/26/2024,
1761,24.7,gf,0.850,mm,OK,--,6:01:25 PM,12/26/2024,
1762,24.5,gf,0.845,mm,OK,--,6:01:25 PM,12/26/2024,
1763,24.4,gf,0.840,mm,OK,--,6:01:25 PM,12/26/2024,
1764,24.4,gf,0.835,mm,OK,--,6:01:26 PM,12/26/2024,
1765,24.4,gf,0.835,mm,OK,--,6:01:26 PM,12/26/2024,
1766,24.4,gf,0.830,mm,OK,--,6:01:26 PM,12/26/2024,
1767,24.5,gf,0.825,mm,OK,--,6:01:26 PM,12/26/2024,
1768,24.2,gf,0.825,mm,OK,--,6:01:26 PM,12/26/2024,
1769,24.2,gf,0.820,mm,OK,--,6:01:26 PM,12/26/2024,
1770,24.1,gf,0.815,mm,OK,--,6:01:26 PM,12/26/2024,
1771,23.9,gf,0.815,mm,OK,--,6:01:26 PM,12/26/2024,
1772,24.0,gf,0.810,mm,OK,--,6:01:26 PM,12/26/2024,
1773,23.9,gf,0.805,mm,OK,--,6:01:26 PM,12/26/2024,
1774,24.0,gf,0.805,mm,OK,--,6:01:27 PM,12/26/2024,
1775,23.8,gf,0.800,mm,OK,--,6:01:27 PM,12/26/2024,
1776,23.7,gf,0.800,mm,OK,--,6:01:27 PM,12/26/2024,
1777,23.6,gf,0.795,mm,OK,--,6:01:27 PM,12/26/2024,
1778,23.6,gf,0.790,mm,OK,--,6:01:27 PM,12/26/2024,
1779,23.6,gf,0.790,mm,OK,--,6:01:27 PM,12/26/2024,
1780,23.6,gf,0.785,mm,OK,--,6:01:27 PM,12/26/2024,
1781,23.5,gf,0.780,mm,OK,--,6:01:27 PM,12/26/2024,
1782,23.7,gf,0.775,mm,OK,--,6:01:27 PM,12/26/2024,
1783,23.8,gf,0.770,mm,OK,--,6:01:27 PM,12/26/2024,
1784,24.0,gf,0.760,mm,OK,--,6:01:28 PM,12/26/2024,
1785,23.9,gf,0.755,mm,OK,--,6:01:28 PM,12/26/2024,
1786,23.8,gf,0.755,mm,OK,--,6:01:28 PM,12/26/2024,
1787,23.9,gf,0.745,mm,OK,--,6:01:28 PM,12/26/2024,
1788,23.8,gf,0.745,mm,OK,--,6:01:28 PM,12/26/2024,
1789,23.9,gf,0.735,mm,OK,--,6:01:28 PM,12/26/2024,
1790,23.9,gf,0.730,mm,OK,--,6:01:28 PM,12/26/2024,
1791,23.9,gf,0.730,mm,OK,--,6:01:28 PM,12/26/2024,
1792,23.9,gf,0.720,mm,OK,--,6:01:28 PM,12/26/2024,
1793,24.0,gf,0.715,mm,OK,--,6:01:28 PM,12/26/2024,
1794,23.9,gf,0.710,mm,OK,--,6:01:29 PM,12/26/2024,
1795,23.8,gf,0.710,mm,OK,--,6:01:29 PM,12/26/2024,
1796,23.8,gf,0.705,mm,OK,--,6:01:29 PM,12/26/2024,
1797,23.8,gf,0.700,mm,OK,--,6:01:29 PM,12/26/2024,
1798,23.7,gf,0.690,mm,OK,--,6:01:29 PM,12/26/2024,
1799,23.8,gf,0.690,mm,OK,--,6:01:29 PM,12/26/2024,
1800,23.7,gf,0.685,mm,OK,--,6:01:29 PM,12/26/2024,
1801,23.5,gf,0.685,mm,OK,--,6:01:29 PM,12/26/2024,
1802,23.3,gf,0.680,mm,OK,--,6:01:29 PM,12/26/2024,
1803,23.5,gf,0.675,mm,OK,--,6:01:29 PM,12/26/2024,
1804,23.5,gf,0.670,mm,OK,--,6:01:30 PM,12/26/2024,
1805,23.6,gf,0.665,mm,OK,--,6:01:30 PM,12/26/2024,
1806,23.7,gf,0.660,mm,OK,--,6:01:30 PM,12/26/2024,
1807,23.6,gf,0.655,mm,OK,--,6:01:30 PM,12/26/2024,
1808,23.6,gf,0.650,mm,OK,--,6:01:30 PM,12/26/2024,
1809,23.4,gf,0.645,mm,OK,--,6:01:30 PM,12/26/2024,
1810,23.4,gf,0.640,mm,OK,--,6:01:30 PM,12/26/2024,
1811,23.6,gf,0.635,mm,OK,--,6:01:30 PM,12/26/2024,
1812,23.8,gf,0.630,mm,OK,--,6:01:30 PM,12/26/2024,
1813,23.6,gf,0.630,mm,OK,--,6:01:30 PM,12/26/2024,
1814,23.6,gf,0.625,mm,OK,--,6:01:31 PM,12/26/2024,
1815,23.6,gf,0.620,mm,OK,--,6:01:31 PM,12/26/2024,
1816,23.6,gf,0.620,mm,OK,--,6:01:31 PM,12/26/2024,
1817,23.6,gf,0.620,mm,OK,--,6:01:31 PM,12/26/2024,
1818,23.5,gf,0.615,mm,OK,--,6:01:31 PM,12/26/2024,
1819,23.4,gf,0.615,mm,OK,--,6:01:31 PM,12/26/2024,
1820,23.3,gf,0.615,mm,OK,--,6:01:31 PM,12/26/2024,
1821,23.2,gf,0.610,mm,OK,--,6:01:31 PM,12/26/2024,
1822,23.2,gf,0.610,mm,OK,--,6:01:31 PM,12/26/2024,
1823,23.3,gf,0.610,mm,OK,--,6:01:31 PM,12/26/2024,
1824,23.2,gf,0.605,mm,OK,--,6:01:32 PM,12/26/2024,
1825,23.0,gf,0.605,mm,OK,--,6:01:32 PM,12/26/2024,
1826,23.1,gf,0.600,mm,OK,--,6:01:32 PM,12/26/2024,
1827,23.2,gf,0.595,mm,OK,--,6:01:32 PM,12/26/2024,
1828,23.7,gf,0.590,mm,OK,--,6:01:32 PM,12/26/2024,
1829,23.8,gf,0.585,mm,OK,--,6:01:32 PM,12/26/2024,
1830,23.7,gf,0.580,mm,OK,--,6:01:32 PM,12/26/2024,
1831,23.5,gf,0.575,mm,OK,--,6:01:32 PM,12/26/2024,
1832,23.5,gf,0.570,mm,OK,--,6:01:32 PM,12/26/2024,
1833,23.6,gf,0.565,mm,OK,--,6:01:32 PM,12/26/2024,
1834,23.5,gf,0.560,mm,OK,--,6:01:33 PM,12/26/2024,
1835,23.5,gf,0.555,mm,OK,--,6:01:33 PM,12/26/2024,
1836,23.4,gf,0.550,mm,OK,--,6:01:33 PM,12/26/2024,
1837,23.3,gf,0.550,mm,OK,--,6:01:33 PM,12/26/2024,
1838,23.3,gf,0.545,mm,OK,--,6:01:33 PM,12/26/2024,
1839,23.1,gf,0.540,mm,OK,--,6:01:33 PM,12/26/2024,
1840,23.2,gf,0.535,mm,OK,--,6:01:33 PM,12/26/2024,
1841,23.4,gf,0.530,mm,OK,--,6:01:33 PM,12/26/2024,
1842,23.2,gf,0.525,mm,OK,--,6:01:33 PM,12/26/2024,
1843,23.1,gf,0.520,mm,OK,--,6:01:33 PM,12/26/2024,
1844,23.0,gf,0.515,mm,OK,--,6:01:34 PM,12/26/2024,
1845,23.2,gf,0.510,mm,OK,--,6:01:34 PM,12/26/2024,
1846,23.3,gf,0.505,mm,OK,--,6:01:34 PM,12/26/2024,
1847,23.3,gf,0.500,mm,OK,--,6:01:34 PM,12/26/2024,
1848,23.3,gf,0.490,mm,OK,--,6:01:34 PM,12/26/2024,
1849,23.4,gf,0.485,mm,OK,--,6:01:34 PM,12/26/2024,
1850,23.3,gf,0.480,mm,OK,--,6:01:34 PM,12/26/2024,
1851,23.3,gf,0.470,mm,OK,--,6:01:34 PM,12/26/2024,
1852,23.4,gf,0.465,mm,OK,--,6:01:34 PM,12/26/2024,
1853,23.5,gf,0.455,mm,OK,--,6:01:34 PM,12/26/2024,
1854,23.6,gf,0.450,mm,OK,--,6:01:35 PM,12/26/2024,
1855,23.5,gf,0.440,mm,OK,--,6:01:35 PM,12/26/2024,
1856,23.5,gf,0.435,mm,OK,--,6:01:35 PM,12/26/2024,
1857,23.5,gf,0.425,mm,OK,--,6:01:35 PM,12/26/2024,
1858,23.5,gf,0.420,mm,OK,--,6:01:35 PM,12/26/2024,
1859,23.6,gf,0.410,mm,OK,--,6:01:35 PM,12/26/2024,
1860,23.6,gf,0.405,mm,OK,--,6:01:35 PM,12/26/2024,
1861,23.4,gf,0.400,mm,OK,--,6:01:35 PM,12/26/2024,
1862,23.5,gf,0.390,mm,OK,--,6:01:35 PM,12/26/2024,
1863,23.2,gf,0.385,mm,OK,--,6:01:35 PM,12/26/2024,
1864,23.4,gf,0.375,mm,OK,--,6:01:36 PM,12/26/2024,
1865,23.6,gf,0.365,mm,OK,--,6:01:36 PM,12/26/2024,
1866,23.6,gf,0.360,mm,OK,--,6:01:36 PM,12/26/2024,
1867,23.5,gf,0.350,mm,OK,--,6:01:36 PM,12/26/2024,
1868,23.5,gf,0.345,mm,OK,--,6:01:36 PM,12/26/2024,
1869,23.5,gf,0.340,mm,OK,--,6:01:36 PM,12/26/2024,
1870,23.4,gf,0.335,mm,OK,--,6:01:36 PM,12/26/2024,
1871,23.4,gf,0.325,mm,OK,--,6:01:36 PM,12/26/2024,
1872,23.6,gf,0.320,mm,OK,--,6:01:36 PM,12/26/2024,
1873,23.5,gf,0.315,mm,OK,--,6:01:36 PM,12/26/2024,
1874,23.5,gf,0.310,mm,OK,--,6:01:37 PM,12/26/2024,
1875,23.6,gf,0.300,mm,OK,--,6:01:37 PM,12/26/2024,
1876,23.5,gf,0.295,mm,OK,--,6:01:37 PM,12/26/2024,
1877,23.4,gf,0.290,mm,OK,--,6:01:37 PM,12/26/2024,
1878,23.5,gf,0.280,mm,OK,--,6:01:37 PM,12/26/2024,
1879,20.7,gf,0.275,mm,OK,--,6:01:37 PM,12/26/2024,
1880,17.3,gf,0.270,mm,OK,--,6:01:37 PM,12/26/2024,
1881,15.0,gf,0.265,mm,OK,--,6:01:37 PM,12/26/2024,
1882,15.9,gf,0.260,mm,OK,--,6:01:37 PM,12/26/2024,
1883,14.5,gf,0.260,mm,OK,--,6:01:37 PM,12/26/2024,
1884,13.2,gf,0.255,mm,OK,--,6:01:38 PM,12/26/2024,
1885,12.7,gf,0.250,mm,OK,--,6:01:38 PM,12/26/2024,
1886,14.6,gf,0.245,mm,OK,--,6:01:38 PM,12/26/2024,
1887,14.7,gf,0.240,mm,OK,--,6:01:38 PM,12/26/2024,
1888,11.5,gf,0.235,mm,OK,--,6:01:38 PM,12/26/2024,
1889,7.2,gf,0.230,mm,OK,--,6:01:38 PM,12/26/2024,
1890,3.0,gf,0.225,mm,OK,--,6:01:38 PM,12/26/2024,
1891,0.2,gf,0.220,mm,OK,--,6:01:38 PM,12/26/2024,
1892,0.0,gf,0.215,mm,OK,--,6:01:38 PM,12/26/2024,
1893,0.0,gf,0.205,mm,OK,--,6:01:38 PM,12/26/2024,
1894,0.0,gf,0.195,mm,OK,--,6:01:39 PM,12/26/2024,
1895,0.0,gf,0.185,mm,OK,--,6:01:39 PM,12/26/2024,
1896,0.0,gf,0.175,mm,OK,--,6:01:39 PM,12/26/2024,
1897,0.0,gf,0.155,mm,OK,--,6:01:39 PM,12/26/2024,
1898,0.0,gf,0.135,mm,OK,--,6:01:39 PM,12/26/2024,
1899,0.0,gf,0.105,mm,OK,--,6:01:39 PM,12/26/2024,
1900,0.0,gf,0.070,mm,OK,--,6:01:39 PM,12/26/2024,
1901,0.0,gf,0.035,mm,OK,--,6:01:39 PM,12/26/2024,
1902,0.0,gf,0.015,mm,OK,--,6:01:39 PM,12/26/2024,
1903,0.0,gf,0.005,mm,OK,--,6:01:39 PM,12/26/2024,
1904,0.0,gf,-0.020,mm,OK,--,6:01:40 PM,12/26/2024,
1905,0.0,gf,-0.030,mm,OK,--,6:01:40 PM,12/26/2024,
1906,0.0,gf,-0.030,mm,OK,--,6:01:40 PM,12/26/2024,
1907,0.0,gf,-0.030,mm,OK,--,6:01:40 PM,12/26/2024,
1908,0.0,gf,-0.030,mm,OK,--,6:01:40 PM,12/26/2024,
1909,0.0,gf,-0.030,mm,OK,--,6:01:40 PM,12/26/2024,
1910,0.0,gf,-0.030,mm,OK,--,6:01:40 PM,12/26/2024,
1911,0.0,gf,-0.030,mm,OK,--,6:01:40 PM,12/26/2024,
1912,0.0,gf,-0.030,mm,OK,--,6:01:40 PM,12/26/2024,
1913,0.0,gf,-0.030,mm,OK,--,6:01:40 PM,12/26/2024,
1914,-0.2,gf,-0.030,mm,OK,--,6:01:41 PM,12/26/2024,
1915,0.1,gf,-0.025,mm,OK,--,6:01:41 PM,12/26/2024,
1916,0.1,gf,-0.020,mm,OK,--,6:01:41 PM,12/26/2024,
1917,0.0,gf,-0.020,mm,OK,--,6:01:41 PM,12/26/2024,
1918,-0.1,gf,-0.020,mm,OK,--,6:01:41 PM,12/26/2024,
1919,-0.1,gf,-0.015,mm,OK,--,6:01:41 PM,12/26/2024,
1920,0.0,gf,-0.015,mm,OK,--,6:01:41 PM,12/26/2024,
1921,0.0,gf,-0.015,mm,OK,--,6:01:41 PM,12/26/2024,
1922,0.0,gf,-0.010,mm,OK,--,6:01:41 PM,12/26/2024,
1923,0.0,gf,-0.010,mm,OK,--,6:01:41 PM,12/26/2024,
1924,0.0,gf,-0.010,mm,OK,--,6:01:42 PM,12/26/2024,
1925,0.0,gf,-0.010,mm,OK,--,6:01:42 PM,12/26/2024,
1926,0.0,gf,-0.005,mm,OK,--,6:01:42 PM,12/26/2024,
1927,0.0,gf,-0.005,mm,OK,--,6:01:42 PM,12/26/2024,
1928,0.0,gf,-0.005,mm,OK,--,6:01:42 PM,12/26/2024,
