Maximum,194.6,@,No.921,,,,,,
Minimum,-0.4,@,No.1669,,,,,,
Average,57.84,,,,,,,,
Data Quantity,1684,,,,,,,,
Number of NG,0,,,,,,,,
No.,Force,Unit,Displacement,Unit,Judge,Position,Time,Date,
1,0.0,gf,0.000,mm,OK,--,2:59:00 PM,5/25/2025,
2,0.0,gf,0.000,mm,OK,--,2:59:00 PM,5/25/2025,
3,0.0,gf,0.000,mm,OK,--,2:59:00 PM,5/25/2025,
4,0.0,gf,0.000,mm,OK,--,2:59:00 PM,5/25/2025,
5,0.0,gf,0.000,mm,OK,--,2:59:00 PM,5/25/2025,
6,0.0,gf,0.000,mm,OK,--,2:59:01 PM,5/25/2025,
7,0.0,gf,0.000,mm,OK,--,2:59:01 PM,5/25/2025,
8,0.0,gf,0.000,mm,OK,--,2:59:01 PM,5/25/2025,
9,-0.1,gf,0.000,mm,OK,--,2:59:01 PM,5/25/2025,
10,0.0,gf,0.000,mm,OK,--,2:59:01 PM,5/25/2025,
11,0.0,gf,0.000,mm,OK,--,2:59:01 PM,5/25/2025,
12,0.0,gf,0.000,mm,OK,--,2:59:01 PM,5/25/2025,
13,0.0,gf,0.000,mm,OK,--,2:59:01 PM,5/25/2025,
14,0.0,gf,0.000,mm,OK,--,2:59:01 PM,5/25/2025,
15,-0.1,gf,0.000,mm,OK,--,2:59:01 PM,5/25/2025,
16,0.1,gf,0.000,mm,OK,--,2:59:02 PM,5/25/2025,
17,0.0,gf,0.000,mm,OK,--,2:59:02 PM,5/25/2025,
18,0.0,gf,0.000,mm,OK,--,2:59:02 PM,5/25/2025,
19,0.0,gf,0.000,mm,OK,--,2:59:02 PM,5/25/2025,
20,0.0,gf,0.000,mm,OK,--,2:59:02 PM,5/25/2025,
21,0.0,gf,0.000,mm,OK,--,2:59:02 PM,5/25/2025,
22,0.0,gf,0.000,mm,OK,--,2:59:02 PM,5/25/2025,
23,0.0,gf,0.000,mm,OK,--,2:59:02 PM,5/25/2025,
24,0.0,gf,0.000,mm,OK,--,2:59:02 PM,5/25/2025,
25,0.0,gf,0.000,mm,OK,--,2:59:02 PM,5/25/2025,
26,0.0,gf,0.000,mm,OK,--,2:59:03 PM,5/25/2025,
27,0.0,gf,0.000,mm,OK,--,2:59:03 PM,5/25/2025,
28,0.0,gf,0.000,mm,OK,--,2:59:03 PM,5/25/2025,
29,0.0,gf,0.000,mm,OK,--,2:59:03 PM,5/25/2025,
30,-0.1,gf,0.000,mm,OK,--,2:59:03 PM,5/25/2025,
31,0.0,gf,0.000,mm,OK,--,2:59:03 PM,5/25/2025,
32,0.0,gf,0.000,mm,OK,--,2:59:03 PM,5/25/2025,
33,0.0,gf,0.000,mm,OK,--,2:59:03 PM,5/25/2025,
34,0.0,gf,0.005,mm,OK,--,2:59:03 PM,5/25/2025,
35,0.0,gf,0.005,mm,OK,--,2:59:03 PM,5/25/2025,
36,0.0,gf,0.005,mm,OK,--,2:59:04 PM,5/25/2025,
37,0.0,gf,0.005,mm,OK,--,2:59:04 PM,5/25/2025,
38,0.0,gf,0.005,mm,OK,--,2:59:04 PM,5/25/2025,
39,0.0,gf,0.005,mm,OK,--,2:59:04 PM,5/25/2025,
40,0.0,gf,0.005,mm,OK,--,2:59:04 PM,5/25/2025,
41,0.0,gf,0.005,mm,OK,--,2:59:04 PM,5/25/2025,
42,0.0,gf,0.005,mm,OK,--,2:59:04 PM,5/25/2025,
43,0.0,gf,0.005,mm,OK,--,2:59:04 PM,5/25/2025,
44,0.0,gf,0.005,mm,OK,--,2:59:04 PM,5/25/2025,
45,0.0,gf,0.005,mm,OK,--,2:59:04 PM,5/25/2025,
46,0.0,gf,0.005,mm,OK,--,2:59:05 PM,5/25/2025,
47,0.0,gf,0.005,mm,OK,--,2:59:05 PM,5/25/2025,
48,0.0,gf,0.005,mm,OK,--,2:59:05 PM,5/25/2025,
49,0.0,gf,0.005,mm,OK,--,2:59:05 PM,5/25/2025,
50,0.0,gf,0.010,mm,OK,--,2:59:05 PM,5/25/2025,
51,0.1,gf,0.010,mm,OK,--,2:59:05 PM,5/25/2025,
52,0.0,gf,0.010,mm,OK,--,2:59:05 PM,5/25/2025,
53,0.0,gf,0.010,mm,OK,--,2:59:05 PM,5/25/2025,
54,0.0,gf,0.010,mm,OK,--,2:59:05 PM,5/25/2025,
55,0.0,gf,0.010,mm,OK,--,2:59:05 PM,5/25/2025,
56,-0.1,gf,0.010,mm,OK,--,2:59:06 PM,5/25/2025,
57,0.0,gf,0.010,mm,OK,--,2:59:06 PM,5/25/2025,
58,0.0,gf,0.010,mm,OK,--,2:59:06 PM,5/25/2025,
59,0.1,gf,0.010,mm,OK,--,2:59:06 PM,5/25/2025,
60,0.0,gf,0.015,mm,OK,--,2:59:06 PM,5/25/2025,
61,0.0,gf,0.015,mm,OK,--,2:59:06 PM,5/25/2025,
62,0.0,gf,0.015,mm,OK,--,2:59:06 PM,5/25/2025,
63,0.0,gf,0.015,mm,OK,--,2:59:06 PM,5/25/2025,
64,0.0,gf,0.020,mm,OK,--,2:59:06 PM,5/25/2025,
65,-0.1,gf,0.025,mm,OK,--,2:59:06 PM,5/25/2025,
66,0.0,gf,0.025,mm,OK,--,2:59:07 PM,5/25/2025,
67,0.0,gf,0.025,mm,OK,--,2:59:07 PM,5/25/2025,
68,0.0,gf,0.030,mm,OK,--,2:59:07 PM,5/25/2025,
69,0.0,gf,0.030,mm,OK,--,2:59:07 PM,5/25/2025,
70,0.0,gf,0.035,mm,OK,--,2:59:07 PM,5/25/2025,
71,0.0,gf,0.035,mm,OK,--,2:59:07 PM,5/25/2025,
72,0.0,gf,0.040,mm,OK,--,2:59:07 PM,5/25/2025,
73,0.0,gf,0.045,mm,OK,--,2:59:07 PM,5/25/2025,
74,0.0,gf,0.050,mm,OK,--,2:59:07 PM,5/25/2025,
75,0.0,gf,0.055,mm,OK,--,2:59:07 PM,5/25/2025,
76,0.0,gf,0.060,mm,OK,--,2:59:08 PM,5/25/2025,
77,0.0,gf,0.065,mm,OK,--,2:59:08 PM,5/25/2025,
78,0.0,gf,0.070,mm,OK,--,2:59:08 PM,5/25/2025,
79,0.0,gf,0.075,mm,OK,--,2:59:08 PM,5/25/2025,
80,0.0,gf,0.075,mm,OK,--,2:59:08 PM,5/25/2025,
81,0.0,gf,0.080,mm,OK,--,2:59:08 PM,5/25/2025,
82,0.0,gf,0.085,mm,OK,--,2:59:08 PM,5/25/2025,
83,0.0,gf,0.085,mm,OK,--,2:59:08 PM,5/25/2025,
84,0.0,gf,0.090,mm,OK,--,2:59:08 PM,5/25/2025,
85,-0.1,gf,0.095,mm,OK,--,2:59:08 PM,5/25/2025,
86,0.0,gf,0.095,mm,OK,--,2:59:09 PM,5/25/2025,
87,0.0,gf,0.100,mm,OK,--,2:59:09 PM,5/25/2025,
88,0.1,gf,0.105,mm,OK,--,2:59:09 PM,5/25/2025,
89,1.4,gf,0.105,mm,OK,--,2:59:09 PM,5/25/2025,
90,5.1,gf,0.110,mm,OK,--,2:59:09 PM,5/25/2025,
91,9.0,gf,0.115,mm,OK,--,2:59:09 PM,5/25/2025,
92,12.7,gf,0.120,mm,OK,--,2:59:09 PM,5/25/2025,
93,15.7,gf,0.120,mm,OK,--,2:59:09 PM,5/25/2025,
94,17.9,gf,0.125,mm,OK,--,2:59:09 PM,5/25/2025,
95,20.1,gf,0.125,mm,OK,--,2:59:09 PM,5/25/2025,
96,22.3,gf,0.130,mm,OK,--,2:59:10 PM,5/25/2025,
97,24.2,gf,0.130,mm,OK,--,2:59:10 PM,5/25/2025,
98,25.9,gf,0.135,mm,OK,--,2:59:10 PM,5/25/2025,
99,27.5,gf,0.135,mm,OK,--,2:59:10 PM,5/25/2025,
100,29.0,gf,0.135,mm,OK,--,2:59:10 PM,5/25/2025,
101,30.7,gf,0.140,mm,OK,--,2:59:10 PM,5/25/2025,
102,32.4,gf,0.140,mm,OK,--,2:59:10 PM,5/25/2025,
103,34.5,gf,0.145,mm,OK,--,2:59:10 PM,5/25/2025,
104,36.1,gf,0.145,mm,OK,--,2:59:10 PM,5/25/2025,
105,37.8,gf,0.145,mm,OK,--,2:59:10 PM,5/25/2025,
106,39.8,gf,0.150,mm,OK,--,2:59:11 PM,5/25/2025,
107,41.8,gf,0.150,mm,OK,--,2:59:11 PM,5/25/2025,
108,43.6,gf,0.155,mm,OK,--,2:59:11 PM,5/25/2025,
109,44.9,gf,0.155,mm,OK,--,2:59:11 PM,5/25/2025,
110,46.2,gf,0.160,mm,OK,--,2:59:11 PM,5/25/2025,
111,46.1,gf,0.160,mm,OK,--,2:59:11 PM,5/25/2025,
112,46.2,gf,0.165,mm,OK,--,2:59:11 PM,5/25/2025,
113,46.1,gf,0.165,mm,OK,--,2:59:11 PM,5/25/2025,
114,46.0,gf,0.170,mm,OK,--,2:59:11 PM,5/25/2025,
115,46.0,gf,0.175,mm,OK,--,2:59:11 PM,5/25/2025,
116,46.0,gf,0.175,mm,OK,--,2:59:12 PM,5/25/2025,
117,46.0,gf,0.180,mm,OK,--,2:59:12 PM,5/25/2025,
118,46.2,gf,0.180,mm,OK,--,2:59:12 PM,5/25/2025,
119,46.3,gf,0.185,mm,OK,--,2:59:12 PM,5/25/2025,
120,46.3,gf,0.190,mm,OK,--,2:59:12 PM,5/25/2025,
121,46.4,gf,0.190,mm,OK,--,2:59:12 PM,5/25/2025,
122,46.4,gf,0.195,mm,OK,--,2:59:12 PM,5/25/2025,
123,46.5,gf,0.195,mm,OK,--,2:59:12 PM,5/25/2025,
124,46.7,gf,0.200,mm,OK,--,2:59:12 PM,5/25/2025,
125,46.9,gf,0.200,mm,OK,--,2:59:12 PM,5/25/2025,
126,47.0,gf,0.210,mm,OK,--,2:59:13 PM,5/25/2025,
127,47.0,gf,0.210,mm,OK,--,2:59:13 PM,5/25/2025,
128,46.9,gf,0.215,mm,OK,--,2:59:13 PM,5/25/2025,
129,47.0,gf,0.220,mm,OK,--,2:59:13 PM,5/25/2025,
130,47.0,gf,0.220,mm,OK,--,2:59:13 PM,5/25/2025,
131,47.0,gf,0.225,mm,OK,--,2:59:13 PM,5/25/2025,
132,47.0,gf,0.225,mm,OK,--,2:59:13 PM,5/25/2025,
133,47.0,gf,0.230,mm,OK,--,2:59:13 PM,5/25/2025,
134,47.0,gf,0.230,mm,OK,--,2:59:13 PM,5/25/2025,
135,46.8,gf,0.235,mm,OK,--,2:59:13 PM,5/25/2025,
136,46.8,gf,0.235,mm,OK,--,2:59:14 PM,5/25/2025,
137,46.7,gf,0.235,mm,OK,--,2:59:14 PM,5/25/2025,
138,46.4,gf,0.240,mm,OK,--,2:59:14 PM,5/25/2025,
139,46.4,gf,0.240,mm,OK,--,2:59:14 PM,5/25/2025,
140,46.6,gf,0.240,mm,OK,--,2:59:14 PM,5/25/2025,
141,46.6,gf,0.240,mm,OK,--,2:59:14 PM,5/25/2025,
142,46.8,gf,0.240,mm,OK,--,2:59:14 PM,5/25/2025,
143,46.9,gf,0.245,mm,OK,--,2:59:14 PM,5/25/2025,
144,46.8,gf,0.245,mm,OK,--,2:59:14 PM,5/25/2025,
145,46.7,gf,0.250,mm,OK,--,2:59:14 PM,5/25/2025,
146,46.7,gf,0.250,mm,OK,--,2:59:15 PM,5/25/2025,
147,46.4,gf,0.255,mm,OK,--,2:59:15 PM,5/25/2025,
148,46.2,gf,0.260,mm,OK,--,2:59:15 PM,5/25/2025,
149,46.2,gf,0.260,mm,OK,--,2:59:15 PM,5/25/2025,
150,46.2,gf,0.265,mm,OK,--,2:59:15 PM,5/25/2025,
151,46.3,gf,0.270,mm,OK,--,2:59:15 PM,5/25/2025,
152,46.5,gf,0.275,mm,OK,--,2:59:15 PM,5/25/2025,
153,46.3,gf,0.285,mm,OK,--,2:59:15 PM,5/25/2025,
154,46.2,gf,0.295,mm,OK,--,2:59:15 PM,5/25/2025,
155,45.9,gf,0.305,mm,OK,--,2:59:15 PM,5/25/2025,
156,45.8,gf,0.315,mm,OK,--,2:59:16 PM,5/25/2025,
157,45.8,gf,0.320,mm,OK,--,2:59:16 PM,5/25/2025,
158,45.8,gf,0.325,mm,OK,--,2:59:16 PM,5/25/2025,
159,45.7,gf,0.325,mm,OK,--,2:59:16 PM,5/25/2025,
160,45.6,gf,0.330,mm,OK,--,2:59:16 PM,5/25/2025,
161,45.6,gf,0.335,mm,OK,--,2:59:16 PM,5/25/2025,
162,45.6,gf,0.335,mm,OK,--,2:59:16 PM,5/25/2025,
163,45.7,gf,0.340,mm,OK,--,2:59:16 PM,5/25/2025,
164,45.7,gf,0.340,mm,OK,--,2:59:16 PM,5/25/2025,
165,45.8,gf,0.345,mm,OK,--,2:59:16 PM,5/25/2025,
166,45.8,gf,0.345,mm,OK,--,2:59:17 PM,5/25/2025,
167,45.9,gf,0.350,mm,OK,--,2:59:17 PM,5/25/2025,
168,46.0,gf,0.355,mm,OK,--,2:59:17 PM,5/25/2025,
169,45.9,gf,0.360,mm,OK,--,2:59:17 PM,5/25/2025,
170,45.9,gf,0.365,mm,OK,--,2:59:17 PM,5/25/2025,
171,45.9,gf,0.370,mm,OK,--,2:59:17 PM,5/25/2025,
172,45.8,gf,0.375,mm,OK,--,2:59:17 PM,5/25/2025,
173,45.8,gf,0.375,mm,OK,--,2:59:17 PM,5/25/2025,
174,45.8,gf,0.380,mm,OK,--,2:59:17 PM,5/25/2025,
175,45.9,gf,0.380,mm,OK,--,2:59:17 PM,5/25/2025,
176,45.8,gf,0.385,mm,OK,--,2:59:18 PM,5/25/2025,
177,45.8,gf,0.390,mm,OK,--,2:59:18 PM,5/25/2025,
178,45.9,gf,0.390,mm,OK,--,2:59:18 PM,5/25/2025,
179,45.9,gf,0.395,mm,OK,--,2:59:18 PM,5/25/2025,
180,45.8,gf,0.395,mm,OK,--,2:59:18 PM,5/25/2025,
181,45.9,gf,0.400,mm,OK,--,2:59:18 PM,5/25/2025,
182,45.9,gf,0.400,mm,OK,--,2:59:18 PM,5/25/2025,
183,45.8,gf,0.405,mm,OK,--,2:59:18 PM,5/25/2025,
184,45.8,gf,0.405,mm,OK,--,2:59:18 PM,5/25/2025,
185,45.7,gf,0.410,mm,OK,--,2:59:18 PM,5/25/2025,
186,45.8,gf,0.410,mm,OK,--,2:59:19 PM,5/25/2025,
187,45.8,gf,0.410,mm,OK,--,2:59:19 PM,5/25/2025,
188,45.9,gf,0.410,mm,OK,--,2:59:19 PM,5/25/2025,
189,45.9,gf,0.415,mm,OK,--,2:59:19 PM,5/25/2025,
190,45.9,gf,0.415,mm,OK,--,2:59:19 PM,5/25/2025,
191,45.8,gf,0.420,mm,OK,--,2:59:19 PM,5/25/2025,
192,45.7,gf,0.420,mm,OK,--,2:59:19 PM,5/25/2025,
193,45.7,gf,0.420,mm,OK,--,2:59:19 PM,5/25/2025,
194,45.7,gf,0.425,mm,OK,--,2:59:19 PM,5/25/2025,
195,45.8,gf,0.425,mm,OK,--,2:59:19 PM,5/25/2025,
196,45.7,gf,0.430,mm,OK,--,2:59:20 PM,5/25/2025,
197,45.7,gf,0.430,mm,OK,--,2:59:20 PM,5/25/2025,
198,45.8,gf,0.435,mm,OK,--,2:59:20 PM,5/25/2025,
199,45.9,gf,0.435,mm,OK,--,2:59:20 PM,5/25/2025,
200,45.8,gf,0.440,mm,OK,--,2:59:20 PM,5/25/2025,
201,45.8,gf,0.440,mm,OK,--,2:59:20 PM,5/25/2025,
202,45.9,gf,0.445,mm,OK,--,2:59:20 PM,5/25/2025,
203,45.9,gf,0.450,mm,OK,--,2:59:20 PM,5/25/2025,
204,45.9,gf,0.450,mm,OK,--,2:59:20 PM,5/25/2025,
205,45.9,gf,0.455,mm,OK,--,2:59:20 PM,5/25/2025,
206,45.9,gf,0.455,mm,OK,--,2:59:21 PM,5/25/2025,
207,45.9,gf,0.460,mm,OK,--,2:59:21 PM,5/25/2025,
208,45.8,gf,0.460,mm,OK,--,2:59:21 PM,5/25/2025,
209,45.7,gf,0.460,mm,OK,--,2:59:21 PM,5/25/2025,
210,45.9,gf,0.465,mm,OK,--,2:59:21 PM,5/25/2025,
211,45.9,gf,0.465,mm,OK,--,2:59:21 PM,5/25/2025,
212,46.0,gf,0.470,mm,OK,--,2:59:21 PM,5/25/2025,
213,46.0,gf,0.475,mm,OK,--,2:59:21 PM,5/25/2025,
214,46.0,gf,0.480,mm,OK,--,2:59:21 PM,5/25/2025,
215,45.9,gf,0.480,mm,OK,--,2:59:21 PM,5/25/2025,
216,46.2,gf,0.485,mm,OK,--,2:59:22 PM,5/25/2025,
217,46.1,gf,0.490,mm,OK,--,2:59:22 PM,5/25/2025,
218,46.2,gf,0.495,mm,OK,--,2:59:22 PM,5/25/2025,
219,46.2,gf,0.500,mm,OK,--,2:59:22 PM,5/25/2025,
220,46.2,gf,0.505,mm,OK,--,2:59:22 PM,5/25/2025,
221,46.2,gf,0.510,mm,OK,--,2:59:22 PM,5/25/2025,
222,46.2,gf,0.515,mm,OK,--,2:59:22 PM,5/25/2025,
223,46.1,gf,0.520,mm,OK,--,2:59:22 PM,5/25/2025,
224,46.1,gf,0.525,mm,OK,--,2:59:22 PM,5/25/2025,
225,46.1,gf,0.525,mm,OK,--,2:59:22 PM,5/25/2025,
226,46.1,gf,0.530,mm,OK,--,2:59:23 PM,5/25/2025,
227,46.2,gf,0.535,mm,OK,--,2:59:23 PM,5/25/2025,
228,46.0,gf,0.535,mm,OK,--,2:59:23 PM,5/25/2025,
229,46.1,gf,0.540,mm,OK,--,2:59:23 PM,5/25/2025,
230,46.2,gf,0.540,mm,OK,--,2:59:23 PM,5/25/2025,
231,46.4,gf,0.545,mm,OK,--,2:59:23 PM,5/25/2025,
232,46.1,gf,0.545,mm,OK,--,2:59:23 PM,5/25/2025,
233,46.2,gf,0.550,mm,OK,--,2:59:23 PM,5/25/2025,
234,46.3,gf,0.550,mm,OK,--,2:59:23 PM,5/25/2025,
235,46.3,gf,0.555,mm,OK,--,2:59:23 PM,5/25/2025,
236,46.3,gf,0.560,mm,OK,--,2:59:24 PM,5/25/2025,
237,46.2,gf,0.560,mm,OK,--,2:59:24 PM,5/25/2025,
238,46.2,gf,0.565,mm,OK,--,2:59:24 PM,5/25/2025,
239,46.2,gf,0.570,mm,OK,--,2:59:24 PM,5/25/2025,
240,46.3,gf,0.570,mm,OK,--,2:59:24 PM,5/25/2025,
241,46.2,gf,0.575,mm,OK,--,2:59:24 PM,5/25/2025,
242,46.0,gf,0.580,mm,OK,--,2:59:24 PM,5/25/2025,
243,46.1,gf,0.580,mm,OK,--,2:59:24 PM,5/25/2025,
244,46.1,gf,0.585,mm,OK,--,2:59:24 PM,5/25/2025,
245,46.1,gf,0.590,mm,OK,--,2:59:24 PM,5/25/2025,
246,46.2,gf,0.590,mm,OK,--,2:59:25 PM,5/25/2025,
247,46.2,gf,0.595,mm,OK,--,2:59:25 PM,5/25/2025,
248,46.2,gf,0.600,mm,OK,--,2:59:25 PM,5/25/2025,
249,46.4,gf,0.600,mm,OK,--,2:59:25 PM,5/25/2025,
250,46.4,gf,0.605,mm,OK,--,2:59:25 PM,5/25/2025,
251,46.3,gf,0.610,mm,OK,--,2:59:25 PM,5/25/2025,
252,46.3,gf,0.615,mm,OK,--,2:59:25 PM,5/25/2025,
253,46.3,gf,0.615,mm,OK,--,2:59:25 PM,5/25/2025,
254,46.4,gf,0.620,mm,OK,--,2:59:25 PM,5/25/2025,
255,46.5,gf,0.620,mm,OK,--,2:59:25 PM,5/25/2025,
256,46.2,gf,0.625,mm,OK,--,2:59:26 PM,5/25/2025,
257,46.3,gf,0.625,mm,OK,--,2:59:26 PM,5/25/2025,
258,46.4,gf,0.625,mm,OK,--,2:59:26 PM,5/25/2025,
259,46.4,gf,0.630,mm,OK,--,2:59:26 PM,5/25/2025,
260,46.4,gf,0.630,mm,OK,--,2:59:26 PM,5/25/2025,
261,46.2,gf,0.635,mm,OK,--,2:59:26 PM,5/25/2025,
262,46.1,gf,0.635,mm,OK,--,2:59:26 PM,5/25/2025,
263,46.1,gf,0.640,mm,OK,--,2:59:26 PM,5/25/2025,
264,46.1,gf,0.640,mm,OK,--,2:59:26 PM,5/25/2025,
265,46.1,gf,0.640,mm,OK,--,2:59:26 PM,5/25/2025,
266,46.1,gf,0.645,mm,OK,--,2:59:27 PM,5/25/2025,
267,46.1,gf,0.645,mm,OK,--,2:59:27 PM,5/25/2025,
268,46.2,gf,0.645,mm,OK,--,2:59:27 PM,5/25/2025,
269,46.2,gf,0.650,mm,OK,--,2:59:27 PM,5/25/2025,
270,46.4,gf,0.650,mm,OK,--,2:59:27 PM,5/25/2025,
271,46.4,gf,0.650,mm,OK,--,2:59:27 PM,5/25/2025,
272,46.3,gf,0.655,mm,OK,--,2:59:27 PM,5/25/2025,
273,46.3,gf,0.660,mm,OK,--,2:59:27 PM,5/25/2025,
274,46.2,gf,0.665,mm,OK,--,2:59:27 PM,5/25/2025,
275,46.0,gf,0.665,mm,OK,--,2:59:27 PM,5/25/2025,
276,46.2,gf,0.670,mm,OK,--,2:59:28 PM,5/25/2025,
277,46.1,gf,0.670,mm,OK,--,2:59:28 PM,5/25/2025,
278,46.4,gf,0.675,mm,OK,--,2:59:28 PM,5/25/2025,
279,46.3,gf,0.675,mm,OK,--,2:59:28 PM,5/25/2025,
280,46.2,gf,0.680,mm,OK,--,2:59:28 PM,5/25/2025,
281,46.3,gf,0.680,mm,OK,--,2:59:28 PM,5/25/2025,
282,46.3,gf,0.685,mm,OK,--,2:59:28 PM,5/25/2025,
283,46.3,gf,0.690,mm,OK,--,2:59:28 PM,5/25/2025,
284,46.3,gf,0.690,mm,OK,--,2:59:28 PM,5/25/2025,
285,46.2,gf,0.695,mm,OK,--,2:59:28 PM,5/25/2025,
286,46.2,gf,0.695,mm,OK,--,2:59:29 PM,5/25/2025,
287,46.3,gf,0.695,mm,OK,--,2:59:29 PM,5/25/2025,
288,46.4,gf,0.700,mm,OK,--,2:59:29 PM,5/25/2025,
289,46.5,gf,0.700,mm,OK,--,2:59:29 PM,5/25/2025,
290,46.6,gf,0.705,mm,OK,--,2:59:29 PM,5/25/2025,
291,46.5,gf,0.705,mm,OK,--,2:59:29 PM,5/25/2025,
292,46.4,gf,0.710,mm,OK,--,2:59:29 PM,5/25/2025,
293,46.4,gf,0.710,mm,OK,--,2:59:29 PM,5/25/2025,
294,46.5,gf,0.715,mm,OK,--,2:59:29 PM,5/25/2025,
295,46.6,gf,0.715,mm,OK,--,2:59:29 PM,5/25/2025,
296,46.5,gf,0.720,mm,OK,--,2:59:30 PM,5/25/2025,
297,46.5,gf,0.725,mm,OK,--,2:59:30 PM,5/25/2025,
298,46.5,gf,0.725,mm,OK,--,2:59:30 PM,5/25/2025,
299,46.7,gf,0.730,mm,OK,--,2:59:30 PM,5/25/2025,
300,46.6,gf,0.735,mm,OK,--,2:59:30 PM,5/25/2025,
301,46.4,gf,0.740,mm,OK,--,2:59:30 PM,5/25/2025,
302,46.4,gf,0.745,mm,OK,--,2:59:30 PM,5/25/2025,
303,46.5,gf,0.750,mm,OK,--,2:59:30 PM,5/25/2025,
304,46.5,gf,0.755,mm,OK,--,2:59:30 PM,5/25/2025,
305,46.7,gf,0.760,mm,OK,--,2:59:30 PM,5/25/2025,
306,46.8,gf,0.765,mm,OK,--,2:59:31 PM,5/25/2025,
307,46.7,gf,0.770,mm,OK,--,2:59:31 PM,5/25/2025,
308,46.6,gf,0.770,mm,OK,--,2:59:31 PM,5/25/2025,
309,46.6,gf,0.775,mm,OK,--,2:59:31 PM,5/25/2025,
310,46.6,gf,0.780,mm,OK,--,2:59:31 PM,5/25/2025,
311,46.7,gf,0.780,mm,OK,--,2:59:31 PM,5/25/2025,
312,46.7,gf,0.785,mm,OK,--,2:59:31 PM,5/25/2025,
313,46.7,gf,0.790,mm,OK,--,2:59:31 PM,5/25/2025,
314,46.7,gf,0.795,mm,OK,--,2:59:31 PM,5/25/2025,
315,46.7,gf,0.800,mm,OK,--,2:59:31 PM,5/25/2025,
316,46.5,gf,0.805,mm,OK,--,2:59:32 PM,5/25/2025,
317,46.5,gf,0.810,mm,OK,--,2:59:32 PM,5/25/2025,
318,46.8,gf,0.810,mm,OK,--,2:59:32 PM,5/25/2025,
319,46.7,gf,0.820,mm,OK,--,2:59:32 PM,5/25/2025,
320,46.7,gf,0.825,mm,OK,--,2:59:32 PM,5/25/2025,
321,46.6,gf,0.830,mm,OK,--,2:59:32 PM,5/25/2025,
322,46.6,gf,0.835,mm,OK,--,2:59:32 PM,5/25/2025,
323,46.6,gf,0.840,mm,OK,--,2:59:32 PM,5/25/2025,
324,46.6,gf,0.845,mm,OK,--,2:59:32 PM,5/25/2025,
325,46.6,gf,0.845,mm,OK,--,2:59:32 PM,5/25/2025,
326,46.8,gf,0.850,mm,OK,--,2:59:33 PM,5/25/2025,
327,46.8,gf,0.855,mm,OK,--,2:59:33 PM,5/25/2025,
328,46.9,gf,0.860,mm,OK,--,2:59:33 PM,5/25/2025,
329,46.7,gf,0.865,mm,OK,--,2:59:33 PM,5/25/2025,
330,46.7,gf,0.870,mm,OK,--,2:59:33 PM,5/25/2025,
331,46.7,gf,0.875,mm,OK,--,2:59:33 PM,5/25/2025,
332,46.9,gf,0.875,mm,OK,--,2:59:33 PM,5/25/2025,
333,46.7,gf,0.880,mm,OK,--,2:59:33 PM,5/25/2025,
334,46.7,gf,0.885,mm,OK,--,2:59:33 PM,5/25/2025,
335,46.9,gf,0.885,mm,OK,--,2:59:33 PM,5/25/2025,
336,46.9,gf,0.885,mm,OK,--,2:59:34 PM,5/25/2025,
337,46.8,gf,0.890,mm,OK,--,2:59:34 PM,5/25/2025,
338,46.7,gf,0.890,mm,OK,--,2:59:34 PM,5/25/2025,
339,46.7,gf,0.895,mm,OK,--,2:59:34 PM,5/25/2025,
340,46.8,gf,0.895,mm,OK,--,2:59:34 PM,5/25/2025,
341,46.8,gf,0.900,mm,OK,--,2:59:34 PM,5/25/2025,
342,46.9,gf,0.900,mm,OK,--,2:59:34 PM,5/25/2025,
343,46.8,gf,0.905,mm,OK,--,2:59:34 PM,5/25/2025,
344,46.7,gf,0.905,mm,OK,--,2:59:34 PM,5/25/2025,
345,46.6,gf,0.910,mm,OK,--,2:59:34 PM,5/25/2025,
346,46.5,gf,0.910,mm,OK,--,2:59:35 PM,5/25/2025,
347,47.0,gf,0.915,mm,OK,--,2:59:35 PM,5/25/2025,
348,46.8,gf,0.920,mm,OK,--,2:59:35 PM,5/25/2025,
349,46.6,gf,0.920,mm,OK,--,2:59:35 PM,5/25/2025,
350,46.7,gf,0.920,mm,OK,--,2:59:35 PM,5/25/2025,
351,46.6,gf,0.925,mm,OK,--,2:59:35 PM,5/25/2025,
352,46.7,gf,0.925,mm,OK,--,2:59:35 PM,5/25/2025,
353,46.7,gf,0.925,mm,OK,--,2:59:35 PM,5/25/2025,
354,46.7,gf,0.930,mm,OK,--,2:59:35 PM,5/25/2025,
355,46.9,gf,0.930,mm,OK,--,2:59:35 PM,5/25/2025,
356,46.9,gf,0.935,mm,OK,--,2:59:36 PM,5/25/2025,
357,46.6,gf,0.935,mm,OK,--,2:59:36 PM,5/25/2025,
358,46.5,gf,0.940,mm,OK,--,2:59:36 PM,5/25/2025,
359,46.8,gf,0.940,mm,OK,--,2:59:36 PM,5/25/2025,
360,46.7,gf,0.945,mm,OK,--,2:59:36 PM,5/25/2025,
361,46.5,gf,0.945,mm,OK,--,2:59:36 PM,5/25/2025,
362,46.7,gf,0.950,mm,OK,--,2:59:36 PM,5/25/2025,
363,46.5,gf,0.950,mm,OK,--,2:59:36 PM,5/25/2025,
364,46.5,gf,0.955,mm,OK,--,2:59:36 PM,5/25/2025,
365,46.5,gf,0.955,mm,OK,--,2:59:36 PM,5/25/2025,
366,46.7,gf,0.955,mm,OK,--,2:59:37 PM,5/25/2025,
367,46.8,gf,0.960,mm,OK,--,2:59:37 PM,5/25/2025,
368,46.7,gf,0.965,mm,OK,--,2:59:37 PM,5/25/2025,
369,46.6,gf,0.970,mm,OK,--,2:59:37 PM,5/25/2025,
370,46.6,gf,0.975,mm,OK,--,2:59:37 PM,5/25/2025,
371,46.7,gf,0.975,mm,OK,--,2:59:37 PM,5/25/2025,
372,46.7,gf,0.980,mm,OK,--,2:59:37 PM,5/25/2025,
373,46.6,gf,0.985,mm,OK,--,2:59:37 PM,5/25/2025,
374,46.6,gf,0.985,mm,OK,--,2:59:37 PM,5/25/2025,
375,46.7,gf,0.990,mm,OK,--,2:59:37 PM,5/25/2025,
376,46.7,gf,0.995,mm,OK,--,2:59:38 PM,5/25/2025,
377,46.8,gf,0.995,mm,OK,--,2:59:38 PM,5/25/2025,
378,46.8,gf,1.000,mm,OK,--,2:59:38 PM,5/25/2025,
379,46.8,gf,1.005,mm,OK,--,2:59:38 PM,5/25/2025,
380,46.8,gf,1.010,mm,OK,--,2:59:38 PM,5/25/2025,
381,46.7,gf,1.015,mm,OK,--,2:59:38 PM,5/25/2025,
382,46.6,gf,1.020,mm,OK,--,2:59:38 PM,5/25/2025,
383,46.6,gf,1.025,mm,OK,--,2:59:38 PM,5/25/2025,
384,46.7,gf,1.030,mm,OK,--,2:59:38 PM,5/25/2025,
385,46.5,gf,1.030,mm,OK,--,2:59:38 PM,5/25/2025,
386,46.4,gf,1.035,mm,OK,--,2:59:39 PM,5/25/2025,
387,46.5,gf,1.035,mm,OK,--,2:59:39 PM,5/25/2025,
388,46.5,gf,1.040,mm,OK,--,2:59:39 PM,5/25/2025,
389,46.5,gf,1.040,mm,OK,--,2:59:39 PM,5/25/2025,
390,46.2,gf,1.040,mm,OK,--,2:59:39 PM,5/25/2025,
391,46.2,gf,1.045,mm,OK,--,2:59:39 PM,5/25/2025,
392,46.8,gf,1.045,mm,OK,--,2:59:39 PM,5/25/2025,
393,46.9,gf,1.050,mm,OK,--,2:59:39 PM,5/25/2025,
394,46.9,gf,1.055,mm,OK,--,2:59:39 PM,5/25/2025,
395,46.6,gf,1.060,mm,OK,--,2:59:39 PM,5/25/2025,
396,46.5,gf,1.060,mm,OK,--,2:59:40 PM,5/25/2025,
397,46.5,gf,1.065,mm,OK,--,2:59:40 PM,5/25/2025,
398,46.6,gf,1.070,mm,OK,--,2:59:40 PM,5/25/2025,
399,46.5,gf,1.075,mm,OK,--,2:59:40 PM,5/25/2025,
400,46.5,gf,1.085,mm,OK,--,2:59:40 PM,5/25/2025,
401,46.5,gf,1.090,mm,OK,--,2:59:40 PM,5/25/2025,
402,46.5,gf,1.095,mm,OK,--,2:59:40 PM,5/25/2025,
403,46.5,gf,1.100,mm,OK,--,2:59:40 PM,5/25/2025,
404,46.5,gf,1.105,mm,OK,--,2:59:40 PM,5/25/2025,
405,46.4,gf,1.110,mm,OK,--,2:59:40 PM,5/25/2025,
406,46.3,gf,1.115,mm,OK,--,2:59:41 PM,5/25/2025,
407,46.4,gf,1.115,mm,OK,--,2:59:41 PM,5/25/2025,
408,46.4,gf,1.120,mm,OK,--,2:59:41 PM,5/25/2025,
409,46.5,gf,1.125,mm,OK,--,2:59:41 PM,5/25/2025,
410,46.5,gf,1.130,mm,OK,--,2:59:41 PM,5/25/2025,
411,46.4,gf,1.135,mm,OK,--,2:59:41 PM,5/25/2025,
412,46.3,gf,1.140,mm,OK,--,2:59:41 PM,5/25/2025,
413,46.2,gf,1.145,mm,OK,--,2:59:41 PM,5/25/2025,
414,46.2,gf,1.150,mm,OK,--,2:59:41 PM,5/25/2025,
415,46.3,gf,1.150,mm,OK,--,2:59:41 PM,5/25/2025,
416,46.4,gf,1.155,mm,OK,--,2:59:42 PM,5/25/2025,
417,46.4,gf,1.155,mm,OK,--,2:59:42 PM,5/25/2025,
418,46.4,gf,1.160,mm,OK,--,2:59:42 PM,5/25/2025,
419,46.6,gf,1.160,mm,OK,--,2:59:42 PM,5/25/2025,
420,46.5,gf,1.165,mm,OK,--,2:59:42 PM,5/25/2025,
421,46.5,gf,1.170,mm,OK,--,2:59:42 PM,5/25/2025,
422,46.4,gf,1.170,mm,OK,--,2:59:42 PM,5/25/2025,
423,46.7,gf,1.175,mm,OK,--,2:59:42 PM,5/25/2025,
424,46.4,gf,1.185,mm,OK,--,2:59:42 PM,5/25/2025,
425,46.5,gf,1.190,mm,OK,--,2:59:42 PM,5/25/2025,
426,46.5,gf,1.195,mm,OK,--,2:59:43 PM,5/25/2025,
427,46.6,gf,1.200,mm,OK,--,2:59:43 PM,5/25/2025,
428,46.7,gf,1.205,mm,OK,--,2:59:43 PM,5/25/2025,
429,46.6,gf,1.205,mm,OK,--,2:59:43 PM,5/25/2025,
430,46.7,gf,1.210,mm,OK,--,2:59:43 PM,5/25/2025,
431,46.7,gf,1.215,mm,OK,--,2:59:43 PM,5/25/2025,
432,46.7,gf,1.215,mm,OK,--,2:59:43 PM,5/25/2025,
433,46.6,gf,1.220,mm,OK,--,2:59:43 PM,5/25/2025,
434,46.7,gf,1.225,mm,OK,--,2:59:43 PM,5/25/2025,
435,46.6,gf,1.230,mm,OK,--,2:59:43 PM,5/25/2025,
436,46.6,gf,1.235,mm,OK,--,2:59:44 PM,5/25/2025,
437,46.6,gf,1.240,mm,OK,--,2:59:44 PM,5/25/2025,
438,46.6,gf,1.245,mm,OK,--,2:59:44 PM,5/25/2025,
439,46.6,gf,1.250,mm,OK,--,2:59:44 PM,5/25/2025,
440,46.7,gf,1.255,mm,OK,--,2:59:44 PM,5/25/2025,
441,46.7,gf,1.260,mm,OK,--,2:59:44 PM,5/25/2025,
442,46.6,gf,1.265,mm,OK,--,2:59:44 PM,5/25/2025,
443,46.6,gf,1.265,mm,OK,--,2:59:44 PM,5/25/2025,
444,46.7,gf,1.270,mm,OK,--,2:59:44 PM,5/25/2025,
445,46.8,gf,1.270,mm,OK,--,2:59:44 PM,5/25/2025,
446,46.8,gf,1.275,mm,OK,--,2:59:45 PM,5/25/2025,
447,46.6,gf,1.275,mm,OK,--,2:59:45 PM,5/25/2025,
448,46.7,gf,1.280,mm,OK,--,2:59:45 PM,5/25/2025,
449,46.6,gf,1.280,mm,OK,--,2:59:45 PM,5/25/2025,
450,46.7,gf,1.285,mm,OK,--,2:59:45 PM,5/25/2025,
451,46.8,gf,1.285,mm,OK,--,2:59:45 PM,5/25/2025,
452,46.7,gf,1.290,mm,OK,--,2:59:45 PM,5/25/2025,
453,46.8,gf,1.290,mm,OK,--,2:59:45 PM,5/25/2025,
454,46.9,gf,1.295,mm,OK,--,2:59:45 PM,5/25/2025,
455,47.1,gf,1.300,mm,OK,--,2:59:45 PM,5/25/2025,
456,47.0,gf,1.305,mm,OK,--,2:59:46 PM,5/25/2025,
457,46.8,gf,1.305,mm,OK,--,2:59:46 PM,5/25/2025,
458,46.8,gf,1.310,mm,OK,--,2:59:46 PM,5/25/2025,
459,46.8,gf,1.315,mm,OK,--,2:59:46 PM,5/25/2025,
460,46.6,gf,1.320,mm,OK,--,2:59:46 PM,5/25/2025,
461,46.5,gf,1.320,mm,OK,--,2:59:46 PM,5/25/2025,
462,46.7,gf,1.325,mm,OK,--,2:59:46 PM,5/25/2025,
463,46.8,gf,1.330,mm,OK,--,2:59:46 PM,5/25/2025,
464,46.8,gf,1.335,mm,OK,--,2:59:46 PM,5/25/2025,
465,46.9,gf,1.340,mm,OK,--,2:59:46 PM,5/25/2025,
466,46.8,gf,1.345,mm,OK,--,2:59:46 PM,5/25/2025,
467,46.9,gf,1.350,mm,OK,--,2:59:47 PM,5/25/2025,
468,46.9,gf,1.350,mm,OK,--,2:59:47 PM,5/25/2025,
469,46.8,gf,1.355,mm,OK,--,2:59:47 PM,5/25/2025,
470,46.8,gf,1.355,mm,OK,--,2:59:47 PM,5/25/2025,
471,46.8,gf,1.360,mm,OK,--,2:59:47 PM,5/25/2025,
472,47.0,gf,1.360,mm,OK,--,2:59:47 PM,5/25/2025,
473,47.1,gf,1.365,mm,OK,--,2:59:47 PM,5/25/2025,
474,47.0,gf,1.365,mm,OK,--,2:59:47 PM,5/25/2025,
475,47.1,gf,1.370,mm,OK,--,2:59:47 PM,5/25/2025,
476,47.0,gf,1.370,mm,OK,--,2:59:48 PM,5/25/2025,
477,47.1,gf,1.375,mm,OK,--,2:59:48 PM,5/25/2025,
478,47.1,gf,1.380,mm,OK,--,2:59:48 PM,5/25/2025,
479,47.0,gf,1.380,mm,OK,--,2:59:48 PM,5/25/2025,
480,46.9,gf,1.385,mm,OK,--,2:59:48 PM,5/25/2025,
481,46.9,gf,1.385,mm,OK,--,2:59:48 PM,5/25/2025,
482,47.1,gf,1.390,mm,OK,--,2:59:48 PM,5/25/2025,
483,47.1,gf,1.395,mm,OK,--,2:59:48 PM,5/25/2025,
484,46.9,gf,1.395,mm,OK,--,2:59:48 PM,5/25/2025,
485,47.0,gf,1.400,mm,OK,--,2:59:48 PM,5/25/2025,
486,47.1,gf,1.405,mm,OK,--,2:59:49 PM,5/25/2025,
487,46.9,gf,1.410,mm,OK,--,2:59:49 PM,5/25/2025,
488,47.0,gf,1.410,mm,OK,--,2:59:49 PM,5/25/2025,
489,47.1,gf,1.415,mm,OK,--,2:59:49 PM,5/25/2025,
490,47.0,gf,1.420,mm,OK,--,2:59:49 PM,5/25/2025,
491,47.0,gf,1.425,mm,OK,--,2:59:49 PM,5/25/2025,
492,47.0,gf,1.425,mm,OK,--,2:59:49 PM,5/25/2025,
493,47.0,gf,1.430,mm,OK,--,2:59:49 PM,5/25/2025,
494,47.1,gf,1.430,mm,OK,--,2:59:49 PM,5/25/2025,
495,47.0,gf,1.435,mm,OK,--,2:59:49 PM,5/25/2025,
496,47.0,gf,1.440,mm,OK,--,2:59:50 PM,5/25/2025,
497,46.9,gf,1.440,mm,OK,--,2:59:50 PM,5/25/2025,
498,47.0,gf,1.445,mm,OK,--,2:59:50 PM,5/25/2025,
499,47.0,gf,1.445,mm,OK,--,2:59:50 PM,5/25/2025,
500,46.9,gf,1.450,mm,OK,--,2:59:50 PM,5/25/2025,
501,46.8,gf,1.450,mm,OK,--,2:59:50 PM,5/25/2025,
502,47.0,gf,1.450,mm,OK,--,2:59:50 PM,5/25/2025,
503,47.0,gf,1.455,mm,OK,--,2:59:50 PM,5/25/2025,
504,47.3,gf,1.455,mm,OK,--,2:59:50 PM,5/25/2025,
505,47.3,gf,1.460,mm,OK,--,2:59:50 PM,5/25/2025,
506,47.1,gf,1.465,mm,OK,--,2:59:51 PM,5/25/2025,
507,47.1,gf,1.465,mm,OK,--,2:59:51 PM,5/25/2025,
508,47.2,gf,1.470,mm,OK,--,2:59:51 PM,5/25/2025,
509,47.1,gf,1.470,mm,OK,--,2:59:51 PM,5/25/2025,
510,47.1,gf,1.475,mm,OK,--,2:59:51 PM,5/25/2025,
511,47.1,gf,1.475,mm,OK,--,2:59:51 PM,5/25/2025,
512,47.2,gf,1.480,mm,OK,--,2:59:51 PM,5/25/2025,
513,47.1,gf,1.480,mm,OK,--,2:59:51 PM,5/25/2025,
514,47.1,gf,1.480,mm,OK,--,2:59:51 PM,5/25/2025,
515,47.3,gf,1.485,mm,OK,--,2:59:51 PM,5/25/2025,
516,47.2,gf,1.485,mm,OK,--,2:59:51 PM,5/25/2025,
517,47.3,gf,1.485,mm,OK,--,2:59:52 PM,5/25/2025,
518,47.4,gf,1.490,mm,OK,--,2:59:52 PM,5/25/2025,
519,47.3,gf,1.490,mm,OK,--,2:59:52 PM,5/25/2025,
520,47.3,gf,1.490,mm,OK,--,2:59:52 PM,5/25/2025,
521,47.3,gf,1.490,mm,OK,--,2:59:52 PM,5/25/2025,
522,47.4,gf,1.495,mm,OK,--,2:59:52 PM,5/25/2025,
523,47.4,gf,1.495,mm,OK,--,2:59:52 PM,5/25/2025,
524,47.4,gf,1.500,mm,OK,--,2:59:52 PM,5/25/2025,
525,47.3,gf,1.500,mm,OK,--,2:59:52 PM,5/25/2025,
526,47.4,gf,1.505,mm,OK,--,2:59:52 PM,5/25/2025,
527,47.5,gf,1.505,mm,OK,--,2:59:53 PM,5/25/2025,
528,47.5,gf,1.510,mm,OK,--,2:59:53 PM,5/25/2025,
529,47.6,gf,1.515,mm,OK,--,2:59:53 PM,5/25/2025,
530,47.7,gf,1.520,mm,OK,--,2:59:53 PM,5/25/2025,
531,47.7,gf,1.525,mm,OK,--,2:59:53 PM,5/25/2025,
532,47.7,gf,1.530,mm,OK,--,2:59:53 PM,5/25/2025,
533,47.5,gf,1.535,mm,OK,--,2:59:53 PM,5/25/2025,
534,47.3,gf,1.540,mm,OK,--,2:59:53 PM,5/25/2025,
535,47.3,gf,1.540,mm,OK,--,2:59:53 PM,5/25/2025,
536,47.4,gf,1.545,mm,OK,--,2:59:53 PM,5/25/2025,
537,47.4,gf,1.545,mm,OK,--,2:59:54 PM,5/25/2025,
538,47.4,gf,1.550,mm,OK,--,2:59:54 PM,5/25/2025,
539,47.4,gf,1.550,mm,OK,--,2:59:54 PM,5/25/2025,
540,47.8,gf,1.560,mm,OK,--,2:59:54 PM,5/25/2025,
541,47.8,gf,1.570,mm,OK,--,2:59:54 PM,5/25/2025,
542,47.7,gf,1.580,mm,OK,--,2:59:54 PM,5/25/2025,
543,47.6,gf,1.585,mm,OK,--,2:59:54 PM,5/25/2025,
544,47.7,gf,1.590,mm,OK,--,2:59:54 PM,5/25/2025,
545,47.7,gf,1.595,mm,OK,--,2:59:54 PM,5/25/2025,
546,47.7,gf,1.600,mm,OK,--,2:59:54 PM,5/25/2025,
547,47.6,gf,1.605,mm,OK,--,2:59:55 PM,5/25/2025,
548,47.7,gf,1.605,mm,OK,--,2:59:55 PM,5/25/2025,
549,47.7,gf,1.610,mm,OK,--,2:59:55 PM,5/25/2025,
550,47.7,gf,1.615,mm,OK,--,2:59:55 PM,5/25/2025,
551,47.8,gf,1.625,mm,OK,--,2:59:55 PM,5/25/2025,
552,47.9,gf,1.630,mm,OK,--,2:59:55 PM,5/25/2025,
553,47.8,gf,1.635,mm,OK,--,2:59:55 PM,5/25/2025,
554,47.8,gf,1.640,mm,OK,--,2:59:55 PM,5/25/2025,
555,47.8,gf,1.645,mm,OK,--,2:59:55 PM,5/25/2025,
556,47.8,gf,1.650,mm,OK,--,2:59:55 PM,5/25/2025,
557,47.8,gf,1.655,mm,OK,--,2:59:56 PM,5/25/2025,
558,47.7,gf,1.655,mm,OK,--,2:59:56 PM,5/25/2025,
559,47.6,gf,1.660,mm,OK,--,2:59:56 PM,5/25/2025,
560,47.7,gf,1.660,mm,OK,--,2:59:56 PM,5/25/2025,
561,47.8,gf,1.665,mm,OK,--,2:59:56 PM,5/25/2025,
562,47.8,gf,1.670,mm,OK,--,2:59:56 PM,5/25/2025,
563,47.9,gf,1.675,mm,OK,--,2:59:56 PM,5/25/2025,
564,47.9,gf,1.680,mm,OK,--,2:59:56 PM,5/25/2025,
565,47.8,gf,1.685,mm,OK,--,2:59:56 PM,5/25/2025,
566,47.9,gf,1.690,mm,OK,--,2:59:56 PM,5/25/2025,
567,47.8,gf,1.690,mm,OK,--,2:59:57 PM,5/25/2025,
568,47.9,gf,1.695,mm,OK,--,2:59:57 PM,5/25/2025,
569,47.9,gf,1.700,mm,OK,--,2:59:57 PM,5/25/2025,
570,47.9,gf,1.700,mm,OK,--,2:59:57 PM,5/25/2025,
571,47.8,gf,1.705,mm,OK,--,2:59:57 PM,5/25/2025,
572,47.8,gf,1.710,mm,OK,--,2:59:57 PM,5/25/2025,
573,47.9,gf,1.715,mm,OK,--,2:59:57 PM,5/25/2025,
574,47.8,gf,1.720,mm,OK,--,2:59:57 PM,5/25/2025,
575,47.7,gf,1.725,mm,OK,--,2:59:57 PM,5/25/2025,
576,47.7,gf,1.725,mm,OK,--,2:59:57 PM,5/25/2025,
577,47.7,gf,1.730,mm,OK,--,2:59:58 PM,5/25/2025,
578,47.6,gf,1.735,mm,OK,--,2:59:58 PM,5/25/2025,
579,47.6,gf,1.735,mm,OK,--,2:59:58 PM,5/25/2025,
580,47.7,gf,1.740,mm,OK,--,2:59:58 PM,5/25/2025,
581,47.8,gf,1.745,mm,OK,--,2:59:58 PM,5/25/2025,
582,47.7,gf,1.750,mm,OK,--,2:59:58 PM,5/25/2025,
583,47.7,gf,1.755,mm,OK,--,2:59:58 PM,5/25/2025,
584,47.6,gf,1.760,mm,OK,--,2:59:58 PM,5/25/2025,
585,47.7,gf,1.765,mm,OK,--,2:59:58 PM,5/25/2025,
586,47.7,gf,1.770,mm,OK,--,2:59:58 PM,5/25/2025,
587,47.7,gf,1.775,mm,OK,--,2:59:59 PM,5/25/2025,
588,47.6,gf,1.780,mm,OK,--,2:59:59 PM,5/25/2025,
589,47.7,gf,1.785,mm,OK,--,2:59:59 PM,5/25/2025,
590,47.6,gf,1.790,mm,OK,--,2:59:59 PM,5/25/2025,
591,47.7,gf,1.790,mm,OK,--,2:59:59 PM,5/25/2025,
592,47.8,gf,1.795,mm,OK,--,2:59:59 PM,5/25/2025,
593,47.6,gf,1.800,mm,OK,--,2:59:59 PM,5/25/2025,
594,47.6,gf,1.805,mm,OK,--,2:59:59 PM,5/25/2025,
595,47.8,gf,1.810,mm,OK,--,2:59:59 PM,5/25/2025,
596,47.8,gf,1.810,mm,OK,--,2:59:59 PM,5/25/2025,
597,47.9,gf,1.815,mm,OK,--,3:00:00 PM,5/25/2025,
598,47.9,gf,1.820,mm,OK,--,3:00:00 PM,5/25/2025,
599,47.8,gf,1.825,mm,OK,--,3:00:00 PM,5/25/2025,
600,48.0,gf,1.830,mm,OK,--,3:00:00 PM,5/25/2025,
601,47.8,gf,1.835,mm,OK,--,3:00:00 PM,5/25/2025,
602,47.8,gf,1.840,mm,OK,--,3:00:00 PM,5/25/2025,
603,47.9,gf,1.845,mm,OK,--,3:00:00 PM,5/25/2025,
604,47.8,gf,1.845,mm,OK,--,3:00:00 PM,5/25/2025,
605,47.9,gf,1.850,mm,OK,--,3:00:00 PM,5/25/2025,
606,47.9,gf,1.855,mm,OK,--,3:00:00 PM,5/25/2025,
607,47.9,gf,1.855,mm,OK,--,3:00:01 PM,5/25/2025,
608,47.8,gf,1.860,mm,OK,--,3:00:01 PM,5/25/2025,
609,47.7,gf,1.865,mm,OK,--,3:00:01 PM,5/25/2025,
610,47.7,gf,1.865,mm,OK,--,3:00:01 PM,5/25/2025,
611,47.9,gf,1.870,mm,OK,--,3:00:01 PM,5/25/2025,
612,48.0,gf,1.870,mm,OK,--,3:00:01 PM,5/25/2025,
613,48.1,gf,1.875,mm,OK,--,3:00:01 PM,5/25/2025,
614,48.0,gf,1.875,mm,OK,--,3:00:01 PM,5/25/2025,
615,48.0,gf,1.880,mm,OK,--,3:00:01 PM,5/25/2025,
616,48.0,gf,1.885,mm,OK,--,3:00:02 PM,5/25/2025,
617,48.1,gf,1.885,mm,OK,--,3:00:02 PM,5/25/2025,
618,48.2,gf,1.890,mm,OK,--,3:00:02 PM,5/25/2025,
619,48.2,gf,1.900,mm,OK,--,3:00:02 PM,5/25/2025,
620,48.1,gf,1.900,mm,OK,--,3:00:02 PM,5/25/2025,
621,48.1,gf,1.905,mm,OK,--,3:00:02 PM,5/25/2025,
622,48.1,gf,1.910,mm,OK,--,3:00:02 PM,5/25/2025,
623,48.1,gf,1.910,mm,OK,--,3:00:02 PM,5/25/2025,
624,48.0,gf,1.915,mm,OK,--,3:00:02 PM,5/25/2025,
625,48.0,gf,1.920,mm,OK,--,3:00:02 PM,5/25/2025,
626,48.0,gf,1.925,mm,OK,--,3:00:02 PM,5/25/2025,
627,48.0,gf,1.925,mm,OK,--,3:00:03 PM,5/25/2025,
628,48.0,gf,1.930,mm,OK,--,3:00:03 PM,5/25/2025,
629,47.8,gf,1.935,mm,OK,--,3:00:03 PM,5/25/2025,
630,47.9,gf,1.935,mm,OK,--,3:00:03 PM,5/25/2025,
631,47.9,gf,1.940,mm,OK,--,3:00:03 PM,5/25/2025,
632,47.9,gf,1.940,mm,OK,--,3:00:03 PM,5/25/2025,
633,48.0,gf,1.945,mm,OK,--,3:00:03 PM,5/25/2025,
634,48.0,gf,1.950,mm,OK,--,3:00:03 PM,5/25/2025,
635,48.0,gf,1.955,mm,OK,--,3:00:03 PM,5/25/2025,
636,47.9,gf,1.965,mm,OK,--,3:00:03 PM,5/25/2025,
637,48.0,gf,1.970,mm,OK,--,3:00:04 PM,5/25/2025,
638,47.8,gf,1.975,mm,OK,--,3:00:04 PM,5/25/2025,
639,48.0,gf,1.980,mm,OK,--,3:00:04 PM,5/25/2025,
640,47.9,gf,1.985,mm,OK,--,3:00:04 PM,5/25/2025,
641,48.0,gf,1.990,mm,OK,--,3:00:04 PM,5/25/2025,
642,47.9,gf,1.995,mm,OK,--,3:00:04 PM,5/25/2025,
643,47.8,gf,1.995,mm,OK,--,3:00:04 PM,5/25/2025,
644,47.9,gf,2.000,mm,OK,--,3:00:04 PM,5/25/2025,
645,47.9,gf,2.005,mm,OK,--,3:00:04 PM,5/25/2025,
646,47.9,gf,2.010,mm,OK,--,3:00:04 PM,5/25/2025,
647,47.8,gf,2.010,mm,OK,--,3:00:05 PM,5/25/2025,
648,47.9,gf,2.015,mm,OK,--,3:00:05 PM,5/25/2025,
649,47.8,gf,2.015,mm,OK,--,3:00:05 PM,5/25/2025,
650,47.8,gf,2.015,mm,OK,--,3:00:05 PM,5/25/2025,
651,47.7,gf,2.015,mm,OK,--,3:00:05 PM,5/25/2025,
652,47.8,gf,2.020,mm,OK,--,3:00:05 PM,5/25/2025,
653,47.7,gf,2.020,mm,OK,--,3:00:05 PM,5/25/2025,
654,47.8,gf,2.020,mm,OK,--,3:00:05 PM,5/25/2025,
655,48.0,gf,2.020,mm,OK,--,3:00:05 PM,5/25/2025,
656,47.9,gf,2.025,mm,OK,--,3:00:05 PM,5/25/2025,
657,48.1,gf,2.025,mm,OK,--,3:00:06 PM,5/25/2025,
658,48.2,gf,2.030,mm,OK,--,3:00:06 PM,5/25/2025,
659,48.4,gf,2.035,mm,OK,--,3:00:06 PM,5/25/2025,
660,48.4,gf,2.040,mm,OK,--,3:00:06 PM,5/25/2025,
661,48.2,gf,2.055,mm,OK,--,3:00:06 PM,5/25/2025,
662,48.4,gf,2.070,mm,OK,--,3:00:06 PM,5/25/2025,
663,48.3,gf,2.080,mm,OK,--,3:00:06 PM,5/25/2025,
664,48.5,gf,2.090,mm,OK,--,3:00:06 PM,5/25/2025,
665,48.6,gf,2.100,mm,OK,--,3:00:06 PM,5/25/2025,
666,48.7,gf,2.110,mm,OK,--,3:00:06 PM,5/25/2025,
667,48.8,gf,2.115,mm,OK,--,3:00:07 PM,5/25/2025,
668,48.8,gf,2.120,mm,OK,--,3:00:07 PM,5/25/2025,
669,48.9,gf,2.125,mm,OK,--,3:00:07 PM,5/25/2025,
670,48.9,gf,2.130,mm,OK,--,3:00:07 PM,5/25/2025,
671,48.8,gf,2.135,mm,OK,--,3:00:07 PM,5/25/2025,
672,48.9,gf,2.135,mm,OK,--,3:00:07 PM,5/25/2025,
673,48.9,gf,2.140,mm,OK,--,3:00:07 PM,5/25/2025,
674,49.0,gf,2.145,mm,OK,--,3:00:07 PM,5/25/2025,
675,49.1,gf,2.150,mm,OK,--,3:00:07 PM,5/25/2025,
676,49.1,gf,2.155,mm,OK,--,3:00:07 PM,5/25/2025,
677,49.1,gf,2.160,mm,OK,--,3:00:08 PM,5/25/2025,
678,49.1,gf,2.165,mm,OK,--,3:00:08 PM,5/25/2025,
679,49.2,gf,2.170,mm,OK,--,3:00:08 PM,5/25/2025,
680,49.3,gf,2.180,mm,OK,--,3:00:08 PM,5/25/2025,
681,49.3,gf,2.185,mm,OK,--,3:00:08 PM,5/25/2025,
682,49.3,gf,2.195,mm,OK,--,3:00:08 PM,5/25/2025,
683,49.4,gf,2.200,mm,OK,--,3:00:08 PM,5/25/2025,
684,49.4,gf,2.205,mm,OK,--,3:00:08 PM,5/25/2025,
685,49.3,gf,2.210,mm,OK,--,3:00:08 PM,5/25/2025,
686,49.3,gf,2.210,mm,OK,--,3:00:08 PM,5/25/2025,
687,49.4,gf,2.215,mm,OK,--,3:00:09 PM,5/25/2025,
688,49.3,gf,2.215,mm,OK,--,3:00:09 PM,5/25/2025,
689,49.3,gf,2.220,mm,OK,--,3:00:09 PM,5/25/2025,
690,49.4,gf,2.220,mm,OK,--,3:00:09 PM,5/25/2025,
691,49.4,gf,2.225,mm,OK,--,3:00:09 PM,5/25/2025,
692,49.4,gf,2.230,mm,OK,--,3:00:09 PM,5/25/2025,
693,49.5,gf,2.230,mm,OK,--,3:00:09 PM,5/25/2025,
694,49.5,gf,2.235,mm,OK,--,3:00:09 PM,5/25/2025,
695,49.6,gf,2.240,mm,OK,--,3:00:09 PM,5/25/2025,
696,49.8,gf,2.240,mm,OK,--,3:00:09 PM,5/25/2025,
697,50.1,gf,2.250,mm,OK,--,3:00:10 PM,5/25/2025,
698,49.9,gf,2.255,mm,OK,--,3:00:10 PM,5/25/2025,
699,49.8,gf,2.255,mm,OK,--,3:00:10 PM,5/25/2025,
700,50.0,gf,2.260,mm,OK,--,3:00:10 PM,5/25/2025,
701,50.1,gf,2.260,mm,OK,--,3:00:10 PM,5/25/2025,
702,50.0,gf,2.265,mm,OK,--,3:00:10 PM,5/25/2025,
703,50.0,gf,2.265,mm,OK,--,3:00:10 PM,5/25/2025,
704,50.0,gf,2.270,mm,OK,--,3:00:10 PM,5/25/2025,
705,50.2,gf,2.275,mm,OK,--,3:00:10 PM,5/25/2025,
706,50.1,gf,2.285,mm,OK,--,3:00:10 PM,5/25/2025,
707,49.5,gf,2.295,mm,OK,--,3:00:11 PM,5/25/2025,
708,49.3,gf,2.300,mm,OK,--,3:00:11 PM,5/25/2025,
709,49.2,gf,2.305,mm,OK,--,3:00:11 PM,5/25/2025,
710,49.2,gf,2.310,mm,OK,--,3:00:11 PM,5/25/2025,
711,49.2,gf,2.315,mm,OK,--,3:00:11 PM,5/25/2025,
712,49.4,gf,2.320,mm,OK,--,3:00:11 PM,5/25/2025,
713,49.5,gf,2.325,mm,OK,--,3:00:11 PM,5/25/2025,
714,49.6,gf,2.330,mm,OK,--,3:00:11 PM,5/25/2025,
715,49.6,gf,2.335,mm,OK,--,3:00:11 PM,5/25/2025,
716,49.7,gf,2.340,mm,OK,--,3:00:11 PM,5/25/2025,
717,49.7,gf,2.345,mm,OK,--,3:00:12 PM,5/25/2025,
718,49.8,gf,2.350,mm,OK,--,3:00:12 PM,5/25/2025,
719,49.9,gf,2.350,mm,OK,--,3:00:12 PM,5/25/2025,
720,49.9,gf,2.355,mm,OK,--,3:00:12 PM,5/25/2025,
721,50.0,gf,2.360,mm,OK,--,3:00:12 PM,5/25/2025,
722,50.1,gf,2.360,mm,OK,--,3:00:12 PM,5/25/2025,
723,50.2,gf,2.365,mm,OK,--,3:00:12 PM,5/25/2025,
724,50.3,gf,2.370,mm,OK,--,3:00:12 PM,5/25/2025,
725,50.4,gf,2.375,mm,OK,--,3:00:12 PM,5/25/2025,
726,50.6,gf,2.375,mm,OK,--,3:00:12 PM,5/25/2025,
727,50.7,gf,2.380,mm,OK,--,3:00:13 PM,5/25/2025,
728,50.8,gf,2.385,mm,OK,--,3:00:13 PM,5/25/2025,
729,50.8,gf,2.390,mm,OK,--,3:00:13 PM,5/25/2025,
730,50.9,gf,2.395,mm,OK,--,3:00:13 PM,5/25/2025,
731,50.9,gf,2.395,mm,OK,--,3:00:13 PM,5/25/2025,
732,50.9,gf,2.400,mm,OK,--,3:00:13 PM,5/25/2025,
733,50.9,gf,2.400,mm,OK,--,3:00:13 PM,5/25/2025,
734,50.8,gf,2.405,mm,OK,--,3:00:13 PM,5/25/2025,
735,50.9,gf,2.405,mm,OK,--,3:00:13 PM,5/25/2025,
736,50.9,gf,2.410,mm,OK,--,3:00:13 PM,5/25/2025,
737,50.9,gf,2.410,mm,OK,--,3:00:14 PM,5/25/2025,
738,51.0,gf,2.415,mm,OK,--,3:00:14 PM,5/25/2025,
739,51.0,gf,2.415,mm,OK,--,3:00:14 PM,5/25/2025,
740,51.1,gf,2.420,mm,OK,--,3:00:14 PM,5/25/2025,
741,51.1,gf,2.430,mm,OK,--,3:00:14 PM,5/25/2025,
742,51.0,gf,2.440,mm,OK,--,3:00:14 PM,5/25/2025,
743,51.0,gf,2.445,mm,OK,--,3:00:14 PM,5/25/2025,
744,51.1,gf,2.450,mm,OK,--,3:00:14 PM,5/25/2025,
745,51.0,gf,2.455,mm,OK,--,3:00:14 PM,5/25/2025,
746,51.1,gf,2.460,mm,OK,--,3:00:14 PM,5/25/2025,
747,51.1,gf,2.465,mm,OK,--,3:00:15 PM,5/25/2025,
748,51.2,gf,2.470,mm,OK,--,3:00:15 PM,5/25/2025,
749,51.2,gf,2.475,mm,OK,--,3:00:15 PM,5/25/2025,
750,51.2,gf,2.480,mm,OK,--,3:00:15 PM,5/25/2025,
751,51.4,gf,2.480,mm,OK,--,3:00:15 PM,5/25/2025,
752,51.3,gf,2.490,mm,OK,--,3:00:15 PM,5/25/2025,
753,51.4,gf,2.495,mm,OK,--,3:00:15 PM,5/25/2025,
754,51.4,gf,2.500,mm,OK,--,3:00:15 PM,5/25/2025,
755,51.5,gf,2.505,mm,OK,--,3:00:15 PM,5/25/2025,
756,51.5,gf,2.510,mm,OK,--,3:00:15 PM,5/25/2025,
757,51.5,gf,2.515,mm,OK,--,3:00:16 PM,5/25/2025,
758,51.5,gf,2.520,mm,OK,--,3:00:16 PM,5/25/2025,
759,51.6,gf,2.525,mm,OK,--,3:00:16 PM,5/25/2025,
760,51.5,gf,2.530,mm,OK,--,3:00:16 PM,5/25/2025,
761,51.5,gf,2.535,mm,OK,--,3:00:16 PM,5/25/2025,
762,51.6,gf,2.535,mm,OK,--,3:00:16 PM,5/25/2025,
763,51.7,gf,2.540,mm,OK,--,3:00:16 PM,5/25/2025,
764,51.8,gf,2.545,mm,OK,--,3:00:16 PM,5/25/2025,
765,51.7,gf,2.550,mm,OK,--,3:00:16 PM,5/25/2025,
766,51.7,gf,2.555,mm,OK,--,3:00:16 PM,5/25/2025,
767,51.7,gf,2.560,mm,OK,--,3:00:17 PM,5/25/2025,
768,51.7,gf,2.565,mm,OK,--,3:00:17 PM,5/25/2025,
769,51.6,gf,2.570,mm,OK,--,3:00:17 PM,5/25/2025,
770,51.5,gf,2.575,mm,OK,--,3:00:17 PM,5/25/2025,
771,51.5,gf,2.580,mm,OK,--,3:00:17 PM,5/25/2025,
772,51.6,gf,2.585,mm,OK,--,3:00:17 PM,5/25/2025,
773,51.7,gf,2.590,mm,OK,--,3:00:17 PM,5/25/2025,
774,51.8,gf,2.595,mm,OK,--,3:00:17 PM,5/25/2025,
775,51.9,gf,2.600,mm,OK,--,3:00:17 PM,5/25/2025,
776,52.0,gf,2.605,mm,OK,--,3:00:17 PM,5/25/2025,
777,52.0,gf,2.610,mm,OK,--,3:00:18 PM,5/25/2025,
778,52.1,gf,2.615,mm,OK,--,3:00:18 PM,5/25/2025,
779,52.1,gf,2.620,mm,OK,--,3:00:18 PM,5/25/2025,
780,52.1,gf,2.625,mm,OK,--,3:00:18 PM,5/25/2025,
781,52.1,gf,2.630,mm,OK,--,3:00:18 PM,5/25/2025,
782,52.2,gf,2.635,mm,OK,--,3:00:18 PM,5/25/2025,
783,52.2,gf,2.640,mm,OK,--,3:00:18 PM,5/25/2025,
784,52.2,gf,2.640,mm,OK,--,3:00:18 PM,5/25/2025,
785,52.2,gf,2.645,mm,OK,--,3:00:18 PM,5/25/2025,
786,52.3,gf,2.650,mm,OK,--,3:00:18 PM,5/25/2025,
787,52.3,gf,2.655,mm,OK,--,3:00:19 PM,5/25/2025,
788,52.3,gf,2.660,mm,OK,--,3:00:19 PM,5/25/2025,
789,52.4,gf,2.665,mm,OK,--,3:00:19 PM,5/25/2025,
790,52.5,gf,2.665,mm,OK,--,3:00:19 PM,5/25/2025,
791,52.4,gf,2.670,mm,OK,--,3:00:19 PM,5/25/2025,
792,52.5,gf,2.670,mm,OK,--,3:00:19 PM,5/25/2025,
793,52.4,gf,2.675,mm,OK,--,3:00:19 PM,5/25/2025,
794,52.5,gf,2.680,mm,OK,--,3:00:19 PM,5/25/2025,
795,52.6,gf,2.680,mm,OK,--,3:00:19 PM,5/25/2025,
796,52.6,gf,2.685,mm,OK,--,3:00:19 PM,5/25/2025,
797,52.7,gf,2.690,mm,OK,--,3:00:20 PM,5/25/2025,
798,52.6,gf,2.695,mm,OK,--,3:00:20 PM,5/25/2025,
799,52.7,gf,2.695,mm,OK,--,3:00:20 PM,5/25/2025,
800,52.7,gf,2.700,mm,OK,--,3:00:20 PM,5/25/2025,
801,52.7,gf,2.705,mm,OK,--,3:00:20 PM,5/25/2025,
802,52.7,gf,2.710,mm,OK,--,3:00:20 PM,5/25/2025,
803,52.7,gf,2.720,mm,OK,--,3:00:20 PM,5/25/2025,
804,52.8,gf,2.725,mm,OK,--,3:00:20 PM,5/25/2025,
805,52.8,gf,2.725,mm,OK,--,3:00:20 PM,5/25/2025,
806,52.9,gf,2.730,mm,OK,--,3:00:20 PM,5/25/2025,
807,52.9,gf,2.735,mm,OK,--,3:00:21 PM,5/25/2025,
808,53.0,gf,2.735,mm,OK,--,3:00:21 PM,5/25/2025,
809,53.0,gf,2.740,mm,OK,--,3:00:21 PM,5/25/2025,
810,53.1,gf,2.745,mm,OK,--,3:00:21 PM,5/25/2025,
811,53.1,gf,2.750,mm,OK,--,3:00:21 PM,5/25/2025,
812,53.1,gf,2.750,mm,OK,--,3:00:21 PM,5/25/2025,
813,53.1,gf,2.755,mm,OK,--,3:00:21 PM,5/25/2025,
814,53.1,gf,2.755,mm,OK,--,3:00:21 PM,5/25/2025,
815,53.1,gf,2.760,mm,OK,--,3:00:21 PM,5/25/2025,
816,53.1,gf,2.760,mm,OK,--,3:00:21 PM,5/25/2025,
817,53.1,gf,2.765,mm,OK,--,3:00:22 PM,5/25/2025,
818,53.1,gf,2.770,mm,OK,--,3:00:22 PM,5/25/2025,
819,53.2,gf,2.770,mm,OK,--,3:00:22 PM,5/25/2025,
820,53.2,gf,2.775,mm,OK,--,3:00:22 PM,5/25/2025,
821,53.2,gf,2.780,mm,OK,--,3:00:22 PM,5/25/2025,
822,53.2,gf,2.785,mm,OK,--,3:00:22 PM,5/25/2025,
823,53.2,gf,2.790,mm,OK,--,3:00:22 PM,5/25/2025,
824,53.3,gf,2.795,mm,OK,--,3:00:22 PM,5/25/2025,
825,53.3,gf,2.795,mm,OK,--,3:00:22 PM,5/25/2025,
826,53.3,gf,2.800,mm,OK,--,3:00:22 PM,5/25/2025,
827,53.4,gf,2.805,mm,OK,--,3:00:23 PM,5/25/2025,
828,53.5,gf,2.805,mm,OK,--,3:00:23 PM,5/25/2025,
829,53.5,gf,2.810,mm,OK,--,3:00:23 PM,5/25/2025,
830,53.6,gf,2.815,mm,OK,--,3:00:23 PM,5/25/2025,
831,53.7,gf,2.820,mm,OK,--,3:00:23 PM,5/25/2025,
832,53.7,gf,2.825,mm,OK,--,3:00:23 PM,5/25/2025,
833,53.6,gf,2.825,mm,OK,--,3:00:23 PM,5/25/2025,
834,53.6,gf,2.830,mm,OK,--,3:00:23 PM,5/25/2025,
835,53.6,gf,2.835,mm,OK,--,3:00:23 PM,5/25/2025,
836,53.6,gf,2.840,mm,OK,--,3:00:23 PM,5/25/2025,
837,53.6,gf,2.845,mm,OK,--,3:00:24 PM,5/25/2025,
838,53.7,gf,2.850,mm,OK,--,3:00:24 PM,5/25/2025,
839,53.7,gf,2.855,mm,OK,--,3:00:24 PM,5/25/2025,
840,53.8,gf,2.860,mm,OK,--,3:00:24 PM,5/25/2025,
841,53.9,gf,2.865,mm,OK,--,3:00:24 PM,5/25/2025,
842,53.8,gf,2.875,mm,OK,--,3:00:24 PM,5/25/2025,
843,53.8,gf,2.880,mm,OK,--,3:00:24 PM,5/25/2025,
844,53.9,gf,2.890,mm,OK,--,3:00:24 PM,5/25/2025,
845,54.1,gf,2.895,mm,OK,--,3:00:24 PM,5/25/2025,
846,54.0,gf,2.900,mm,OK,--,3:00:24 PM,5/25/2025,
847,54.1,gf,2.900,mm,OK,--,3:00:25 PM,5/25/2025,
848,54.1,gf,2.905,mm,OK,--,3:00:25 PM,5/25/2025,
849,54.1,gf,2.910,mm,OK,--,3:00:25 PM,5/25/2025,
850,54.1,gf,2.910,mm,OK,--,3:00:25 PM,5/25/2025,
851,54.1,gf,2.915,mm,OK,--,3:00:25 PM,5/25/2025,
852,54.2,gf,2.920,mm,OK,--,3:00:25 PM,5/25/2025,
853,54.3,gf,2.925,mm,OK,--,3:00:25 PM,5/25/2025,
854,54.1,gf,2.930,mm,OK,--,3:00:25 PM,5/25/2025,
855,54.1,gf,2.935,mm,OK,--,3:00:25 PM,5/25/2025,
856,54.1,gf,2.940,mm,OK,--,3:00:25 PM,5/25/2025,
857,54.1,gf,2.950,mm,OK,--,3:00:26 PM,5/25/2025,
858,54.1,gf,2.950,mm,OK,--,3:00:26 PM,5/25/2025,
859,54.2,gf,2.955,mm,OK,--,3:00:26 PM,5/25/2025,
860,54.3,gf,2.960,mm,OK,--,3:00:26 PM,5/25/2025,
861,54.3,gf,2.960,mm,OK,--,3:00:26 PM,5/25/2025,
862,54.4,gf,2.965,mm,OK,--,3:00:26 PM,5/25/2025,
863,54.4,gf,2.975,mm,OK,--,3:00:26 PM,5/25/2025,
864,54.5,gf,2.980,mm,OK,--,3:00:26 PM,5/25/2025,
865,54.6,gf,2.985,mm,OK,--,3:00:26 PM,5/25/2025,
866,54.7,gf,2.990,mm,OK,--,3:00:26 PM,5/25/2025,
867,54.8,gf,3.000,mm,OK,--,3:00:27 PM,5/25/2025,
868,54.9,gf,3.005,mm,OK,--,3:00:27 PM,5/25/2025,
869,55.0,gf,3.015,mm,OK,--,3:00:27 PM,5/25/2025,
870,56.8,gf,3.015,mm,OK,--,3:00:27 PM,5/25/2025,
871,58.7,gf,3.020,mm,OK,--,3:00:27 PM,5/25/2025,
872,60.4,gf,3.020,mm,OK,--,3:00:27 PM,5/25/2025,
873,63.0,gf,3.025,mm,OK,--,3:00:27 PM,5/25/2025,
874,64.2,gf,3.025,mm,OK,--,3:00:27 PM,5/25/2025,
875,64.9,gf,3.025,mm,OK,--,3:00:27 PM,5/25/2025,
876,65.6,gf,3.030,mm,OK,--,3:00:27 PM,5/25/2025,
877,66.8,gf,3.030,mm,OK,--,3:00:28 PM,5/25/2025,
878,67.4,gf,3.030,mm,OK,--,3:00:28 PM,5/25/2025,
879,68.5,gf,3.030,mm,OK,--,3:00:28 PM,5/25/2025,
880,69.3,gf,3.030,mm,OK,--,3:00:28 PM,5/25/2025,
881,70.1,gf,3.035,mm,OK,--,3:00:28 PM,5/25/2025,
882,70.9,gf,3.035,mm,OK,--,3:00:28 PM,5/25/2025,
883,72.2,gf,3.035,mm,OK,--,3:00:28 PM,5/25/2025,
884,73.6,gf,3.035,mm,OK,--,3:00:28 PM,5/25/2025,
885,74.7,gf,3.035,mm,OK,--,3:00:28 PM,5/25/2025,
886,76.2,gf,3.040,mm,OK,--,3:00:28 PM,5/25/2025,
887,79.0,gf,3.040,mm,OK,--,3:00:29 PM,5/25/2025,
888,81.9,gf,3.045,mm,OK,--,3:00:29 PM,5/25/2025,
889,84.7,gf,3.050,mm,OK,--,3:00:29 PM,5/25/2025,
890,88.3,gf,3.050,mm,OK,--,3:00:29 PM,5/25/2025,
891,92.6,gf,3.055,mm,OK,--,3:00:29 PM,5/25/2025,
892,97.1,gf,3.060,mm,OK,--,3:00:29 PM,5/25/2025,
893,102.1,gf,3.065,mm,OK,--,3:00:29 PM,5/25/2025,
894,105.9,gf,3.070,mm,OK,--,3:00:29 PM,5/25/2025,
895,109.8,gf,3.075,mm,OK,--,3:00:29 PM,5/25/2025,
896,113.8,gf,3.080,mm,OK,--,3:00:29 PM,5/25/2025,
897,119.1,gf,3.085,mm,OK,--,3:00:30 PM,5/25/2025,
898,125.7,gf,3.090,mm,OK,--,3:00:30 PM,5/25/2025,
899,133.6,gf,3.100,mm,OK,--,3:00:30 PM,5/25/2025,
900,140.7,gf,3.105,mm,OK,--,3:00:30 PM,5/25/2025,
901,146.5,gf,3.110,mm,OK,--,3:00:30 PM,5/25/2025,
902,151.5,gf,3.115,mm,OK,--,3:00:30 PM,5/25/2025,
903,155.6,gf,3.120,mm,OK,--,3:00:30 PM,5/25/2025,
904,160.0,gf,3.125,mm,OK,--,3:00:30 PM,5/25/2025,
905,164.2,gf,3.130,mm,OK,--,3:00:30 PM,5/25/2025,
906,167.7,gf,3.135,mm,OK,--,3:00:30 PM,5/25/2025,
907,171.1,gf,3.135,mm,OK,--,3:00:31 PM,5/25/2025,
908,173.8,gf,3.140,mm,OK,--,3:00:31 PM,5/25/2025,
909,176.7,gf,3.140,mm,OK,--,3:00:31 PM,5/25/2025,
910,179.1,gf,3.145,mm,OK,--,3:00:31 PM,5/25/2025,
911,181.0,gf,3.145,mm,OK,--,3:00:31 PM,5/25/2025,
912,182.9,gf,3.150,mm,OK,--,3:00:31 PM,5/25/2025,
913,185.0,gf,3.150,mm,OK,--,3:00:31 PM,5/25/2025,
914,187.5,gf,3.155,mm,OK,--,3:00:31 PM,5/25/2025,
915,189.3,gf,3.155,mm,OK,--,3:00:31 PM,5/25/2025,
916,190.4,gf,3.155,mm,OK,--,3:00:31 PM,5/25/2025,
917,191.5,gf,3.155,mm,OK,--,3:00:32 PM,5/25/2025,
918,192.5,gf,3.160,mm,OK,--,3:00:32 PM,5/25/2025,
919,193.4,gf,3.160,mm,OK,--,3:00:32 PM,5/25/2025,
920,194.4,gf,3.160,mm,OK,--,3:00:32 PM,5/25/2025,
921,194.6,gf,3.160,mm,OK,--,3:00:32 PM,5/25/2025,
922,194.4,gf,3.160,mm,OK,--,3:00:32 PM,5/25/2025,
923,194.2,gf,3.160,mm,OK,--,3:00:32 PM,5/25/2025,
924,194.1,gf,3.160,mm,OK,--,3:00:32 PM,5/25/2025,
925,194.1,gf,3.160,mm,OK,--,3:00:32 PM,5/25/2025,
926,194.1,gf,3.160,mm,OK,--,3:00:32 PM,5/25/2025,
927,194.0,gf,3.160,mm,OK,--,3:00:33 PM,5/25/2025,
928,194.0,gf,3.160,mm,OK,--,3:00:33 PM,5/25/2025,
929,194.0,gf,3.160,mm,OK,--,3:00:33 PM,5/25/2025,
930,194.0,gf,3.160,mm,OK,--,3:00:33 PM,5/25/2025,
931,193.9,gf,3.160,mm,OK,--,3:00:33 PM,5/25/2025,
932,193.8,gf,3.160,mm,OK,--,3:00:33 PM,5/25/2025,
933,193.7,gf,3.160,mm,OK,--,3:00:33 PM,5/25/2025,
934,193.5,gf,3.160,mm,OK,--,3:00:33 PM,5/25/2025,
935,193.5,gf,3.160,mm,OK,--,3:00:33 PM,5/25/2025,
936,193.2,gf,3.160,mm,OK,--,3:00:33 PM,5/25/2025,
937,193.2,gf,3.160,mm,OK,--,3:00:34 PM,5/25/2025,
938,193.1,gf,3.160,mm,OK,--,3:00:34 PM,5/25/2025,
939,192.9,gf,3.160,mm,OK,--,3:00:34 PM,5/25/2025,
940,192.9,gf,3.160,mm,OK,--,3:00:34 PM,5/25/2025,
941,192.8,gf,3.160,mm,OK,--,3:00:34 PM,5/25/2025,
942,192.8,gf,3.160,mm,OK,--,3:00:34 PM,5/25/2025,
943,192.6,gf,3.160,mm,OK,--,3:00:34 PM,5/25/2025,
944,192.6,gf,3.160,mm,OK,--,3:00:34 PM,5/25/2025,
945,192.7,gf,3.160,mm,OK,--,3:00:34 PM,5/25/2025,
946,192.6,gf,3.160,mm,OK,--,3:00:34 PM,5/25/2025,
947,192.4,gf,3.160,mm,OK,--,3:00:35 PM,5/25/2025,
948,192.2,gf,3.160,mm,OK,--,3:00:35 PM,5/25/2025,
949,192.1,gf,3.160,mm,OK,--,3:00:35 PM,5/25/2025,
950,192.0,gf,3.160,mm,OK,--,3:00:35 PM,5/25/2025,
951,191.7,gf,3.160,mm,OK,--,3:00:35 PM,5/25/2025,
952,191.4,gf,3.160,mm,OK,--,3:00:35 PM,5/25/2025,
953,191.1,gf,3.160,mm,OK,--,3:00:35 PM,5/25/2025,
954,190.5,gf,3.160,mm,OK,--,3:00:35 PM,5/25/2025,
955,189.9,gf,3.160,mm,OK,--,3:00:35 PM,5/25/2025,
956,189.4,gf,3.160,mm,OK,--,3:00:35 PM,5/25/2025,
957,189.1,gf,3.155,mm,OK,--,3:00:36 PM,5/25/2025,
958,189.0,gf,3.155,mm,OK,--,3:00:36 PM,5/25/2025,
959,188.7,gf,3.155,mm,OK,--,3:00:36 PM,5/25/2025,
960,187.9,gf,3.155,mm,OK,--,3:00:36 PM,5/25/2025,
961,186.8,gf,3.155,mm,OK,--,3:00:36 PM,5/25/2025,
962,185.1,gf,3.155,mm,OK,--,3:00:36 PM,5/25/2025,
963,184.4,gf,3.155,mm,OK,--,3:00:36 PM,5/25/2025,
964,184.1,gf,3.155,mm,OK,--,3:00:36 PM,5/25/2025,
965,183.8,gf,3.155,mm,OK,--,3:00:36 PM,5/25/2025,
966,183.6,gf,3.150,mm,OK,--,3:00:36 PM,5/25/2025,
967,183.4,gf,3.150,mm,OK,--,3:00:37 PM,5/25/2025,
968,183.3,gf,3.150,mm,OK,--,3:00:37 PM,5/25/2025,
969,183.1,gf,3.150,mm,OK,--,3:00:37 PM,5/25/2025,
970,182.9,gf,3.150,mm,OK,--,3:00:37 PM,5/25/2025,
971,182.3,gf,3.150,mm,OK,--,3:00:37 PM,5/25/2025,
972,181.8,gf,3.150,mm,OK,--,3:00:37 PM,5/25/2025,
973,181.4,gf,3.150,mm,OK,--,3:00:37 PM,5/25/2025,
974,180.9,gf,3.150,mm,OK,--,3:00:37 PM,5/25/2025,
975,180.5,gf,3.150,mm,OK,--,3:00:37 PM,5/25/2025,
976,179.7,gf,3.150,mm,OK,--,3:00:37 PM,5/25/2025,
977,178.8,gf,3.150,mm,OK,--,3:00:38 PM,5/25/2025,
978,178.5,gf,3.150,mm,OK,--,3:00:38 PM,5/25/2025,
979,178.5,gf,3.145,mm,OK,--,3:00:38 PM,5/25/2025,
980,178.5,gf,3.145,mm,OK,--,3:00:38 PM,5/25/2025,
981,178.1,gf,3.145,mm,OK,--,3:00:38 PM,5/25/2025,
982,177.9,gf,3.145,mm,OK,--,3:00:38 PM,5/25/2025,
983,177.6,gf,3.145,mm,OK,--,3:00:38 PM,5/25/2025,
984,177.1,gf,3.145,mm,OK,--,3:00:38 PM,5/25/2025,
985,176.8,gf,3.145,mm,OK,--,3:00:38 PM,5/25/2025,
986,176.6,gf,3.145,mm,OK,--,3:00:38 PM,5/25/2025,
987,176.6,gf,3.145,mm,OK,--,3:00:39 PM,5/25/2025,
988,176.5,gf,3.145,mm,OK,--,3:00:39 PM,5/25/2025,
989,176.1,gf,3.145,mm,OK,--,3:00:39 PM,5/25/2025,
990,175.3,gf,3.145,mm,OK,--,3:00:39 PM,5/25/2025,
991,174.0,gf,3.145,mm,OK,--,3:00:39 PM,5/25/2025,
992,172.8,gf,3.140,mm,OK,--,3:00:39 PM,5/25/2025,
993,172.1,gf,3.140,mm,OK,--,3:00:39 PM,5/25/2025,
994,171.6,gf,3.140,mm,OK,--,3:00:39 PM,5/25/2025,
995,171.3,gf,3.140,mm,OK,--,3:00:39 PM,5/25/2025,
996,170.9,gf,3.140,mm,OK,--,3:00:40 PM,5/25/2025,
997,170.1,gf,3.140,mm,OK,--,3:00:40 PM,5/25/2025,
998,169.8,gf,3.140,mm,OK,--,3:00:40 PM,5/25/2025,
999,169.3,gf,3.140,mm,OK,--,3:00:40 PM,5/25/2025,
1000,169.0,gf,3.140,mm,OK,--,3:00:40 PM,5/25/2025,
1001,168.8,gf,3.140,mm,OK,--,3:00:40 PM,5/25/2025,
1002,168.3,gf,3.140,mm,OK,--,3:00:40 PM,5/25/2025,
1003,167.8,gf,3.135,mm,OK,--,3:00:40 PM,5/25/2025,
1004,167.3,gf,3.135,mm,OK,--,3:00:40 PM,5/25/2025,
1005,167.0,gf,3.135,mm,OK,--,3:00:40 PM,5/25/2025,
1006,166.7,gf,3.135,mm,OK,--,3:00:40 PM,5/25/2025,
1007,166.2,gf,3.135,mm,OK,--,3:00:41 PM,5/25/2025,
1008,165.9,gf,3.135,mm,OK,--,3:00:41 PM,5/25/2025,
1009,165.6,gf,3.135,mm,OK,--,3:00:41 PM,5/25/2025,
1010,165.2,gf,3.135,mm,OK,--,3:00:41 PM,5/25/2025,
1011,164.8,gf,3.135,mm,OK,--,3:00:41 PM,5/25/2025,
1012,164.6,gf,3.135,mm,OK,--,3:00:41 PM,5/25/2025,
1013,164.4,gf,3.135,mm,OK,--,3:00:41 PM,5/25/2025,
1014,163.8,gf,3.135,mm,OK,--,3:00:41 PM,5/25/2025,
1015,163.1,gf,3.135,mm,OK,--,3:00:41 PM,5/25/2025,
1016,162.5,gf,3.135,mm,OK,--,3:00:41 PM,5/25/2025,
1017,162.3,gf,3.130,mm,OK,--,3:00:42 PM,5/25/2025,
1018,162.0,gf,3.130,mm,OK,--,3:00:42 PM,5/25/2025,
1019,161.4,gf,3.130,mm,OK,--,3:00:42 PM,5/25/2025,
1020,160.6,gf,3.130,mm,OK,--,3:00:42 PM,5/25/2025,
1021,160.0,gf,3.130,mm,OK,--,3:00:42 PM,5/25/2025,
1022,159.3,gf,3.130,mm,OK,--,3:00:42 PM,5/25/2025,
1023,158.6,gf,3.130,mm,OK,--,3:00:42 PM,5/25/2025,
1024,158.1,gf,3.130,mm,OK,--,3:00:42 PM,5/25/2025,
1025,157.6,gf,3.130,mm,OK,--,3:00:42 PM,5/25/2025,
1026,157.2,gf,3.130,mm,OK,--,3:00:42 PM,5/25/2025,
1027,156.5,gf,3.125,mm,OK,--,3:00:43 PM,5/25/2025,
1028,155.8,gf,3.125,mm,OK,--,3:00:43 PM,5/25/2025,
1029,155.2,gf,3.125,mm,OK,--,3:00:43 PM,5/25/2025,
1030,154.5,gf,3.125,mm,OK,--,3:00:43 PM,5/25/2025,
1031,153.6,gf,3.125,mm,OK,--,3:00:43 PM,5/25/2025,
1032,153.0,gf,3.125,mm,OK,--,3:00:43 PM,5/25/2025,
1033,152.5,gf,3.125,mm,OK,--,3:00:43 PM,5/25/2025,
1034,152.2,gf,3.125,mm,OK,--,3:00:43 PM,5/25/2025,
1035,151.8,gf,3.125,mm,OK,--,3:00:43 PM,5/25/2025,
1036,151.5,gf,3.120,mm,OK,--,3:00:43 PM,5/25/2025,
1037,151.1,gf,3.120,mm,OK,--,3:00:44 PM,5/25/2025,
1038,150.6,gf,3.120,mm,OK,--,3:00:44 PM,5/25/2025,
1039,150.1,gf,3.120,mm,OK,--,3:00:44 PM,5/25/2025,
1040,149.7,gf,3.120,mm,OK,--,3:00:44 PM,5/25/2025,
1041,149.3,gf,3.120,mm,OK,--,3:00:44 PM,5/25/2025,
1042,149.0,gf,3.120,mm,OK,--,3:00:44 PM,5/25/2025,
1043,148.6,gf,3.120,mm,OK,--,3:00:44 PM,5/25/2025,
1044,147.9,gf,3.120,mm,OK,--,3:00:44 PM,5/25/2025,
1045,147.1,gf,3.120,mm,OK,--,3:00:44 PM,5/25/2025,
1046,146.7,gf,3.115,mm,OK,--,3:00:44 PM,5/25/2025,
1047,146.4,gf,3.115,mm,OK,--,3:00:45 PM,5/25/2025,
1048,145.8,gf,3.115,mm,OK,--,3:00:45 PM,5/25/2025,
1049,145.3,gf,3.115,mm,OK,--,3:00:45 PM,5/25/2025,
1050,144.9,gf,3.115,mm,OK,--,3:00:45 PM,5/25/2025,
1051,144.6,gf,3.115,mm,OK,--,3:00:45 PM,5/25/2025,
1052,144.3,gf,3.115,mm,OK,--,3:00:45 PM,5/25/2025,
1053,143.8,gf,3.115,mm,OK,--,3:00:45 PM,5/25/2025,
1054,143.4,gf,3.115,mm,OK,--,3:00:45 PM,5/25/2025,
1055,143.0,gf,3.115,mm,OK,--,3:00:45 PM,5/25/2025,
1056,142.7,gf,3.115,mm,OK,--,3:00:45 PM,5/25/2025,
1057,142.5,gf,3.115,mm,OK,--,3:00:46 PM,5/25/2025,
1058,142.3,gf,3.115,mm,OK,--,3:00:46 PM,5/25/2025,
1059,142.2,gf,3.115,mm,OK,--,3:00:46 PM,5/25/2025,
1060,142.1,gf,3.115,mm,OK,--,3:00:46 PM,5/25/2025,
1061,141.8,gf,3.115,mm,OK,--,3:00:46 PM,5/25/2025,
1062,141.4,gf,3.110,mm,OK,--,3:00:46 PM,5/25/2025,
1063,141.0,gf,3.110,mm,OK,--,3:00:46 PM,5/25/2025,
1064,140.9,gf,3.110,mm,OK,--,3:00:46 PM,5/25/2025,
1065,140.8,gf,3.110,mm,OK,--,3:00:46 PM,5/25/2025,
1066,140.4,gf,3.110,mm,OK,--,3:00:46 PM,5/25/2025,
1067,139.8,gf,3.110,mm,OK,--,3:00:47 PM,5/25/2025,
1068,139.1,gf,3.110,mm,OK,--,3:00:47 PM,5/25/2025,
1069,138.5,gf,3.110,mm,OK,--,3:00:47 PM,5/25/2025,
1070,137.7,gf,3.110,mm,OK,--,3:00:47 PM,5/25/2025,
1071,137.3,gf,3.110,mm,OK,--,3:00:47 PM,5/25/2025,
1072,137.1,gf,3.110,mm,OK,--,3:00:47 PM,5/25/2025,
1073,136.7,gf,3.110,mm,OK,--,3:00:47 PM,5/25/2025,
1074,136.3,gf,3.105,mm,OK,--,3:00:47 PM,5/25/2025,
1075,135.9,gf,3.105,mm,OK,--,3:00:47 PM,5/25/2025,
1076,135.3,gf,3.105,mm,OK,--,3:00:47 PM,5/25/2025,
1077,134.5,gf,3.105,mm,OK,--,3:00:48 PM,5/25/2025,
1078,133.6,gf,3.105,mm,OK,--,3:00:48 PM,5/25/2025,
1079,132.8,gf,3.105,mm,OK,--,3:00:48 PM,5/25/2025,
1080,132.1,gf,3.105,mm,OK,--,3:00:48 PM,5/25/2025,
1081,131.5,gf,3.100,mm,OK,--,3:00:48 PM,5/25/2025,
1082,131.0,gf,3.100,mm,OK,--,3:00:48 PM,5/25/2025,
1083,130.7,gf,3.100,mm,OK,--,3:00:48 PM,5/25/2025,
1084,130.7,gf,3.100,mm,OK,--,3:00:48 PM,5/25/2025,
1085,130.3,gf,3.100,mm,OK,--,3:00:48 PM,5/25/2025,
1086,129.9,gf,3.100,mm,OK,--,3:00:48 PM,5/25/2025,
1087,129.3,gf,3.100,mm,OK,--,3:00:49 PM,5/25/2025,
1088,128.8,gf,3.100,mm,OK,--,3:00:49 PM,5/25/2025,
1089,128.2,gf,3.100,mm,OK,--,3:00:49 PM,5/25/2025,
1090,127.4,gf,3.100,mm,OK,--,3:00:49 PM,5/25/2025,
1091,127.2,gf,3.100,mm,OK,--,3:00:49 PM,5/25/2025,
1092,127.1,gf,3.100,mm,OK,--,3:00:49 PM,5/25/2025,
1093,126.9,gf,3.095,mm,OK,--,3:00:49 PM,5/25/2025,
1094,126.2,gf,3.095,mm,OK,--,3:00:49 PM,5/25/2025,
1095,125.1,gf,3.095,mm,OK,--,3:00:49 PM,5/25/2025,
1096,123.7,gf,3.095,mm,OK,--,3:00:49 PM,5/25/2025,
1097,122.3,gf,3.095,mm,OK,--,3:00:50 PM,5/25/2025,
1098,121.3,gf,3.090,mm,OK,--,3:00:50 PM,5/25/2025,
1099,120.4,gf,3.090,mm,OK,--,3:00:50 PM,5/25/2025,
1100,119.7,gf,3.090,mm,OK,--,3:00:50 PM,5/25/2025,
1101,119.1,gf,3.090,mm,OK,--,3:00:50 PM,5/25/2025,
1102,117.9,gf,3.090,mm,OK,--,3:00:50 PM,5/25/2025,
1103,116.8,gf,3.085,mm,OK,--,3:00:50 PM,5/25/2025,
1104,115.6,gf,3.085,mm,OK,--,3:00:50 PM,5/25/2025,
1105,114.5,gf,3.085,mm,OK,--,3:00:50 PM,5/25/2025,
1106,113.7,gf,3.085,mm,OK,--,3:00:50 PM,5/25/2025,
1107,112.9,gf,3.085,mm,OK,--,3:00:51 PM,5/25/2025,
1108,112.1,gf,3.080,mm,OK,--,3:00:51 PM,5/25/2025,
1109,111.2,gf,3.080,mm,OK,--,3:00:51 PM,5/25/2025,
1110,110.2,gf,3.080,mm,OK,--,3:00:51 PM,5/25/2025,
1111,108.8,gf,3.080,mm,OK,--,3:00:51 PM,5/25/2025,
1112,107.6,gf,3.080,mm,OK,--,3:00:51 PM,5/25/2025,
1113,106.5,gf,3.075,mm,OK,--,3:00:51 PM,5/25/2025,
1114,104.7,gf,3.075,mm,OK,--,3:00:51 PM,5/25/2025,
1115,103.7,gf,3.075,mm,OK,--,3:00:51 PM,5/25/2025,
1116,102.9,gf,3.075,mm,OK,--,3:00:51 PM,5/25/2025,
1117,102.0,gf,3.070,mm,OK,--,3:00:52 PM,5/25/2025,
1118,101.0,gf,3.070,mm,OK,--,3:00:52 PM,5/25/2025,
1119,100.1,gf,3.070,mm,OK,--,3:00:52 PM,5/25/2025,
1120,99.1,gf,3.070,mm,OK,--,3:00:52 PM,5/25/2025,
1121,98.3,gf,3.070,mm,OK,--,3:00:52 PM,5/25/2025,
1122,97.8,gf,3.070,mm,OK,--,3:00:52 PM,5/25/2025,
1123,97.0,gf,3.065,mm,OK,--,3:00:52 PM,5/25/2025,
1124,96.4,gf,3.065,mm,OK,--,3:00:52 PM,5/25/2025,
1125,96.1,gf,3.065,mm,OK,--,3:00:52 PM,5/25/2025,
1126,95.7,gf,3.065,mm,OK,--,3:00:52 PM,5/25/2025,
1127,95.3,gf,3.065,mm,OK,--,3:00:53 PM,5/25/2025,
1128,94.8,gf,3.065,mm,OK,--,3:00:53 PM,5/25/2025,
1129,94.2,gf,3.065,mm,OK,--,3:00:53 PM,5/25/2025,
1130,93.7,gf,3.065,mm,OK,--,3:00:53 PM,5/25/2025,
1131,93.3,gf,3.065,mm,OK,--,3:00:53 PM,5/25/2025,
1132,92.9,gf,3.065,mm,OK,--,3:00:53 PM,5/25/2025,
1133,92.4,gf,3.060,mm,OK,--,3:00:53 PM,5/25/2025,
1134,91.7,gf,3.060,mm,OK,--,3:00:53 PM,5/25/2025,
1135,90.9,gf,3.060,mm,OK,--,3:00:53 PM,5/25/2025,
1136,90.1,gf,3.060,mm,OK,--,3:00:53 PM,5/25/2025,
1137,89.4,gf,3.060,mm,OK,--,3:00:54 PM,5/25/2025,
1138,88.7,gf,3.060,mm,OK,--,3:00:54 PM,5/25/2025,
1139,88.2,gf,3.060,mm,OK,--,3:00:54 PM,5/25/2025,
1140,87.6,gf,3.055,mm,OK,--,3:00:54 PM,5/25/2025,
1141,87.0,gf,3.055,mm,OK,--,3:00:54 PM,5/25/2025,
1142,86.6,gf,3.055,mm,OK,--,3:00:54 PM,5/25/2025,
1143,86.0,gf,3.055,mm,OK,--,3:00:54 PM,5/25/2025,
1144,85.1,gf,3.055,mm,OK,--,3:00:54 PM,5/25/2025,
1145,84.0,gf,3.055,mm,OK,--,3:00:54 PM,5/25/2025,
1146,83.4,gf,3.055,mm,OK,--,3:00:54 PM,5/25/2025,
1147,83.1,gf,3.055,mm,OK,--,3:00:55 PM,5/25/2025,
1148,82.6,gf,3.050,mm,OK,--,3:00:55 PM,5/25/2025,
1149,82.2,gf,3.050,mm,OK,--,3:00:55 PM,5/25/2025,
1150,81.5,gf,3.050,mm,OK,--,3:00:55 PM,5/25/2025,
1151,80.8,gf,3.050,mm,OK,--,3:00:55 PM,5/25/2025,
1152,80.2,gf,3.050,mm,OK,--,3:00:55 PM,5/25/2025,
1153,79.9,gf,3.050,mm,OK,--,3:00:55 PM,5/25/2025,
1154,79.6,gf,3.050,mm,OK,--,3:00:55 PM,5/25/2025,
1155,79.1,gf,3.050,mm,OK,--,3:00:55 PM,5/25/2025,
1156,78.6,gf,3.050,mm,OK,--,3:00:55 PM,5/25/2025,
1157,78.1,gf,3.050,mm,OK,--,3:00:56 PM,5/25/2025,
1158,77.3,gf,3.045,mm,OK,--,3:00:56 PM,5/25/2025,
1159,75.7,gf,3.045,mm,OK,--,3:00:56 PM,5/25/2025,
1160,73.8,gf,3.045,mm,OK,--,3:00:56 PM,5/25/2025,
1161,71.7,gf,3.040,mm,OK,--,3:00:56 PM,5/25/2025,
1162,70.0,gf,3.040,mm,OK,--,3:00:56 PM,5/25/2025,
1163,68.7,gf,3.040,mm,OK,--,3:00:56 PM,5/25/2025,
1164,66.8,gf,3.035,mm,OK,--,3:00:56 PM,5/25/2025,
1165,64.9,gf,3.035,mm,OK,--,3:00:56 PM,5/25/2025,
1166,62.3,gf,3.030,mm,OK,--,3:00:56 PM,5/25/2025,
1167,60.0,gf,3.030,mm,OK,--,3:00:57 PM,5/25/2025,
1168,58.2,gf,3.025,mm,OK,--,3:00:57 PM,5/25/2025,
1169,56.0,gf,3.025,mm,OK,--,3:00:57 PM,5/25/2025,
1170,53.4,gf,3.020,mm,OK,--,3:00:57 PM,5/25/2025,
1171,52.5,gf,3.020,mm,OK,--,3:00:57 PM,5/25/2025,
1172,52.6,gf,3.015,mm,OK,--,3:00:57 PM,5/25/2025,
1173,52.6,gf,3.015,mm,OK,--,3:00:57 PM,5/25/2025,
1174,52.6,gf,3.010,mm,OK,--,3:00:57 PM,5/25/2025,
1175,52.6,gf,3.010,mm,OK,--,3:00:57 PM,5/25/2025,
1176,52.6,gf,3.005,mm,OK,--,3:00:57 PM,5/25/2025,
1177,52.5,gf,3.000,mm,OK,--,3:00:58 PM,5/25/2025,
1178,52.4,gf,2.995,mm,OK,--,3:00:58 PM,5/25/2025,
1179,52.4,gf,2.990,mm,OK,--,3:00:58 PM,5/25/2025,
1180,52.3,gf,2.985,mm,OK,--,3:00:58 PM,5/25/2025,
1181,52.3,gf,2.980,mm,OK,--,3:00:58 PM,5/25/2025,
1182,52.3,gf,2.975,mm,OK,--,3:00:58 PM,5/25/2025,
1183,52.3,gf,2.970,mm,OK,--,3:00:58 PM,5/25/2025,
1184,52.3,gf,2.965,mm,OK,--,3:00:58 PM,5/25/2025,
1185,52.2,gf,2.960,mm,OK,--,3:00:58 PM,5/25/2025,
1186,52.2,gf,2.960,mm,OK,--,3:00:58 PM,5/25/2025,
1187,52.1,gf,2.955,mm,OK,--,3:00:59 PM,5/25/2025,
1188,52.0,gf,2.950,mm,OK,--,3:00:59 PM,5/25/2025,
1189,51.9,gf,2.945,mm,OK,--,3:00:59 PM,5/25/2025,
1190,51.9,gf,2.940,mm,OK,--,3:00:59 PM,5/25/2025,
1191,51.9,gf,2.935,mm,OK,--,3:00:59 PM,5/25/2025,
1192,51.9,gf,2.930,mm,OK,--,3:00:59 PM,5/25/2025,
1193,52.0,gf,2.925,mm,OK,--,3:00:59 PM,5/25/2025,
1194,51.9,gf,2.920,mm,OK,--,3:00:59 PM,5/25/2025,
1195,51.9,gf,2.915,mm,OK,--,3:00:59 PM,5/25/2025,
1196,51.9,gf,2.910,mm,OK,--,3:00:59 PM,5/25/2025,
1197,51.9,gf,2.905,mm,OK,--,3:01:00 PM,5/25/2025,
1198,51.9,gf,2.900,mm,OK,--,3:01:00 PM,5/25/2025,
1199,51.9,gf,2.895,mm,OK,--,3:01:00 PM,5/25/2025,
1200,51.8,gf,2.885,mm,OK,--,3:01:00 PM,5/25/2025,
1201,51.7,gf,2.880,mm,OK,--,3:01:00 PM,5/25/2025,
1202,51.6,gf,2.875,mm,OK,--,3:01:00 PM,5/25/2025,
1203,51.5,gf,2.865,mm,OK,--,3:01:00 PM,5/25/2025,
1204,51.5,gf,2.860,mm,OK,--,3:01:00 PM,5/25/2025,
1205,51.5,gf,2.855,mm,OK,--,3:01:00 PM,5/25/2025,
1206,51.4,gf,2.850,mm,OK,--,3:01:00 PM,5/25/2025,
1207,51.4,gf,2.845,mm,OK,--,3:01:01 PM,5/25/2025,
1208,51.3,gf,2.840,mm,OK,--,3:01:01 PM,5/25/2025,
1209,51.3,gf,2.830,mm,OK,--,3:01:01 PM,5/25/2025,
1210,51.4,gf,2.820,mm,OK,--,3:01:01 PM,5/25/2025,
1211,51.5,gf,2.815,mm,OK,--,3:01:01 PM,5/25/2025,
1212,51.4,gf,2.810,mm,OK,--,3:01:01 PM,5/25/2025,
1213,51.3,gf,2.805,mm,OK,--,3:01:01 PM,5/25/2025,
1214,51.1,gf,2.795,mm,OK,--,3:01:01 PM,5/25/2025,
1215,51.1,gf,2.790,mm,OK,--,3:01:01 PM,5/25/2025,
1216,51.1,gf,2.785,mm,OK,--,3:01:01 PM,5/25/2025,
1217,51.0,gf,2.780,mm,OK,--,3:01:02 PM,5/25/2025,
1218,51.1,gf,2.775,mm,OK,--,3:01:02 PM,5/25/2025,
1219,51.1,gf,2.770,mm,OK,--,3:01:02 PM,5/25/2025,
1220,51.0,gf,2.760,mm,OK,--,3:01:02 PM,5/25/2025,
1221,50.9,gf,2.750,mm,OK,--,3:01:02 PM,5/25/2025,
1222,51.0,gf,2.735,mm,OK,--,3:01:02 PM,5/25/2025,
1223,50.9,gf,2.730,mm,OK,--,3:01:02 PM,5/25/2025,
1224,50.9,gf,2.720,mm,OK,--,3:01:02 PM,5/25/2025,
1225,50.8,gf,2.715,mm,OK,--,3:01:02 PM,5/25/2025,
1226,50.6,gf,2.705,mm,OK,--,3:01:02 PM,5/25/2025,
1227,50.6,gf,2.695,mm,OK,--,3:01:03 PM,5/25/2025,
1228,50.6,gf,2.690,mm,OK,--,3:01:03 PM,5/25/2025,
1229,50.4,gf,2.680,mm,OK,--,3:01:03 PM,5/25/2025,
1230,50.4,gf,2.675,mm,OK,--,3:01:03 PM,5/25/2025,
1231,50.3,gf,2.670,mm,OK,--,3:01:03 PM,5/25/2025,
1232,50.4,gf,2.665,mm,OK,--,3:01:03 PM,5/25/2025,
1233,50.3,gf,2.655,mm,OK,--,3:01:03 PM,5/25/2025,
1234,50.4,gf,2.650,mm,OK,--,3:01:03 PM,5/25/2025,
1235,50.2,gf,2.640,mm,OK,--,3:01:03 PM,5/25/2025,
1236,50.2,gf,2.635,mm,OK,--,3:01:03 PM,5/25/2025,
1237,50.3,gf,2.625,mm,OK,--,3:01:04 PM,5/25/2025,
1238,50.3,gf,2.615,mm,OK,--,3:01:04 PM,5/25/2025,
1239,50.3,gf,2.600,mm,OK,--,3:01:04 PM,5/25/2025,
1240,50.0,gf,2.590,mm,OK,--,3:01:04 PM,5/25/2025,
1241,50.0,gf,2.575,mm,OK,--,3:01:04 PM,5/25/2025,
1242,49.8,gf,2.565,mm,OK,--,3:01:04 PM,5/25/2025,
1243,49.9,gf,2.555,mm,OK,--,3:01:04 PM,5/25/2025,
1244,50.0,gf,2.545,mm,OK,--,3:01:04 PM,5/25/2025,
1245,49.9,gf,2.535,mm,OK,--,3:01:04 PM,5/25/2025,
1246,49.9,gf,2.530,mm,OK,--,3:01:04 PM,5/25/2025,
1247,49.9,gf,2.520,mm,OK,--,3:01:05 PM,5/25/2025,
1248,49.8,gf,2.515,mm,OK,--,3:01:05 PM,5/25/2025,
1249,49.8,gf,2.510,mm,OK,--,3:01:05 PM,5/25/2025,
1250,49.8,gf,2.505,mm,OK,--,3:01:05 PM,5/25/2025,
1251,49.8,gf,2.505,mm,OK,--,3:01:05 PM,5/25/2025,
1252,49.7,gf,2.500,mm,OK,--,3:01:05 PM,5/25/2025,
1253,49.7,gf,2.495,mm,OK,--,3:01:05 PM,5/25/2025,
1254,49.7,gf,2.490,mm,OK,--,3:01:05 PM,5/25/2025,
1255,49.7,gf,2.485,mm,OK,--,3:01:05 PM,5/25/2025,
1256,49.7,gf,2.480,mm,OK,--,3:01:05 PM,5/25/2025,
1257,49.7,gf,2.480,mm,OK,--,3:01:06 PM,5/25/2025,
1258,49.6,gf,2.475,mm,OK,--,3:01:06 PM,5/25/2025,
1259,49.7,gf,2.470,mm,OK,--,3:01:06 PM,5/25/2025,
1260,49.6,gf,2.465,mm,OK,--,3:01:06 PM,5/25/2025,
1261,49.5,gf,2.455,mm,OK,--,3:01:06 PM,5/25/2025,
1262,49.3,gf,2.445,mm,OK,--,3:01:06 PM,5/25/2025,
1263,49.3,gf,2.435,mm,OK,--,3:01:06 PM,5/25/2025,
1264,49.4,gf,2.430,mm,OK,--,3:01:06 PM,5/25/2025,
1265,49.4,gf,2.425,mm,OK,--,3:01:06 PM,5/25/2025,
1266,49.4,gf,2.425,mm,OK,--,3:01:06 PM,5/25/2025,
1267,49.4,gf,2.420,mm,OK,--,3:01:07 PM,5/25/2025,
1268,49.4,gf,2.415,mm,OK,--,3:01:07 PM,5/25/2025,
1269,49.2,gf,2.410,mm,OK,--,3:01:07 PM,5/25/2025,
1270,49.0,gf,2.405,mm,OK,--,3:01:07 PM,5/25/2025,
1271,48.9,gf,2.400,mm,OK,--,3:01:07 PM,5/25/2025,
1272,48.8,gf,2.395,mm,OK,--,3:01:07 PM,5/25/2025,
1273,48.6,gf,2.390,mm,OK,--,3:01:07 PM,5/25/2025,
1274,48.4,gf,2.385,mm,OK,--,3:01:07 PM,5/25/2025,
1275,48.2,gf,2.380,mm,OK,--,3:01:07 PM,5/25/2025,
1276,48.1,gf,2.375,mm,OK,--,3:01:07 PM,5/25/2025,
1277,48.0,gf,2.370,mm,OK,--,3:01:08 PM,5/25/2025,
1278,47.9,gf,2.365,mm,OK,--,3:01:08 PM,5/25/2025,
1279,47.9,gf,2.360,mm,OK,--,3:01:08 PM,5/25/2025,
1280,47.9,gf,2.360,mm,OK,--,3:01:08 PM,5/25/2025,
1281,47.8,gf,2.355,mm,OK,--,3:01:08 PM,5/25/2025,
1282,47.6,gf,2.350,mm,OK,--,3:01:08 PM,5/25/2025,
1283,47.6,gf,2.345,mm,OK,--,3:01:08 PM,5/25/2025,
1284,47.5,gf,2.340,mm,OK,--,3:01:08 PM,5/25/2025,
1285,47.5,gf,2.340,mm,OK,--,3:01:08 PM,5/25/2025,
1286,47.5,gf,2.335,mm,OK,--,3:01:08 PM,5/25/2025,
1287,47.4,gf,2.335,mm,OK,--,3:01:09 PM,5/25/2025,
1288,47.3,gf,2.330,mm,OK,--,3:01:09 PM,5/25/2025,
1289,47.1,gf,2.325,mm,OK,--,3:01:09 PM,5/25/2025,
1290,46.9,gf,2.320,mm,OK,--,3:01:09 PM,5/25/2025,
1291,46.6,gf,2.315,mm,OK,--,3:01:09 PM,5/25/2025,
1292,46.3,gf,2.305,mm,OK,--,3:01:09 PM,5/25/2025,
1293,46.3,gf,2.300,mm,OK,--,3:01:09 PM,5/25/2025,
1294,46.1,gf,2.300,mm,OK,--,3:01:09 PM,5/25/2025,
1295,45.9,gf,2.295,mm,OK,--,3:01:09 PM,5/25/2025,
1296,45.6,gf,2.290,mm,OK,--,3:01:09 PM,5/25/2025,
1297,45.3,gf,2.280,mm,OK,--,3:01:10 PM,5/25/2025,
1298,45.1,gf,2.270,mm,OK,--,3:01:10 PM,5/25/2025,
1299,44.9,gf,2.265,mm,OK,--,3:01:10 PM,5/25/2025,
1300,44.7,gf,2.260,mm,OK,--,3:01:10 PM,5/25/2025,
1301,44.5,gf,2.255,mm,OK,--,3:01:10 PM,5/25/2025,
1302,44.4,gf,2.250,mm,OK,--,3:01:10 PM,5/25/2025,
1303,44.3,gf,2.245,mm,OK,--,3:01:10 PM,5/25/2025,
1304,44.1,gf,2.240,mm,OK,--,3:01:10 PM,5/25/2025,
1305,44.0,gf,2.240,mm,OK,--,3:01:10 PM,5/25/2025,
1306,43.8,gf,2.235,mm,OK,--,3:01:10 PM,5/25/2025,
1307,43.7,gf,2.230,mm,OK,--,3:01:11 PM,5/25/2025,
1308,43.4,gf,2.220,mm,OK,--,3:01:11 PM,5/25/2025,
1309,43.2,gf,2.215,mm,OK,--,3:01:11 PM,5/25/2025,
1310,43.2,gf,2.210,mm,OK,--,3:01:11 PM,5/25/2025,
1311,43.2,gf,2.205,mm,OK,--,3:01:11 PM,5/25/2025,
1312,43.0,gf,2.200,mm,OK,--,3:01:11 PM,5/25/2025,
1313,43.0,gf,2.195,mm,OK,--,3:01:11 PM,5/25/2025,
1314,42.6,gf,2.190,mm,OK,--,3:01:11 PM,5/25/2025,
1315,42.2,gf,2.185,mm,OK,--,3:01:11 PM,5/25/2025,
1316,41.8,gf,2.175,mm,OK,--,3:01:11 PM,5/25/2025,
1317,41.8,gf,2.170,mm,OK,--,3:01:12 PM,5/25/2025,
1318,41.6,gf,2.170,mm,OK,--,3:01:12 PM,5/25/2025,
1319,41.5,gf,2.160,mm,OK,--,3:01:12 PM,5/25/2025,
1320,41.1,gf,2.150,mm,OK,--,3:01:12 PM,5/25/2025,
1321,40.6,gf,2.140,mm,OK,--,3:01:12 PM,5/25/2025,
1322,40.5,gf,2.135,mm,OK,--,3:01:12 PM,5/25/2025,
1323,40.2,gf,2.130,mm,OK,--,3:01:12 PM,5/25/2025,
1324,40.1,gf,2.125,mm,OK,--,3:01:12 PM,5/25/2025,
1325,40.1,gf,2.115,mm,OK,--,3:01:12 PM,5/25/2025,
1326,40.3,gf,2.110,mm,OK,--,3:01:12 PM,5/25/2025,
1327,40.6,gf,2.105,mm,OK,--,3:01:13 PM,5/25/2025,
1328,40.9,gf,2.100,mm,OK,--,3:01:13 PM,5/25/2025,
1329,40.9,gf,2.095,mm,OK,--,3:01:13 PM,5/25/2025,
1330,40.8,gf,2.085,mm,OK,--,3:01:13 PM,5/25/2025,
1331,40.5,gf,2.080,mm,OK,--,3:01:13 PM,5/25/2025,
1332,40.6,gf,2.070,mm,OK,--,3:01:13 PM,5/25/2025,
1333,40.6,gf,2.065,mm,OK,--,3:01:13 PM,5/25/2025,
1334,40.5,gf,2.060,mm,OK,--,3:01:13 PM,5/25/2025,
1335,40.4,gf,2.060,mm,OK,--,3:01:13 PM,5/25/2025,
1336,40.2,gf,2.055,mm,OK,--,3:01:13 PM,5/25/2025,
1337,40.1,gf,2.050,mm,OK,--,3:01:14 PM,5/25/2025,
1338,40.1,gf,2.040,mm,OK,--,3:01:14 PM,5/25/2025,
1339,40.0,gf,2.035,mm,OK,--,3:01:14 PM,5/25/2025,
1340,39.8,gf,2.030,mm,OK,--,3:01:14 PM,5/25/2025,
1341,39.7,gf,2.025,mm,OK,--,3:01:14 PM,5/25/2025,
1342,39.5,gf,2.020,mm,OK,--,3:01:14 PM,5/25/2025,
1343,39.3,gf,2.015,mm,OK,--,3:01:14 PM,5/25/2025,
1344,39.1,gf,2.010,mm,OK,--,3:01:14 PM,5/25/2025,
1345,39.0,gf,2.005,mm,OK,--,3:01:14 PM,5/25/2025,
1346,38.5,gf,2.000,mm,OK,--,3:01:14 PM,5/25/2025,
1347,38.3,gf,1.995,mm,OK,--,3:01:15 PM,5/25/2025,
1348,38.3,gf,1.990,mm,OK,--,3:01:15 PM,5/25/2025,
1349,38.1,gf,1.985,mm,OK,--,3:01:15 PM,5/25/2025,
1350,38.2,gf,1.980,mm,OK,--,3:01:15 PM,5/25/2025,
1351,38.0,gf,1.975,mm,OK,--,3:01:15 PM,5/25/2025,
1352,37.9,gf,1.970,mm,OK,--,3:01:15 PM,5/25/2025,
1353,37.8,gf,1.960,mm,OK,--,3:01:15 PM,5/25/2025,
1354,37.8,gf,1.955,mm,OK,--,3:01:15 PM,5/25/2025,
1355,37.7,gf,1.945,mm,OK,--,3:01:15 PM,5/25/2025,
1356,37.6,gf,1.935,mm,OK,--,3:01:15 PM,5/25/2025,
1357,37.6,gf,1.930,mm,OK,--,3:01:16 PM,5/25/2025,
1358,37.5,gf,1.920,mm,OK,--,3:01:16 PM,5/25/2025,
1359,37.5,gf,1.915,mm,OK,--,3:01:16 PM,5/25/2025,
1360,37.5,gf,1.910,mm,OK,--,3:01:16 PM,5/25/2025,
1361,37.5,gf,1.900,mm,OK,--,3:01:16 PM,5/25/2025,
1362,37.6,gf,1.895,mm,OK,--,3:01:16 PM,5/25/2025,
1363,37.6,gf,1.890,mm,OK,--,3:01:16 PM,5/25/2025,
1364,37.6,gf,1.880,mm,OK,--,3:01:16 PM,5/25/2025,
1365,37.5,gf,1.875,mm,OK,--,3:01:16 PM,5/25/2025,
1366,37.3,gf,1.870,mm,OK,--,3:01:16 PM,5/25/2025,
1367,37.3,gf,1.865,mm,OK,--,3:01:17 PM,5/25/2025,
1368,37.3,gf,1.860,mm,OK,--,3:01:17 PM,5/25/2025,
1369,37.1,gf,1.860,mm,OK,--,3:01:17 PM,5/25/2025,
1370,36.9,gf,1.855,mm,OK,--,3:01:17 PM,5/25/2025,
1371,36.9,gf,1.850,mm,OK,--,3:01:17 PM,5/25/2025,
1372,36.9,gf,1.845,mm,OK,--,3:01:17 PM,5/25/2025,
1373,36.8,gf,1.840,mm,OK,--,3:01:17 PM,5/25/2025,
1374,36.8,gf,1.835,mm,OK,--,3:01:17 PM,5/25/2025,
1375,36.8,gf,1.830,mm,OK,--,3:01:17 PM,5/25/2025,
1376,36.9,gf,1.825,mm,OK,--,3:01:17 PM,5/25/2025,
1377,36.8,gf,1.820,mm,OK,--,3:01:18 PM,5/25/2025,
1378,36.7,gf,1.820,mm,OK,--,3:01:18 PM,5/25/2025,
1379,36.8,gf,1.815,mm,OK,--,3:01:18 PM,5/25/2025,
1380,36.7,gf,1.815,mm,OK,--,3:01:18 PM,5/25/2025,
1381,36.4,gf,1.815,mm,OK,--,3:01:18 PM,5/25/2025,
1382,36.4,gf,1.810,mm,OK,--,3:01:18 PM,5/25/2025,
1383,36.4,gf,1.805,mm,OK,--,3:01:18 PM,5/25/2025,
1384,36.2,gf,1.800,mm,OK,--,3:01:18 PM,5/25/2025,
1385,36.1,gf,1.795,mm,OK,--,3:01:18 PM,5/25/2025,
1386,36.2,gf,1.790,mm,OK,--,3:01:18 PM,5/25/2025,
1387,36.2,gf,1.785,mm,OK,--,3:01:19 PM,5/25/2025,
1388,36.2,gf,1.780,mm,OK,--,3:01:19 PM,5/25/2025,
1389,36.2,gf,1.775,mm,OK,--,3:01:19 PM,5/25/2025,
1390,36.3,gf,1.770,mm,OK,--,3:01:19 PM,5/25/2025,
1391,36.3,gf,1.770,mm,OK,--,3:01:19 PM,5/25/2025,
1392,36.2,gf,1.765,mm,OK,--,3:01:19 PM,5/25/2025,
1393,36.2,gf,1.760,mm,OK,--,3:01:19 PM,5/25/2025,
1394,36.2,gf,1.755,mm,OK,--,3:01:19 PM,5/25/2025,
1395,36.0,gf,1.755,mm,OK,--,3:01:19 PM,5/25/2025,
1396,36.0,gf,1.750,mm,OK,--,3:01:19 PM,5/25/2025,
1397,36.0,gf,1.750,mm,OK,--,3:01:20 PM,5/25/2025,
1398,35.9,gf,1.745,mm,OK,--,3:01:20 PM,5/25/2025,
1399,35.9,gf,1.745,mm,OK,--,3:01:20 PM,5/25/2025,
1400,35.8,gf,1.740,mm,OK,--,3:01:20 PM,5/25/2025,
1401,35.7,gf,1.735,mm,OK,--,3:01:20 PM,5/25/2025,
1402,35.8,gf,1.735,mm,OK,--,3:01:20 PM,5/25/2025,
1403,36.0,gf,1.730,mm,OK,--,3:01:20 PM,5/25/2025,
1404,35.9,gf,1.725,mm,OK,--,3:01:20 PM,5/25/2025,
1405,36.0,gf,1.720,mm,OK,--,3:01:20 PM,5/25/2025,
1406,35.8,gf,1.715,mm,OK,--,3:01:20 PM,5/25/2025,
1407,36.0,gf,1.710,mm,OK,--,3:01:21 PM,5/25/2025,
1408,35.9,gf,1.705,mm,OK,--,3:01:21 PM,5/25/2025,
1409,36.0,gf,1.700,mm,OK,--,3:01:21 PM,5/25/2025,
1410,35.7,gf,1.695,mm,OK,--,3:01:21 PM,5/25/2025,
1411,35.7,gf,1.685,mm,OK,--,3:01:21 PM,5/25/2025,
1412,35.8,gf,1.680,mm,OK,--,3:01:21 PM,5/25/2025,
1413,35.6,gf,1.675,mm,OK,--,3:01:21 PM,5/25/2025,
1414,35.5,gf,1.670,mm,OK,--,3:01:21 PM,5/25/2025,
1415,35.4,gf,1.665,mm,OK,--,3:01:21 PM,5/25/2025,
1416,35.4,gf,1.660,mm,OK,--,3:01:21 PM,5/25/2025,
1417,35.3,gf,1.655,mm,OK,--,3:01:22 PM,5/25/2025,
1418,35.3,gf,1.650,mm,OK,--,3:01:22 PM,5/25/2025,
1419,35.3,gf,1.645,mm,OK,--,3:01:22 PM,5/25/2025,
1420,35.4,gf,1.635,mm,OK,--,3:01:22 PM,5/25/2025,
1421,35.5,gf,1.625,mm,OK,--,3:01:22 PM,5/25/2025,
1422,35.4,gf,1.620,mm,OK,--,3:01:22 PM,5/25/2025,
1423,35.2,gf,1.615,mm,OK,--,3:01:22 PM,5/25/2025,
1424,35.4,gf,1.610,mm,OK,--,3:01:22 PM,5/25/2025,
1425,35.4,gf,1.605,mm,OK,--,3:01:22 PM,5/25/2025,
1426,35.2,gf,1.605,mm,OK,--,3:01:22 PM,5/25/2025,
1427,35.2,gf,1.600,mm,OK,--,3:01:23 PM,5/25/2025,
1428,35.1,gf,1.600,mm,OK,--,3:01:23 PM,5/25/2025,
1429,35.0,gf,1.595,mm,OK,--,3:01:23 PM,5/25/2025,
1430,35.0,gf,1.595,mm,OK,--,3:01:23 PM,5/25/2025,
1431,35.0,gf,1.595,mm,OK,--,3:01:23 PM,5/25/2025,
1432,34.8,gf,1.590,mm,OK,--,3:01:23 PM,5/25/2025,
1433,34.9,gf,1.590,mm,OK,--,3:01:23 PM,5/25/2025,
1434,34.9,gf,1.585,mm,OK,--,3:01:23 PM,5/25/2025,
1435,34.9,gf,1.585,mm,OK,--,3:01:23 PM,5/25/2025,
1436,34.9,gf,1.580,mm,OK,--,3:01:23 PM,5/25/2025,
1437,35.0,gf,1.575,mm,OK,--,3:01:24 PM,5/25/2025,
1438,34.9,gf,1.575,mm,OK,--,3:01:24 PM,5/25/2025,
1439,34.9,gf,1.570,mm,OK,--,3:01:24 PM,5/25/2025,
1440,34.9,gf,1.560,mm,OK,--,3:01:24 PM,5/25/2025,
1441,34.8,gf,1.560,mm,OK,--,3:01:24 PM,5/25/2025,
1442,34.7,gf,1.555,mm,OK,--,3:01:24 PM,5/25/2025,
1443,34.7,gf,1.550,mm,OK,--,3:01:24 PM,5/25/2025,
1444,34.5,gf,1.540,mm,OK,--,3:01:24 PM,5/25/2025,
1445,34.7,gf,1.530,mm,OK,--,3:01:24 PM,5/25/2025,
1446,34.6,gf,1.525,mm,OK,--,3:01:24 PM,5/25/2025,
1447,34.7,gf,1.515,mm,OK,--,3:01:25 PM,5/25/2025,
1448,34.7,gf,1.510,mm,OK,--,3:01:25 PM,5/25/2025,
1449,34.6,gf,1.500,mm,OK,--,3:01:25 PM,5/25/2025,
1450,34.5,gf,1.495,mm,OK,--,3:01:25 PM,5/25/2025,
1451,34.6,gf,1.480,mm,OK,--,3:01:25 PM,5/25/2025,
1452,34.3,gf,1.465,mm,OK,--,3:01:25 PM,5/25/2025,
1453,34.1,gf,1.450,mm,OK,--,3:01:25 PM,5/25/2025,
1454,34.0,gf,1.435,mm,OK,--,3:01:25 PM,5/25/2025,
1455,34.0,gf,1.430,mm,OK,--,3:01:25 PM,5/25/2025,
1456,34.2,gf,1.420,mm,OK,--,3:01:25 PM,5/25/2025,
1457,34.1,gf,1.415,mm,OK,--,3:01:26 PM,5/25/2025,
1458,34.1,gf,1.405,mm,OK,--,3:01:26 PM,5/25/2025,
1459,34.1,gf,1.400,mm,OK,--,3:01:26 PM,5/25/2025,
1460,34.0,gf,1.400,mm,OK,--,3:01:26 PM,5/25/2025,
1461,33.9,gf,1.395,mm,OK,--,3:01:26 PM,5/25/2025,
1462,33.7,gf,1.390,mm,OK,--,3:01:26 PM,5/25/2025,
1463,33.8,gf,1.380,mm,OK,--,3:01:26 PM,5/25/2025,
1464,33.7,gf,1.375,mm,OK,--,3:01:26 PM,5/25/2025,
1465,33.7,gf,1.370,mm,OK,--,3:01:26 PM,5/25/2025,
1466,33.9,gf,1.365,mm,OK,--,3:01:26 PM,5/25/2025,
1467,33.8,gf,1.355,mm,OK,--,3:01:27 PM,5/25/2025,
1468,33.8,gf,1.350,mm,OK,--,3:01:27 PM,5/25/2025,
1469,33.7,gf,1.345,mm,OK,--,3:01:27 PM,5/25/2025,
1470,33.9,gf,1.340,mm,OK,--,3:01:27 PM,5/25/2025,
1471,33.8,gf,1.330,mm,OK,--,3:01:27 PM,5/25/2025,
1472,33.7,gf,1.320,mm,OK,--,3:01:27 PM,5/25/2025,
1473,33.6,gf,1.315,mm,OK,--,3:01:27 PM,5/25/2025,
1474,33.4,gf,1.305,mm,OK,--,3:01:27 PM,5/25/2025,
1475,33.3,gf,1.300,mm,OK,--,3:01:27 PM,5/25/2025,
1476,33.6,gf,1.295,mm,OK,--,3:01:27 PM,5/25/2025,
1477,33.6,gf,1.290,mm,OK,--,3:01:28 PM,5/25/2025,
1478,33.5,gf,1.285,mm,OK,--,3:01:28 PM,5/25/2025,
1479,33.3,gf,1.280,mm,OK,--,3:01:28 PM,5/25/2025,
1480,33.2,gf,1.275,mm,OK,--,3:01:28 PM,5/25/2025,
1481,33.0,gf,1.270,mm,OK,--,3:01:28 PM,5/25/2025,
1482,33.2,gf,1.260,mm,OK,--,3:01:28 PM,5/25/2025,
1483,33.3,gf,1.250,mm,OK,--,3:01:28 PM,5/25/2025,
1484,33.2,gf,1.245,mm,OK,--,3:01:28 PM,5/25/2025,
1485,33.0,gf,1.235,mm,OK,--,3:01:28 PM,5/25/2025,
1486,33.0,gf,1.225,mm,OK,--,3:01:28 PM,5/25/2025,
1487,33.1,gf,1.220,mm,OK,--,3:01:29 PM,5/25/2025,
1488,33.1,gf,1.215,mm,OK,--,3:01:29 PM,5/25/2025,
1489,33.2,gf,1.210,mm,OK,--,3:01:29 PM,5/25/2025,
1490,33.1,gf,1.205,mm,OK,--,3:01:29 PM,5/25/2025,
1491,33.1,gf,1.200,mm,OK,--,3:01:29 PM,5/25/2025,
1492,33.3,gf,1.190,mm,OK,--,3:01:29 PM,5/25/2025,
1493,33.2,gf,1.185,mm,OK,--,3:01:29 PM,5/25/2025,
1494,33.0,gf,1.175,mm,OK,--,3:01:29 PM,5/25/2025,
1495,32.9,gf,1.170,mm,OK,--,3:01:29 PM,5/25/2025,
1496,32.8,gf,1.160,mm,OK,--,3:01:29 PM,5/25/2025,
1497,32.7,gf,1.150,mm,OK,--,3:01:30 PM,5/25/2025,
1498,32.7,gf,1.140,mm,OK,--,3:01:30 PM,5/25/2025,
1499,32.7,gf,1.130,mm,OK,--,3:01:30 PM,5/25/2025,
1500,32.7,gf,1.125,mm,OK,--,3:01:30 PM,5/25/2025,
1501,32.5,gf,1.120,mm,OK,--,3:01:30 PM,5/25/2025,
1502,32.7,gf,1.110,mm,OK,--,3:01:30 PM,5/25/2025,
1503,32.8,gf,1.100,mm,OK,--,3:01:30 PM,5/25/2025,
1504,32.7,gf,1.095,mm,OK,--,3:01:30 PM,5/25/2025,
1505,32.8,gf,1.085,mm,OK,--,3:01:30 PM,5/25/2025,
1506,32.7,gf,1.080,mm,OK,--,3:01:30 PM,5/25/2025,
1507,32.6,gf,1.075,mm,OK,--,3:01:31 PM,5/25/2025,
1508,32.6,gf,1.070,mm,OK,--,3:01:31 PM,5/25/2025,
1509,32.5,gf,1.065,mm,OK,--,3:01:31 PM,5/25/2025,
1510,32.5,gf,1.060,mm,OK,--,3:01:31 PM,5/25/2025,
1511,32.3,gf,1.050,mm,OK,--,3:01:31 PM,5/25/2025,
1512,32.7,gf,1.045,mm,OK,--,3:01:31 PM,5/25/2025,
1513,32.7,gf,1.035,mm,OK,--,3:01:31 PM,5/25/2025,
1514,32.6,gf,1.030,mm,OK,--,3:01:31 PM,5/25/2025,
1515,32.4,gf,1.025,mm,OK,--,3:01:31 PM,5/25/2025,
1516,32.4,gf,1.020,mm,OK,--,3:01:31 PM,5/25/2025,
1517,32.4,gf,1.015,mm,OK,--,3:01:32 PM,5/25/2025,
1518,32.4,gf,1.005,mm,OK,--,3:01:32 PM,5/25/2025,
1519,32.4,gf,1.000,mm,OK,--,3:01:32 PM,5/25/2025,
1520,32.3,gf,1.000,mm,OK,--,3:01:32 PM,5/25/2025,
1521,32.4,gf,0.990,mm,OK,--,3:01:32 PM,5/25/2025,
1522,32.4,gf,0.985,mm,OK,--,3:01:32 PM,5/25/2025,
1523,32.4,gf,0.980,mm,OK,--,3:01:32 PM,5/25/2025,
1524,32.4,gf,0.980,mm,OK,--,3:01:32 PM,5/25/2025,
1525,32.2,gf,0.975,mm,OK,--,3:01:32 PM,5/25/2025,
1526,32.2,gf,0.970,mm,OK,--,3:01:32 PM,5/25/2025,
1527,32.2,gf,0.965,mm,OK,--,3:01:33 PM,5/25/2025,
1528,32.0,gf,0.965,mm,OK,--,3:01:33 PM,5/25/2025,
1529,32.0,gf,0.960,mm,OK,--,3:01:33 PM,5/25/2025,
1530,31.8,gf,0.955,mm,OK,--,3:01:33 PM,5/25/2025,
1531,32.0,gf,0.945,mm,OK,--,3:01:33 PM,5/25/2025,
1532,32.1,gf,0.935,mm,OK,--,3:01:33 PM,5/25/2025,
1533,32.5,gf,0.905,mm,OK,--,3:01:33 PM,5/25/2025,
1534,32.2,gf,0.890,mm,OK,--,3:01:33 PM,5/25/2025,
1535,32.1,gf,0.885,mm,OK,--,3:01:33 PM,5/25/2025,
1536,31.9,gf,0.880,mm,OK,--,3:01:33 PM,5/25/2025,
1537,32.0,gf,0.870,mm,OK,--,3:01:34 PM,5/25/2025,
1538,32.0,gf,0.860,mm,OK,--,3:01:34 PM,5/25/2025,
1539,32.0,gf,0.850,mm,OK,--,3:01:34 PM,5/25/2025,
1540,31.9,gf,0.845,mm,OK,--,3:01:34 PM,5/25/2025,
1541,31.8,gf,0.835,mm,OK,--,3:01:34 PM,5/25/2025,
1542,32.0,gf,0.820,mm,OK,--,3:01:34 PM,5/25/2025,
1543,31.9,gf,0.810,mm,OK,--,3:01:34 PM,5/25/2025,
1544,32.1,gf,0.800,mm,OK,--,3:01:34 PM,5/25/2025,
1545,31.9,gf,0.790,mm,OK,--,3:01:34 PM,5/25/2025,
1546,31.9,gf,0.775,mm,OK,--,3:01:34 PM,5/25/2025,
1547,31.9,gf,0.765,mm,OK,--,3:01:35 PM,5/25/2025,
1548,31.7,gf,0.750,mm,OK,--,3:01:35 PM,5/25/2025,
1549,31.8,gf,0.740,mm,OK,--,3:01:35 PM,5/25/2025,
1550,31.8,gf,0.725,mm,OK,--,3:01:35 PM,5/25/2025,
1551,32.0,gf,0.720,mm,OK,--,3:01:35 PM,5/25/2025,
1552,32.0,gf,0.715,mm,OK,--,3:01:35 PM,5/25/2025,
1553,31.9,gf,0.705,mm,OK,--,3:01:35 PM,5/25/2025,
1554,32.1,gf,0.700,mm,OK,--,3:01:35 PM,5/25/2025,
1555,32.1,gf,0.695,mm,OK,--,3:01:35 PM,5/25/2025,
1556,32.1,gf,0.695,mm,OK,--,3:01:35 PM,5/25/2025,
1557,32.2,gf,0.690,mm,OK,--,3:01:36 PM,5/25/2025,
1558,32.2,gf,0.685,mm,OK,--,3:01:36 PM,5/25/2025,
1559,32.1,gf,0.680,mm,OK,--,3:01:36 PM,5/25/2025,
1560,32.1,gf,0.675,mm,OK,--,3:01:36 PM,5/25/2025,
1561,31.9,gf,0.670,mm,OK,--,3:01:36 PM,5/25/2025,
1562,31.9,gf,0.665,mm,OK,--,3:01:36 PM,5/25/2025,
1563,31.8,gf,0.655,mm,OK,--,3:01:36 PM,5/25/2025,
1564,31.8,gf,0.650,mm,OK,--,3:01:36 PM,5/25/2025,
1565,31.9,gf,0.645,mm,OK,--,3:01:36 PM,5/25/2025,
1566,32.0,gf,0.640,mm,OK,--,3:01:36 PM,5/25/2025,
1567,31.8,gf,0.635,mm,OK,--,3:01:37 PM,5/25/2025,
1568,31.9,gf,0.630,mm,OK,--,3:01:37 PM,5/25/2025,
1569,31.8,gf,0.625,mm,OK,--,3:01:37 PM,5/25/2025,
1570,31.9,gf,0.615,mm,OK,--,3:01:37 PM,5/25/2025,
1571,31.9,gf,0.610,mm,OK,--,3:01:37 PM,5/25/2025,
1572,31.8,gf,0.600,mm,OK,--,3:01:37 PM,5/25/2025,
1573,32.0,gf,0.595,mm,OK,--,3:01:37 PM,5/25/2025,
1574,31.8,gf,0.590,mm,OK,--,3:01:37 PM,5/25/2025,
1575,31.8,gf,0.585,mm,OK,--,3:01:37 PM,5/25/2025,
1576,31.7,gf,0.575,mm,OK,--,3:01:37 PM,5/25/2025,
1577,31.7,gf,0.565,mm,OK,--,3:01:38 PM,5/25/2025,
1578,31.8,gf,0.560,mm,OK,--,3:01:38 PM,5/25/2025,
1579,31.8,gf,0.555,mm,OK,--,3:01:38 PM,5/25/2025,
1580,31.9,gf,0.550,mm,OK,--,3:01:38 PM,5/25/2025,
1581,31.7,gf,0.545,mm,OK,--,3:01:38 PM,5/25/2025,
1582,31.8,gf,0.530,mm,OK,--,3:01:38 PM,5/25/2025,
1583,31.6,gf,0.520,mm,OK,--,3:01:38 PM,5/25/2025,
1584,31.9,gf,0.510,mm,OK,--,3:01:38 PM,5/25/2025,
1585,31.9,gf,0.500,mm,OK,--,3:01:38 PM,5/25/2025,
1586,31.7,gf,0.490,mm,OK,--,3:01:38 PM,5/25/2025,
1587,31.6,gf,0.480,mm,OK,--,3:01:39 PM,5/25/2025,
1588,31.7,gf,0.465,mm,OK,--,3:01:39 PM,5/25/2025,
1589,31.6,gf,0.460,mm,OK,--,3:01:39 PM,5/25/2025,
1590,31.5,gf,0.450,mm,OK,--,3:01:39 PM,5/25/2025,
1591,31.5,gf,0.445,mm,OK,--,3:01:39 PM,5/25/2025,
1592,31.4,gf,0.440,mm,OK,--,3:01:39 PM,5/25/2025,
1593,31.5,gf,0.435,mm,OK,--,3:01:39 PM,5/25/2025,
1594,31.7,gf,0.430,mm,OK,--,3:01:39 PM,5/25/2025,
1595,31.6,gf,0.420,mm,OK,--,3:01:39 PM,5/25/2025,
1596,31.7,gf,0.415,mm,OK,--,3:01:39 PM,5/25/2025,
1597,31.7,gf,0.405,mm,OK,--,3:01:40 PM,5/25/2025,
1598,31.5,gf,0.400,mm,OK,--,3:01:40 PM,5/25/2025,
1599,31.4,gf,0.395,mm,OK,--,3:01:40 PM,5/25/2025,
1600,31.5,gf,0.390,mm,OK,--,3:01:40 PM,5/25/2025,
1601,31.6,gf,0.385,mm,OK,--,3:01:40 PM,5/25/2025,
1602,31.6,gf,0.385,mm,OK,--,3:01:40 PM,5/25/2025,
1603,31.6,gf,0.375,mm,OK,--,3:01:40 PM,5/25/2025,
1604,31.9,gf,0.365,mm,OK,--,3:01:40 PM,5/25/2025,
1605,31.8,gf,0.355,mm,OK,--,3:01:40 PM,5/25/2025,
1606,31.8,gf,0.345,mm,OK,--,3:01:40 PM,5/25/2025,
1607,32.0,gf,0.335,mm,OK,--,3:01:41 PM,5/25/2025,
1608,31.9,gf,0.330,mm,OK,--,3:01:41 PM,5/25/2025,
1609,31.9,gf,0.320,mm,OK,--,3:01:41 PM,5/25/2025,
1610,31.9,gf,0.315,mm,OK,--,3:01:41 PM,5/25/2025,
1611,31.9,gf,0.305,mm,OK,--,3:01:41 PM,5/25/2025,
1612,31.7,gf,0.295,mm,OK,--,3:01:41 PM,5/25/2025,
1613,31.8,gf,0.280,mm,OK,--,3:01:41 PM,5/25/2025,
1614,32.0,gf,0.270,mm,OK,--,3:01:41 PM,5/25/2025,
1615,31.9,gf,0.260,mm,OK,--,3:01:41 PM,5/25/2025,
1616,31.8,gf,0.250,mm,OK,--,3:01:41 PM,5/25/2025,
1617,31.9,gf,0.245,mm,OK,--,3:01:42 PM,5/25/2025,
1618,31.9,gf,0.235,mm,OK,--,3:01:42 PM,5/25/2025,
1619,32.1,gf,0.230,mm,OK,--,3:01:42 PM,5/25/2025,
1620,32.2,gf,0.225,mm,OK,--,3:01:42 PM,5/25/2025,
1621,32.0,gf,0.220,mm,OK,--,3:01:42 PM,5/25/2025,
1622,32.1,gf,0.215,mm,OK,--,3:01:42 PM,5/25/2025,
1623,32.3,gf,0.210,mm,OK,--,3:01:42 PM,5/25/2025,
1624,32.4,gf,0.200,mm,OK,--,3:01:42 PM,5/25/2025,
1625,32.3,gf,0.195,mm,OK,--,3:01:42 PM,5/25/2025,
1626,32.3,gf,0.195,mm,OK,--,3:01:42 PM,5/25/2025,
1627,32.4,gf,0.190,mm,OK,--,3:01:43 PM,5/25/2025,
1628,32.4,gf,0.190,mm,OK,--,3:01:43 PM,5/25/2025,
1629,32.5,gf,0.185,mm,OK,--,3:01:43 PM,5/25/2025,
1630,32.3,gf,0.185,mm,OK,--,3:01:43 PM,5/25/2025,
1631,32.3,gf,0.185,mm,OK,--,3:01:43 PM,5/25/2025,
1632,32.3,gf,0.180,mm,OK,--,3:01:43 PM,5/25/2025,
1633,32.2,gf,0.180,mm,OK,--,3:01:43 PM,5/25/2025,
1634,32.2,gf,0.175,mm,OK,--,3:01:43 PM,5/25/2025,
1635,32.2,gf,0.175,mm,OK,--,3:01:43 PM,5/25/2025,
1636,32.0,gf,0.170,mm,OK,--,3:01:43 PM,5/25/2025,
1637,31.9,gf,0.170,mm,OK,--,3:01:44 PM,5/25/2025,
1638,31.9,gf,0.165,mm,OK,--,3:01:44 PM,5/25/2025,
1639,31.6,gf,0.160,mm,OK,--,3:01:44 PM,5/25/2025,
1640,30.4,gf,0.150,mm,OK,--,3:01:44 PM,5/25/2025,
1641,24.2,gf,0.145,mm,OK,--,3:01:44 PM,5/25/2025,
1642,19.0,gf,0.135,mm,OK,--,3:01:44 PM,5/25/2025,
1643,14.7,gf,0.130,mm,OK,--,3:01:44 PM,5/25/2025,
1644,11.9,gf,0.130,mm,OK,--,3:01:44 PM,5/25/2025,
1645,10.2,gf,0.125,mm,OK,--,3:01:44 PM,5/25/2025,
1646,6.9,gf,0.120,mm,OK,--,3:01:44 PM,5/25/2025,
1647,2.8,gf,0.115,mm,OK,--,3:01:45 PM,5/25/2025,
1648,0.3,gf,0.115,mm,OK,--,3:01:45 PM,5/25/2025,
1649,0.0,gf,0.110,mm,OK,--,3:01:45 PM,5/25/2025,
1650,0.0,gf,0.100,mm,OK,--,3:01:45 PM,5/25/2025,
1651,0.0,gf,0.095,mm,OK,--,3:01:45 PM,5/25/2025,
1652,0.0,gf,0.080,mm,OK,--,3:01:45 PM,5/25/2025,
1653,0.0,gf,0.065,mm,OK,--,3:01:45 PM,5/25/2025,
1654,0.0,gf,0.050,mm,OK,--,3:01:45 PM,5/25/2025,
1655,0.0,gf,0.040,mm,OK,--,3:01:45 PM,5/25/2025,
1656,0.0,gf,0.025,mm,OK,--,3:01:45 PM,5/25/2025,
1657,0.0,gf,0.010,mm,OK,--,3:01:46 PM,5/25/2025,
1658,0.0,gf,0.000,mm,OK,--,3:01:46 PM,5/25/2025,
1659,0.0,gf,-0.005,mm,OK,--,3:01:46 PM,5/25/2025,
1660,0.0,gf,-0.010,mm,OK,--,3:01:46 PM,5/25/2025,
1661,0.0,gf,-0.020,mm,OK,--,3:01:46 PM,5/25/2025,
1662,0.0,gf,-0.035,mm,OK,--,3:01:46 PM,5/25/2025,
1663,0.0,gf,-0.050,mm,OK,--,3:01:46 PM,5/25/2025,
1664,0.1,gf,-0.055,mm,OK,--,3:01:46 PM,5/25/2025,
1665,0.0,gf,-0.055,mm,OK,--,3:01:46 PM,5/25/2025,
1666,0.0,gf,-0.055,mm,OK,--,3:01:46 PM,5/25/2025,
1667,0.0,gf,-0.055,mm,OK,--,3:01:47 PM,5/25/2025,
1668,0.0,gf,-0.055,mm,OK,--,3:01:47 PM,5/25/2025,
1669,-0.4,gf,-0.055,mm,OK,--,3:01:47 PM,5/25/2025,
1670,0.1,gf,-0.055,mm,OK,--,3:01:47 PM,5/25/2025,
1671,0.2,gf,-0.050,mm,OK,--,3:01:47 PM,5/25/2025,
1672,0.0,gf,-0.050,mm,OK,--,3:01:47 PM,5/25/2025,
1673,0.0,gf,-0.050,mm,OK,--,3:01:47 PM,5/25/2025,
1674,0.0,gf,-0.050,mm,OK,--,3:01:47 PM,5/25/2025,
1675,0.0,gf,-0.050,mm,OK,--,3:01:47 PM,5/25/2025,
1676,0.0,gf,-0.050,mm,OK,--,3:01:47 PM,5/25/2025,
1677,0.0,gf,-0.050,mm,OK,--,3:01:48 PM,5/25/2025,
1678,0.0,gf,-0.050,mm,OK,--,3:01:48 PM,5/25/2025,
1679,0.0,gf,-0.050,mm,OK,--,3:01:48 PM,5/25/2025,
1680,0.0,gf,-0.050,mm,OK,--,3:01:48 PM,5/25/2025,
1681,0.0,gf,-0.050,mm,OK,--,3:01:48 PM,5/25/2025,
1682,0.0,gf,-0.050,mm,OK,--,3:01:48 PM,5/25/2025,
1683,0.0,gf,-0.050,mm,OK,--,3:01:48 PM,5/25/2025,
1684,0.0,gf,-0.050,mm,OK,--,3:01:48 PM,5/25/2025,
