Maximum,195.2,@,No.944,,,,,,
Minimum,-0.8,@,No.1903,,,,,,
Average,48.24,,,,,,,,
Data Quantity,1917,,,,,,,,
Number of NG,0,,,,,,,,
No.,Force,Unit,Displacement,Unit,Judge,Position,Time,Date,
1,-0.1,gf,0.000,mm,OK,--,7:18:47 PM,3/2/2025,
2,0.0,gf,0.000,mm,OK,--,7:18:47 PM,3/2/2025,
3,0.0,gf,0.000,mm,OK,--,7:18:47 PM,3/2/2025,
4,0.0,gf,0.000,mm,OK,--,7:18:47 PM,3/2/2025,
5,0.0,gf,0.000,mm,OK,--,7:18:47 PM,3/2/2025,
6,0.0,gf,0.000,mm,OK,--,7:18:47 PM,3/2/2025,
7,0.0,gf,0.000,mm,OK,--,7:18:47 PM,3/2/2025,
8,0.0,gf,0.000,mm,OK,--,7:18:47 PM,3/2/2025,
9,0.0,gf,0.000,mm,OK,--,7:18:48 PM,3/2/2025,
10,0.0,gf,0.000,mm,OK,--,7:18:48 PM,3/2/2025,
11,0.0,gf,0.000,mm,OK,--,7:18:48 PM,3/2/2025,
12,0.0,gf,0.000,mm,OK,--,7:18:48 PM,3/2/2025,
13,0.0,gf,0.000,mm,OK,--,7:18:48 PM,3/2/2025,
14,0.0,gf,0.000,mm,OK,--,7:18:48 PM,3/2/2025,
15,0.0,gf,0.005,mm,OK,--,7:18:48 PM,3/2/2025,
16,0.0,gf,0.005,mm,OK,--,7:18:48 PM,3/2/2025,
17,0.0,gf,0.005,mm,OK,--,7:18:48 PM,3/2/2025,
18,0.0,gf,0.005,mm,OK,--,7:18:48 PM,3/2/2025,
19,0.0,gf,0.005,mm,OK,--,7:18:49 PM,3/2/2025,
20,0.0,gf,0.005,mm,OK,--,7:18:49 PM,3/2/2025,
21,0.0,gf,0.005,mm,OK,--,7:18:49 PM,3/2/2025,
22,0.0,gf,0.005,mm,OK,--,7:18:49 PM,3/2/2025,
23,0.0,gf,0.005,mm,OK,--,7:18:49 PM,3/2/2025,
24,0.0,gf,0.010,mm,OK,--,7:18:49 PM,3/2/2025,
25,0.0,gf,0.010,mm,OK,--,7:18:49 PM,3/2/2025,
26,0.0,gf,0.010,mm,OK,--,7:18:49 PM,3/2/2025,
27,0.0,gf,0.010,mm,OK,--,7:18:49 PM,3/2/2025,
28,0.0,gf,0.015,mm,OK,--,7:18:49 PM,3/2/2025,
29,0.0,gf,0.015,mm,OK,--,7:18:50 PM,3/2/2025,
30,0.0,gf,0.015,mm,OK,--,7:18:50 PM,3/2/2025,
31,0.0,gf,0.020,mm,OK,--,7:18:50 PM,3/2/2025,
32,0.0,gf,0.025,mm,OK,--,7:18:50 PM,3/2/2025,
33,0.0,gf,0.030,mm,OK,--,7:18:50 PM,3/2/2025,
34,0.0,gf,0.035,mm,OK,--,7:18:50 PM,3/2/2025,
35,0.0,gf,0.040,mm,OK,--,7:18:50 PM,3/2/2025,
36,0.0,gf,0.045,mm,OK,--,7:18:50 PM,3/2/2025,
37,0.0,gf,0.050,mm,OK,--,7:18:50 PM,3/2/2025,
38,0.0,gf,0.055,mm,OK,--,7:18:50 PM,3/2/2025,
39,0.0,gf,0.060,mm,OK,--,7:18:51 PM,3/2/2025,
40,0.0,gf,0.070,mm,OK,--,7:18:51 PM,3/2/2025,
41,0.0,gf,0.075,mm,OK,--,7:18:51 PM,3/2/2025,
42,0.0,gf,0.080,mm,OK,--,7:18:51 PM,3/2/2025,
43,0.0,gf,0.085,mm,OK,--,7:18:51 PM,3/2/2025,
44,0.0,gf,0.090,mm,OK,--,7:18:51 PM,3/2/2025,
45,0.0,gf,0.095,mm,OK,--,7:18:51 PM,3/2/2025,
46,0.0,gf,0.100,mm,OK,--,7:18:51 PM,3/2/2025,
47,0.0,gf,0.105,mm,OK,--,7:18:51 PM,3/2/2025,
48,0.0,gf,0.110,mm,OK,--,7:18:51 PM,3/2/2025,
49,0.0,gf,0.115,mm,OK,--,7:18:52 PM,3/2/2025,
50,0.0,gf,0.120,mm,OK,--,7:18:52 PM,3/2/2025,
51,0.0,gf,0.125,mm,OK,--,7:18:52 PM,3/2/2025,
52,0.0,gf,0.130,mm,OK,--,7:18:52 PM,3/2/2025,
53,0.0,gf,0.135,mm,OK,--,7:18:52 PM,3/2/2025,
54,0.0,gf,0.140,mm,OK,--,7:18:52 PM,3/2/2025,
55,0.0,gf,0.145,mm,OK,--,7:18:52 PM,3/2/2025,
56,0.0,gf,0.150,mm,OK,--,7:18:52 PM,3/2/2025,
57,0.0,gf,0.150,mm,OK,--,7:18:52 PM,3/2/2025,
58,0.0,gf,0.155,mm,OK,--,7:18:52 PM,3/2/2025,
59,0.0,gf,0.160,mm,OK,--,7:18:53 PM,3/2/2025,
60,0.0,gf,0.165,mm,OK,--,7:18:53 PM,3/2/2025,
61,0.0,gf,0.165,mm,OK,--,7:18:53 PM,3/2/2025,
62,0.0,gf,0.170,mm,OK,--,7:18:53 PM,3/2/2025,
63,0.0,gf,0.175,mm,OK,--,7:18:53 PM,3/2/2025,
64,0.0,gf,0.180,mm,OK,--,7:18:53 PM,3/2/2025,
65,0.0,gf,0.180,mm,OK,--,7:18:53 PM,3/2/2025,
66,0.0,gf,0.185,mm,OK,--,7:18:53 PM,3/2/2025,
67,0.0,gf,0.190,mm,OK,--,7:18:53 PM,3/2/2025,
68,0.0,gf,0.200,mm,OK,--,7:18:53 PM,3/2/2025,
69,0.0,gf,0.200,mm,OK,--,7:18:54 PM,3/2/2025,
70,0.0,gf,0.205,mm,OK,--,7:18:54 PM,3/2/2025,
71,0.0,gf,0.210,mm,OK,--,7:18:54 PM,3/2/2025,
72,-0.2,gf,0.215,mm,OK,--,7:18:54 PM,3/2/2025,
73,-0.3,gf,0.220,mm,OK,--,7:18:54 PM,3/2/2025,
74,-0.1,gf,0.220,mm,OK,--,7:18:54 PM,3/2/2025,
75,0.0,gf,0.225,mm,OK,--,7:18:54 PM,3/2/2025,
76,0.0,gf,0.230,mm,OK,--,7:18:54 PM,3/2/2025,
77,0.0,gf,0.230,mm,OK,--,7:18:54 PM,3/2/2025,
78,0.0,gf,0.235,mm,OK,--,7:18:54 PM,3/2/2025,
79,0.0,gf,0.240,mm,OK,--,7:18:55 PM,3/2/2025,
80,0.0,gf,0.245,mm,OK,--,7:18:55 PM,3/2/2025,
81,0.0,gf,0.250,mm,OK,--,7:18:55 PM,3/2/2025,
82,0.0,gf,0.255,mm,OK,--,7:18:55 PM,3/2/2025,
83,0.0,gf,0.260,mm,OK,--,7:18:55 PM,3/2/2025,
84,0.0,gf,0.265,mm,OK,--,7:18:55 PM,3/2/2025,
85,0.0,gf,0.270,mm,OK,--,7:18:55 PM,3/2/2025,
86,0.0,gf,0.280,mm,OK,--,7:18:55 PM,3/2/2025,
87,0.0,gf,0.285,mm,OK,--,7:18:55 PM,3/2/2025,
88,0.0,gf,0.290,mm,OK,--,7:18:55 PM,3/2/2025,
89,0.3,gf,0.295,mm,OK,--,7:18:56 PM,3/2/2025,
90,5.2,gf,0.300,mm,OK,--,7:18:56 PM,3/2/2025,
91,10.4,gf,0.310,mm,OK,--,7:18:56 PM,3/2/2025,
92,14.5,gf,0.310,mm,OK,--,7:18:56 PM,3/2/2025,
93,18.0,gf,0.315,mm,OK,--,7:18:56 PM,3/2/2025,
94,21.2,gf,0.320,mm,OK,--,7:18:56 PM,3/2/2025,
95,23.9,gf,0.325,mm,OK,--,7:18:56 PM,3/2/2025,
96,26.1,gf,0.325,mm,OK,--,7:18:56 PM,3/2/2025,
97,27.5,gf,0.330,mm,OK,--,7:18:56 PM,3/2/2025,
98,26.9,gf,0.335,mm,OK,--,7:18:56 PM,3/2/2025,
99,28.1,gf,0.335,mm,OK,--,7:18:57 PM,3/2/2025,
100,29.7,gf,0.340,mm,OK,--,7:18:57 PM,3/2/2025,
101,30.1,gf,0.345,mm,OK,--,7:18:57 PM,3/2/2025,
102,30.9,gf,0.350,mm,OK,--,7:18:57 PM,3/2/2025,
103,32.5,gf,0.350,mm,OK,--,7:18:57 PM,3/2/2025,
104,34.1,gf,0.355,mm,OK,--,7:18:57 PM,3/2/2025,
105,34.1,gf,0.360,mm,OK,--,7:18:57 PM,3/2/2025,
106,33.8,gf,0.360,mm,OK,--,7:18:57 PM,3/2/2025,
107,33.7,gf,0.360,mm,OK,--,7:18:57 PM,3/2/2025,
108,34.0,gf,0.365,mm,OK,--,7:18:57 PM,3/2/2025,
109,34.0,gf,0.365,mm,OK,--,7:18:58 PM,3/2/2025,
110,34.0,gf,0.370,mm,OK,--,7:18:58 PM,3/2/2025,
111,34.0,gf,0.370,mm,OK,--,7:18:58 PM,3/2/2025,
112,34.0,gf,0.375,mm,OK,--,7:18:58 PM,3/2/2025,
113,34.0,gf,0.380,mm,OK,--,7:18:58 PM,3/2/2025,
114,33.9,gf,0.385,mm,OK,--,7:18:58 PM,3/2/2025,
115,33.7,gf,0.390,mm,OK,--,7:18:58 PM,3/2/2025,
116,33.5,gf,0.395,mm,OK,--,7:18:58 PM,3/2/2025,
117,33.6,gf,0.400,mm,OK,--,7:18:58 PM,3/2/2025,
118,33.5,gf,0.405,mm,OK,--,7:18:58 PM,3/2/2025,
119,33.5,gf,0.415,mm,OK,--,7:18:59 PM,3/2/2025,
120,33.4,gf,0.420,mm,OK,--,7:18:59 PM,3/2/2025,
121,33.4,gf,0.425,mm,OK,--,7:18:59 PM,3/2/2025,
122,33.3,gf,0.430,mm,OK,--,7:18:59 PM,3/2/2025,
123,33.3,gf,0.435,mm,OK,--,7:18:59 PM,3/2/2025,
124,33.2,gf,0.440,mm,OK,--,7:18:59 PM,3/2/2025,
125,33.2,gf,0.445,mm,OK,--,7:18:59 PM,3/2/2025,
126,33.3,gf,0.445,mm,OK,--,7:18:59 PM,3/2/2025,
127,33.3,gf,0.450,mm,OK,--,7:18:59 PM,3/2/2025,
128,33.2,gf,0.455,mm,OK,--,7:18:59 PM,3/2/2025,
129,33.1,gf,0.460,mm,OK,--,7:19:00 PM,3/2/2025,
130,33.1,gf,0.465,mm,OK,--,7:19:00 PM,3/2/2025,
131,33.2,gf,0.465,mm,OK,--,7:19:00 PM,3/2/2025,
132,33.3,gf,0.470,mm,OK,--,7:19:00 PM,3/2/2025,
133,33.3,gf,0.470,mm,OK,--,7:19:00 PM,3/2/2025,
134,33.3,gf,0.475,mm,OK,--,7:19:00 PM,3/2/2025,
135,33.4,gf,0.480,mm,OK,--,7:19:00 PM,3/2/2025,
136,33.3,gf,0.485,mm,OK,--,7:19:00 PM,3/2/2025,
137,33.4,gf,0.485,mm,OK,--,7:19:00 PM,3/2/2025,
138,33.4,gf,0.490,mm,OK,--,7:19:00 PM,3/2/2025,
139,33.4,gf,0.495,mm,OK,--,7:19:01 PM,3/2/2025,
140,33.5,gf,0.500,mm,OK,--,7:19:01 PM,3/2/2025,
141,33.5,gf,0.505,mm,OK,--,7:19:01 PM,3/2/2025,
142,33.5,gf,0.510,mm,OK,--,7:19:01 PM,3/2/2025,
143,33.5,gf,0.515,mm,OK,--,7:19:01 PM,3/2/2025,
144,33.6,gf,0.520,mm,OK,--,7:19:01 PM,3/2/2025,
145,33.7,gf,0.525,mm,OK,--,7:19:01 PM,3/2/2025,
146,33.7,gf,0.525,mm,OK,--,7:19:01 PM,3/2/2025,
147,33.6,gf,0.530,mm,OK,--,7:19:01 PM,3/2/2025,
148,33.7,gf,0.535,mm,OK,--,7:19:01 PM,3/2/2025,
149,33.7,gf,0.540,mm,OK,--,7:19:02 PM,3/2/2025,
150,33.6,gf,0.545,mm,OK,--,7:19:02 PM,3/2/2025,
151,33.6,gf,0.550,mm,OK,--,7:19:02 PM,3/2/2025,
152,33.6,gf,0.555,mm,OK,--,7:19:02 PM,3/2/2025,
153,33.6,gf,0.555,mm,OK,--,7:19:02 PM,3/2/2025,
154,33.6,gf,0.560,mm,OK,--,7:19:02 PM,3/2/2025,
155,33.6,gf,0.565,mm,OK,--,7:19:02 PM,3/2/2025,
156,33.7,gf,0.565,mm,OK,--,7:19:02 PM,3/2/2025,
157,33.7,gf,0.570,mm,OK,--,7:19:02 PM,3/2/2025,
158,33.8,gf,0.575,mm,OK,--,7:19:02 PM,3/2/2025,
159,33.8,gf,0.575,mm,OK,--,7:19:03 PM,3/2/2025,
160,33.8,gf,0.580,mm,OK,--,7:19:03 PM,3/2/2025,
161,33.8,gf,0.580,mm,OK,--,7:19:03 PM,3/2/2025,
162,33.8,gf,0.585,mm,OK,--,7:19:03 PM,3/2/2025,
163,33.9,gf,0.590,mm,OK,--,7:19:03 PM,3/2/2025,
164,34.0,gf,0.590,mm,OK,--,7:19:03 PM,3/2/2025,
165,34.1,gf,0.595,mm,OK,--,7:19:03 PM,3/2/2025,
166,34.1,gf,0.600,mm,OK,--,7:19:03 PM,3/2/2025,
167,34.1,gf,0.600,mm,OK,--,7:19:03 PM,3/2/2025,
168,34.2,gf,0.605,mm,OK,--,7:19:03 PM,3/2/2025,
169,34.2,gf,0.610,mm,OK,--,7:19:04 PM,3/2/2025,
170,34.2,gf,0.615,mm,OK,--,7:19:04 PM,3/2/2025,
171,34.2,gf,0.620,mm,OK,--,7:19:04 PM,3/2/2025,
172,34.2,gf,0.625,mm,OK,--,7:19:04 PM,3/2/2025,
173,34.2,gf,0.630,mm,OK,--,7:19:04 PM,3/2/2025,
174,34.2,gf,0.630,mm,OK,--,7:19:04 PM,3/2/2025,
175,34.3,gf,0.635,mm,OK,--,7:19:04 PM,3/2/2025,
176,34.4,gf,0.640,mm,OK,--,7:19:04 PM,3/2/2025,
177,34.4,gf,0.645,mm,OK,--,7:19:04 PM,3/2/2025,
178,34.4,gf,0.655,mm,OK,--,7:19:04 PM,3/2/2025,
179,34.4,gf,0.660,mm,OK,--,7:19:05 PM,3/2/2025,
180,34.4,gf,0.665,mm,OK,--,7:19:05 PM,3/2/2025,
181,34.3,gf,0.670,mm,OK,--,7:19:05 PM,3/2/2025,
182,34.4,gf,0.675,mm,OK,--,7:19:05 PM,3/2/2025,
183,34.3,gf,0.685,mm,OK,--,7:19:05 PM,3/2/2025,
184,34.2,gf,0.690,mm,OK,--,7:19:05 PM,3/2/2025,
185,34.1,gf,0.695,mm,OK,--,7:19:05 PM,3/2/2025,
186,34.0,gf,0.700,mm,OK,--,7:19:05 PM,3/2/2025,
187,34.0,gf,0.705,mm,OK,--,7:19:05 PM,3/2/2025,
188,34.0,gf,0.710,mm,OK,--,7:19:05 PM,3/2/2025,
189,33.9,gf,0.715,mm,OK,--,7:19:06 PM,3/2/2025,
190,34.0,gf,0.715,mm,OK,--,7:19:06 PM,3/2/2025,
191,34.1,gf,0.720,mm,OK,--,7:19:06 PM,3/2/2025,
192,34.2,gf,0.725,mm,OK,--,7:19:06 PM,3/2/2025,
193,34.1,gf,0.730,mm,OK,--,7:19:06 PM,3/2/2025,
194,34.1,gf,0.735,mm,OK,--,7:19:06 PM,3/2/2025,
195,34.1,gf,0.740,mm,OK,--,7:19:06 PM,3/2/2025,
196,34.1,gf,0.740,mm,OK,--,7:19:06 PM,3/2/2025,
197,34.2,gf,0.745,mm,OK,--,7:19:06 PM,3/2/2025,
198,34.1,gf,0.750,mm,OK,--,7:19:06 PM,3/2/2025,
199,34.3,gf,0.755,mm,OK,--,7:19:07 PM,3/2/2025,
200,34.2,gf,0.760,mm,OK,--,7:19:07 PM,3/2/2025,
201,34.2,gf,0.765,mm,OK,--,7:19:07 PM,3/2/2025,
202,34.2,gf,0.770,mm,OK,--,7:19:07 PM,3/2/2025,
203,34.1,gf,0.775,mm,OK,--,7:19:07 PM,3/2/2025,
204,34.1,gf,0.780,mm,OK,--,7:19:07 PM,3/2/2025,
205,34.2,gf,0.780,mm,OK,--,7:19:07 PM,3/2/2025,
206,34.3,gf,0.785,mm,OK,--,7:19:07 PM,3/2/2025,
207,34.2,gf,0.790,mm,OK,--,7:19:07 PM,3/2/2025,
208,34.3,gf,0.795,mm,OK,--,7:19:07 PM,3/2/2025,
209,34.3,gf,0.805,mm,OK,--,7:19:08 PM,3/2/2025,
210,34.3,gf,0.805,mm,OK,--,7:19:08 PM,3/2/2025,
211,34.4,gf,0.810,mm,OK,--,7:19:08 PM,3/2/2025,
212,34.4,gf,0.815,mm,OK,--,7:19:08 PM,3/2/2025,
213,34.4,gf,0.825,mm,OK,--,7:19:08 PM,3/2/2025,
214,34.4,gf,0.825,mm,OK,--,7:19:08 PM,3/2/2025,
215,34.4,gf,0.830,mm,OK,--,7:19:08 PM,3/2/2025,
216,34.4,gf,0.835,mm,OK,--,7:19:08 PM,3/2/2025,
217,34.4,gf,0.840,mm,OK,--,7:19:08 PM,3/2/2025,
218,34.4,gf,0.845,mm,OK,--,7:19:08 PM,3/2/2025,
219,34.4,gf,0.850,mm,OK,--,7:19:09 PM,3/2/2025,
220,34.4,gf,0.855,mm,OK,--,7:19:09 PM,3/2/2025,
221,34.4,gf,0.860,mm,OK,--,7:19:09 PM,3/2/2025,
222,34.5,gf,0.865,mm,OK,--,7:19:09 PM,3/2/2025,
223,34.4,gf,0.870,mm,OK,--,7:19:09 PM,3/2/2025,
224,34.6,gf,0.870,mm,OK,--,7:19:09 PM,3/2/2025,
225,34.6,gf,0.875,mm,OK,--,7:19:09 PM,3/2/2025,
226,34.7,gf,0.880,mm,OK,--,7:19:09 PM,3/2/2025,
227,34.7,gf,0.885,mm,OK,--,7:19:09 PM,3/2/2025,
228,34.9,gf,0.890,mm,OK,--,7:19:09 PM,3/2/2025,
229,34.8,gf,0.900,mm,OK,--,7:19:10 PM,3/2/2025,
230,34.8,gf,0.905,mm,OK,--,7:19:10 PM,3/2/2025,
231,34.7,gf,0.910,mm,OK,--,7:19:10 PM,3/2/2025,
232,34.7,gf,0.915,mm,OK,--,7:19:10 PM,3/2/2025,
233,34.7,gf,0.915,mm,OK,--,7:19:10 PM,3/2/2025,
234,34.7,gf,0.920,mm,OK,--,7:19:10 PM,3/2/2025,
235,34.7,gf,0.925,mm,OK,--,7:19:10 PM,3/2/2025,
236,34.7,gf,0.925,mm,OK,--,7:19:10 PM,3/2/2025,
237,34.6,gf,0.930,mm,OK,--,7:19:10 PM,3/2/2025,
238,34.7,gf,0.935,mm,OK,--,7:19:10 PM,3/2/2025,
239,34.8,gf,0.940,mm,OK,--,7:19:11 PM,3/2/2025,
240,34.9,gf,0.945,mm,OK,--,7:19:11 PM,3/2/2025,
241,34.9,gf,0.955,mm,OK,--,7:19:11 PM,3/2/2025,
242,35.0,gf,0.960,mm,OK,--,7:19:11 PM,3/2/2025,
243,35.0,gf,0.965,mm,OK,--,7:19:11 PM,3/2/2025,
244,35.1,gf,0.970,mm,OK,--,7:19:11 PM,3/2/2025,
245,35.3,gf,0.980,mm,OK,--,7:19:11 PM,3/2/2025,
246,35.2,gf,0.990,mm,OK,--,7:19:11 PM,3/2/2025,
247,35.2,gf,0.995,mm,OK,--,7:19:11 PM,3/2/2025,
248,35.2,gf,1.000,mm,OK,--,7:19:11 PM,3/2/2025,
249,35.4,gf,1.005,mm,OK,--,7:19:12 PM,3/2/2025,
250,35.6,gf,1.015,mm,OK,--,7:19:12 PM,3/2/2025,
251,35.5,gf,1.025,mm,OK,--,7:19:12 PM,3/2/2025,
252,35.4,gf,1.035,mm,OK,--,7:19:12 PM,3/2/2025,
253,35.5,gf,1.045,mm,OK,--,7:19:12 PM,3/2/2025,
254,35.5,gf,1.050,mm,OK,--,7:19:12 PM,3/2/2025,
255,35.5,gf,1.055,mm,OK,--,7:19:12 PM,3/2/2025,
256,35.3,gf,1.060,mm,OK,--,7:19:12 PM,3/2/2025,
257,35.4,gf,1.065,mm,OK,--,7:19:12 PM,3/2/2025,
258,35.5,gf,1.065,mm,OK,--,7:19:12 PM,3/2/2025,
259,35.5,gf,1.070,mm,OK,--,7:19:13 PM,3/2/2025,
260,35.4,gf,1.075,mm,OK,--,7:19:13 PM,3/2/2025,
261,35.5,gf,1.080,mm,OK,--,7:19:13 PM,3/2/2025,
262,35.5,gf,1.085,mm,OK,--,7:19:13 PM,3/2/2025,
263,35.6,gf,1.090,mm,OK,--,7:19:13 PM,3/2/2025,
264,35.6,gf,1.095,mm,OK,--,7:19:13 PM,3/2/2025,
265,35.6,gf,1.100,mm,OK,--,7:19:13 PM,3/2/2025,
266,35.6,gf,1.105,mm,OK,--,7:19:13 PM,3/2/2025,
267,35.6,gf,1.110,mm,OK,--,7:19:13 PM,3/2/2025,
268,35.6,gf,1.115,mm,OK,--,7:19:13 PM,3/2/2025,
269,35.6,gf,1.115,mm,OK,--,7:19:14 PM,3/2/2025,
270,35.6,gf,1.120,mm,OK,--,7:19:14 PM,3/2/2025,
271,35.7,gf,1.125,mm,OK,--,7:19:14 PM,3/2/2025,
272,35.7,gf,1.130,mm,OK,--,7:19:14 PM,3/2/2025,
273,35.6,gf,1.130,mm,OK,--,7:19:14 PM,3/2/2025,
274,35.7,gf,1.135,mm,OK,--,7:19:14 PM,3/2/2025,
275,35.8,gf,1.135,mm,OK,--,7:19:14 PM,3/2/2025,
276,35.7,gf,1.140,mm,OK,--,7:19:14 PM,3/2/2025,
277,35.9,gf,1.150,mm,OK,--,7:19:14 PM,3/2/2025,
278,35.9,gf,1.155,mm,OK,--,7:19:14 PM,3/2/2025,
279,35.9,gf,1.165,mm,OK,--,7:19:15 PM,3/2/2025,
280,36.0,gf,1.170,mm,OK,--,7:19:15 PM,3/2/2025,
281,36.0,gf,1.175,mm,OK,--,7:19:15 PM,3/2/2025,
282,35.8,gf,1.185,mm,OK,--,7:19:15 PM,3/2/2025,
283,35.8,gf,1.190,mm,OK,--,7:19:15 PM,3/2/2025,
284,35.7,gf,1.195,mm,OK,--,7:19:15 PM,3/2/2025,
285,35.6,gf,1.200,mm,OK,--,7:19:15 PM,3/2/2025,
286,35.9,gf,1.205,mm,OK,--,7:19:15 PM,3/2/2025,
287,35.6,gf,1.210,mm,OK,--,7:19:15 PM,3/2/2025,
288,35.5,gf,1.215,mm,OK,--,7:19:15 PM,3/2/2025,
289,35.4,gf,1.220,mm,OK,--,7:19:16 PM,3/2/2025,
290,35.6,gf,1.225,mm,OK,--,7:19:16 PM,3/2/2025,
291,35.6,gf,1.230,mm,OK,--,7:19:16 PM,3/2/2025,
292,35.6,gf,1.240,mm,OK,--,7:19:16 PM,3/2/2025,
293,35.7,gf,1.245,mm,OK,--,7:19:16 PM,3/2/2025,
294,35.5,gf,1.250,mm,OK,--,7:19:16 PM,3/2/2025,
295,35.7,gf,1.255,mm,OK,--,7:19:16 PM,3/2/2025,
296,35.7,gf,1.260,mm,OK,--,7:19:16 PM,3/2/2025,
297,35.6,gf,1.265,mm,OK,--,7:19:16 PM,3/2/2025,
298,35.8,gf,1.270,mm,OK,--,7:19:16 PM,3/2/2025,
299,35.7,gf,1.275,mm,OK,--,7:19:17 PM,3/2/2025,
300,35.9,gf,1.280,mm,OK,--,7:19:17 PM,3/2/2025,
301,35.9,gf,1.285,mm,OK,--,7:19:17 PM,3/2/2025,
302,35.8,gf,1.295,mm,OK,--,7:19:17 PM,3/2/2025,
303,35.8,gf,1.300,mm,OK,--,7:19:17 PM,3/2/2025,
304,35.9,gf,1.305,mm,OK,--,7:19:17 PM,3/2/2025,
305,35.7,gf,1.310,mm,OK,--,7:19:17 PM,3/2/2025,
306,35.8,gf,1.315,mm,OK,--,7:19:17 PM,3/2/2025,
307,35.8,gf,1.320,mm,OK,--,7:19:17 PM,3/2/2025,
308,35.8,gf,1.325,mm,OK,--,7:19:17 PM,3/2/2025,
309,35.8,gf,1.330,mm,OK,--,7:19:18 PM,3/2/2025,
310,35.8,gf,1.335,mm,OK,--,7:19:18 PM,3/2/2025,
311,35.7,gf,1.340,mm,OK,--,7:19:18 PM,3/2/2025,
312,35.7,gf,1.345,mm,OK,--,7:19:18 PM,3/2/2025,
313,35.7,gf,1.350,mm,OK,--,7:19:18 PM,3/2/2025,
314,35.7,gf,1.355,mm,OK,--,7:19:18 PM,3/2/2025,
315,35.7,gf,1.360,mm,OK,--,7:19:18 PM,3/2/2025,
316,35.8,gf,1.365,mm,OK,--,7:19:18 PM,3/2/2025,
317,35.8,gf,1.370,mm,OK,--,7:19:18 PM,3/2/2025,
318,35.7,gf,1.375,mm,OK,--,7:19:18 PM,3/2/2025,
319,35.8,gf,1.380,mm,OK,--,7:19:19 PM,3/2/2025,
320,35.8,gf,1.385,mm,OK,--,7:19:19 PM,3/2/2025,
321,35.9,gf,1.390,mm,OK,--,7:19:19 PM,3/2/2025,
322,35.9,gf,1.395,mm,OK,--,7:19:19 PM,3/2/2025,
323,35.8,gf,1.405,mm,OK,--,7:19:19 PM,3/2/2025,
324,35.8,gf,1.410,mm,OK,--,7:19:19 PM,3/2/2025,
325,35.8,gf,1.410,mm,OK,--,7:19:19 PM,3/2/2025,
326,36.2,gf,1.420,mm,OK,--,7:19:19 PM,3/2/2025,
327,36.4,gf,1.435,mm,OK,--,7:19:19 PM,3/2/2025,
328,36.3,gf,1.455,mm,OK,--,7:19:19 PM,3/2/2025,
329,36.3,gf,1.465,mm,OK,--,7:19:20 PM,3/2/2025,
330,36.2,gf,1.475,mm,OK,--,7:19:20 PM,3/2/2025,
331,36.2,gf,1.480,mm,OK,--,7:19:20 PM,3/2/2025,
332,36.2,gf,1.490,mm,OK,--,7:19:20 PM,3/2/2025,
333,36.1,gf,1.495,mm,OK,--,7:19:20 PM,3/2/2025,
334,36.2,gf,1.500,mm,OK,--,7:19:20 PM,3/2/2025,
335,36.1,gf,1.505,mm,OK,--,7:19:20 PM,3/2/2025,
336,36.2,gf,1.505,mm,OK,--,7:19:20 PM,3/2/2025,
337,36.2,gf,1.510,mm,OK,--,7:19:20 PM,3/2/2025,
338,36.3,gf,1.515,mm,OK,--,7:19:20 PM,3/2/2025,
339,36.3,gf,1.515,mm,OK,--,7:19:21 PM,3/2/2025,
340,36.2,gf,1.520,mm,OK,--,7:19:21 PM,3/2/2025,
341,36.2,gf,1.520,mm,OK,--,7:19:21 PM,3/2/2025,
342,36.2,gf,1.525,mm,OK,--,7:19:21 PM,3/2/2025,
343,36.2,gf,1.525,mm,OK,--,7:19:21 PM,3/2/2025,
344,36.2,gf,1.525,mm,OK,--,7:19:21 PM,3/2/2025,
345,36.3,gf,1.525,mm,OK,--,7:19:21 PM,3/2/2025,
346,36.2,gf,1.530,mm,OK,--,7:19:21 PM,3/2/2025,
347,36.2,gf,1.530,mm,OK,--,7:19:21 PM,3/2/2025,
348,36.2,gf,1.530,mm,OK,--,7:19:21 PM,3/2/2025,
349,36.2,gf,1.535,mm,OK,--,7:19:22 PM,3/2/2025,
350,36.2,gf,1.535,mm,OK,--,7:19:22 PM,3/2/2025,
351,36.2,gf,1.535,mm,OK,--,7:19:22 PM,3/2/2025,
352,36.2,gf,1.535,mm,OK,--,7:19:22 PM,3/2/2025,
353,36.1,gf,1.535,mm,OK,--,7:19:22 PM,3/2/2025,
354,36.1,gf,1.535,mm,OK,--,7:19:22 PM,3/2/2025,
355,36.1,gf,1.540,mm,OK,--,7:19:22 PM,3/2/2025,
356,36.2,gf,1.540,mm,OK,--,7:19:22 PM,3/2/2025,
357,36.2,gf,1.540,mm,OK,--,7:19:22 PM,3/2/2025,
358,36.2,gf,1.540,mm,OK,--,7:19:22 PM,3/2/2025,
359,36.2,gf,1.540,mm,OK,--,7:19:23 PM,3/2/2025,
360,36.2,gf,1.540,mm,OK,--,7:19:23 PM,3/2/2025,
361,36.3,gf,1.545,mm,OK,--,7:19:23 PM,3/2/2025,
362,36.4,gf,1.545,mm,OK,--,7:19:23 PM,3/2/2025,
363,36.3,gf,1.545,mm,OK,--,7:19:23 PM,3/2/2025,
364,36.3,gf,1.550,mm,OK,--,7:19:23 PM,3/2/2025,
365,36.4,gf,1.550,mm,OK,--,7:19:23 PM,3/2/2025,
366,36.5,gf,1.555,mm,OK,--,7:19:23 PM,3/2/2025,
367,36.4,gf,1.560,mm,OK,--,7:19:23 PM,3/2/2025,
368,36.4,gf,1.560,mm,OK,--,7:19:23 PM,3/2/2025,
369,36.5,gf,1.570,mm,OK,--,7:19:24 PM,3/2/2025,
370,36.3,gf,1.580,mm,OK,--,7:19:24 PM,3/2/2025,
371,36.4,gf,1.585,mm,OK,--,7:19:24 PM,3/2/2025,
372,36.5,gf,1.590,mm,OK,--,7:19:24 PM,3/2/2025,
373,36.6,gf,1.600,mm,OK,--,7:19:24 PM,3/2/2025,
374,36.6,gf,1.605,mm,OK,--,7:19:24 PM,3/2/2025,
375,36.5,gf,1.610,mm,OK,--,7:19:24 PM,3/2/2025,
376,36.5,gf,1.615,mm,OK,--,7:19:24 PM,3/2/2025,
377,36.5,gf,1.620,mm,OK,--,7:19:24 PM,3/2/2025,
378,36.5,gf,1.625,mm,OK,--,7:19:24 PM,3/2/2025,
379,36.5,gf,1.630,mm,OK,--,7:19:25 PM,3/2/2025,
380,36.6,gf,1.635,mm,OK,--,7:19:25 PM,3/2/2025,
381,36.6,gf,1.635,mm,OK,--,7:19:25 PM,3/2/2025,
382,36.6,gf,1.640,mm,OK,--,7:19:25 PM,3/2/2025,
383,36.7,gf,1.645,mm,OK,--,7:19:25 PM,3/2/2025,
384,36.5,gf,1.645,mm,OK,--,7:19:25 PM,3/2/2025,
385,36.6,gf,1.650,mm,OK,--,7:19:25 PM,3/2/2025,
386,36.6,gf,1.655,mm,OK,--,7:19:25 PM,3/2/2025,
387,36.7,gf,1.655,mm,OK,--,7:19:25 PM,3/2/2025,
388,36.7,gf,1.660,mm,OK,--,7:19:25 PM,3/2/2025,
389,36.6,gf,1.670,mm,OK,--,7:19:26 PM,3/2/2025,
390,36.6,gf,1.670,mm,OK,--,7:19:26 PM,3/2/2025,
391,36.6,gf,1.680,mm,OK,--,7:19:26 PM,3/2/2025,
392,36.6,gf,1.685,mm,OK,--,7:19:26 PM,3/2/2025,
393,36.7,gf,1.685,mm,OK,--,7:19:26 PM,3/2/2025,
394,36.9,gf,1.690,mm,OK,--,7:19:26 PM,3/2/2025,
395,36.8,gf,1.695,mm,OK,--,7:19:26 PM,3/2/2025,
396,36.7,gf,1.700,mm,OK,--,7:19:26 PM,3/2/2025,
397,36.9,gf,1.700,mm,OK,--,7:19:26 PM,3/2/2025,
398,36.9,gf,1.705,mm,OK,--,7:19:26 PM,3/2/2025,
399,36.8,gf,1.705,mm,OK,--,7:19:27 PM,3/2/2025,
400,36.9,gf,1.710,mm,OK,--,7:19:27 PM,3/2/2025,
401,36.8,gf,1.710,mm,OK,--,7:19:27 PM,3/2/2025,
402,36.9,gf,1.710,mm,OK,--,7:19:27 PM,3/2/2025,
403,36.9,gf,1.715,mm,OK,--,7:19:27 PM,3/2/2025,
404,36.9,gf,1.715,mm,OK,--,7:19:27 PM,3/2/2025,
405,36.9,gf,1.715,mm,OK,--,7:19:27 PM,3/2/2025,
406,36.9,gf,1.715,mm,OK,--,7:19:27 PM,3/2/2025,
407,36.9,gf,1.720,mm,OK,--,7:19:27 PM,3/2/2025,
408,36.9,gf,1.720,mm,OK,--,7:19:27 PM,3/2/2025,
409,37.0,gf,1.720,mm,OK,--,7:19:28 PM,3/2/2025,
410,36.9,gf,1.720,mm,OK,--,7:19:28 PM,3/2/2025,
411,36.9,gf,1.720,mm,OK,--,7:19:28 PM,3/2/2025,
412,36.9,gf,1.720,mm,OK,--,7:19:28 PM,3/2/2025,
413,36.9,gf,1.725,mm,OK,--,7:19:28 PM,3/2/2025,
414,37.0,gf,1.725,mm,OK,--,7:19:28 PM,3/2/2025,
415,36.9,gf,1.725,mm,OK,--,7:19:28 PM,3/2/2025,
416,37.0,gf,1.725,mm,OK,--,7:19:28 PM,3/2/2025,
417,36.9,gf,1.725,mm,OK,--,7:19:28 PM,3/2/2025,
418,36.9,gf,1.725,mm,OK,--,7:19:28 PM,3/2/2025,
419,37.0,gf,1.730,mm,OK,--,7:19:29 PM,3/2/2025,
420,37.0,gf,1.730,mm,OK,--,7:19:29 PM,3/2/2025,
421,37.0,gf,1.730,mm,OK,--,7:19:29 PM,3/2/2025,
422,37.0,gf,1.730,mm,OK,--,7:19:29 PM,3/2/2025,
423,37.0,gf,1.730,mm,OK,--,7:19:29 PM,3/2/2025,
424,36.8,gf,1.735,mm,OK,--,7:19:29 PM,3/2/2025,
425,37.0,gf,1.735,mm,OK,--,7:19:29 PM,3/2/2025,
426,37.0,gf,1.735,mm,OK,--,7:19:29 PM,3/2/2025,
427,37.1,gf,1.735,mm,OK,--,7:19:29 PM,3/2/2025,
428,37.1,gf,1.740,mm,OK,--,7:19:29 PM,3/2/2025,
429,37.0,gf,1.745,mm,OK,--,7:19:30 PM,3/2/2025,
430,37.0,gf,1.750,mm,OK,--,7:19:30 PM,3/2/2025,
431,37.1,gf,1.755,mm,OK,--,7:19:30 PM,3/2/2025,
432,37.1,gf,1.760,mm,OK,--,7:19:30 PM,3/2/2025,
433,37.0,gf,1.765,mm,OK,--,7:19:30 PM,3/2/2025,
434,37.1,gf,1.765,mm,OK,--,7:19:30 PM,3/2/2025,
435,37.1,gf,1.770,mm,OK,--,7:19:30 PM,3/2/2025,
436,37.0,gf,1.775,mm,OK,--,7:19:30 PM,3/2/2025,
437,37.1,gf,1.780,mm,OK,--,7:19:30 PM,3/2/2025,
438,37.1,gf,1.790,mm,OK,--,7:19:30 PM,3/2/2025,
439,37.2,gf,1.800,mm,OK,--,7:19:31 PM,3/2/2025,
440,37.2,gf,1.805,mm,OK,--,7:19:31 PM,3/2/2025,
441,37.2,gf,1.815,mm,OK,--,7:19:31 PM,3/2/2025,
442,37.3,gf,1.820,mm,OK,--,7:19:31 PM,3/2/2025,
443,37.2,gf,1.825,mm,OK,--,7:19:31 PM,3/2/2025,
444,37.2,gf,1.830,mm,OK,--,7:19:31 PM,3/2/2025,
445,37.4,gf,1.840,mm,OK,--,7:19:31 PM,3/2/2025,
446,37.3,gf,1.845,mm,OK,--,7:19:31 PM,3/2/2025,
447,37.4,gf,1.850,mm,OK,--,7:19:31 PM,3/2/2025,
448,37.4,gf,1.860,mm,OK,--,7:19:31 PM,3/2/2025,
449,37.5,gf,1.870,mm,OK,--,7:19:32 PM,3/2/2025,
450,37.4,gf,1.880,mm,OK,--,7:19:32 PM,3/2/2025,
451,37.4,gf,1.885,mm,OK,--,7:19:32 PM,3/2/2025,
452,37.4,gf,1.890,mm,OK,--,7:19:32 PM,3/2/2025,
453,37.5,gf,1.890,mm,OK,--,7:19:32 PM,3/2/2025,
454,37.5,gf,1.895,mm,OK,--,7:19:32 PM,3/2/2025,
455,37.5,gf,1.900,mm,OK,--,7:19:32 PM,3/2/2025,
456,37.5,gf,1.905,mm,OK,--,7:19:32 PM,3/2/2025,
457,37.6,gf,1.905,mm,OK,--,7:19:32 PM,3/2/2025,
458,37.6,gf,1.910,mm,OK,--,7:19:32 PM,3/2/2025,
459,37.6,gf,1.915,mm,OK,--,7:19:33 PM,3/2/2025,
460,37.6,gf,1.920,mm,OK,--,7:19:33 PM,3/2/2025,
461,37.7,gf,1.925,mm,OK,--,7:19:33 PM,3/2/2025,
462,37.6,gf,1.930,mm,OK,--,7:19:33 PM,3/2/2025,
463,37.6,gf,1.935,mm,OK,--,7:19:33 PM,3/2/2025,
464,37.6,gf,1.935,mm,OK,--,7:19:33 PM,3/2/2025,
465,37.6,gf,1.940,mm,OK,--,7:19:33 PM,3/2/2025,
466,37.7,gf,1.940,mm,OK,--,7:19:33 PM,3/2/2025,
467,37.6,gf,1.945,mm,OK,--,7:19:33 PM,3/2/2025,
468,37.6,gf,1.950,mm,OK,--,7:19:33 PM,3/2/2025,
469,37.6,gf,1.950,mm,OK,--,7:19:34 PM,3/2/2025,
470,37.5,gf,1.955,mm,OK,--,7:19:34 PM,3/2/2025,
471,37.5,gf,1.955,mm,OK,--,7:19:34 PM,3/2/2025,
472,37.5,gf,1.960,mm,OK,--,7:19:34 PM,3/2/2025,
473,37.5,gf,1.960,mm,OK,--,7:19:34 PM,3/2/2025,
474,37.5,gf,1.965,mm,OK,--,7:19:34 PM,3/2/2025,
475,37.5,gf,1.965,mm,OK,--,7:19:34 PM,3/2/2025,
476,37.5,gf,1.970,mm,OK,--,7:19:34 PM,3/2/2025,
477,37.6,gf,1.975,mm,OK,--,7:19:34 PM,3/2/2025,
478,37.6,gf,1.980,mm,OK,--,7:19:34 PM,3/2/2025,
479,37.6,gf,1.985,mm,OK,--,7:19:35 PM,3/2/2025,
480,37.6,gf,1.990,mm,OK,--,7:19:35 PM,3/2/2025,
481,37.7,gf,1.995,mm,OK,--,7:19:35 PM,3/2/2025,
482,37.8,gf,2.000,mm,OK,--,7:19:35 PM,3/2/2025,
483,37.7,gf,2.005,mm,OK,--,7:19:35 PM,3/2/2025,
484,37.7,gf,2.010,mm,OK,--,7:19:35 PM,3/2/2025,
485,37.8,gf,2.015,mm,OK,--,7:19:35 PM,3/2/2025,
486,37.8,gf,2.020,mm,OK,--,7:19:35 PM,3/2/2025,
487,37.8,gf,2.025,mm,OK,--,7:19:35 PM,3/2/2025,
488,37.8,gf,2.035,mm,OK,--,7:19:35 PM,3/2/2025,
489,37.8,gf,2.040,mm,OK,--,7:19:36 PM,3/2/2025,
490,37.8,gf,2.045,mm,OK,--,7:19:36 PM,3/2/2025,
491,37.7,gf,2.055,mm,OK,--,7:19:36 PM,3/2/2025,
492,37.8,gf,2.060,mm,OK,--,7:19:36 PM,3/2/2025,
493,37.9,gf,2.065,mm,OK,--,7:19:36 PM,3/2/2025,
494,37.8,gf,2.070,mm,OK,--,7:19:36 PM,3/2/2025,
495,37.8,gf,2.070,mm,OK,--,7:19:36 PM,3/2/2025,
496,37.8,gf,2.075,mm,OK,--,7:19:36 PM,3/2/2025,
497,37.8,gf,2.080,mm,OK,--,7:19:36 PM,3/2/2025,
498,37.8,gf,2.085,mm,OK,--,7:19:36 PM,3/2/2025,
499,37.8,gf,2.090,mm,OK,--,7:19:37 PM,3/2/2025,
500,37.8,gf,2.095,mm,OK,--,7:19:37 PM,3/2/2025,
501,37.8,gf,2.100,mm,OK,--,7:19:37 PM,3/2/2025,
502,37.9,gf,2.105,mm,OK,--,7:19:37 PM,3/2/2025,
503,37.8,gf,2.110,mm,OK,--,7:19:37 PM,3/2/2025,
504,37.9,gf,2.110,mm,OK,--,7:19:37 PM,3/2/2025,
505,37.9,gf,2.115,mm,OK,--,7:19:37 PM,3/2/2025,
506,37.9,gf,2.120,mm,OK,--,7:19:37 PM,3/2/2025,
507,38.0,gf,2.125,mm,OK,--,7:19:37 PM,3/2/2025,
508,37.9,gf,2.130,mm,OK,--,7:19:37 PM,3/2/2025,
509,38.1,gf,2.135,mm,OK,--,7:19:38 PM,3/2/2025,
510,38.0,gf,2.140,mm,OK,--,7:19:38 PM,3/2/2025,
511,38.0,gf,2.145,mm,OK,--,7:19:38 PM,3/2/2025,
512,38.0,gf,2.145,mm,OK,--,7:19:38 PM,3/2/2025,
513,38.0,gf,2.150,mm,OK,--,7:19:38 PM,3/2/2025,
514,38.0,gf,2.155,mm,OK,--,7:19:38 PM,3/2/2025,
515,38.0,gf,2.160,mm,OK,--,7:19:38 PM,3/2/2025,
516,38.0,gf,2.165,mm,OK,--,7:19:38 PM,3/2/2025,
517,38.0,gf,2.170,mm,OK,--,7:19:38 PM,3/2/2025,
518,38.0,gf,2.175,mm,OK,--,7:19:38 PM,3/2/2025,
519,38.0,gf,2.180,mm,OK,--,7:19:39 PM,3/2/2025,
520,38.0,gf,2.180,mm,OK,--,7:19:39 PM,3/2/2025,
521,38.0,gf,2.185,mm,OK,--,7:19:39 PM,3/2/2025,
522,38.0,gf,2.190,mm,OK,--,7:19:39 PM,3/2/2025,
523,38.2,gf,2.190,mm,OK,--,7:19:39 PM,3/2/2025,
524,38.2,gf,2.195,mm,OK,--,7:19:39 PM,3/2/2025,
525,38.2,gf,2.200,mm,OK,--,7:19:39 PM,3/2/2025,
526,38.2,gf,2.205,mm,OK,--,7:19:39 PM,3/2/2025,
527,38.2,gf,2.205,mm,OK,--,7:19:39 PM,3/2/2025,
528,38.2,gf,2.210,mm,OK,--,7:19:39 PM,3/2/2025,
529,38.2,gf,2.215,mm,OK,--,7:19:40 PM,3/2/2025,
530,38.2,gf,2.220,mm,OK,--,7:19:40 PM,3/2/2025,
531,38.2,gf,2.220,mm,OK,--,7:19:40 PM,3/2/2025,
532,38.2,gf,2.225,mm,OK,--,7:19:40 PM,3/2/2025,
533,38.1,gf,2.230,mm,OK,--,7:19:40 PM,3/2/2025,
534,38.2,gf,2.235,mm,OK,--,7:19:40 PM,3/2/2025,
535,38.3,gf,2.240,mm,OK,--,7:19:40 PM,3/2/2025,
536,38.4,gf,2.245,mm,OK,--,7:19:40 PM,3/2/2025,
537,38.3,gf,2.250,mm,OK,--,7:19:40 PM,3/2/2025,
538,38.3,gf,2.255,mm,OK,--,7:19:40 PM,3/2/2025,
539,38.3,gf,2.260,mm,OK,--,7:19:41 PM,3/2/2025,
540,38.3,gf,2.265,mm,OK,--,7:19:41 PM,3/2/2025,
541,38.3,gf,2.270,mm,OK,--,7:19:41 PM,3/2/2025,
542,38.3,gf,2.275,mm,OK,--,7:19:41 PM,3/2/2025,
543,38.4,gf,2.280,mm,OK,--,7:19:41 PM,3/2/2025,
544,38.5,gf,2.280,mm,OK,--,7:19:41 PM,3/2/2025,
545,38.5,gf,2.285,mm,OK,--,7:19:41 PM,3/2/2025,
546,38.6,gf,2.290,mm,OK,--,7:19:41 PM,3/2/2025,
547,38.6,gf,2.290,mm,OK,--,7:19:41 PM,3/2/2025,
548,38.7,gf,2.295,mm,OK,--,7:19:41 PM,3/2/2025,
549,38.6,gf,2.295,mm,OK,--,7:19:42 PM,3/2/2025,
550,38.6,gf,2.300,mm,OK,--,7:19:42 PM,3/2/2025,
551,38.7,gf,2.305,mm,OK,--,7:19:42 PM,3/2/2025,
552,38.7,gf,2.305,mm,OK,--,7:19:42 PM,3/2/2025,
553,38.7,gf,2.310,mm,OK,--,7:19:42 PM,3/2/2025,
554,38.8,gf,2.315,mm,OK,--,7:19:42 PM,3/2/2025,
555,38.8,gf,2.320,mm,OK,--,7:19:42 PM,3/2/2025,
556,38.9,gf,2.325,mm,OK,--,7:19:42 PM,3/2/2025,
557,39.0,gf,2.325,mm,OK,--,7:19:42 PM,3/2/2025,
558,39.0,gf,2.330,mm,OK,--,7:19:42 PM,3/2/2025,
559,39.1,gf,2.335,mm,OK,--,7:19:43 PM,3/2/2025,
560,39.1,gf,2.340,mm,OK,--,7:19:43 PM,3/2/2025,
561,39.1,gf,2.345,mm,OK,--,7:19:43 PM,3/2/2025,
562,39.2,gf,2.350,mm,OK,--,7:19:43 PM,3/2/2025,
563,39.2,gf,2.355,mm,OK,--,7:19:43 PM,3/2/2025,
564,39.2,gf,2.365,mm,OK,--,7:19:43 PM,3/2/2025,
565,39.2,gf,2.370,mm,OK,--,7:19:43 PM,3/2/2025,
566,39.2,gf,2.375,mm,OK,--,7:19:43 PM,3/2/2025,
567,39.2,gf,2.385,mm,OK,--,7:19:43 PM,3/2/2025,
568,39.2,gf,2.390,mm,OK,--,7:19:43 PM,3/2/2025,
569,39.1,gf,2.395,mm,OK,--,7:19:44 PM,3/2/2025,
570,39.1,gf,2.400,mm,OK,--,7:19:44 PM,3/2/2025,
571,39.2,gf,2.405,mm,OK,--,7:19:44 PM,3/2/2025,
572,39.2,gf,2.415,mm,OK,--,7:19:44 PM,3/2/2025,
573,39.3,gf,2.420,mm,OK,--,7:19:44 PM,3/2/2025,
574,39.3,gf,2.425,mm,OK,--,7:19:44 PM,3/2/2025,
575,39.3,gf,2.430,mm,OK,--,7:19:44 PM,3/2/2025,
576,39.4,gf,2.435,mm,OK,--,7:19:44 PM,3/2/2025,
577,39.4,gf,2.440,mm,OK,--,7:19:44 PM,3/2/2025,
578,39.4,gf,2.445,mm,OK,--,7:19:44 PM,3/2/2025,
579,39.5,gf,2.450,mm,OK,--,7:19:45 PM,3/2/2025,
580,39.5,gf,2.455,mm,OK,--,7:19:45 PM,3/2/2025,
581,39.5,gf,2.460,mm,OK,--,7:19:45 PM,3/2/2025,
582,39.5,gf,2.465,mm,OK,--,7:19:45 PM,3/2/2025,
583,39.5,gf,2.470,mm,OK,--,7:19:45 PM,3/2/2025,
584,39.5,gf,2.475,mm,OK,--,7:19:45 PM,3/2/2025,
585,39.5,gf,2.480,mm,OK,--,7:19:45 PM,3/2/2025,
586,39.5,gf,2.480,mm,OK,--,7:19:45 PM,3/2/2025,
587,39.5,gf,2.485,mm,OK,--,7:19:45 PM,3/2/2025,
588,39.5,gf,2.490,mm,OK,--,7:19:45 PM,3/2/2025,
589,39.5,gf,2.495,mm,OK,--,7:19:46 PM,3/2/2025,
590,39.5,gf,2.500,mm,OK,--,7:19:46 PM,3/2/2025,
591,39.6,gf,2.500,mm,OK,--,7:19:46 PM,3/2/2025,
592,39.5,gf,2.505,mm,OK,--,7:19:46 PM,3/2/2025,
593,39.5,gf,2.510,mm,OK,--,7:19:46 PM,3/2/2025,
594,39.6,gf,2.515,mm,OK,--,7:19:46 PM,3/2/2025,
595,39.6,gf,2.515,mm,OK,--,7:19:46 PM,3/2/2025,
596,39.7,gf,2.520,mm,OK,--,7:19:46 PM,3/2/2025,
597,39.8,gf,2.525,mm,OK,--,7:19:46 PM,3/2/2025,
598,39.8,gf,2.525,mm,OK,--,7:19:46 PM,3/2/2025,
599,39.8,gf,2.530,mm,OK,--,7:19:47 PM,3/2/2025,
600,39.8,gf,2.535,mm,OK,--,7:19:47 PM,3/2/2025,
601,39.8,gf,2.535,mm,OK,--,7:19:47 PM,3/2/2025,
602,39.8,gf,2.535,mm,OK,--,7:19:47 PM,3/2/2025,
603,39.8,gf,2.540,mm,OK,--,7:19:47 PM,3/2/2025,
604,39.8,gf,2.540,mm,OK,--,7:19:47 PM,3/2/2025,
605,39.8,gf,2.545,mm,OK,--,7:19:47 PM,3/2/2025,
606,39.8,gf,2.550,mm,OK,--,7:19:47 PM,3/2/2025,
607,39.8,gf,2.550,mm,OK,--,7:19:47 PM,3/2/2025,
608,39.8,gf,2.550,mm,OK,--,7:19:47 PM,3/2/2025,
609,39.8,gf,2.555,mm,OK,--,7:19:48 PM,3/2/2025,
610,39.8,gf,2.555,mm,OK,--,7:19:48 PM,3/2/2025,
611,39.8,gf,2.560,mm,OK,--,7:19:48 PM,3/2/2025,
612,39.7,gf,2.560,mm,OK,--,7:19:48 PM,3/2/2025,
613,39.7,gf,2.565,mm,OK,--,7:19:48 PM,3/2/2025,
614,39.7,gf,2.565,mm,OK,--,7:19:48 PM,3/2/2025,
615,39.7,gf,2.570,mm,OK,--,7:19:48 PM,3/2/2025,
616,39.7,gf,2.570,mm,OK,--,7:19:48 PM,3/2/2025,
617,39.8,gf,2.575,mm,OK,--,7:19:48 PM,3/2/2025,
618,39.8,gf,2.575,mm,OK,--,7:19:48 PM,3/2/2025,
619,39.8,gf,2.580,mm,OK,--,7:19:49 PM,3/2/2025,
620,39.8,gf,2.580,mm,OK,--,7:19:49 PM,3/2/2025,
621,39.8,gf,2.585,mm,OK,--,7:19:49 PM,3/2/2025,
622,39.8,gf,2.585,mm,OK,--,7:19:49 PM,3/2/2025,
623,39.8,gf,2.590,mm,OK,--,7:19:49 PM,3/2/2025,
624,39.8,gf,2.590,mm,OK,--,7:19:49 PM,3/2/2025,
625,39.8,gf,2.590,mm,OK,--,7:19:49 PM,3/2/2025,
626,39.9,gf,2.595,mm,OK,--,7:19:49 PM,3/2/2025,
627,39.9,gf,2.600,mm,OK,--,7:19:49 PM,3/2/2025,
628,39.9,gf,2.605,mm,OK,--,7:19:49 PM,3/2/2025,
629,39.9,gf,2.610,mm,OK,--,7:19:50 PM,3/2/2025,
630,39.9,gf,2.615,mm,OK,--,7:19:50 PM,3/2/2025,
631,39.9,gf,2.620,mm,OK,--,7:19:50 PM,3/2/2025,
632,39.9,gf,2.620,mm,OK,--,7:19:50 PM,3/2/2025,
633,40.0,gf,2.625,mm,OK,--,7:19:50 PM,3/2/2025,
634,40.0,gf,2.625,mm,OK,--,7:19:50 PM,3/2/2025,
635,40.0,gf,2.630,mm,OK,--,7:19:50 PM,3/2/2025,
636,40.0,gf,2.635,mm,OK,--,7:19:50 PM,3/2/2025,
637,40.0,gf,2.640,mm,OK,--,7:19:50 PM,3/2/2025,
638,40.1,gf,2.640,mm,OK,--,7:19:50 PM,3/2/2025,
639,40.1,gf,2.645,mm,OK,--,7:19:51 PM,3/2/2025,
640,40.2,gf,2.650,mm,OK,--,7:19:51 PM,3/2/2025,
641,40.2,gf,2.660,mm,OK,--,7:19:51 PM,3/2/2025,
642,40.2,gf,2.665,mm,OK,--,7:19:51 PM,3/2/2025,
643,40.2,gf,2.675,mm,OK,--,7:19:51 PM,3/2/2025,
644,40.2,gf,2.685,mm,OK,--,7:19:51 PM,3/2/2025,
645,40.2,gf,2.690,mm,OK,--,7:19:51 PM,3/2/2025,
646,40.3,gf,2.695,mm,OK,--,7:19:51 PM,3/2/2025,
647,40.3,gf,2.705,mm,OK,--,7:19:51 PM,3/2/2025,
648,40.4,gf,2.715,mm,OK,--,7:19:51 PM,3/2/2025,
649,40.4,gf,2.720,mm,OK,--,7:19:52 PM,3/2/2025,
650,40.4,gf,2.730,mm,OK,--,7:19:52 PM,3/2/2025,
651,40.4,gf,2.735,mm,OK,--,7:19:52 PM,3/2/2025,
652,40.4,gf,2.740,mm,OK,--,7:19:52 PM,3/2/2025,
653,40.4,gf,2.745,mm,OK,--,7:19:52 PM,3/2/2025,
654,40.4,gf,2.750,mm,OK,--,7:19:52 PM,3/2/2025,
655,40.4,gf,2.760,mm,OK,--,7:19:52 PM,3/2/2025,
656,40.4,gf,2.765,mm,OK,--,7:19:52 PM,3/2/2025,
657,40.4,gf,2.770,mm,OK,--,7:19:52 PM,3/2/2025,
658,40.4,gf,2.775,mm,OK,--,7:19:52 PM,3/2/2025,
659,40.5,gf,2.780,mm,OK,--,7:19:53 PM,3/2/2025,
660,40.5,gf,2.785,mm,OK,--,7:19:53 PM,3/2/2025,
661,40.5,gf,2.795,mm,OK,--,7:19:53 PM,3/2/2025,
662,40.6,gf,2.800,mm,OK,--,7:19:53 PM,3/2/2025,
663,40.6,gf,2.805,mm,OK,--,7:19:53 PM,3/2/2025,
664,40.6,gf,2.805,mm,OK,--,7:19:53 PM,3/2/2025,
665,40.6,gf,2.810,mm,OK,--,7:19:53 PM,3/2/2025,
666,40.6,gf,2.815,mm,OK,--,7:19:53 PM,3/2/2025,
667,40.6,gf,2.815,mm,OK,--,7:19:53 PM,3/2/2025,
668,40.6,gf,2.820,mm,OK,--,7:19:53 PM,3/2/2025,
669,40.6,gf,2.820,mm,OK,--,7:19:54 PM,3/2/2025,
670,40.6,gf,2.825,mm,OK,--,7:19:54 PM,3/2/2025,
671,40.6,gf,2.825,mm,OK,--,7:19:54 PM,3/2/2025,
672,40.6,gf,2.830,mm,OK,--,7:19:54 PM,3/2/2025,
673,40.8,gf,2.835,mm,OK,--,7:19:54 PM,3/2/2025,
674,40.7,gf,2.840,mm,OK,--,7:19:54 PM,3/2/2025,
675,40.8,gf,2.845,mm,OK,--,7:19:54 PM,3/2/2025,
676,40.8,gf,2.855,mm,OK,--,7:19:54 PM,3/2/2025,
677,40.8,gf,2.860,mm,OK,--,7:19:54 PM,3/2/2025,
678,40.8,gf,2.870,mm,OK,--,7:19:54 PM,3/2/2025,
679,40.8,gf,2.875,mm,OK,--,7:19:55 PM,3/2/2025,
680,40.8,gf,2.880,mm,OK,--,7:19:55 PM,3/2/2025,
681,40.8,gf,2.885,mm,OK,--,7:19:55 PM,3/2/2025,
682,40.8,gf,2.890,mm,OK,--,7:19:55 PM,3/2/2025,
683,40.9,gf,2.895,mm,OK,--,7:19:55 PM,3/2/2025,
684,41.0,gf,2.900,mm,OK,--,7:19:55 PM,3/2/2025,
685,40.9,gf,2.905,mm,OK,--,7:19:55 PM,3/2/2025,
686,41.0,gf,2.910,mm,OK,--,7:19:55 PM,3/2/2025,
687,41.0,gf,2.915,mm,OK,--,7:19:55 PM,3/2/2025,
688,41.0,gf,2.925,mm,OK,--,7:19:55 PM,3/2/2025,
689,41.0,gf,2.930,mm,OK,--,7:19:56 PM,3/2/2025,
690,41.0,gf,2.935,mm,OK,--,7:19:56 PM,3/2/2025,
691,41.0,gf,2.940,mm,OK,--,7:19:56 PM,3/2/2025,
692,41.0,gf,2.945,mm,OK,--,7:19:56 PM,3/2/2025,
693,41.1,gf,2.950,mm,OK,--,7:19:56 PM,3/2/2025,
694,41.1,gf,2.955,mm,OK,--,7:19:56 PM,3/2/2025,
695,41.1,gf,2.955,mm,OK,--,7:19:56 PM,3/2/2025,
696,41.1,gf,2.960,mm,OK,--,7:19:56 PM,3/2/2025,
697,41.1,gf,2.965,mm,OK,--,7:19:56 PM,3/2/2025,
698,41.1,gf,2.970,mm,OK,--,7:19:56 PM,3/2/2025,
699,41.1,gf,2.975,mm,OK,--,7:19:57 PM,3/2/2025,
700,41.1,gf,2.985,mm,OK,--,7:19:57 PM,3/2/2025,
701,41.1,gf,2.990,mm,OK,--,7:19:57 PM,3/2/2025,
702,41.1,gf,2.995,mm,OK,--,7:19:57 PM,3/2/2025,
703,41.1,gf,3.000,mm,OK,--,7:19:57 PM,3/2/2025,
704,41.2,gf,3.010,mm,OK,--,7:19:57 PM,3/2/2025,
705,41.2,gf,3.015,mm,OK,--,7:19:57 PM,3/2/2025,
706,41.2,gf,3.020,mm,OK,--,7:19:57 PM,3/2/2025,
707,41.3,gf,3.025,mm,OK,--,7:19:57 PM,3/2/2025,
708,41.3,gf,3.030,mm,OK,--,7:19:57 PM,3/2/2025,
709,41.3,gf,3.035,mm,OK,--,7:19:58 PM,3/2/2025,
710,41.4,gf,3.040,mm,OK,--,7:19:58 PM,3/2/2025,
711,41.4,gf,3.045,mm,OK,--,7:19:58 PM,3/2/2025,
712,41.4,gf,3.050,mm,OK,--,7:19:58 PM,3/2/2025,
713,41.4,gf,3.055,mm,OK,--,7:19:58 PM,3/2/2025,
714,41.3,gf,3.055,mm,OK,--,7:19:58 PM,3/2/2025,
715,41.4,gf,3.060,mm,OK,--,7:19:58 PM,3/2/2025,
716,41.4,gf,3.065,mm,OK,--,7:19:58 PM,3/2/2025,
717,41.3,gf,3.070,mm,OK,--,7:19:58 PM,3/2/2025,
718,41.3,gf,3.075,mm,OK,--,7:19:58 PM,3/2/2025,
719,41.3,gf,3.080,mm,OK,--,7:19:59 PM,3/2/2025,
720,41.2,gf,3.080,mm,OK,--,7:19:59 PM,3/2/2025,
721,41.2,gf,3.085,mm,OK,--,7:19:59 PM,3/2/2025,
722,41.2,gf,3.085,mm,OK,--,7:19:59 PM,3/2/2025,
723,41.3,gf,3.090,mm,OK,--,7:19:59 PM,3/2/2025,
724,41.3,gf,3.090,mm,OK,--,7:19:59 PM,3/2/2025,
725,41.3,gf,3.095,mm,OK,--,7:19:59 PM,3/2/2025,
726,41.3,gf,3.100,mm,OK,--,7:19:59 PM,3/2/2025,
727,41.3,gf,3.100,mm,OK,--,7:19:59 PM,3/2/2025,
728,41.3,gf,3.105,mm,OK,--,7:19:59 PM,3/2/2025,
729,41.3,gf,3.110,mm,OK,--,7:20:00 PM,3/2/2025,
730,41.4,gf,3.110,mm,OK,--,7:20:00 PM,3/2/2025,
731,41.4,gf,3.115,mm,OK,--,7:20:00 PM,3/2/2025,
732,41.4,gf,3.120,mm,OK,--,7:20:00 PM,3/2/2025,
733,41.3,gf,3.125,mm,OK,--,7:20:00 PM,3/2/2025,
734,41.3,gf,3.130,mm,OK,--,7:20:00 PM,3/2/2025,
735,41.3,gf,3.130,mm,OK,--,7:20:00 PM,3/2/2025,
736,41.3,gf,3.135,mm,OK,--,7:20:00 PM,3/2/2025,
737,41.4,gf,3.135,mm,OK,--,7:20:00 PM,3/2/2025,
738,41.4,gf,3.140,mm,OK,--,7:20:00 PM,3/2/2025,
739,41.4,gf,3.145,mm,OK,--,7:20:01 PM,3/2/2025,
740,41.5,gf,3.145,mm,OK,--,7:20:01 PM,3/2/2025,
741,41.5,gf,3.150,mm,OK,--,7:20:01 PM,3/2/2025,
742,41.6,gf,3.155,mm,OK,--,7:20:01 PM,3/2/2025,
743,41.6,gf,3.155,mm,OK,--,7:20:01 PM,3/2/2025,
744,41.6,gf,3.160,mm,OK,--,7:20:01 PM,3/2/2025,
745,41.6,gf,3.170,mm,OK,--,7:20:01 PM,3/2/2025,
746,41.7,gf,3.175,mm,OK,--,7:20:01 PM,3/2/2025,
747,41.7,gf,3.185,mm,OK,--,7:20:01 PM,3/2/2025,
748,41.7,gf,3.195,mm,OK,--,7:20:01 PM,3/2/2025,
749,41.7,gf,3.205,mm,OK,--,7:20:02 PM,3/2/2025,
750,41.7,gf,3.215,mm,OK,--,7:20:02 PM,3/2/2025,
751,41.7,gf,3.225,mm,OK,--,7:20:02 PM,3/2/2025,
752,41.7,gf,3.235,mm,OK,--,7:20:02 PM,3/2/2025,
753,41.8,gf,3.245,mm,OK,--,7:20:02 PM,3/2/2025,
754,41.8,gf,3.250,mm,OK,--,7:20:02 PM,3/2/2025,
755,41.9,gf,3.260,mm,OK,--,7:20:02 PM,3/2/2025,
756,41.9,gf,3.265,mm,OK,--,7:20:02 PM,3/2/2025,
757,41.9,gf,3.275,mm,OK,--,7:20:02 PM,3/2/2025,
758,42.0,gf,3.280,mm,OK,--,7:20:02 PM,3/2/2025,
759,42.0,gf,3.285,mm,OK,--,7:20:03 PM,3/2/2025,
760,42.1,gf,3.290,mm,OK,--,7:20:03 PM,3/2/2025,
761,42.1,gf,3.295,mm,OK,--,7:20:03 PM,3/2/2025,
762,42.0,gf,3.300,mm,OK,--,7:20:03 PM,3/2/2025,
763,42.0,gf,3.305,mm,OK,--,7:20:03 PM,3/2/2025,
764,42.0,gf,3.310,mm,OK,--,7:20:03 PM,3/2/2025,
765,42.0,gf,3.315,mm,OK,--,7:20:03 PM,3/2/2025,
766,42.0,gf,3.320,mm,OK,--,7:20:03 PM,3/2/2025,
767,42.0,gf,3.320,mm,OK,--,7:20:03 PM,3/2/2025,
768,42.0,gf,3.325,mm,OK,--,7:20:03 PM,3/2/2025,
769,42.0,gf,3.330,mm,OK,--,7:20:04 PM,3/2/2025,
770,42.1,gf,3.340,mm,OK,--,7:20:04 PM,3/2/2025,
771,42.0,gf,3.345,mm,OK,--,7:20:04 PM,3/2/2025,
772,42.1,gf,3.350,mm,OK,--,7:20:04 PM,3/2/2025,
773,42.1,gf,3.360,mm,OK,--,7:20:04 PM,3/2/2025,
774,42.2,gf,3.365,mm,OK,--,7:20:04 PM,3/2/2025,
775,42.1,gf,3.370,mm,OK,--,7:20:04 PM,3/2/2025,
776,42.2,gf,3.380,mm,OK,--,7:20:04 PM,3/2/2025,
777,42.3,gf,3.390,mm,OK,--,7:20:04 PM,3/2/2025,
778,42.3,gf,3.395,mm,OK,--,7:20:04 PM,3/2/2025,
779,42.3,gf,3.400,mm,OK,--,7:20:05 PM,3/2/2025,
780,42.3,gf,3.410,mm,OK,--,7:20:05 PM,3/2/2025,
781,42.3,gf,3.415,mm,OK,--,7:20:05 PM,3/2/2025,
782,42.3,gf,3.420,mm,OK,--,7:20:05 PM,3/2/2025,
783,42.4,gf,3.425,mm,OK,--,7:20:05 PM,3/2/2025,
784,42.4,gf,3.430,mm,OK,--,7:20:05 PM,3/2/2025,
785,42.4,gf,3.435,mm,OK,--,7:20:05 PM,3/2/2025,
786,42.5,gf,3.440,mm,OK,--,7:20:05 PM,3/2/2025,
787,42.5,gf,3.445,mm,OK,--,7:20:05 PM,3/2/2025,
788,42.5,gf,3.450,mm,OK,--,7:20:05 PM,3/2/2025,
789,42.5,gf,3.455,mm,OK,--,7:20:06 PM,3/2/2025,
790,42.5,gf,3.465,mm,OK,--,7:20:06 PM,3/2/2025,
791,42.5,gf,3.470,mm,OK,--,7:20:06 PM,3/2/2025,
792,42.5,gf,3.480,mm,OK,--,7:20:06 PM,3/2/2025,
793,42.5,gf,3.485,mm,OK,--,7:20:06 PM,3/2/2025,
794,42.5,gf,3.490,mm,OK,--,7:20:06 PM,3/2/2025,
795,42.5,gf,3.500,mm,OK,--,7:20:06 PM,3/2/2025,
796,42.5,gf,3.505,mm,OK,--,7:20:06 PM,3/2/2025,
797,42.5,gf,3.510,mm,OK,--,7:20:06 PM,3/2/2025,
798,42.5,gf,3.510,mm,OK,--,7:20:06 PM,3/2/2025,
799,42.5,gf,3.515,mm,OK,--,7:20:07 PM,3/2/2025,
800,42.5,gf,3.520,mm,OK,--,7:20:07 PM,3/2/2025,
801,42.6,gf,3.525,mm,OK,--,7:20:07 PM,3/2/2025,
802,42.6,gf,3.530,mm,OK,--,7:20:07 PM,3/2/2025,
803,42.6,gf,3.535,mm,OK,--,7:20:07 PM,3/2/2025,
804,42.7,gf,3.540,mm,OK,--,7:20:07 PM,3/2/2025,
805,42.7,gf,3.545,mm,OK,--,7:20:07 PM,3/2/2025,
806,42.7,gf,3.550,mm,OK,--,7:20:07 PM,3/2/2025,
807,42.7,gf,3.560,mm,OK,--,7:20:07 PM,3/2/2025,
808,42.8,gf,3.565,mm,OK,--,7:20:07 PM,3/2/2025,
809,42.8,gf,3.570,mm,OK,--,7:20:08 PM,3/2/2025,
810,42.8,gf,3.575,mm,OK,--,7:20:08 PM,3/2/2025,
811,42.9,gf,3.585,mm,OK,--,7:20:08 PM,3/2/2025,
812,42.9,gf,3.590,mm,OK,--,7:20:08 PM,3/2/2025,
813,43.0,gf,3.590,mm,OK,--,7:20:08 PM,3/2/2025,
814,43.0,gf,3.595,mm,OK,--,7:20:08 PM,3/2/2025,
815,43.1,gf,3.600,mm,OK,--,7:20:08 PM,3/2/2025,
816,43.1,gf,3.605,mm,OK,--,7:20:08 PM,3/2/2025,
817,43.2,gf,3.610,mm,OK,--,7:20:08 PM,3/2/2025,
818,43.1,gf,3.615,mm,OK,--,7:20:08 PM,3/2/2025,
819,43.0,gf,3.620,mm,OK,--,7:20:09 PM,3/2/2025,
820,43.0,gf,3.630,mm,OK,--,7:20:09 PM,3/2/2025,
821,43.0,gf,3.635,mm,OK,--,7:20:09 PM,3/2/2025,
822,43.0,gf,3.640,mm,OK,--,7:20:09 PM,3/2/2025,
823,43.0,gf,3.645,mm,OK,--,7:20:09 PM,3/2/2025,
824,42.9,gf,3.650,mm,OK,--,7:20:09 PM,3/2/2025,
825,42.9,gf,3.655,mm,OK,--,7:20:09 PM,3/2/2025,
826,45.7,gf,3.660,mm,OK,--,7:20:09 PM,3/2/2025,
827,49.0,gf,3.665,mm,OK,--,7:20:09 PM,3/2/2025,
828,52.2,gf,3.665,mm,OK,--,7:20:09 PM,3/2/2025,
829,56.6,gf,3.670,mm,OK,--,7:20:10 PM,3/2/2025,
830,60.8,gf,3.675,mm,OK,--,7:20:10 PM,3/2/2025,
831,64.2,gf,3.680,mm,OK,--,7:20:10 PM,3/2/2025,
832,68.7,gf,3.685,mm,OK,--,7:20:10 PM,3/2/2025,
833,72.0,gf,3.685,mm,OK,--,7:20:10 PM,3/2/2025,
834,74.3,gf,3.690,mm,OK,--,7:20:10 PM,3/2/2025,
835,76.2,gf,3.690,mm,OK,--,7:20:10 PM,3/2/2025,
836,77.5,gf,3.690,mm,OK,--,7:20:10 PM,3/2/2025,
837,79.5,gf,3.695,mm,OK,--,7:20:10 PM,3/2/2025,
838,81.3,gf,3.695,mm,OK,--,7:20:10 PM,3/2/2025,
839,82.6,gf,3.700,mm,OK,--,7:20:11 PM,3/2/2025,
840,84.2,gf,3.700,mm,OK,--,7:20:11 PM,3/2/2025,
841,85.9,gf,3.700,mm,OK,--,7:20:11 PM,3/2/2025,
842,87.3,gf,3.705,mm,OK,--,7:20:11 PM,3/2/2025,
843,88.7,gf,3.705,mm,OK,--,7:20:11 PM,3/2/2025,
844,90.0,gf,3.705,mm,OK,--,7:20:11 PM,3/2/2025,
845,91.1,gf,3.705,mm,OK,--,7:20:11 PM,3/2/2025,
846,92.4,gf,3.710,mm,OK,--,7:20:11 PM,3/2/2025,
847,93.6,gf,3.710,mm,OK,--,7:20:11 PM,3/2/2025,
848,94.7,gf,3.710,mm,OK,--,7:20:11 PM,3/2/2025,
849,95.9,gf,3.710,mm,OK,--,7:20:12 PM,3/2/2025,
850,97.4,gf,3.715,mm,OK,--,7:20:12 PM,3/2/2025,
851,98.9,gf,3.715,mm,OK,--,7:20:12 PM,3/2/2025,
852,99.9,gf,3.715,mm,OK,--,7:20:12 PM,3/2/2025,
853,100.7,gf,3.715,mm,OK,--,7:20:12 PM,3/2/2025,
854,101.6,gf,3.715,mm,OK,--,7:20:12 PM,3/2/2025,
855,103.0,gf,3.720,mm,OK,--,7:20:12 PM,3/2/2025,
856,104.1,gf,3.720,mm,OK,--,7:20:12 PM,3/2/2025,
857,105.2,gf,3.720,mm,OK,--,7:20:12 PM,3/2/2025,
858,106.2,gf,3.720,mm,OK,--,7:20:12 PM,3/2/2025,
859,107.2,gf,3.725,mm,OK,--,7:20:13 PM,3/2/2025,
860,108.3,gf,3.725,mm,OK,--,7:20:13 PM,3/2/2025,
861,109.4,gf,3.725,mm,OK,--,7:20:13 PM,3/2/2025,
862,110.7,gf,3.725,mm,OK,--,7:20:13 PM,3/2/2025,
863,112.0,gf,3.725,mm,OK,--,7:20:13 PM,3/2/2025,
864,113.6,gf,3.730,mm,OK,--,7:20:13 PM,3/2/2025,
865,115.4,gf,3.730,mm,OK,--,7:20:13 PM,3/2/2025,
866,117.0,gf,3.730,mm,OK,--,7:20:13 PM,3/2/2025,
867,118.6,gf,3.735,mm,OK,--,7:20:13 PM,3/2/2025,
868,120.2,gf,3.735,mm,OK,--,7:20:13 PM,3/2/2025,
869,121.8,gf,3.735,mm,OK,--,7:20:14 PM,3/2/2025,
870,123.3,gf,3.740,mm,OK,--,7:20:14 PM,3/2/2025,
871,124.8,gf,3.740,mm,OK,--,7:20:14 PM,3/2/2025,
872,126.1,gf,3.740,mm,OK,--,7:20:14 PM,3/2/2025,
873,127.4,gf,3.745,mm,OK,--,7:20:14 PM,3/2/2025,
874,128.5,gf,3.745,mm,OK,--,7:20:14 PM,3/2/2025,
875,129.6,gf,3.745,mm,OK,--,7:20:14 PM,3/2/2025,
876,130.8,gf,3.745,mm,OK,--,7:20:14 PM,3/2/2025,
877,132.0,gf,3.745,mm,OK,--,7:20:14 PM,3/2/2025,
878,133.1,gf,3.750,mm,OK,--,7:20:14 PM,3/2/2025,
879,134.3,gf,3.750,mm,OK,--,7:20:15 PM,3/2/2025,
880,135.3,gf,3.750,mm,OK,--,7:20:15 PM,3/2/2025,
881,136.3,gf,3.750,mm,OK,--,7:20:15 PM,3/2/2025,
882,137.4,gf,3.755,mm,OK,--,7:20:15 PM,3/2/2025,
883,138.5,gf,3.755,mm,OK,--,7:20:15 PM,3/2/2025,
884,139.5,gf,3.755,mm,OK,--,7:20:15 PM,3/2/2025,
885,140.6,gf,3.755,mm,OK,--,7:20:15 PM,3/2/2025,
886,141.6,gf,3.755,mm,OK,--,7:20:15 PM,3/2/2025,
887,142.6,gf,3.760,mm,OK,--,7:20:15 PM,3/2/2025,
888,143.6,gf,3.760,mm,OK,--,7:20:15 PM,3/2/2025,
889,144.2,gf,3.760,mm,OK,--,7:20:16 PM,3/2/2025,
890,145.0,gf,3.760,mm,OK,--,7:20:16 PM,3/2/2025,
891,145.9,gf,3.760,mm,OK,--,7:20:16 PM,3/2/2025,
892,147.0,gf,3.765,mm,OK,--,7:20:16 PM,3/2/2025,
893,148.0,gf,3.765,mm,OK,--,7:20:16 PM,3/2/2025,
894,148.8,gf,3.765,mm,OK,--,7:20:16 PM,3/2/2025,
895,149.5,gf,3.765,mm,OK,--,7:20:16 PM,3/2/2025,
896,150.3,gf,3.765,mm,OK,--,7:20:16 PM,3/2/2025,
897,151.1,gf,3.765,mm,OK,--,7:20:16 PM,3/2/2025,
898,151.8,gf,3.770,mm,OK,--,7:20:16 PM,3/2/2025,
899,152.4,gf,3.770,mm,OK,--,7:20:17 PM,3/2/2025,
900,153.2,gf,3.770,mm,OK,--,7:20:17 PM,3/2/2025,
901,154.0,gf,3.770,mm,OK,--,7:20:17 PM,3/2/2025,
902,154.9,gf,3.770,mm,OK,--,7:20:17 PM,3/2/2025,
903,155.7,gf,3.770,mm,OK,--,7:20:17 PM,3/2/2025,
904,156.6,gf,3.770,mm,OK,--,7:20:17 PM,3/2/2025,
905,157.5,gf,3.775,mm,OK,--,7:20:17 PM,3/2/2025,
906,158.3,gf,3.775,mm,OK,--,7:20:17 PM,3/2/2025,
907,159.2,gf,3.775,mm,OK,--,7:20:17 PM,3/2/2025,
908,159.9,gf,3.775,mm,OK,--,7:20:17 PM,3/2/2025,
909,160.6,gf,3.775,mm,OK,--,7:20:18 PM,3/2/2025,
910,161.3,gf,3.775,mm,OK,--,7:20:18 PM,3/2/2025,
911,161.9,gf,3.780,mm,OK,--,7:20:18 PM,3/2/2025,
912,162.4,gf,3.780,mm,OK,--,7:20:18 PM,3/2/2025,
913,162.8,gf,3.780,mm,OK,--,7:20:18 PM,3/2/2025,
914,163.2,gf,3.780,mm,OK,--,7:20:18 PM,3/2/2025,
915,163.7,gf,3.780,mm,OK,--,7:20:18 PM,3/2/2025,
916,164.1,gf,3.780,mm,OK,--,7:20:18 PM,3/2/2025,
917,164.6,gf,3.780,mm,OK,--,7:20:18 PM,3/2/2025,
918,165.0,gf,3.780,mm,OK,--,7:20:18 PM,3/2/2025,
919,165.4,gf,3.780,mm,OK,--,7:20:19 PM,3/2/2025,
920,165.9,gf,3.780,mm,OK,--,7:20:19 PM,3/2/2025,
921,166.3,gf,3.780,mm,OK,--,7:20:19 PM,3/2/2025,
922,166.7,gf,3.785,mm,OK,--,7:20:19 PM,3/2/2025,
923,167.3,gf,3.785,mm,OK,--,7:20:19 PM,3/2/2025,
924,168.0,gf,3.785,mm,OK,--,7:20:19 PM,3/2/2025,
925,168.6,gf,3.785,mm,OK,--,7:20:19 PM,3/2/2025,
926,169.2,gf,3.785,mm,OK,--,7:20:19 PM,3/2/2025,
927,169.9,gf,3.785,mm,OK,--,7:20:19 PM,3/2/2025,
928,170.6,gf,3.785,mm,OK,--,7:20:19 PM,3/2/2025,
929,171.4,gf,3.785,mm,OK,--,7:20:20 PM,3/2/2025,
930,172.5,gf,3.790,mm,OK,--,7:20:20 PM,3/2/2025,
931,173.9,gf,3.790,mm,OK,--,7:20:20 PM,3/2/2025,
932,175.3,gf,3.790,mm,OK,--,7:20:20 PM,3/2/2025,
933,177.3,gf,3.795,mm,OK,--,7:20:20 PM,3/2/2025,
934,179.5,gf,3.795,mm,OK,--,7:20:20 PM,3/2/2025,
935,182.3,gf,3.800,mm,OK,--,7:20:20 PM,3/2/2025,
936,184.9,gf,3.800,mm,OK,--,7:20:20 PM,3/2/2025,
937,187.0,gf,3.805,mm,OK,--,7:20:20 PM,3/2/2025,
938,189.2,gf,3.805,mm,OK,--,7:20:20 PM,3/2/2025,
939,191.5,gf,3.805,mm,OK,--,7:20:21 PM,3/2/2025,
940,193.3,gf,3.810,mm,OK,--,7:20:21 PM,3/2/2025,
941,194.5,gf,3.810,mm,OK,--,7:20:21 PM,3/2/2025,
942,195.0,gf,3.810,mm,OK,--,7:20:21 PM,3/2/2025,
943,195.1,gf,3.810,mm,OK,--,7:20:21 PM,3/2/2025,
944,195.2,gf,3.810,mm,OK,--,7:20:21 PM,3/2/2025,
945,195.2,gf,3.810,mm,OK,--,7:20:21 PM,3/2/2025,
946,195.1,gf,3.810,mm,OK,--,7:20:21 PM,3/2/2025,
947,195.2,gf,3.810,mm,OK,--,7:20:21 PM,3/2/2025,
948,195.1,gf,3.810,mm,OK,--,7:20:21 PM,3/2/2025,
949,195.1,gf,3.810,mm,OK,--,7:20:22 PM,3/2/2025,
950,195.1,gf,3.810,mm,OK,--,7:20:22 PM,3/2/2025,
951,195.1,gf,3.810,mm,OK,--,7:20:22 PM,3/2/2025,
952,195.0,gf,3.810,mm,OK,--,7:20:22 PM,3/2/2025,
953,195.0,gf,3.810,mm,OK,--,7:20:22 PM,3/2/2025,
954,195.1,gf,3.810,mm,OK,--,7:20:22 PM,3/2/2025,
955,195.0,gf,3.810,mm,OK,--,7:20:22 PM,3/2/2025,
956,195.1,gf,3.810,mm,OK,--,7:20:22 PM,3/2/2025,
957,195.1,gf,3.810,mm,OK,--,7:20:22 PM,3/2/2025,
958,195.0,gf,3.810,mm,OK,--,7:20:22 PM,3/2/2025,
959,194.9,gf,3.810,mm,OK,--,7:20:23 PM,3/2/2025,
960,194.9,gf,3.810,mm,OK,--,7:20:23 PM,3/2/2025,
961,194.8,gf,3.810,mm,OK,--,7:20:23 PM,3/2/2025,
962,194.7,gf,3.810,mm,OK,--,7:20:23 PM,3/2/2025,
963,194.4,gf,3.810,mm,OK,--,7:20:23 PM,3/2/2025,
964,194.3,gf,3.810,mm,OK,--,7:20:23 PM,3/2/2025,
965,194.2,gf,3.810,mm,OK,--,7:20:23 PM,3/2/2025,
966,194.0,gf,3.810,mm,OK,--,7:20:23 PM,3/2/2025,
967,194.0,gf,3.810,mm,OK,--,7:20:23 PM,3/2/2025,
968,193.6,gf,3.810,mm,OK,--,7:20:23 PM,3/2/2025,
969,193.7,gf,3.810,mm,OK,--,7:20:24 PM,3/2/2025,
970,193.5,gf,3.810,mm,OK,--,7:20:24 PM,3/2/2025,
971,193.2,gf,3.810,mm,OK,--,7:20:24 PM,3/2/2025,
972,192.8,gf,3.810,mm,OK,--,7:20:24 PM,3/2/2025,
973,192.5,gf,3.810,mm,OK,--,7:20:24 PM,3/2/2025,
974,191.4,gf,3.810,mm,OK,--,7:20:24 PM,3/2/2025,
975,189.7,gf,3.805,mm,OK,--,7:20:24 PM,3/2/2025,
976,188.7,gf,3.805,mm,OK,--,7:20:24 PM,3/2/2025,
977,188.0,gf,3.805,mm,OK,--,7:20:24 PM,3/2/2025,
978,187.4,gf,3.805,mm,OK,--,7:20:24 PM,3/2/2025,
979,186.7,gf,3.805,mm,OK,--,7:20:25 PM,3/2/2025,
980,186.2,gf,3.805,mm,OK,--,7:20:25 PM,3/2/2025,
981,185.7,gf,3.805,mm,OK,--,7:20:25 PM,3/2/2025,
982,185.3,gf,3.805,mm,OK,--,7:20:25 PM,3/2/2025,
983,185.0,gf,3.805,mm,OK,--,7:20:25 PM,3/2/2025,
984,184.5,gf,3.805,mm,OK,--,7:20:25 PM,3/2/2025,
985,183.7,gf,3.800,mm,OK,--,7:20:25 PM,3/2/2025,
986,183.2,gf,3.800,mm,OK,--,7:20:25 PM,3/2/2025,
987,182.6,gf,3.800,mm,OK,--,7:20:25 PM,3/2/2025,
988,182.1,gf,3.800,mm,OK,--,7:20:25 PM,3/2/2025,
989,181.6,gf,3.800,mm,OK,--,7:20:26 PM,3/2/2025,
990,181.1,gf,3.800,mm,OK,--,7:20:26 PM,3/2/2025,
991,180.4,gf,3.800,mm,OK,--,7:20:26 PM,3/2/2025,
992,179.5,gf,3.800,mm,OK,--,7:20:26 PM,3/2/2025,
993,178.4,gf,3.795,mm,OK,--,7:20:26 PM,3/2/2025,
994,177.5,gf,3.795,mm,OK,--,7:20:26 PM,3/2/2025,
995,176.8,gf,3.795,mm,OK,--,7:20:26 PM,3/2/2025,
996,176.4,gf,3.795,mm,OK,--,7:20:26 PM,3/2/2025,
997,175.7,gf,3.795,mm,OK,--,7:20:26 PM,3/2/2025,
998,175.1,gf,3.795,mm,OK,--,7:20:26 PM,3/2/2025,
999,174.4,gf,3.795,mm,OK,--,7:20:27 PM,3/2/2025,
1000,173.9,gf,3.795,mm,OK,--,7:20:27 PM,3/2/2025,
1001,173.3,gf,3.790,mm,OK,--,7:20:27 PM,3/2/2025,
1002,172.4,gf,3.790,mm,OK,--,7:20:27 PM,3/2/2025,
1003,171.9,gf,3.790,mm,OK,--,7:20:27 PM,3/2/2025,
1004,171.2,gf,3.790,mm,OK,--,7:20:27 PM,3/2/2025,
1005,170.6,gf,3.790,mm,OK,--,7:20:27 PM,3/2/2025,
1006,170.0,gf,3.790,mm,OK,--,7:20:27 PM,3/2/2025,
1007,169.6,gf,3.790,mm,OK,--,7:20:27 PM,3/2/2025,
1008,169.4,gf,3.790,mm,OK,--,7:20:27 PM,3/2/2025,
1009,169.0,gf,3.790,mm,OK,--,7:20:28 PM,3/2/2025,
1010,168.8,gf,3.790,mm,OK,--,7:20:28 PM,3/2/2025,
1011,168.6,gf,3.790,mm,OK,--,7:20:28 PM,3/2/2025,
1012,168.3,gf,3.790,mm,OK,--,7:20:28 PM,3/2/2025,
1013,167.2,gf,3.785,mm,OK,--,7:20:28 PM,3/2/2025,
1014,166.8,gf,3.785,mm,OK,--,7:20:28 PM,3/2/2025,
1015,166.6,gf,3.785,mm,OK,--,7:20:28 PM,3/2/2025,
1016,166.3,gf,3.785,mm,OK,--,7:20:28 PM,3/2/2025,
1017,166.1,gf,3.785,mm,OK,--,7:20:28 PM,3/2/2025,
1018,165.7,gf,3.785,mm,OK,--,7:20:28 PM,3/2/2025,
1019,165.0,gf,3.785,mm,OK,--,7:20:29 PM,3/2/2025,
1020,164.4,gf,3.785,mm,OK,--,7:20:29 PM,3/2/2025,
1021,163.8,gf,3.785,mm,OK,--,7:20:29 PM,3/2/2025,
1022,163.2,gf,3.785,mm,OK,--,7:20:29 PM,3/2/2025,
1023,162.7,gf,3.780,mm,OK,--,7:20:29 PM,3/2/2025,
1024,162.2,gf,3.780,mm,OK,--,7:20:29 PM,3/2/2025,
1025,161.6,gf,3.780,mm,OK,--,7:20:29 PM,3/2/2025,
1026,160.9,gf,3.780,mm,OK,--,7:20:29 PM,3/2/2025,
1027,160.3,gf,3.780,mm,OK,--,7:20:29 PM,3/2/2025,
1028,159.8,gf,3.780,mm,OK,--,7:20:29 PM,3/2/2025,
1029,159.1,gf,3.780,mm,OK,--,7:20:30 PM,3/2/2025,
1030,158.6,gf,3.780,mm,OK,--,7:20:30 PM,3/2/2025,
1031,158.1,gf,3.780,mm,OK,--,7:20:30 PM,3/2/2025,
1032,157.6,gf,3.775,mm,OK,--,7:20:30 PM,3/2/2025,
1033,157.1,gf,3.775,mm,OK,--,7:20:30 PM,3/2/2025,
1034,156.1,gf,3.775,mm,OK,--,7:20:30 PM,3/2/2025,
1035,155.4,gf,3.775,mm,OK,--,7:20:30 PM,3/2/2025,
1036,154.9,gf,3.775,mm,OK,--,7:20:30 PM,3/2/2025,
1037,154.4,gf,3.775,mm,OK,--,7:20:30 PM,3/2/2025,
1038,153.9,gf,3.775,mm,OK,--,7:20:30 PM,3/2/2025,
1039,153.4,gf,3.775,mm,OK,--,7:20:31 PM,3/2/2025,
1040,153.0,gf,3.770,mm,OK,--,7:20:31 PM,3/2/2025,
1041,152.6,gf,3.770,mm,OK,--,7:20:31 PM,3/2/2025,
1042,152.2,gf,3.770,mm,OK,--,7:20:31 PM,3/2/2025,
1043,151.7,gf,3.770,mm,OK,--,7:20:31 PM,3/2/2025,
1044,151.1,gf,3.770,mm,OK,--,7:20:31 PM,3/2/2025,
1045,150.7,gf,3.770,mm,OK,--,7:20:31 PM,3/2/2025,
1046,150.3,gf,3.770,mm,OK,--,7:20:31 PM,3/2/2025,
1047,149.8,gf,3.770,mm,OK,--,7:20:31 PM,3/2/2025,
1048,149.2,gf,3.770,mm,OK,--,7:20:31 PM,3/2/2025,
1049,148.7,gf,3.770,mm,OK,--,7:20:32 PM,3/2/2025,
1050,148.1,gf,3.770,mm,OK,--,7:20:32 PM,3/2/2025,
1051,147.3,gf,3.765,mm,OK,--,7:20:32 PM,3/2/2025,
1052,146.5,gf,3.765,mm,OK,--,7:20:32 PM,3/2/2025,
1053,145.6,gf,3.765,mm,OK,--,7:20:32 PM,3/2/2025,
1054,144.9,gf,3.765,mm,OK,--,7:20:32 PM,3/2/2025,
1055,143.8,gf,3.765,mm,OK,--,7:20:32 PM,3/2/2025,
1056,142.6,gf,3.760,mm,OK,--,7:20:32 PM,3/2/2025,
1057,141.4,gf,3.760,mm,OK,--,7:20:32 PM,3/2/2025,
1058,140.1,gf,3.760,mm,OK,--,7:20:32 PM,3/2/2025,
1059,138.9,gf,3.760,mm,OK,--,7:20:33 PM,3/2/2025,
1060,137.9,gf,3.755,mm,OK,--,7:20:33 PM,3/2/2025,
1061,137.1,gf,3.755,mm,OK,--,7:20:33 PM,3/2/2025,
1062,136.1,gf,3.755,mm,OK,--,7:20:33 PM,3/2/2025,
1063,135.4,gf,3.755,mm,OK,--,7:20:33 PM,3/2/2025,
1064,134.5,gf,3.755,mm,OK,--,7:20:33 PM,3/2/2025,
1065,133.7,gf,3.755,mm,OK,--,7:20:33 PM,3/2/2025,
1066,133.1,gf,3.755,mm,OK,--,7:20:33 PM,3/2/2025,
1067,132.5,gf,3.750,mm,OK,--,7:20:33 PM,3/2/2025,
1068,131.2,gf,3.750,mm,OK,--,7:20:33 PM,3/2/2025,
1069,129.9,gf,3.750,mm,OK,--,7:20:34 PM,3/2/2025,
1070,129.0,gf,3.750,mm,OK,--,7:20:34 PM,3/2/2025,
1071,127.8,gf,3.750,mm,OK,--,7:20:34 PM,3/2/2025,
1072,126.0,gf,3.745,mm,OK,--,7:20:34 PM,3/2/2025,
1073,124.2,gf,3.745,mm,OK,--,7:20:34 PM,3/2/2025,
1074,122.3,gf,3.740,mm,OK,--,7:20:34 PM,3/2/2025,
1075,120.6,gf,3.740,mm,OK,--,7:20:34 PM,3/2/2025,
1076,118.7,gf,3.740,mm,OK,--,7:20:34 PM,3/2/2025,
1077,117.3,gf,3.735,mm,OK,--,7:20:34 PM,3/2/2025,
1078,116.0,gf,3.735,mm,OK,--,7:20:34 PM,3/2/2025,
1079,114.6,gf,3.735,mm,OK,--,7:20:35 PM,3/2/2025,
1080,113.1,gf,3.735,mm,OK,--,7:20:35 PM,3/2/2025,
1081,111.7,gf,3.730,mm,OK,--,7:20:35 PM,3/2/2025,
1082,110.4,gf,3.730,mm,OK,--,7:20:35 PM,3/2/2025,
1083,108.7,gf,3.730,mm,OK,--,7:20:35 PM,3/2/2025,
1084,107.5,gf,3.730,mm,OK,--,7:20:35 PM,3/2/2025,
1085,106.3,gf,3.725,mm,OK,--,7:20:35 PM,3/2/2025,
1086,104.5,gf,3.725,mm,OK,--,7:20:35 PM,3/2/2025,
1087,103.1,gf,3.725,mm,OK,--,7:20:35 PM,3/2/2025,
1088,101.8,gf,3.720,mm,OK,--,7:20:35 PM,3/2/2025,
1089,100.3,gf,3.720,mm,OK,--,7:20:36 PM,3/2/2025,
1090,98.5,gf,3.720,mm,OK,--,7:20:36 PM,3/2/2025,
1091,96.8,gf,3.715,mm,OK,--,7:20:36 PM,3/2/2025,
1092,94.3,gf,3.715,mm,OK,--,7:20:36 PM,3/2/2025,
1093,91.2,gf,3.710,mm,OK,--,7:20:36 PM,3/2/2025,
1094,88.0,gf,3.710,mm,OK,--,7:20:36 PM,3/2/2025,
1095,84.6,gf,3.705,mm,OK,--,7:20:36 PM,3/2/2025,
1096,80.8,gf,3.700,mm,OK,--,7:20:36 PM,3/2/2025,
1097,76.6,gf,3.695,mm,OK,--,7:20:36 PM,3/2/2025,
1098,72.6,gf,3.695,mm,OK,--,7:20:36 PM,3/2/2025,
1099,68.1,gf,3.690,mm,OK,--,7:20:37 PM,3/2/2025,
1100,64.6,gf,3.685,mm,OK,--,7:20:37 PM,3/2/2025,
1101,61.6,gf,3.680,mm,OK,--,7:20:37 PM,3/2/2025,
1102,58.4,gf,3.680,mm,OK,--,7:20:37 PM,3/2/2025,
1103,55.7,gf,3.675,mm,OK,--,7:20:37 PM,3/2/2025,
1104,54.4,gf,3.675,mm,OK,--,7:20:37 PM,3/2/2025,
1105,53.3,gf,3.675,mm,OK,--,7:20:37 PM,3/2/2025,
1106,52.0,gf,3.670,mm,OK,--,7:20:37 PM,3/2/2025,
1107,50.6,gf,3.670,mm,OK,--,7:20:37 PM,3/2/2025,
1108,48.9,gf,3.670,mm,OK,--,7:20:37 PM,3/2/2025,
1109,47.5,gf,3.665,mm,OK,--,7:20:38 PM,3/2/2025,
1110,45.9,gf,3.665,mm,OK,--,7:20:38 PM,3/2/2025,
1111,44.4,gf,3.665,mm,OK,--,7:20:38 PM,3/2/2025,
1112,42.9,gf,3.660,mm,OK,--,7:20:38 PM,3/2/2025,
1113,42.0,gf,3.660,mm,OK,--,7:20:38 PM,3/2/2025,
1114,42.1,gf,3.655,mm,OK,--,7:20:38 PM,3/2/2025,
1115,42.1,gf,3.655,mm,OK,--,7:20:38 PM,3/2/2025,
1116,42.1,gf,3.650,mm,OK,--,7:20:38 PM,3/2/2025,
1117,42.1,gf,3.650,mm,OK,--,7:20:38 PM,3/2/2025,
1118,42.1,gf,3.645,mm,OK,--,7:20:38 PM,3/2/2025,
1119,42.1,gf,3.640,mm,OK,--,7:20:39 PM,3/2/2025,
1120,42.1,gf,3.635,mm,OK,--,7:20:39 PM,3/2/2025,
1121,42.1,gf,3.635,mm,OK,--,7:20:39 PM,3/2/2025,
1122,42.1,gf,3.630,mm,OK,--,7:20:39 PM,3/2/2025,
1123,42.1,gf,3.625,mm,OK,--,7:20:39 PM,3/2/2025,
1124,42.1,gf,3.625,mm,OK,--,7:20:39 PM,3/2/2025,
1125,42.1,gf,3.620,mm,OK,--,7:20:39 PM,3/2/2025,
1126,42.1,gf,3.615,mm,OK,--,7:20:39 PM,3/2/2025,
1127,42.1,gf,3.615,mm,OK,--,7:20:39 PM,3/2/2025,
1128,42.1,gf,3.610,mm,OK,--,7:20:39 PM,3/2/2025,
1129,42.0,gf,3.605,mm,OK,--,7:20:40 PM,3/2/2025,
1130,42.0,gf,3.600,mm,OK,--,7:20:40 PM,3/2/2025,
1131,41.9,gf,3.600,mm,OK,--,7:20:40 PM,3/2/2025,
1132,41.9,gf,3.595,mm,OK,--,7:20:40 PM,3/2/2025,
1133,41.9,gf,3.590,mm,OK,--,7:20:40 PM,3/2/2025,
1134,41.9,gf,3.590,mm,OK,--,7:20:40 PM,3/2/2025,
1135,41.9,gf,3.585,mm,OK,--,7:20:40 PM,3/2/2025,
1136,41.9,gf,3.580,mm,OK,--,7:20:40 PM,3/2/2025,
1137,41.8,gf,3.580,mm,OK,--,7:20:40 PM,3/2/2025,
1138,41.8,gf,3.575,mm,OK,--,7:20:40 PM,3/2/2025,
1139,41.7,gf,3.570,mm,OK,--,7:20:41 PM,3/2/2025,
1140,41.7,gf,3.565,mm,OK,--,7:20:41 PM,3/2/2025,
1141,41.7,gf,3.565,mm,OK,--,7:20:41 PM,3/2/2025,
1142,41.7,gf,3.560,mm,OK,--,7:20:41 PM,3/2/2025,
1143,41.7,gf,3.555,mm,OK,--,7:20:41 PM,3/2/2025,
1144,41.7,gf,3.550,mm,OK,--,7:20:41 PM,3/2/2025,
1145,41.7,gf,3.550,mm,OK,--,7:20:41 PM,3/2/2025,
1146,41.6,gf,3.545,mm,OK,--,7:20:41 PM,3/2/2025,
1147,41.6,gf,3.540,mm,OK,--,7:20:41 PM,3/2/2025,
1148,41.6,gf,3.535,mm,OK,--,7:20:41 PM,3/2/2025,
1149,41.6,gf,3.530,mm,OK,--,7:20:42 PM,3/2/2025,
1150,41.6,gf,3.530,mm,OK,--,7:20:42 PM,3/2/2025,
1151,41.6,gf,3.525,mm,OK,--,7:20:42 PM,3/2/2025,
1152,41.6,gf,3.520,mm,OK,--,7:20:42 PM,3/2/2025,
1153,41.6,gf,3.515,mm,OK,--,7:20:42 PM,3/2/2025,
1154,41.6,gf,3.510,mm,OK,--,7:20:42 PM,3/2/2025,
1155,41.6,gf,3.505,mm,OK,--,7:20:42 PM,3/2/2025,
1156,41.6,gf,3.500,mm,OK,--,7:20:42 PM,3/2/2025,
1157,41.6,gf,3.495,mm,OK,--,7:20:42 PM,3/2/2025,
1158,41.5,gf,3.490,mm,OK,--,7:20:42 PM,3/2/2025,
1159,41.5,gf,3.485,mm,OK,--,7:20:43 PM,3/2/2025,
1160,41.5,gf,3.475,mm,OK,--,7:20:43 PM,3/2/2025,
1161,41.5,gf,3.465,mm,OK,--,7:20:43 PM,3/2/2025,
1162,41.4,gf,3.455,mm,OK,--,7:20:43 PM,3/2/2025,
1163,41.4,gf,3.440,mm,OK,--,7:20:43 PM,3/2/2025,
1164,41.2,gf,3.430,mm,OK,--,7:20:43 PM,3/2/2025,
1165,41.2,gf,3.415,mm,OK,--,7:20:43 PM,3/2/2025,
1166,41.2,gf,3.405,mm,OK,--,7:20:43 PM,3/2/2025,
1167,41.1,gf,3.395,mm,OK,--,7:20:43 PM,3/2/2025,
1168,41.1,gf,3.390,mm,OK,--,7:20:43 PM,3/2/2025,
1169,41.1,gf,3.380,mm,OK,--,7:20:44 PM,3/2/2025,
1170,41.0,gf,3.370,mm,OK,--,7:20:44 PM,3/2/2025,
1171,41.0,gf,3.360,mm,OK,--,7:20:44 PM,3/2/2025,
1172,41.0,gf,3.350,mm,OK,--,7:20:44 PM,3/2/2025,
1173,40.9,gf,3.345,mm,OK,--,7:20:44 PM,3/2/2025,
1174,40.9,gf,3.335,mm,OK,--,7:20:44 PM,3/2/2025,
1175,40.9,gf,3.330,mm,OK,--,7:20:44 PM,3/2/2025,
1176,40.9,gf,3.320,mm,OK,--,7:20:44 PM,3/2/2025,
1177,40.9,gf,3.315,mm,OK,--,7:20:44 PM,3/2/2025,
1178,40.8,gf,3.305,mm,OK,--,7:20:44 PM,3/2/2025,
1179,40.8,gf,3.295,mm,OK,--,7:20:45 PM,3/2/2025,
1180,40.7,gf,3.290,mm,OK,--,7:20:45 PM,3/2/2025,
1181,40.7,gf,3.280,mm,OK,--,7:20:45 PM,3/2/2025,
1182,40.6,gf,3.270,mm,OK,--,7:20:45 PM,3/2/2025,
1183,40.6,gf,3.265,mm,OK,--,7:20:45 PM,3/2/2025,
1184,40.6,gf,3.255,mm,OK,--,7:20:45 PM,3/2/2025,
1185,40.6,gf,3.250,mm,OK,--,7:20:45 PM,3/2/2025,
1186,40.6,gf,3.240,mm,OK,--,7:20:45 PM,3/2/2025,
1187,40.5,gf,3.230,mm,OK,--,7:20:45 PM,3/2/2025,
1188,40.5,gf,3.225,mm,OK,--,7:20:45 PM,3/2/2025,
1189,40.5,gf,3.215,mm,OK,--,7:20:46 PM,3/2/2025,
1190,40.5,gf,3.210,mm,OK,--,7:20:46 PM,3/2/2025,
1191,40.4,gf,3.205,mm,OK,--,7:20:46 PM,3/2/2025,
1192,40.4,gf,3.195,mm,OK,--,7:20:46 PM,3/2/2025,
1193,40.4,gf,3.190,mm,OK,--,7:20:46 PM,3/2/2025,
1194,40.4,gf,3.180,mm,OK,--,7:20:46 PM,3/2/2025,
1195,40.4,gf,3.175,mm,OK,--,7:20:46 PM,3/2/2025,
1196,40.4,gf,3.170,mm,OK,--,7:20:46 PM,3/2/2025,
1197,40.5,gf,3.170,mm,OK,--,7:20:46 PM,3/2/2025,
1198,40.5,gf,3.165,mm,OK,--,7:20:46 PM,3/2/2025,
1199,40.5,gf,3.160,mm,OK,--,7:20:47 PM,3/2/2025,
1200,40.4,gf,3.155,mm,OK,--,7:20:47 PM,3/2/2025,
1201,40.4,gf,3.145,mm,OK,--,7:20:47 PM,3/2/2025,
1202,40.3,gf,3.140,mm,OK,--,7:20:47 PM,3/2/2025,
1203,40.3,gf,3.135,mm,OK,--,7:20:47 PM,3/2/2025,
1204,40.3,gf,3.130,mm,OK,--,7:20:47 PM,3/2/2025,
1205,40.3,gf,3.125,mm,OK,--,7:20:47 PM,3/2/2025,
1206,40.3,gf,3.120,mm,OK,--,7:20:47 PM,3/2/2025,
1207,40.3,gf,3.115,mm,OK,--,7:20:47 PM,3/2/2025,
1208,40.3,gf,3.115,mm,OK,--,7:20:47 PM,3/2/2025,
1209,40.2,gf,3.110,mm,OK,--,7:20:48 PM,3/2/2025,
1210,40.2,gf,3.105,mm,OK,--,7:20:48 PM,3/2/2025,
1211,40.2,gf,3.100,mm,OK,--,7:20:48 PM,3/2/2025,
1212,40.3,gf,3.095,mm,OK,--,7:20:48 PM,3/2/2025,
1213,40.3,gf,3.095,mm,OK,--,7:20:48 PM,3/2/2025,
1214,40.3,gf,3.090,mm,OK,--,7:20:48 PM,3/2/2025,
1215,40.3,gf,3.085,mm,OK,--,7:20:48 PM,3/2/2025,
1216,40.3,gf,3.085,mm,OK,--,7:20:48 PM,3/2/2025,
1217,40.3,gf,3.080,mm,OK,--,7:20:48 PM,3/2/2025,
1218,40.3,gf,3.075,mm,OK,--,7:20:48 PM,3/2/2025,
1219,40.3,gf,3.070,mm,OK,--,7:20:49 PM,3/2/2025,
1220,40.3,gf,3.065,mm,OK,--,7:20:49 PM,3/2/2025,
1221,40.3,gf,3.055,mm,OK,--,7:20:49 PM,3/2/2025,
1222,40.3,gf,3.050,mm,OK,--,7:20:49 PM,3/2/2025,
1223,40.2,gf,3.045,mm,OK,--,7:20:49 PM,3/2/2025,
1224,40.2,gf,3.045,mm,OK,--,7:20:49 PM,3/2/2025,
1225,40.1,gf,3.045,mm,OK,--,7:20:49 PM,3/2/2025,
1226,40.1,gf,3.040,mm,OK,--,7:20:49 PM,3/2/2025,
1227,40.1,gf,3.035,mm,OK,--,7:20:49 PM,3/2/2025,
1228,40.0,gf,3.035,mm,OK,--,7:20:49 PM,3/2/2025,
1229,40.0,gf,3.030,mm,OK,--,7:20:50 PM,3/2/2025,
1230,40.0,gf,3.025,mm,OK,--,7:20:50 PM,3/2/2025,
1231,40.0,gf,3.020,mm,OK,--,7:20:50 PM,3/2/2025,
1232,39.9,gf,3.015,mm,OK,--,7:20:50 PM,3/2/2025,
1233,39.9,gf,3.010,mm,OK,--,7:20:50 PM,3/2/2025,
1234,39.9,gf,3.005,mm,OK,--,7:20:50 PM,3/2/2025,
1235,39.9,gf,3.000,mm,OK,--,7:20:50 PM,3/2/2025,
1236,39.9,gf,2.990,mm,OK,--,7:20:50 PM,3/2/2025,
1237,39.9,gf,2.985,mm,OK,--,7:20:50 PM,3/2/2025,
1238,39.9,gf,2.975,mm,OK,--,7:20:50 PM,3/2/2025,
1239,39.8,gf,2.965,mm,OK,--,7:20:51 PM,3/2/2025,
1240,39.8,gf,2.955,mm,OK,--,7:20:51 PM,3/2/2025,
1241,39.8,gf,2.950,mm,OK,--,7:20:51 PM,3/2/2025,
1242,39.8,gf,2.950,mm,OK,--,7:20:51 PM,3/2/2025,
1243,39.7,gf,2.945,mm,OK,--,7:20:51 PM,3/2/2025,
1244,39.7,gf,2.940,mm,OK,--,7:20:51 PM,3/2/2025,
1245,39.7,gf,2.935,mm,OK,--,7:20:51 PM,3/2/2025,
1246,39.6,gf,2.930,mm,OK,--,7:20:51 PM,3/2/2025,
1247,39.6,gf,2.925,mm,OK,--,7:20:51 PM,3/2/2025,
1248,39.6,gf,2.925,mm,OK,--,7:20:51 PM,3/2/2025,
1249,39.6,gf,2.920,mm,OK,--,7:20:52 PM,3/2/2025,
1250,39.6,gf,2.915,mm,OK,--,7:20:52 PM,3/2/2025,
1251,39.7,gf,2.910,mm,OK,--,7:20:52 PM,3/2/2025,
1252,39.7,gf,2.905,mm,OK,--,7:20:52 PM,3/2/2025,
1253,39.7,gf,2.905,mm,OK,--,7:20:52 PM,3/2/2025,
1254,39.6,gf,2.895,mm,OK,--,7:20:52 PM,3/2/2025,
1255,39.6,gf,2.890,mm,OK,--,7:20:52 PM,3/2/2025,
1256,39.5,gf,2.885,mm,OK,--,7:20:52 PM,3/2/2025,
1257,39.5,gf,2.880,mm,OK,--,7:20:52 PM,3/2/2025,
1258,39.5,gf,2.875,mm,OK,--,7:20:52 PM,3/2/2025,
1259,39.5,gf,2.870,mm,OK,--,7:20:53 PM,3/2/2025,
1260,39.5,gf,2.865,mm,OK,--,7:20:53 PM,3/2/2025,
1261,39.5,gf,2.860,mm,OK,--,7:20:53 PM,3/2/2025,
1262,39.5,gf,2.855,mm,OK,--,7:20:53 PM,3/2/2025,
1263,39.5,gf,2.850,mm,OK,--,7:20:53 PM,3/2/2025,
1264,39.5,gf,2.845,mm,OK,--,7:20:53 PM,3/2/2025,
1265,39.5,gf,2.840,mm,OK,--,7:20:53 PM,3/2/2025,
1266,39.5,gf,2.835,mm,OK,--,7:20:53 PM,3/2/2025,
1267,39.4,gf,2.830,mm,OK,--,7:20:53 PM,3/2/2025,
1268,39.4,gf,2.830,mm,OK,--,7:20:53 PM,3/2/2025,
1269,39.4,gf,2.825,mm,OK,--,7:20:54 PM,3/2/2025,
1270,39.4,gf,2.820,mm,OK,--,7:20:54 PM,3/2/2025,
1271,39.5,gf,2.815,mm,OK,--,7:20:54 PM,3/2/2025,
1272,39.4,gf,2.815,mm,OK,--,7:20:54 PM,3/2/2025,
1273,39.4,gf,2.810,mm,OK,--,7:20:54 PM,3/2/2025,
1274,39.4,gf,2.805,mm,OK,--,7:20:54 PM,3/2/2025,
1275,39.3,gf,2.800,mm,OK,--,7:20:54 PM,3/2/2025,
1276,39.3,gf,2.795,mm,OK,--,7:20:54 PM,3/2/2025,
1277,39.3,gf,2.790,mm,OK,--,7:20:54 PM,3/2/2025,
1278,39.3,gf,2.790,mm,OK,--,7:20:54 PM,3/2/2025,
1279,39.2,gf,2.785,mm,OK,--,7:20:55 PM,3/2/2025,
1280,39.2,gf,2.780,mm,OK,--,7:20:55 PM,3/2/2025,
1281,39.2,gf,2.775,mm,OK,--,7:20:55 PM,3/2/2025,
1282,39.2,gf,2.770,mm,OK,--,7:20:55 PM,3/2/2025,
1283,39.2,gf,2.765,mm,OK,--,7:20:55 PM,3/2/2025,
1284,39.2,gf,2.760,mm,OK,--,7:20:55 PM,3/2/2025,
1285,39.1,gf,2.760,mm,OK,--,7:20:55 PM,3/2/2025,
1286,39.1,gf,2.750,mm,OK,--,7:20:55 PM,3/2/2025,
1287,39.2,gf,2.745,mm,OK,--,7:20:55 PM,3/2/2025,
1288,39.2,gf,2.740,mm,OK,--,7:20:55 PM,3/2/2025,
1289,39.2,gf,2.735,mm,OK,--,7:20:56 PM,3/2/2025,
1290,39.2,gf,2.730,mm,OK,--,7:20:56 PM,3/2/2025,
1291,39.1,gf,2.720,mm,OK,--,7:20:56 PM,3/2/2025,
1292,39.0,gf,2.715,mm,OK,--,7:20:56 PM,3/2/2025,
1293,38.9,gf,2.710,mm,OK,--,7:20:56 PM,3/2/2025,
1294,38.9,gf,2.700,mm,OK,--,7:20:56 PM,3/2/2025,
1295,38.9,gf,2.695,mm,OK,--,7:20:56 PM,3/2/2025,
1296,38.8,gf,2.685,mm,OK,--,7:20:56 PM,3/2/2025,
1297,38.8,gf,2.675,mm,OK,--,7:20:56 PM,3/2/2025,
1298,38.8,gf,2.665,mm,OK,--,7:20:56 PM,3/2/2025,
1299,38.8,gf,2.660,mm,OK,--,7:20:57 PM,3/2/2025,
1300,38.8,gf,2.650,mm,OK,--,7:20:57 PM,3/2/2025,
1301,38.8,gf,2.645,mm,OK,--,7:20:57 PM,3/2/2025,
1302,38.8,gf,2.640,mm,OK,--,7:20:57 PM,3/2/2025,
1303,38.7,gf,2.635,mm,OK,--,7:20:57 PM,3/2/2025,
1304,38.7,gf,2.630,mm,OK,--,7:20:57 PM,3/2/2025,
1305,38.7,gf,2.625,mm,OK,--,7:20:57 PM,3/2/2025,
1306,38.7,gf,2.620,mm,OK,--,7:20:57 PM,3/2/2025,
1307,38.7,gf,2.615,mm,OK,--,7:20:57 PM,3/2/2025,
1308,38.7,gf,2.610,mm,OK,--,7:20:57 PM,3/2/2025,
1309,38.7,gf,2.605,mm,OK,--,7:20:58 PM,3/2/2025,
1310,38.7,gf,2.600,mm,OK,--,7:20:58 PM,3/2/2025,
1311,38.7,gf,2.595,mm,OK,--,7:20:58 PM,3/2/2025,
1312,38.6,gf,2.590,mm,OK,--,7:20:58 PM,3/2/2025,
1313,38.6,gf,2.585,mm,OK,--,7:20:58 PM,3/2/2025,
1314,38.6,gf,2.585,mm,OK,--,7:20:58 PM,3/2/2025,
1315,38.6,gf,2.580,mm,OK,--,7:20:58 PM,3/2/2025,
1316,38.6,gf,2.575,mm,OK,--,7:20:58 PM,3/2/2025,
1317,38.6,gf,2.565,mm,OK,--,7:20:58 PM,3/2/2025,
1318,38.6,gf,2.560,mm,OK,--,7:20:58 PM,3/2/2025,
1319,38.6,gf,2.550,mm,OK,--,7:20:59 PM,3/2/2025,
1320,38.5,gf,2.540,mm,OK,--,7:20:59 PM,3/2/2025,
1321,38.5,gf,2.530,mm,OK,--,7:20:59 PM,3/2/2025,
1322,38.4,gf,2.525,mm,OK,--,7:20:59 PM,3/2/2025,
1323,38.3,gf,2.520,mm,OK,--,7:20:59 PM,3/2/2025,
1324,38.2,gf,2.510,mm,OK,--,7:20:59 PM,3/2/2025,
1325,38.2,gf,2.505,mm,OK,--,7:20:59 PM,3/2/2025,
1326,38.1,gf,2.495,mm,OK,--,7:20:59 PM,3/2/2025,
1327,38.1,gf,2.485,mm,OK,--,7:20:59 PM,3/2/2025,
1328,38.0,gf,2.475,mm,OK,--,7:20:59 PM,3/2/2025,
1329,38.0,gf,2.470,mm,OK,--,7:21:00 PM,3/2/2025,
1330,38.0,gf,2.465,mm,OK,--,7:21:00 PM,3/2/2025,
1331,37.9,gf,2.460,mm,OK,--,7:21:00 PM,3/2/2025,
1332,37.9,gf,2.455,mm,OK,--,7:21:00 PM,3/2/2025,
1333,37.8,gf,2.450,mm,OK,--,7:21:00 PM,3/2/2025,
1334,37.8,gf,2.445,mm,OK,--,7:21:00 PM,3/2/2025,
1335,37.8,gf,2.440,mm,OK,--,7:21:00 PM,3/2/2025,
1336,37.7,gf,2.435,mm,OK,--,7:21:00 PM,3/2/2025,
1337,37.6,gf,2.430,mm,OK,--,7:21:00 PM,3/2/2025,
1338,37.6,gf,2.425,mm,OK,--,7:21:00 PM,3/2/2025,
1339,37.6,gf,2.415,mm,OK,--,7:21:01 PM,3/2/2025,
1340,37.6,gf,2.410,mm,OK,--,7:21:01 PM,3/2/2025,
1341,37.5,gf,2.400,mm,OK,--,7:21:01 PM,3/2/2025,
1342,37.4,gf,2.395,mm,OK,--,7:21:01 PM,3/2/2025,
1343,37.2,gf,2.385,mm,OK,--,7:21:01 PM,3/2/2025,
1344,37.0,gf,2.375,mm,OK,--,7:21:01 PM,3/2/2025,
1345,36.9,gf,2.365,mm,OK,--,7:21:01 PM,3/2/2025,
1346,36.7,gf,2.360,mm,OK,--,7:21:01 PM,3/2/2025,
1347,36.7,gf,2.350,mm,OK,--,7:21:01 PM,3/2/2025,
1348,36.6,gf,2.345,mm,OK,--,7:21:01 PM,3/2/2025,
1349,36.5,gf,2.340,mm,OK,--,7:21:02 PM,3/2/2025,
1350,36.5,gf,2.335,mm,OK,--,7:21:02 PM,3/2/2025,
1351,36.4,gf,2.330,mm,OK,--,7:21:02 PM,3/2/2025,
1352,36.3,gf,2.325,mm,OK,--,7:21:02 PM,3/2/2025,
1353,36.3,gf,2.320,mm,OK,--,7:21:02 PM,3/2/2025,
1354,36.3,gf,2.315,mm,OK,--,7:21:02 PM,3/2/2025,
1355,36.3,gf,2.315,mm,OK,--,7:21:02 PM,3/2/2025,
1356,36.2,gf,2.310,mm,OK,--,7:21:02 PM,3/2/2025,
1357,36.1,gf,2.310,mm,OK,--,7:21:02 PM,3/2/2025,
1358,36.1,gf,2.305,mm,OK,--,7:21:02 PM,3/2/2025,
1359,36.1,gf,2.300,mm,OK,--,7:21:03 PM,3/2/2025,
1360,36.1,gf,2.295,mm,OK,--,7:21:03 PM,3/2/2025,
1361,36.1,gf,2.290,mm,OK,--,7:21:03 PM,3/2/2025,
1362,36.0,gf,2.285,mm,OK,--,7:21:03 PM,3/2/2025,
1363,35.8,gf,2.280,mm,OK,--,7:21:03 PM,3/2/2025,
1364,35.7,gf,2.275,mm,OK,--,7:21:03 PM,3/2/2025,
1365,35.6,gf,2.270,mm,OK,--,7:21:03 PM,3/2/2025,
1366,35.6,gf,2.265,mm,OK,--,7:21:03 PM,3/2/2025,
1367,35.4,gf,2.260,mm,OK,--,7:21:03 PM,3/2/2025,
1368,35.3,gf,2.255,mm,OK,--,7:21:03 PM,3/2/2025,
1369,35.4,gf,2.255,mm,OK,--,7:21:04 PM,3/2/2025,
1370,35.4,gf,2.255,mm,OK,--,7:21:04 PM,3/2/2025,
1371,35.2,gf,2.250,mm,OK,--,7:21:04 PM,3/2/2025,
1372,35.2,gf,2.245,mm,OK,--,7:21:04 PM,3/2/2025,
1373,35.2,gf,2.245,mm,OK,--,7:21:04 PM,3/2/2025,
1374,35.0,gf,2.240,mm,OK,--,7:21:04 PM,3/2/2025,
1375,35.1,gf,2.240,mm,OK,--,7:21:04 PM,3/2/2025,
1376,35.0,gf,2.235,mm,OK,--,7:21:04 PM,3/2/2025,
1377,35.0,gf,2.235,mm,OK,--,7:21:04 PM,3/2/2025,
1378,34.8,gf,2.230,mm,OK,--,7:21:04 PM,3/2/2025,
1379,34.6,gf,2.225,mm,OK,--,7:21:05 PM,3/2/2025,
1380,34.6,gf,2.220,mm,OK,--,7:21:05 PM,3/2/2025,
1381,34.4,gf,2.215,mm,OK,--,7:21:05 PM,3/2/2025,
1382,34.3,gf,2.210,mm,OK,--,7:21:05 PM,3/2/2025,
1383,34.1,gf,2.205,mm,OK,--,7:21:05 PM,3/2/2025,
1384,33.9,gf,2.200,mm,OK,--,7:21:05 PM,3/2/2025,
1385,33.9,gf,2.195,mm,OK,--,7:21:05 PM,3/2/2025,
1386,33.8,gf,2.190,mm,OK,--,7:21:05 PM,3/2/2025,
1387,33.7,gf,2.180,mm,OK,--,7:21:05 PM,3/2/2025,
1388,33.6,gf,2.180,mm,OK,--,7:21:05 PM,3/2/2025,
1389,33.6,gf,2.175,mm,OK,--,7:21:06 PM,3/2/2025,
1390,33.6,gf,2.170,mm,OK,--,7:21:06 PM,3/2/2025,
1391,33.6,gf,2.165,mm,OK,--,7:21:06 PM,3/2/2025,
1392,33.6,gf,2.165,mm,OK,--,7:21:06 PM,3/2/2025,
1393,33.5,gf,2.160,mm,OK,--,7:21:06 PM,3/2/2025,
1394,33.5,gf,2.155,mm,OK,--,7:21:06 PM,3/2/2025,
1395,33.5,gf,2.155,mm,OK,--,7:21:06 PM,3/2/2025,
1396,33.4,gf,2.150,mm,OK,--,7:21:06 PM,3/2/2025,
1397,33.5,gf,2.145,mm,OK,--,7:21:06 PM,3/2/2025,
1398,33.5,gf,2.140,mm,OK,--,7:21:06 PM,3/2/2025,
1399,33.5,gf,2.135,mm,OK,--,7:21:07 PM,3/2/2025,
1400,33.5,gf,2.135,mm,OK,--,7:21:07 PM,3/2/2025,
1401,33.5,gf,2.130,mm,OK,--,7:21:07 PM,3/2/2025,
1402,33.4,gf,2.130,mm,OK,--,7:21:07 PM,3/2/2025,
1403,33.3,gf,2.125,mm,OK,--,7:21:07 PM,3/2/2025,
1404,33.2,gf,2.120,mm,OK,--,7:21:07 PM,3/2/2025,
1405,33.1,gf,2.110,mm,OK,--,7:21:07 PM,3/2/2025,
1406,33.1,gf,2.105,mm,OK,--,7:21:07 PM,3/2/2025,
1407,33.1,gf,2.095,mm,OK,--,7:21:07 PM,3/2/2025,
1408,33.1,gf,2.090,mm,OK,--,7:21:07 PM,3/2/2025,
1409,33.1,gf,2.080,mm,OK,--,7:21:08 PM,3/2/2025,
1410,33.1,gf,2.075,mm,OK,--,7:21:08 PM,3/2/2025,
1411,33.1,gf,2.070,mm,OK,--,7:21:08 PM,3/2/2025,
1412,33.0,gf,2.065,mm,OK,--,7:21:08 PM,3/2/2025,
1413,33.1,gf,2.060,mm,OK,--,7:21:08 PM,3/2/2025,
1414,33.0,gf,2.055,mm,OK,--,7:21:08 PM,3/2/2025,
1415,32.8,gf,2.050,mm,OK,--,7:21:08 PM,3/2/2025,
1416,32.8,gf,2.035,mm,OK,--,7:21:08 PM,3/2/2025,
1417,32.8,gf,2.025,mm,OK,--,7:21:08 PM,3/2/2025,
1418,32.9,gf,2.020,mm,OK,--,7:21:08 PM,3/2/2025,
1419,32.9,gf,2.015,mm,OK,--,7:21:09 PM,3/2/2025,
1420,32.9,gf,2.010,mm,OK,--,7:21:09 PM,3/2/2025,
1421,32.8,gf,2.005,mm,OK,--,7:21:09 PM,3/2/2025,
1422,32.8,gf,2.000,mm,OK,--,7:21:09 PM,3/2/2025,
1423,32.8,gf,2.000,mm,OK,--,7:21:09 PM,3/2/2025,
1424,32.7,gf,1.995,mm,OK,--,7:21:09 PM,3/2/2025,
1425,32.6,gf,1.995,mm,OK,--,7:21:09 PM,3/2/2025,
1426,32.6,gf,1.990,mm,OK,--,7:21:09 PM,3/2/2025,
1427,32.6,gf,1.985,mm,OK,--,7:21:09 PM,3/2/2025,
1428,32.6,gf,1.980,mm,OK,--,7:21:09 PM,3/2/2025,
1429,32.7,gf,1.975,mm,OK,--,7:21:10 PM,3/2/2025,
1430,32.6,gf,1.970,mm,OK,--,7:21:10 PM,3/2/2025,
1431,32.7,gf,1.970,mm,OK,--,7:21:10 PM,3/2/2025,
1432,32.8,gf,1.965,mm,OK,--,7:21:10 PM,3/2/2025,
1433,32.7,gf,1.965,mm,OK,--,7:21:10 PM,3/2/2025,
1434,32.6,gf,1.960,mm,OK,--,7:21:10 PM,3/2/2025,
1435,32.6,gf,1.960,mm,OK,--,7:21:10 PM,3/2/2025,
1436,32.6,gf,1.960,mm,OK,--,7:21:10 PM,3/2/2025,
1437,32.6,gf,1.955,mm,OK,--,7:21:10 PM,3/2/2025,
1438,32.7,gf,1.955,mm,OK,--,7:21:10 PM,3/2/2025,
1439,32.7,gf,1.955,mm,OK,--,7:21:11 PM,3/2/2025,
1440,32.7,gf,1.950,mm,OK,--,7:21:11 PM,3/2/2025,
1441,32.6,gf,1.950,mm,OK,--,7:21:11 PM,3/2/2025,
1442,32.6,gf,1.945,mm,OK,--,7:21:11 PM,3/2/2025,
1443,32.7,gf,1.945,mm,OK,--,7:21:11 PM,3/2/2025,
1444,32.7,gf,1.945,mm,OK,--,7:21:11 PM,3/2/2025,
1445,32.6,gf,1.940,mm,OK,--,7:21:11 PM,3/2/2025,
1446,32.6,gf,1.940,mm,OK,--,7:21:11 PM,3/2/2025,
1447,32.5,gf,1.935,mm,OK,--,7:21:11 PM,3/2/2025,
1448,32.4,gf,1.935,mm,OK,--,7:21:11 PM,3/2/2025,
1449,32.4,gf,1.930,mm,OK,--,7:21:12 PM,3/2/2025,
1450,32.5,gf,1.925,mm,OK,--,7:21:12 PM,3/2/2025,
1451,32.5,gf,1.920,mm,OK,--,7:21:12 PM,3/2/2025,
1452,32.4,gf,1.915,mm,OK,--,7:21:12 PM,3/2/2025,
1453,32.4,gf,1.910,mm,OK,--,7:21:12 PM,3/2/2025,
1454,32.3,gf,1.910,mm,OK,--,7:21:12 PM,3/2/2025,
1455,32.3,gf,1.905,mm,OK,--,7:21:12 PM,3/2/2025,
1456,32.4,gf,1.905,mm,OK,--,7:21:12 PM,3/2/2025,
1457,32.3,gf,1.900,mm,OK,--,7:21:12 PM,3/2/2025,
1458,32.3,gf,1.895,mm,OK,--,7:21:12 PM,3/2/2025,
1459,32.2,gf,1.895,mm,OK,--,7:21:13 PM,3/2/2025,
1460,32.2,gf,1.890,mm,OK,--,7:21:13 PM,3/2/2025,
1461,32.3,gf,1.885,mm,OK,--,7:21:13 PM,3/2/2025,
1462,32.3,gf,1.885,mm,OK,--,7:21:13 PM,3/2/2025,
1463,32.2,gf,1.880,mm,OK,--,7:21:13 PM,3/2/2025,
1464,32.2,gf,1.875,mm,OK,--,7:21:13 PM,3/2/2025,
1465,32.1,gf,1.875,mm,OK,--,7:21:13 PM,3/2/2025,
1466,31.9,gf,1.870,mm,OK,--,7:21:13 PM,3/2/2025,
1467,32.0,gf,1.865,mm,OK,--,7:21:13 PM,3/2/2025,
1468,32.0,gf,1.855,mm,OK,--,7:21:13 PM,3/2/2025,
1469,32.1,gf,1.850,mm,OK,--,7:21:14 PM,3/2/2025,
1470,32.1,gf,1.845,mm,OK,--,7:21:14 PM,3/2/2025,
1471,32.1,gf,1.840,mm,OK,--,7:21:14 PM,3/2/2025,
1472,32.0,gf,1.840,mm,OK,--,7:21:14 PM,3/2/2025,
1473,32.1,gf,1.835,mm,OK,--,7:21:14 PM,3/2/2025,
1474,32.0,gf,1.830,mm,OK,--,7:21:14 PM,3/2/2025,
1475,31.8,gf,1.825,mm,OK,--,7:21:14 PM,3/2/2025,
1476,31.8,gf,1.820,mm,OK,--,7:21:14 PM,3/2/2025,
1477,31.8,gf,1.810,mm,OK,--,7:21:14 PM,3/2/2025,
1478,31.7,gf,1.805,mm,OK,--,7:21:14 PM,3/2/2025,
1479,31.8,gf,1.800,mm,OK,--,7:21:15 PM,3/2/2025,
1480,31.7,gf,1.795,mm,OK,--,7:21:15 PM,3/2/2025,
1481,31.7,gf,1.790,mm,OK,--,7:21:15 PM,3/2/2025,
1482,31.8,gf,1.785,mm,OK,--,7:21:15 PM,3/2/2025,
1483,31.6,gf,1.780,mm,OK,--,7:21:15 PM,3/2/2025,
1484,31.6,gf,1.775,mm,OK,--,7:21:15 PM,3/2/2025,
1485,31.7,gf,1.770,mm,OK,--,7:21:15 PM,3/2/2025,
1486,31.7,gf,1.765,mm,OK,--,7:21:15 PM,3/2/2025,
1487,31.6,gf,1.760,mm,OK,--,7:21:15 PM,3/2/2025,
1488,31.6,gf,1.755,mm,OK,--,7:21:15 PM,3/2/2025,
1489,31.5,gf,1.755,mm,OK,--,7:21:16 PM,3/2/2025,
1490,31.4,gf,1.745,mm,OK,--,7:21:16 PM,3/2/2025,
1491,31.5,gf,1.740,mm,OK,--,7:21:16 PM,3/2/2025,
1492,31.4,gf,1.740,mm,OK,--,7:21:16 PM,3/2/2025,
1493,31.5,gf,1.735,mm,OK,--,7:21:16 PM,3/2/2025,
1494,31.6,gf,1.730,mm,OK,--,7:21:16 PM,3/2/2025,
1495,31.5,gf,1.725,mm,OK,--,7:21:16 PM,3/2/2025,
1496,31.4,gf,1.720,mm,OK,--,7:21:16 PM,3/2/2025,
1497,31.4,gf,1.715,mm,OK,--,7:21:16 PM,3/2/2025,
1498,31.3,gf,1.710,mm,OK,--,7:21:16 PM,3/2/2025,
1499,31.3,gf,1.700,mm,OK,--,7:21:17 PM,3/2/2025,
1500,31.2,gf,1.695,mm,OK,--,7:21:17 PM,3/2/2025,
1501,31.2,gf,1.690,mm,OK,--,7:21:17 PM,3/2/2025,
1502,31.2,gf,1.685,mm,OK,--,7:21:17 PM,3/2/2025,
1503,31.2,gf,1.675,mm,OK,--,7:21:17 PM,3/2/2025,
1504,31.2,gf,1.670,mm,OK,--,7:21:17 PM,3/2/2025,
1505,31.2,gf,1.665,mm,OK,--,7:21:17 PM,3/2/2025,
1506,31.2,gf,1.660,mm,OK,--,7:21:17 PM,3/2/2025,
1507,31.1,gf,1.655,mm,OK,--,7:21:17 PM,3/2/2025,
1508,31.0,gf,1.645,mm,OK,--,7:21:17 PM,3/2/2025,
1509,31.0,gf,1.640,mm,OK,--,7:21:18 PM,3/2/2025,
1510,31.1,gf,1.635,mm,OK,--,7:21:18 PM,3/2/2025,
1511,31.1,gf,1.630,mm,OK,--,7:21:18 PM,3/2/2025,
1512,31.0,gf,1.625,mm,OK,--,7:21:18 PM,3/2/2025,
1513,30.9,gf,1.620,mm,OK,--,7:21:18 PM,3/2/2025,
1514,30.8,gf,1.615,mm,OK,--,7:21:18 PM,3/2/2025,
1515,30.8,gf,1.610,mm,OK,--,7:21:18 PM,3/2/2025,
1516,30.9,gf,1.605,mm,OK,--,7:21:18 PM,3/2/2025,
1517,30.8,gf,1.600,mm,OK,--,7:21:18 PM,3/2/2025,
1518,30.8,gf,1.595,mm,OK,--,7:21:18 PM,3/2/2025,
1519,30.8,gf,1.590,mm,OK,--,7:21:19 PM,3/2/2025,
1520,30.8,gf,1.585,mm,OK,--,7:21:19 PM,3/2/2025,
1521,30.7,gf,1.585,mm,OK,--,7:21:19 PM,3/2/2025,
1522,30.7,gf,1.580,mm,OK,--,7:21:19 PM,3/2/2025,
1523,30.7,gf,1.575,mm,OK,--,7:21:19 PM,3/2/2025,
1524,30.6,gf,1.575,mm,OK,--,7:21:19 PM,3/2/2025,
1525,30.6,gf,1.570,mm,OK,--,7:21:19 PM,3/2/2025,
1526,30.6,gf,1.570,mm,OK,--,7:21:19 PM,3/2/2025,
1527,30.6,gf,1.565,mm,OK,--,7:21:19 PM,3/2/2025,
1528,30.8,gf,1.560,mm,OK,--,7:21:19 PM,3/2/2025,
1529,30.8,gf,1.560,mm,OK,--,7:21:20 PM,3/2/2025,
1530,30.8,gf,1.555,mm,OK,--,7:21:20 PM,3/2/2025,
1531,30.9,gf,1.550,mm,OK,--,7:21:20 PM,3/2/2025,
1532,30.8,gf,1.550,mm,OK,--,7:21:20 PM,3/2/2025,
1533,30.8,gf,1.545,mm,OK,--,7:21:20 PM,3/2/2025,
1534,30.7,gf,1.540,mm,OK,--,7:21:20 PM,3/2/2025,
1535,30.6,gf,1.535,mm,OK,--,7:21:20 PM,3/2/2025,
1536,30.5,gf,1.525,mm,OK,--,7:21:20 PM,3/2/2025,
1537,30.6,gf,1.515,mm,OK,--,7:21:20 PM,3/2/2025,
1538,30.5,gf,1.505,mm,OK,--,7:21:20 PM,3/2/2025,
1539,30.5,gf,1.495,mm,OK,--,7:21:21 PM,3/2/2025,
1540,30.4,gf,1.485,mm,OK,--,7:21:21 PM,3/2/2025,
1541,30.4,gf,1.475,mm,OK,--,7:21:21 PM,3/2/2025,
1542,30.3,gf,1.465,mm,OK,--,7:21:21 PM,3/2/2025,
1543,30.4,gf,1.455,mm,OK,--,7:21:21 PM,3/2/2025,
1544,30.1,gf,1.445,mm,OK,--,7:21:21 PM,3/2/2025,
1545,30.1,gf,1.435,mm,OK,--,7:21:21 PM,3/2/2025,
1546,30.0,gf,1.425,mm,OK,--,7:21:21 PM,3/2/2025,
1547,29.7,gf,1.415,mm,OK,--,7:21:21 PM,3/2/2025,
1548,29.6,gf,1.400,mm,OK,--,7:21:21 PM,3/2/2025,
1549,29.8,gf,1.385,mm,OK,--,7:21:22 PM,3/2/2025,
1550,29.7,gf,1.375,mm,OK,--,7:21:22 PM,3/2/2025,
1551,29.7,gf,1.370,mm,OK,--,7:21:22 PM,3/2/2025,
1552,29.8,gf,1.365,mm,OK,--,7:21:22 PM,3/2/2025,
1553,29.6,gf,1.360,mm,OK,--,7:21:22 PM,3/2/2025,
1554,29.7,gf,1.355,mm,OK,--,7:21:22 PM,3/2/2025,
1555,29.7,gf,1.350,mm,OK,--,7:21:22 PM,3/2/2025,
1556,29.7,gf,1.345,mm,OK,--,7:21:22 PM,3/2/2025,
1557,29.8,gf,1.345,mm,OK,--,7:21:22 PM,3/2/2025,
1558,29.8,gf,1.340,mm,OK,--,7:21:22 PM,3/2/2025,
1559,29.9,gf,1.340,mm,OK,--,7:21:23 PM,3/2/2025,
1560,29.7,gf,1.340,mm,OK,--,7:21:23 PM,3/2/2025,
1561,29.8,gf,1.335,mm,OK,--,7:21:23 PM,3/2/2025,
1562,29.7,gf,1.335,mm,OK,--,7:21:23 PM,3/2/2025,
1563,29.7,gf,1.330,mm,OK,--,7:21:23 PM,3/2/2025,
1564,29.8,gf,1.330,mm,OK,--,7:21:23 PM,3/2/2025,
1565,29.7,gf,1.320,mm,OK,--,7:21:23 PM,3/2/2025,
1566,29.7,gf,1.315,mm,OK,--,7:21:23 PM,3/2/2025,
1567,29.6,gf,1.305,mm,OK,--,7:21:23 PM,3/2/2025,
1568,29.6,gf,1.295,mm,OK,--,7:21:23 PM,3/2/2025,
1569,29.5,gf,1.285,mm,OK,--,7:21:24 PM,3/2/2025,
1570,29.5,gf,1.275,mm,OK,--,7:21:24 PM,3/2/2025,
1571,29.6,gf,1.270,mm,OK,--,7:21:24 PM,3/2/2025,
1572,29.5,gf,1.265,mm,OK,--,7:21:24 PM,3/2/2025,
1573,29.5,gf,1.260,mm,OK,--,7:21:24 PM,3/2/2025,
1574,29.4,gf,1.255,mm,OK,--,7:21:24 PM,3/2/2025,
1575,29.5,gf,1.250,mm,OK,--,7:21:24 PM,3/2/2025,
1576,29.4,gf,1.250,mm,OK,--,7:21:24 PM,3/2/2025,
1577,29.4,gf,1.245,mm,OK,--,7:21:24 PM,3/2/2025,
1578,29.5,gf,1.240,mm,OK,--,7:21:24 PM,3/2/2025,
1579,29.3,gf,1.240,mm,OK,--,7:21:25 PM,3/2/2025,
1580,29.4,gf,1.235,mm,OK,--,7:21:25 PM,3/2/2025,
1581,29.2,gf,1.235,mm,OK,--,7:21:25 PM,3/2/2025,
1582,29.3,gf,1.230,mm,OK,--,7:21:25 PM,3/2/2025,
1583,29.3,gf,1.225,mm,OK,--,7:21:25 PM,3/2/2025,
1584,29.2,gf,1.220,mm,OK,--,7:21:25 PM,3/2/2025,
1585,29.2,gf,1.220,mm,OK,--,7:21:25 PM,3/2/2025,
1586,29.2,gf,1.215,mm,OK,--,7:21:25 PM,3/2/2025,
1587,29.2,gf,1.215,mm,OK,--,7:21:25 PM,3/2/2025,
1588,29.2,gf,1.210,mm,OK,--,7:21:25 PM,3/2/2025,
1589,29.0,gf,1.210,mm,OK,--,7:21:26 PM,3/2/2025,
1590,29.1,gf,1.210,mm,OK,--,7:21:26 PM,3/2/2025,
1591,29.1,gf,1.205,mm,OK,--,7:21:26 PM,3/2/2025,
1592,29.2,gf,1.205,mm,OK,--,7:21:26 PM,3/2/2025,
1593,29.1,gf,1.205,mm,OK,--,7:21:26 PM,3/2/2025,
1594,29.1,gf,1.200,mm,OK,--,7:21:26 PM,3/2/2025,
1595,29.1,gf,1.200,mm,OK,--,7:21:26 PM,3/2/2025,
1596,29.0,gf,1.195,mm,OK,--,7:21:26 PM,3/2/2025,
1597,29.1,gf,1.195,mm,OK,--,7:21:26 PM,3/2/2025,
1598,29.0,gf,1.195,mm,OK,--,7:21:26 PM,3/2/2025,
1599,29.0,gf,1.190,mm,OK,--,7:21:27 PM,3/2/2025,
1600,29.0,gf,1.190,mm,OK,--,7:21:27 PM,3/2/2025,
1601,29.0,gf,1.190,mm,OK,--,7:21:27 PM,3/2/2025,
1602,29.0,gf,1.185,mm,OK,--,7:21:27 PM,3/2/2025,
1603,28.9,gf,1.185,mm,OK,--,7:21:27 PM,3/2/2025,
1604,28.9,gf,1.180,mm,OK,--,7:21:27 PM,3/2/2025,
1605,28.9,gf,1.175,mm,OK,--,7:21:27 PM,3/2/2025,
1606,28.9,gf,1.170,mm,OK,--,7:21:27 PM,3/2/2025,
1607,28.9,gf,1.170,mm,OK,--,7:21:27 PM,3/2/2025,
1608,28.6,gf,1.165,mm,OK,--,7:21:27 PM,3/2/2025,
1609,28.6,gf,1.160,mm,OK,--,7:21:28 PM,3/2/2025,
1610,28.7,gf,1.155,mm,OK,--,7:21:28 PM,3/2/2025,
1611,28.7,gf,1.155,mm,OK,--,7:21:28 PM,3/2/2025,
1612,28.7,gf,1.150,mm,OK,--,7:21:28 PM,3/2/2025,
1613,28.7,gf,1.150,mm,OK,--,7:21:28 PM,3/2/2025,
1614,28.6,gf,1.145,mm,OK,--,7:21:28 PM,3/2/2025,
1615,28.6,gf,1.145,mm,OK,--,7:21:28 PM,3/2/2025,
1616,28.6,gf,1.145,mm,OK,--,7:21:28 PM,3/2/2025,
1617,28.5,gf,1.140,mm,OK,--,7:21:28 PM,3/2/2025,
1618,28.4,gf,1.140,mm,OK,--,7:21:28 PM,3/2/2025,
1619,28.4,gf,1.135,mm,OK,--,7:21:29 PM,3/2/2025,
1620,28.4,gf,1.135,mm,OK,--,7:21:29 PM,3/2/2025,
1621,28.4,gf,1.130,mm,OK,--,7:21:29 PM,3/2/2025,
1622,28.5,gf,1.130,mm,OK,--,7:21:29 PM,3/2/2025,
1623,28.5,gf,1.130,mm,OK,--,7:21:29 PM,3/2/2025,
1624,28.4,gf,1.125,mm,OK,--,7:21:29 PM,3/2/2025,
1625,28.4,gf,1.125,mm,OK,--,7:21:29 PM,3/2/2025,
1626,28.4,gf,1.120,mm,OK,--,7:21:29 PM,3/2/2025,
1627,28.4,gf,1.120,mm,OK,--,7:21:29 PM,3/2/2025,
1628,28.2,gf,1.115,mm,OK,--,7:21:29 PM,3/2/2025,
1629,28.3,gf,1.110,mm,OK,--,7:21:30 PM,3/2/2025,
1630,28.2,gf,1.110,mm,OK,--,7:21:30 PM,3/2/2025,
1631,28.3,gf,1.105,mm,OK,--,7:21:30 PM,3/2/2025,
1632,28.2,gf,1.100,mm,OK,--,7:21:30 PM,3/2/2025,
1633,28.3,gf,1.100,mm,OK,--,7:21:30 PM,3/2/2025,
1634,28.3,gf,1.095,mm,OK,--,7:21:30 PM,3/2/2025,
1635,28.3,gf,1.095,mm,OK,--,7:21:30 PM,3/2/2025,
1636,28.3,gf,1.090,mm,OK,--,7:21:30 PM,3/2/2025,
1637,28.3,gf,1.090,mm,OK,--,7:21:30 PM,3/2/2025,
1638,28.4,gf,1.090,mm,OK,--,7:21:30 PM,3/2/2025,
1639,28.3,gf,1.085,mm,OK,--,7:21:31 PM,3/2/2025,
1640,28.2,gf,1.085,mm,OK,--,7:21:31 PM,3/2/2025,
1641,28.2,gf,1.080,mm,OK,--,7:21:31 PM,3/2/2025,
1642,28.2,gf,1.080,mm,OK,--,7:21:31 PM,3/2/2025,
1643,28.2,gf,1.080,mm,OK,--,7:21:31 PM,3/2/2025,
1644,28.2,gf,1.075,mm,OK,--,7:21:31 PM,3/2/2025,
1645,28.2,gf,1.070,mm,OK,--,7:21:31 PM,3/2/2025,
1646,28.3,gf,1.065,mm,OK,--,7:21:31 PM,3/2/2025,
1647,28.3,gf,1.065,mm,OK,--,7:21:31 PM,3/2/2025,
1648,28.2,gf,1.060,mm,OK,--,7:21:31 PM,3/2/2025,
1649,28.1,gf,1.055,mm,OK,--,7:21:32 PM,3/2/2025,
1650,28.2,gf,1.050,mm,OK,--,7:21:32 PM,3/2/2025,
1651,28.3,gf,1.045,mm,OK,--,7:21:32 PM,3/2/2025,
1652,28.3,gf,1.040,mm,OK,--,7:21:32 PM,3/2/2025,
1653,28.3,gf,1.035,mm,OK,--,7:21:32 PM,3/2/2025,
1654,28.3,gf,1.030,mm,OK,--,7:21:32 PM,3/2/2025,
1655,28.3,gf,1.025,mm,OK,--,7:21:32 PM,3/2/2025,
1656,28.2,gf,1.020,mm,OK,--,7:21:32 PM,3/2/2025,
1657,28.3,gf,1.015,mm,OK,--,7:21:32 PM,3/2/2025,
1658,28.3,gf,1.010,mm,OK,--,7:21:32 PM,3/2/2025,
1659,28.1,gf,1.010,mm,OK,--,7:21:33 PM,3/2/2025,
1660,28.1,gf,1.005,mm,OK,--,7:21:33 PM,3/2/2025,
1661,28.1,gf,1.000,mm,OK,--,7:21:33 PM,3/2/2025,
1662,28.1,gf,1.000,mm,OK,--,7:21:33 PM,3/2/2025,
1663,28.0,gf,0.995,mm,OK,--,7:21:33 PM,3/2/2025,
1664,28.1,gf,0.990,mm,OK,--,7:21:33 PM,3/2/2025,
1665,28.1,gf,0.990,mm,OK,--,7:21:33 PM,3/2/2025,
1666,28.0,gf,0.985,mm,OK,--,7:21:33 PM,3/2/2025,
1667,28.1,gf,0.980,mm,OK,--,7:21:33 PM,3/2/2025,
1668,28.1,gf,0.980,mm,OK,--,7:21:33 PM,3/2/2025,
1669,28.0,gf,0.975,mm,OK,--,7:21:34 PM,3/2/2025,
1670,28.1,gf,0.970,mm,OK,--,7:21:34 PM,3/2/2025,
1671,28.0,gf,0.970,mm,OK,--,7:21:34 PM,3/2/2025,
1672,27.9,gf,0.965,mm,OK,--,7:21:34 PM,3/2/2025,
1673,27.8,gf,0.965,mm,OK,--,7:21:34 PM,3/2/2025,
1674,27.8,gf,0.960,mm,OK,--,7:21:34 PM,3/2/2025,
1675,27.8,gf,0.960,mm,OK,--,7:21:34 PM,3/2/2025,
1676,27.8,gf,0.955,mm,OK,--,7:21:34 PM,3/2/2025,
1677,27.8,gf,0.955,mm,OK,--,7:21:34 PM,3/2/2025,
1678,27.9,gf,0.950,mm,OK,--,7:21:34 PM,3/2/2025,
1679,27.8,gf,0.950,mm,OK,--,7:21:35 PM,3/2/2025,
1680,27.7,gf,0.950,mm,OK,--,7:21:35 PM,3/2/2025,
1681,27.7,gf,0.945,mm,OK,--,7:21:35 PM,3/2/2025,
1682,27.7,gf,0.945,mm,OK,--,7:21:35 PM,3/2/2025,
1683,27.7,gf,0.940,mm,OK,--,7:21:35 PM,3/2/2025,
1684,27.8,gf,0.940,mm,OK,--,7:21:35 PM,3/2/2025,
1685,27.7,gf,0.935,mm,OK,--,7:21:35 PM,3/2/2025,
1686,27.7,gf,0.935,mm,OK,--,7:21:35 PM,3/2/2025,
1687,27.7,gf,0.930,mm,OK,--,7:21:35 PM,3/2/2025,
1688,27.8,gf,0.930,mm,OK,--,7:21:35 PM,3/2/2025,
1689,27.8,gf,0.930,mm,OK,--,7:21:36 PM,3/2/2025,
1690,27.7,gf,0.930,mm,OK,--,7:21:36 PM,3/2/2025,
1691,27.8,gf,0.925,mm,OK,--,7:21:36 PM,3/2/2025,
1692,27.9,gf,0.920,mm,OK,--,7:21:36 PM,3/2/2025,
1693,28.0,gf,0.920,mm,OK,--,7:21:36 PM,3/2/2025,
1694,28.1,gf,0.915,mm,OK,--,7:21:36 PM,3/2/2025,
1695,28.0,gf,0.910,mm,OK,--,7:21:36 PM,3/2/2025,
1696,28.1,gf,0.905,mm,OK,--,7:21:36 PM,3/2/2025,
1697,28.1,gf,0.905,mm,OK,--,7:21:36 PM,3/2/2025,
1698,28.2,gf,0.900,mm,OK,--,7:21:36 PM,3/2/2025,
1699,28.2,gf,0.895,mm,OK,--,7:21:37 PM,3/2/2025,
1700,28.1,gf,0.890,mm,OK,--,7:21:37 PM,3/2/2025,
1701,28.0,gf,0.885,mm,OK,--,7:21:37 PM,3/2/2025,
1702,28.0,gf,0.885,mm,OK,--,7:21:37 PM,3/2/2025,
1703,27.9,gf,0.880,mm,OK,--,7:21:37 PM,3/2/2025,
1704,27.8,gf,0.875,mm,OK,--,7:21:37 PM,3/2/2025,
1705,27.9,gf,0.875,mm,OK,--,7:21:37 PM,3/2/2025,
1706,27.9,gf,0.870,mm,OK,--,7:21:37 PM,3/2/2025,
1707,27.9,gf,0.870,mm,OK,--,7:21:37 PM,3/2/2025,
1708,27.9,gf,0.865,mm,OK,--,7:21:37 PM,3/2/2025,
1709,27.8,gf,0.865,mm,OK,--,7:21:38 PM,3/2/2025,
1710,27.8,gf,0.865,mm,OK,--,7:21:38 PM,3/2/2025,
1711,27.8,gf,0.860,mm,OK,--,7:21:38 PM,3/2/2025,
1712,27.8,gf,0.860,mm,OK,--,7:21:38 PM,3/2/2025,
1713,27.8,gf,0.855,mm,OK,--,7:21:38 PM,3/2/2025,
1714,27.8,gf,0.855,mm,OK,--,7:21:38 PM,3/2/2025,
1715,27.8,gf,0.850,mm,OK,--,7:21:38 PM,3/2/2025,
1716,27.8,gf,0.850,mm,OK,--,7:21:38 PM,3/2/2025,
1717,27.6,gf,0.850,mm,OK,--,7:21:38 PM,3/2/2025,
1718,27.8,gf,0.845,mm,OK,--,7:21:38 PM,3/2/2025,
1719,27.8,gf,0.845,mm,OK,--,7:21:39 PM,3/2/2025,
1720,27.6,gf,0.845,mm,OK,--,7:21:39 PM,3/2/2025,
1721,27.6,gf,0.845,mm,OK,--,7:21:39 PM,3/2/2025,
1722,27.6,gf,0.840,mm,OK,--,7:21:39 PM,3/2/2025,
1723,27.4,gf,0.840,mm,OK,--,7:21:39 PM,3/2/2025,
1724,27.5,gf,0.825,mm,OK,--,7:21:39 PM,3/2/2025,
1725,27.5,gf,0.815,mm,OK,--,7:21:39 PM,3/2/2025,
1726,27.3,gf,0.805,mm,OK,--,7:21:39 PM,3/2/2025,
1727,27.2,gf,0.795,mm,OK,--,7:21:39 PM,3/2/2025,
1728,27.3,gf,0.790,mm,OK,--,7:21:39 PM,3/2/2025,
1729,27.2,gf,0.780,mm,OK,--,7:21:40 PM,3/2/2025,
1730,27.1,gf,0.770,mm,OK,--,7:21:40 PM,3/2/2025,
1731,27.0,gf,0.755,mm,OK,--,7:21:40 PM,3/2/2025,
1732,27.0,gf,0.740,mm,OK,--,7:21:40 PM,3/2/2025,
1733,27.1,gf,0.735,mm,OK,--,7:21:40 PM,3/2/2025,
1734,27.2,gf,0.725,mm,OK,--,7:21:40 PM,3/2/2025,
1735,27.1,gf,0.725,mm,OK,--,7:21:40 PM,3/2/2025,
1736,26.9,gf,0.720,mm,OK,--,7:21:40 PM,3/2/2025,
1737,27.1,gf,0.715,mm,OK,--,7:21:40 PM,3/2/2025,
1738,27.3,gf,0.710,mm,OK,--,7:21:40 PM,3/2/2025,
1739,27.1,gf,0.710,mm,OK,--,7:21:41 PM,3/2/2025,
1740,27.1,gf,0.710,mm,OK,--,7:21:41 PM,3/2/2025,
1741,27.2,gf,0.705,mm,OK,--,7:21:41 PM,3/2/2025,
1742,27.1,gf,0.705,mm,OK,--,7:21:41 PM,3/2/2025,
1743,26.9,gf,0.700,mm,OK,--,7:21:41 PM,3/2/2025,
1744,26.9,gf,0.695,mm,OK,--,7:21:41 PM,3/2/2025,
1745,27.0,gf,0.690,mm,OK,--,7:21:41 PM,3/2/2025,
1746,27.0,gf,0.690,mm,OK,--,7:21:41 PM,3/2/2025,
1747,27.1,gf,0.685,mm,OK,--,7:21:41 PM,3/2/2025,
1748,27.0,gf,0.680,mm,OK,--,7:21:41 PM,3/2/2025,
1749,27.0,gf,0.675,mm,OK,--,7:21:42 PM,3/2/2025,
1750,26.9,gf,0.670,mm,OK,--,7:21:42 PM,3/2/2025,
1751,26.7,gf,0.665,mm,OK,--,7:21:42 PM,3/2/2025,
1752,26.8,gf,0.660,mm,OK,--,7:21:42 PM,3/2/2025,
1753,26.7,gf,0.655,mm,OK,--,7:21:42 PM,3/2/2025,
1754,26.6,gf,0.650,mm,OK,--,7:21:42 PM,3/2/2025,
1755,26.5,gf,0.645,mm,OK,--,7:21:42 PM,3/2/2025,
1756,26.6,gf,0.640,mm,OK,--,7:21:42 PM,3/2/2025,
1757,26.6,gf,0.635,mm,OK,--,7:21:42 PM,3/2/2025,
1758,26.6,gf,0.630,mm,OK,--,7:21:42 PM,3/2/2025,
1759,26.6,gf,0.630,mm,OK,--,7:21:43 PM,3/2/2025,
1760,26.5,gf,0.630,mm,OK,--,7:21:43 PM,3/2/2025,
1761,26.5,gf,0.625,mm,OK,--,7:21:43 PM,3/2/2025,
1762,26.4,gf,0.625,mm,OK,--,7:21:43 PM,3/2/2025,
1763,26.4,gf,0.620,mm,OK,--,7:21:43 PM,3/2/2025,
1764,26.3,gf,0.615,mm,OK,--,7:21:43 PM,3/2/2025,
1765,26.4,gf,0.615,mm,OK,--,7:21:43 PM,3/2/2025,
1766,26.3,gf,0.610,mm,OK,--,7:21:43 PM,3/2/2025,
1767,26.3,gf,0.605,mm,OK,--,7:21:43 PM,3/2/2025,
1768,26.4,gf,0.605,mm,OK,--,7:21:43 PM,3/2/2025,
1769,26.4,gf,0.600,mm,OK,--,7:21:44 PM,3/2/2025,
1770,26.3,gf,0.600,mm,OK,--,7:21:44 PM,3/2/2025,
1771,26.3,gf,0.595,mm,OK,--,7:21:44 PM,3/2/2025,
1772,26.1,gf,0.590,mm,OK,--,7:21:44 PM,3/2/2025,
1773,26.0,gf,0.590,mm,OK,--,7:21:44 PM,3/2/2025,
1774,26.0,gf,0.585,mm,OK,--,7:21:44 PM,3/2/2025,
1775,25.9,gf,0.580,mm,OK,--,7:21:44 PM,3/2/2025,
1776,25.9,gf,0.575,mm,OK,--,7:21:44 PM,3/2/2025,
1777,25.8,gf,0.570,mm,OK,--,7:21:44 PM,3/2/2025,
1778,25.8,gf,0.570,mm,OK,--,7:21:44 PM,3/2/2025,
1779,25.9,gf,0.565,mm,OK,--,7:21:45 PM,3/2/2025,
1780,25.6,gf,0.565,mm,OK,--,7:21:45 PM,3/2/2025,
1781,25.6,gf,0.555,mm,OK,--,7:21:45 PM,3/2/2025,
1782,25.4,gf,0.550,mm,OK,--,7:21:45 PM,3/2/2025,
1783,25.4,gf,0.545,mm,OK,--,7:21:45 PM,3/2/2025,
1784,25.3,gf,0.535,mm,OK,--,7:21:45 PM,3/2/2025,
1785,25.2,gf,0.530,mm,OK,--,7:21:45 PM,3/2/2025,
1786,25.2,gf,0.520,mm,OK,--,7:21:45 PM,3/2/2025,
1787,25.3,gf,0.515,mm,OK,--,7:21:45 PM,3/2/2025,
1788,25.4,gf,0.510,mm,OK,--,7:21:45 PM,3/2/2025,
1789,25.4,gf,0.510,mm,OK,--,7:21:46 PM,3/2/2025,
1790,25.3,gf,0.505,mm,OK,--,7:21:46 PM,3/2/2025,
1791,25.2,gf,0.505,mm,OK,--,7:21:46 PM,3/2/2025,
1792,25.1,gf,0.500,mm,OK,--,7:21:46 PM,3/2/2025,
1793,25.1,gf,0.495,mm,OK,--,7:21:46 PM,3/2/2025,
1794,25.2,gf,0.490,mm,OK,--,7:21:46 PM,3/2/2025,
1795,25.1,gf,0.490,mm,OK,--,7:21:46 PM,3/2/2025,
1796,24.9,gf,0.480,mm,OK,--,7:21:46 PM,3/2/2025,
1797,25.0,gf,0.475,mm,OK,--,7:21:46 PM,3/2/2025,
1798,24.9,gf,0.470,mm,OK,--,7:21:46 PM,3/2/2025,
1799,25.0,gf,0.460,mm,OK,--,7:21:47 PM,3/2/2025,
1800,25.0,gf,0.450,mm,OK,--,7:21:47 PM,3/2/2025,
1801,25.0,gf,0.440,mm,OK,--,7:21:47 PM,3/2/2025,
1802,25.1,gf,0.435,mm,OK,--,7:21:47 PM,3/2/2025,
1803,25.3,gf,0.430,mm,OK,--,7:21:47 PM,3/2/2025,
1804,25.3,gf,0.425,mm,OK,--,7:21:47 PM,3/2/2025,
1805,25.3,gf,0.420,mm,OK,--,7:21:47 PM,3/2/2025,
1806,25.4,gf,0.415,mm,OK,--,7:21:47 PM,3/2/2025,
1807,25.3,gf,0.415,mm,OK,--,7:21:47 PM,3/2/2025,
1808,25.3,gf,0.410,mm,OK,--,7:21:47 PM,3/2/2025,
1809,25.3,gf,0.405,mm,OK,--,7:21:48 PM,3/2/2025,
1810,25.4,gf,0.405,mm,OK,--,7:21:48 PM,3/2/2025,
1811,25.3,gf,0.400,mm,OK,--,7:21:48 PM,3/2/2025,
1812,25.3,gf,0.400,mm,OK,--,7:21:48 PM,3/2/2025,
1813,25.3,gf,0.395,mm,OK,--,7:21:48 PM,3/2/2025,
1814,25.4,gf,0.390,mm,OK,--,7:21:48 PM,3/2/2025,
1815,25.4,gf,0.385,mm,OK,--,7:21:48 PM,3/2/2025,
1816,25.4,gf,0.385,mm,OK,--,7:21:48 PM,3/2/2025,
1817,25.1,gf,0.380,mm,OK,--,7:21:48 PM,3/2/2025,
1818,24.8,gf,0.375,mm,OK,--,7:21:48 PM,3/2/2025,
1819,24.6,gf,0.375,mm,OK,--,7:21:49 PM,3/2/2025,
1820,24.5,gf,0.370,mm,OK,--,7:21:49 PM,3/2/2025,
1821,23.9,gf,0.365,mm,OK,--,7:21:49 PM,3/2/2025,
1822,22.0,gf,0.360,mm,OK,--,7:21:49 PM,3/2/2025,
1823,21.1,gf,0.360,mm,OK,--,7:21:49 PM,3/2/2025,
1824,20.6,gf,0.355,mm,OK,--,7:21:49 PM,3/2/2025,
1825,20.0,gf,0.355,mm,OK,--,7:21:49 PM,3/2/2025,
1826,19.5,gf,0.350,mm,OK,--,7:21:49 PM,3/2/2025,
1827,19.0,gf,0.345,mm,OK,--,7:21:49 PM,3/2/2025,
1828,18.6,gf,0.340,mm,OK,--,7:21:49 PM,3/2/2025,
1829,18.0,gf,0.340,mm,OK,--,7:21:50 PM,3/2/2025,
1830,17.4,gf,0.335,mm,OK,--,7:21:50 PM,3/2/2025,
1831,16.8,gf,0.335,mm,OK,--,7:21:50 PM,3/2/2025,
1832,16.3,gf,0.330,mm,OK,--,7:21:50 PM,3/2/2025,
1833,15.8,gf,0.330,mm,OK,--,7:21:50 PM,3/2/2025,
1834,15.8,gf,0.330,mm,OK,--,7:21:50 PM,3/2/2025,
1835,15.4,gf,0.330,mm,OK,--,7:21:50 PM,3/2/2025,
1836,15.2,gf,0.325,mm,OK,--,7:21:50 PM,3/2/2025,
1837,15.0,gf,0.325,mm,OK,--,7:21:50 PM,3/2/2025,
1838,14.7,gf,0.325,mm,OK,--,7:21:50 PM,3/2/2025,
1839,14.6,gf,0.325,mm,OK,--,7:21:51 PM,3/2/2025,
1840,14.3,gf,0.325,mm,OK,--,7:21:51 PM,3/2/2025,
1841,13.9,gf,0.320,mm,OK,--,7:21:51 PM,3/2/2025,
1842,13.6,gf,0.320,mm,OK,--,7:21:51 PM,3/2/2025,
1843,13.2,gf,0.320,mm,OK,--,7:21:51 PM,3/2/2025,
1844,12.8,gf,0.315,mm,OK,--,7:21:51 PM,3/2/2025,
1845,10.4,gf,0.310,mm,OK,--,7:21:51 PM,3/2/2025,
1846,7.4,gf,0.310,mm,OK,--,7:21:51 PM,3/2/2025,
1847,4.5,gf,0.305,mm,OK,--,7:21:51 PM,3/2/2025,
1848,1.7,gf,0.300,mm,OK,--,7:21:51 PM,3/2/2025,
1849,0.0,gf,0.300,mm,OK,--,7:21:52 PM,3/2/2025,
1850,0.1,gf,0.295,mm,OK,--,7:21:52 PM,3/2/2025,
1851,0.0,gf,0.295,mm,OK,--,7:21:52 PM,3/2/2025,
1852,0.0,gf,0.290,mm,OK,--,7:21:52 PM,3/2/2025,
1853,0.0,gf,0.290,mm,OK,--,7:21:52 PM,3/2/2025,
1854,0.0,gf,0.285,mm,OK,--,7:21:52 PM,3/2/2025,
1855,0.0,gf,0.280,mm,OK,--,7:21:52 PM,3/2/2025,
1856,0.0,gf,0.275,mm,OK,--,7:21:52 PM,3/2/2025,
1857,0.0,gf,0.265,mm,OK,--,7:21:52 PM,3/2/2025,
1858,0.0,gf,0.240,mm,OK,--,7:21:52 PM,3/2/2025,
1859,0.0,gf,0.205,mm,OK,--,7:21:53 PM,3/2/2025,
1860,0.0,gf,0.180,mm,OK,--,7:21:53 PM,3/2/2025,
1861,0.0,gf,0.160,mm,OK,--,7:21:53 PM,3/2/2025,
1862,0.0,gf,0.145,mm,OK,--,7:21:53 PM,3/2/2025,
1863,0.0,gf,0.130,mm,OK,--,7:21:53 PM,3/2/2025,
1864,0.0,gf,0.115,mm,OK,--,7:21:53 PM,3/2/2025,
1865,0.0,gf,0.100,mm,OK,--,7:21:53 PM,3/2/2025,
1866,0.2,gf,0.050,mm,OK,--,7:21:53 PM,3/2/2025,
1867,0.0,gf,0.030,mm,OK,--,7:21:53 PM,3/2/2025,
1868,0.0,gf,0.020,mm,OK,--,7:21:53 PM,3/2/2025,
1869,0.1,gf,0.020,mm,OK,--,7:21:54 PM,3/2/2025,
1870,0.0,gf,0.020,mm,OK,--,7:21:54 PM,3/2/2025,
1871,0.0,gf,0.015,mm,OK,--,7:21:54 PM,3/2/2025,
1872,0.0,gf,0.010,mm,OK,--,7:21:54 PM,3/2/2025,
1873,0.0,gf,0.005,mm,OK,--,7:21:54 PM,3/2/2025,
1874,0.0,gf,0.005,mm,OK,--,7:21:54 PM,3/2/2025,
1875,0.1,gf,0.005,mm,OK,--,7:21:54 PM,3/2/2025,
1876,0.0,gf,0.005,mm,OK,--,7:21:54 PM,3/2/2025,
1877,0.0,gf,0.005,mm,OK,--,7:21:54 PM,3/2/2025,
1878,0.1,gf,0.010,mm,OK,--,7:21:54 PM,3/2/2025,
1879,0.0,gf,0.015,mm,OK,--,7:21:55 PM,3/2/2025,
1880,0.0,gf,0.015,mm,OK,--,7:21:55 PM,3/2/2025,
1881,0.0,gf,0.020,mm,OK,--,7:21:55 PM,3/2/2025,
1882,0.1,gf,0.025,mm,OK,--,7:21:55 PM,3/2/2025,
1883,0.0,gf,0.025,mm,OK,--,7:21:55 PM,3/2/2025,
1884,0.0,gf,0.030,mm,OK,--,7:21:55 PM,3/2/2025,
1885,0.0,gf,0.030,mm,OK,--,7:21:55 PM,3/2/2025,
1886,0.0,gf,0.030,mm,OK,--,7:21:55 PM,3/2/2025,
1887,0.1,gf,0.035,mm,OK,--,7:21:55 PM,3/2/2025,
1888,0.1,gf,0.035,mm,OK,--,7:21:55 PM,3/2/2025,
1889,0.1,gf,0.040,mm,OK,--,7:21:56 PM,3/2/2025,
1890,-0.1,gf,0.040,mm,OK,--,7:21:56 PM,3/2/2025,
1891,0.0,gf,0.045,mm,OK,--,7:21:56 PM,3/2/2025,
1892,0.0,gf,0.045,mm,OK,--,7:21:56 PM,3/2/2025,
1893,0.0,gf,0.045,mm,OK,--,7:21:56 PM,3/2/2025,
1894,0.0,gf,0.050,mm,OK,--,7:21:56 PM,3/2/2025,
1895,0.4,gf,0.050,mm,OK,--,7:21:56 PM,3/2/2025,
1896,0.1,gf,0.050,mm,OK,--,7:21:56 PM,3/2/2025,
1897,-0.1,gf,0.055,mm,OK,--,7:21:56 PM,3/2/2025,
1898,0.0,gf,0.055,mm,OK,--,7:21:56 PM,3/2/2025,
1899,0.0,gf,0.055,mm,OK,--,7:21:57 PM,3/2/2025,
1900,0.1,gf,0.055,mm,OK,--,7:21:57 PM,3/2/2025,
1901,0.0,gf,0.060,mm,OK,--,7:21:57 PM,3/2/2025,
1902,0.0,gf,0.060,mm,OK,--,7:21:57 PM,3/2/2025,
1903,-0.8,gf,0.060,mm,OK,--,7:21:57 PM,3/2/2025,
1904,0.1,gf,0.065,mm,OK,--,7:21:57 PM,3/2/2025,
1905,0.3,gf,0.065,mm,OK,--,7:21:57 PM,3/2/2025,
1906,-0.1,gf,0.065,mm,OK,--,7:21:57 PM,3/2/2025,
1907,-0.1,gf,0.065,mm,OK,--,7:21:57 PM,3/2/2025,
1908,0.0,gf,0.070,mm,OK,--,7:21:57 PM,3/2/2025,
1909,0.0,gf,0.070,mm,OK,--,7:21:58 PM,3/2/2025,
1910,0.0,gf,0.070,mm,OK,--,7:21:58 PM,3/2/2025,
1911,0.1,gf,0.070,mm,OK,--,7:21:58 PM,3/2/2025,
1912,-0.2,gf,0.070,mm,OK,--,7:21:58 PM,3/2/2025,
1913,0.1,gf,0.075,mm,OK,--,7:21:58 PM,3/2/2025,
1914,0.1,gf,0.075,mm,OK,--,7:21:58 PM,3/2/2025,
1915,0.0,gf,0.075,mm,OK,--,7:21:58 PM,3/2/2025,
1916,0.0,gf,0.075,mm,OK,--,7:21:58 PM,3/2/2025,
1917,0.0,gf,0.075,mm,OK,--,7:21:58 PM,3/2/2025,
