Maximum,196.9,@,No.970,,,,,,
Minimum,0.0,@,No.1,,,,,,
Average,56.39,,,,,,,,
Data Quantity,1848,,,,,,,,
Number of NG,0,,,,,,,,
No.,Force,Unit,Displacement,Unit,Judge,Position,Time,Date,
1,0.0,gf,0.000,mm,OK,--,8:47:46 PM,6/23/2025,
2,0.0,gf,0.000,mm,OK,--,8:47:46 PM,6/23/2025,
3,0.0,gf,0.000,mm,OK,--,8:47:46 PM,6/23/2025,
4,0.0,gf,0.000,mm,OK,--,8:47:46 PM,6/23/2025,
5,0.0,gf,0.000,mm,OK,--,8:47:46 PM,6/23/2025,
6,0.1,gf,0.000,mm,OK,--,8:47:46 PM,6/23/2025,
7,0.0,gf,0.000,mm,OK,--,8:47:46 PM,6/23/2025,
8,0.0,gf,0.000,mm,OK,--,8:47:46 PM,6/23/2025,
9,0.1,gf,0.000,mm,OK,--,8:47:46 PM,6/23/2025,
10,0.0,gf,0.000,mm,OK,--,8:47:47 PM,6/23/2025,
11,0.0,gf,0.000,mm,OK,--,8:47:47 PM,6/23/2025,
12,0.0,gf,0.000,mm,OK,--,8:47:47 PM,6/23/2025,
13,0.0,gf,0.000,mm,OK,--,8:47:47 PM,6/23/2025,
14,0.0,gf,0.000,mm,OK,--,8:47:47 PM,6/23/2025,
15,0.0,gf,0.000,mm,OK,--,8:47:47 PM,6/23/2025,
16,0.0,gf,0.000,mm,OK,--,8:47:47 PM,6/23/2025,
17,0.1,gf,0.000,mm,OK,--,8:47:47 PM,6/23/2025,
18,0.0,gf,0.000,mm,OK,--,8:47:47 PM,6/23/2025,
19,0.0,gf,0.000,mm,OK,--,8:47:47 PM,6/23/2025,
20,0.0,gf,0.000,mm,OK,--,8:47:48 PM,6/23/2025,
21,0.0,gf,0.005,mm,OK,--,8:47:48 PM,6/23/2025,
22,0.0,gf,0.005,mm,OK,--,8:47:48 PM,6/23/2025,
23,0.0,gf,0.005,mm,OK,--,8:47:48 PM,6/23/2025,
24,0.0,gf,0.005,mm,OK,--,8:47:48 PM,6/23/2025,
25,0.0,gf,0.005,mm,OK,--,8:47:48 PM,6/23/2025,
26,0.0,gf,0.005,mm,OK,--,8:47:48 PM,6/23/2025,
27,0.0,gf,0.010,mm,OK,--,8:47:48 PM,6/23/2025,
28,0.0,gf,0.010,mm,OK,--,8:47:48 PM,6/23/2025,
29,0.0,gf,0.010,mm,OK,--,8:47:48 PM,6/23/2025,
30,0.0,gf,0.015,mm,OK,--,8:47:49 PM,6/23/2025,
31,0.0,gf,0.015,mm,OK,--,8:47:49 PM,6/23/2025,
32,0.0,gf,0.015,mm,OK,--,8:47:49 PM,6/23/2025,
33,0.0,gf,0.020,mm,OK,--,8:47:49 PM,6/23/2025,
34,0.0,gf,0.020,mm,OK,--,8:47:49 PM,6/23/2025,
35,0.1,gf,0.025,mm,OK,--,8:47:49 PM,6/23/2025,
36,0.0,gf,0.030,mm,OK,--,8:47:49 PM,6/23/2025,
37,3.2,gf,0.035,mm,OK,--,8:47:49 PM,6/23/2025,
38,7.9,gf,0.040,mm,OK,--,8:47:49 PM,6/23/2025,
39,11.8,gf,0.045,mm,OK,--,8:47:49 PM,6/23/2025,
40,15.6,gf,0.050,mm,OK,--,8:47:50 PM,6/23/2025,
41,18.9,gf,0.055,mm,OK,--,8:47:50 PM,6/23/2025,
42,21.9,gf,0.060,mm,OK,--,8:47:50 PM,6/23/2025,
43,24.6,gf,0.060,mm,OK,--,8:47:50 PM,6/23/2025,
44,27.1,gf,0.065,mm,OK,--,8:47:50 PM,6/23/2025,
45,30.3,gf,0.070,mm,OK,--,8:47:50 PM,6/23/2025,
46,33.7,gf,0.075,mm,OK,--,8:47:50 PM,6/23/2025,
47,36.7,gf,0.075,mm,OK,--,8:47:50 PM,6/23/2025,
48,39.5,gf,0.080,mm,OK,--,8:47:50 PM,6/23/2025,
49,41.8,gf,0.085,mm,OK,--,8:47:50 PM,6/23/2025,
50,41.4,gf,0.090,mm,OK,--,8:47:51 PM,6/23/2025,
51,40.1,gf,0.100,mm,OK,--,8:47:51 PM,6/23/2025,
52,40.0,gf,0.105,mm,OK,--,8:47:51 PM,6/23/2025,
53,39.7,gf,0.110,mm,OK,--,8:47:51 PM,6/23/2025,
54,39.7,gf,0.120,mm,OK,--,8:47:51 PM,6/23/2025,
55,39.9,gf,0.125,mm,OK,--,8:47:51 PM,6/23/2025,
56,39.8,gf,0.130,mm,OK,--,8:47:51 PM,6/23/2025,
57,39.9,gf,0.135,mm,OK,--,8:47:51 PM,6/23/2025,
58,40.1,gf,0.140,mm,OK,--,8:47:51 PM,6/23/2025,
59,40.2,gf,0.150,mm,OK,--,8:47:51 PM,6/23/2025,
60,40.2,gf,0.155,mm,OK,--,8:47:52 PM,6/23/2025,
61,40.2,gf,0.160,mm,OK,--,8:47:52 PM,6/23/2025,
62,40.2,gf,0.170,mm,OK,--,8:47:52 PM,6/23/2025,
63,40.3,gf,0.175,mm,OK,--,8:47:52 PM,6/23/2025,
64,40.4,gf,0.180,mm,OK,--,8:47:52 PM,6/23/2025,
65,40.3,gf,0.185,mm,OK,--,8:47:52 PM,6/23/2025,
66,40.4,gf,0.185,mm,OK,--,8:47:52 PM,6/23/2025,
67,40.5,gf,0.190,mm,OK,--,8:47:52 PM,6/23/2025,
68,40.4,gf,0.195,mm,OK,--,8:47:52 PM,6/23/2025,
69,40.4,gf,0.200,mm,OK,--,8:47:52 PM,6/23/2025,
70,40.3,gf,0.200,mm,OK,--,8:47:53 PM,6/23/2025,
71,40.3,gf,0.205,mm,OK,--,8:47:53 PM,6/23/2025,
72,40.3,gf,0.210,mm,OK,--,8:47:53 PM,6/23/2025,
73,40.3,gf,0.215,mm,OK,--,8:47:53 PM,6/23/2025,
74,40.2,gf,0.215,mm,OK,--,8:47:53 PM,6/23/2025,
75,40.2,gf,0.220,mm,OK,--,8:47:53 PM,6/23/2025,
76,40.2,gf,0.225,mm,OK,--,8:47:53 PM,6/23/2025,
77,40.2,gf,0.230,mm,OK,--,8:47:53 PM,6/23/2025,
78,40.1,gf,0.235,mm,OK,--,8:47:53 PM,6/23/2025,
79,40.1,gf,0.235,mm,OK,--,8:47:53 PM,6/23/2025,
80,40.1,gf,0.240,mm,OK,--,8:47:54 PM,6/23/2025,
81,40.1,gf,0.245,mm,OK,--,8:47:54 PM,6/23/2025,
82,40.0,gf,0.250,mm,OK,--,8:47:54 PM,6/23/2025,
83,39.9,gf,0.255,mm,OK,--,8:47:54 PM,6/23/2025,
84,39.8,gf,0.260,mm,OK,--,8:47:54 PM,6/23/2025,
85,39.8,gf,0.265,mm,OK,--,8:47:54 PM,6/23/2025,
86,39.7,gf,0.270,mm,OK,--,8:47:54 PM,6/23/2025,
87,39.6,gf,0.280,mm,OK,--,8:47:54 PM,6/23/2025,
88,39.7,gf,0.285,mm,OK,--,8:47:54 PM,6/23/2025,
89,39.8,gf,0.290,mm,OK,--,8:47:54 PM,6/23/2025,
90,39.8,gf,0.300,mm,OK,--,8:47:55 PM,6/23/2025,
91,39.6,gf,0.310,mm,OK,--,8:47:55 PM,6/23/2025,
92,39.7,gf,0.320,mm,OK,--,8:47:55 PM,6/23/2025,
93,39.6,gf,0.335,mm,OK,--,8:47:55 PM,6/23/2025,
94,39.7,gf,0.340,mm,OK,--,8:47:55 PM,6/23/2025,
95,39.6,gf,0.355,mm,OK,--,8:47:55 PM,6/23/2025,
96,39.5,gf,0.365,mm,OK,--,8:47:55 PM,6/23/2025,
97,39.7,gf,0.375,mm,OK,--,8:47:55 PM,6/23/2025,
98,39.8,gf,0.380,mm,OK,--,8:47:55 PM,6/23/2025,
99,39.9,gf,0.390,mm,OK,--,8:47:55 PM,6/23/2025,
100,39.7,gf,0.395,mm,OK,--,8:47:56 PM,6/23/2025,
101,39.9,gf,0.405,mm,OK,--,8:47:56 PM,6/23/2025,
102,40.0,gf,0.410,mm,OK,--,8:47:56 PM,6/23/2025,
103,40.0,gf,0.420,mm,OK,--,8:47:56 PM,6/23/2025,
104,39.9,gf,0.425,mm,OK,--,8:47:56 PM,6/23/2025,
105,39.9,gf,0.430,mm,OK,--,8:47:56 PM,6/23/2025,
106,40.0,gf,0.435,mm,OK,--,8:47:56 PM,6/23/2025,
107,40.0,gf,0.445,mm,OK,--,8:47:56 PM,6/23/2025,
108,40.1,gf,0.450,mm,OK,--,8:47:56 PM,6/23/2025,
109,40.1,gf,0.455,mm,OK,--,8:47:56 PM,6/23/2025,
110,40.1,gf,0.460,mm,OK,--,8:47:57 PM,6/23/2025,
111,40.2,gf,0.465,mm,OK,--,8:47:57 PM,6/23/2025,
112,40.0,gf,0.470,mm,OK,--,8:47:57 PM,6/23/2025,
113,39.9,gf,0.480,mm,OK,--,8:47:57 PM,6/23/2025,
114,39.8,gf,0.485,mm,OK,--,8:47:57 PM,6/23/2025,
115,39.9,gf,0.490,mm,OK,--,8:47:57 PM,6/23/2025,
116,39.9,gf,0.495,mm,OK,--,8:47:57 PM,6/23/2025,
117,40.0,gf,0.500,mm,OK,--,8:47:57 PM,6/23/2025,
118,39.9,gf,0.505,mm,OK,--,8:47:57 PM,6/23/2025,
119,39.8,gf,0.515,mm,OK,--,8:47:57 PM,6/23/2025,
120,39.8,gf,0.520,mm,OK,--,8:47:58 PM,6/23/2025,
121,39.8,gf,0.525,mm,OK,--,8:47:58 PM,6/23/2025,
122,39.8,gf,0.535,mm,OK,--,8:47:58 PM,6/23/2025,
123,39.9,gf,0.540,mm,OK,--,8:47:58 PM,6/23/2025,
124,39.9,gf,0.545,mm,OK,--,8:47:58 PM,6/23/2025,
125,40.0,gf,0.555,mm,OK,--,8:47:58 PM,6/23/2025,
126,40.0,gf,0.560,mm,OK,--,8:47:58 PM,6/23/2025,
127,40.0,gf,0.570,mm,OK,--,8:47:58 PM,6/23/2025,
128,40.0,gf,0.575,mm,OK,--,8:47:58 PM,6/23/2025,
129,40.1,gf,0.580,mm,OK,--,8:47:58 PM,6/23/2025,
130,40.1,gf,0.585,mm,OK,--,8:47:59 PM,6/23/2025,
131,40.1,gf,0.590,mm,OK,--,8:47:59 PM,6/23/2025,
132,40.3,gf,0.595,mm,OK,--,8:47:59 PM,6/23/2025,
133,40.5,gf,0.605,mm,OK,--,8:47:59 PM,6/23/2025,
134,40.6,gf,0.610,mm,OK,--,8:47:59 PM,6/23/2025,
135,40.8,gf,0.615,mm,OK,--,8:47:59 PM,6/23/2025,
136,40.8,gf,0.620,mm,OK,--,8:47:59 PM,6/23/2025,
137,40.9,gf,0.625,mm,OK,--,8:47:59 PM,6/23/2025,
138,41.0,gf,0.630,mm,OK,--,8:47:59 PM,6/23/2025,
139,41.0,gf,0.635,mm,OK,--,8:47:59 PM,6/23/2025,
140,41.0,gf,0.640,mm,OK,--,8:48:00 PM,6/23/2025,
141,41.0,gf,0.645,mm,OK,--,8:48:00 PM,6/23/2025,
142,40.9,gf,0.650,mm,OK,--,8:48:00 PM,6/23/2025,
143,41.0,gf,0.655,mm,OK,--,8:48:00 PM,6/23/2025,
144,41.0,gf,0.660,mm,OK,--,8:48:00 PM,6/23/2025,
145,40.7,gf,0.665,mm,OK,--,8:48:00 PM,6/23/2025,
146,40.6,gf,0.670,mm,OK,--,8:48:00 PM,6/23/2025,
147,40.6,gf,0.675,mm,OK,--,8:48:00 PM,6/23/2025,
148,40.6,gf,0.680,mm,OK,--,8:48:00 PM,6/23/2025,
149,40.5,gf,0.685,mm,OK,--,8:48:00 PM,6/23/2025,
150,40.5,gf,0.690,mm,OK,--,8:48:01 PM,6/23/2025,
151,40.5,gf,0.695,mm,OK,--,8:48:01 PM,6/23/2025,
152,40.5,gf,0.700,mm,OK,--,8:48:01 PM,6/23/2025,
153,40.6,gf,0.700,mm,OK,--,8:48:01 PM,6/23/2025,
154,40.9,gf,0.705,mm,OK,--,8:48:01 PM,6/23/2025,
155,40.9,gf,0.710,mm,OK,--,8:48:01 PM,6/23/2025,
156,40.9,gf,0.715,mm,OK,--,8:48:01 PM,6/23/2025,
157,40.9,gf,0.720,mm,OK,--,8:48:01 PM,6/23/2025,
158,41.0,gf,0.730,mm,OK,--,8:48:01 PM,6/23/2025,
159,40.9,gf,0.735,mm,OK,--,8:48:01 PM,6/23/2025,
160,41.0,gf,0.740,mm,OK,--,8:48:02 PM,6/23/2025,
161,41.0,gf,0.745,mm,OK,--,8:48:02 PM,6/23/2025,
162,41.0,gf,0.750,mm,OK,--,8:48:02 PM,6/23/2025,
163,40.9,gf,0.760,mm,OK,--,8:48:02 PM,6/23/2025,
164,40.8,gf,0.765,mm,OK,--,8:48:02 PM,6/23/2025,
165,41.0,gf,0.770,mm,OK,--,8:48:02 PM,6/23/2025,
166,40.9,gf,0.775,mm,OK,--,8:48:02 PM,6/23/2025,
167,40.9,gf,0.780,mm,OK,--,8:48:02 PM,6/23/2025,
168,41.1,gf,0.785,mm,OK,--,8:48:02 PM,6/23/2025,
169,41.2,gf,0.790,mm,OK,--,8:48:02 PM,6/23/2025,
170,41.0,gf,0.790,mm,OK,--,8:48:03 PM,6/23/2025,
171,41.3,gf,0.795,mm,OK,--,8:48:03 PM,6/23/2025,
172,41.4,gf,0.800,mm,OK,--,8:48:03 PM,6/23/2025,
173,41.4,gf,0.805,mm,OK,--,8:48:03 PM,6/23/2025,
174,41.5,gf,0.810,mm,OK,--,8:48:03 PM,6/23/2025,
175,41.7,gf,0.815,mm,OK,--,8:48:03 PM,6/23/2025,
176,41.6,gf,0.820,mm,OK,--,8:48:03 PM,6/23/2025,
177,41.7,gf,0.825,mm,OK,--,8:48:03 PM,6/23/2025,
178,41.7,gf,0.830,mm,OK,--,8:48:03 PM,6/23/2025,
179,41.9,gf,0.835,mm,OK,--,8:48:03 PM,6/23/2025,
180,42.0,gf,0.835,mm,OK,--,8:48:04 PM,6/23/2025,
181,42.0,gf,0.840,mm,OK,--,8:48:04 PM,6/23/2025,
182,42.1,gf,0.845,mm,OK,--,8:48:04 PM,6/23/2025,
183,42.3,gf,0.850,mm,OK,--,8:48:04 PM,6/23/2025,
184,42.4,gf,0.860,mm,OK,--,8:48:04 PM,6/23/2025,
185,42.4,gf,0.865,mm,OK,--,8:48:04 PM,6/23/2025,
186,42.5,gf,0.875,mm,OK,--,8:48:04 PM,6/23/2025,
187,42.5,gf,0.885,mm,OK,--,8:48:04 PM,6/23/2025,
188,42.5,gf,0.890,mm,OK,--,8:48:04 PM,6/23/2025,
189,42.6,gf,0.900,mm,OK,--,8:48:04 PM,6/23/2025,
190,42.6,gf,0.905,mm,OK,--,8:48:05 PM,6/23/2025,
191,42.6,gf,0.910,mm,OK,--,8:48:05 PM,6/23/2025,
192,42.6,gf,0.920,mm,OK,--,8:48:05 PM,6/23/2025,
193,42.6,gf,0.925,mm,OK,--,8:48:05 PM,6/23/2025,
194,42.5,gf,0.935,mm,OK,--,8:48:05 PM,6/23/2025,
195,42.4,gf,0.945,mm,OK,--,8:48:05 PM,6/23/2025,
196,42.5,gf,0.960,mm,OK,--,8:48:05 PM,6/23/2025,
197,42.5,gf,0.975,mm,OK,--,8:48:05 PM,6/23/2025,
198,42.5,gf,0.990,mm,OK,--,8:48:05 PM,6/23/2025,
199,42.5,gf,1.005,mm,OK,--,8:48:05 PM,6/23/2025,
200,42.3,gf,1.025,mm,OK,--,8:48:06 PM,6/23/2025,
201,42.7,gf,1.035,mm,OK,--,8:48:06 PM,6/23/2025,
202,43.0,gf,1.045,mm,OK,--,8:48:06 PM,6/23/2025,
203,43.2,gf,1.055,mm,OK,--,8:48:06 PM,6/23/2025,
204,43.4,gf,1.060,mm,OK,--,8:48:06 PM,6/23/2025,
205,43.6,gf,1.070,mm,OK,--,8:48:06 PM,6/23/2025,
206,43.6,gf,1.075,mm,OK,--,8:48:06 PM,6/23/2025,
207,43.8,gf,1.080,mm,OK,--,8:48:06 PM,6/23/2025,
208,44.0,gf,1.085,mm,OK,--,8:48:06 PM,6/23/2025,
209,44.2,gf,1.090,mm,OK,--,8:48:06 PM,6/23/2025,
210,44.3,gf,1.095,mm,OK,--,8:48:07 PM,6/23/2025,
211,44.6,gf,1.100,mm,OK,--,8:48:07 PM,6/23/2025,
212,44.6,gf,1.105,mm,OK,--,8:48:07 PM,6/23/2025,
213,44.8,gf,1.110,mm,OK,--,8:48:07 PM,6/23/2025,
214,44.9,gf,1.115,mm,OK,--,8:48:07 PM,6/23/2025,
215,44.9,gf,1.125,mm,OK,--,8:48:07 PM,6/23/2025,
216,44.9,gf,1.130,mm,OK,--,8:48:07 PM,6/23/2025,
217,44.9,gf,1.135,mm,OK,--,8:48:07 PM,6/23/2025,
218,45.0,gf,1.145,mm,OK,--,8:48:07 PM,6/23/2025,
219,45.0,gf,1.150,mm,OK,--,8:48:07 PM,6/23/2025,
220,45.0,gf,1.155,mm,OK,--,8:48:08 PM,6/23/2025,
221,45.0,gf,1.160,mm,OK,--,8:48:08 PM,6/23/2025,
222,45.0,gf,1.165,mm,OK,--,8:48:08 PM,6/23/2025,
223,45.0,gf,1.170,mm,OK,--,8:48:08 PM,6/23/2025,
224,45.1,gf,1.175,mm,OK,--,8:48:08 PM,6/23/2025,
225,45.3,gf,1.175,mm,OK,--,8:48:08 PM,6/23/2025,
226,45.2,gf,1.180,mm,OK,--,8:48:08 PM,6/23/2025,
227,45.2,gf,1.185,mm,OK,--,8:48:08 PM,6/23/2025,
228,45.4,gf,1.185,mm,OK,--,8:48:08 PM,6/23/2025,
229,45.8,gf,1.185,mm,OK,--,8:48:08 PM,6/23/2025,
230,45.7,gf,1.190,mm,OK,--,8:48:09 PM,6/23/2025,
231,45.7,gf,1.195,mm,OK,--,8:48:09 PM,6/23/2025,
232,45.6,gf,1.195,mm,OK,--,8:48:09 PM,6/23/2025,
233,45.7,gf,1.200,mm,OK,--,8:48:09 PM,6/23/2025,
234,45.6,gf,1.200,mm,OK,--,8:48:09 PM,6/23/2025,
235,45.7,gf,1.200,mm,OK,--,8:48:09 PM,6/23/2025,
236,45.7,gf,1.205,mm,OK,--,8:48:09 PM,6/23/2025,
237,45.7,gf,1.210,mm,OK,--,8:48:09 PM,6/23/2025,
238,45.8,gf,1.210,mm,OK,--,8:48:09 PM,6/23/2025,
239,46.0,gf,1.215,mm,OK,--,8:48:09 PM,6/23/2025,
240,45.9,gf,1.220,mm,OK,--,8:48:10 PM,6/23/2025,
241,45.8,gf,1.225,mm,OK,--,8:48:10 PM,6/23/2025,
242,45.8,gf,1.230,mm,OK,--,8:48:10 PM,6/23/2025,
243,46.0,gf,1.230,mm,OK,--,8:48:10 PM,6/23/2025,
244,45.9,gf,1.235,mm,OK,--,8:48:10 PM,6/23/2025,
245,45.9,gf,1.240,mm,OK,--,8:48:10 PM,6/23/2025,
246,45.9,gf,1.245,mm,OK,--,8:48:10 PM,6/23/2025,
247,45.9,gf,1.250,mm,OK,--,8:48:10 PM,6/23/2025,
248,45.8,gf,1.255,mm,OK,--,8:48:10 PM,6/23/2025,
249,45.8,gf,1.260,mm,OK,--,8:48:10 PM,6/23/2025,
250,45.8,gf,1.260,mm,OK,--,8:48:11 PM,6/23/2025,
251,45.9,gf,1.265,mm,OK,--,8:48:11 PM,6/23/2025,
252,45.9,gf,1.270,mm,OK,--,8:48:11 PM,6/23/2025,
253,46.1,gf,1.275,mm,OK,--,8:48:11 PM,6/23/2025,
254,46.1,gf,1.280,mm,OK,--,8:48:11 PM,6/23/2025,
255,46.2,gf,1.285,mm,OK,--,8:48:11 PM,6/23/2025,
256,46.2,gf,1.290,mm,OK,--,8:48:11 PM,6/23/2025,
257,46.2,gf,1.290,mm,OK,--,8:48:11 PM,6/23/2025,
258,46.3,gf,1.300,mm,OK,--,8:48:11 PM,6/23/2025,
259,46.0,gf,1.310,mm,OK,--,8:48:11 PM,6/23/2025,
260,46.2,gf,1.310,mm,OK,--,8:48:12 PM,6/23/2025,
261,46.2,gf,1.315,mm,OK,--,8:48:12 PM,6/23/2025,
262,46.3,gf,1.325,mm,OK,--,8:48:12 PM,6/23/2025,
263,46.2,gf,1.330,mm,OK,--,8:48:12 PM,6/23/2025,
264,46.3,gf,1.340,mm,OK,--,8:48:12 PM,6/23/2025,
265,46.3,gf,1.350,mm,OK,--,8:48:12 PM,6/23/2025,
266,46.4,gf,1.365,mm,OK,--,8:48:12 PM,6/23/2025,
267,46.4,gf,1.375,mm,OK,--,8:48:12 PM,6/23/2025,
268,46.4,gf,1.390,mm,OK,--,8:48:12 PM,6/23/2025,
269,46.5,gf,1.400,mm,OK,--,8:48:12 PM,6/23/2025,
270,46.6,gf,1.410,mm,OK,--,8:48:13 PM,6/23/2025,
271,46.7,gf,1.415,mm,OK,--,8:48:13 PM,6/23/2025,
272,46.7,gf,1.425,mm,OK,--,8:48:13 PM,6/23/2025,
273,46.8,gf,1.435,mm,OK,--,8:48:13 PM,6/23/2025,
274,46.9,gf,1.440,mm,OK,--,8:48:13 PM,6/23/2025,
275,46.9,gf,1.450,mm,OK,--,8:48:13 PM,6/23/2025,
276,46.8,gf,1.455,mm,OK,--,8:48:13 PM,6/23/2025,
277,46.7,gf,1.465,mm,OK,--,8:48:13 PM,6/23/2025,
278,46.8,gf,1.470,mm,OK,--,8:48:13 PM,6/23/2025,
279,46.9,gf,1.475,mm,OK,--,8:48:13 PM,6/23/2025,
280,46.9,gf,1.480,mm,OK,--,8:48:14 PM,6/23/2025,
281,47.0,gf,1.485,mm,OK,--,8:48:14 PM,6/23/2025,
282,47.1,gf,1.490,mm,OK,--,8:48:14 PM,6/23/2025,
283,47.4,gf,1.495,mm,OK,--,8:48:14 PM,6/23/2025,
284,47.4,gf,1.505,mm,OK,--,8:48:14 PM,6/23/2025,
285,47.5,gf,1.510,mm,OK,--,8:48:14 PM,6/23/2025,
286,47.5,gf,1.515,mm,OK,--,8:48:14 PM,6/23/2025,
287,47.4,gf,1.520,mm,OK,--,8:48:14 PM,6/23/2025,
288,47.4,gf,1.530,mm,OK,--,8:48:14 PM,6/23/2025,
289,47.4,gf,1.535,mm,OK,--,8:48:14 PM,6/23/2025,
290,47.5,gf,1.535,mm,OK,--,8:48:15 PM,6/23/2025,
291,47.6,gf,1.540,mm,OK,--,8:48:15 PM,6/23/2025,
292,47.6,gf,1.545,mm,OK,--,8:48:15 PM,6/23/2025,
293,47.6,gf,1.550,mm,OK,--,8:48:15 PM,6/23/2025,
294,47.6,gf,1.550,mm,OK,--,8:48:15 PM,6/23/2025,
295,47.6,gf,1.555,mm,OK,--,8:48:15 PM,6/23/2025,
296,47.8,gf,1.555,mm,OK,--,8:48:15 PM,6/23/2025,
297,47.8,gf,1.560,mm,OK,--,8:48:15 PM,6/23/2025,
298,47.7,gf,1.565,mm,OK,--,8:48:15 PM,6/23/2025,
299,47.7,gf,1.565,mm,OK,--,8:48:15 PM,6/23/2025,
300,47.7,gf,1.570,mm,OK,--,8:48:16 PM,6/23/2025,
301,47.8,gf,1.570,mm,OK,--,8:48:16 PM,6/23/2025,
302,48.0,gf,1.575,mm,OK,--,8:48:16 PM,6/23/2025,
303,47.9,gf,1.575,mm,OK,--,8:48:16 PM,6/23/2025,
304,48.0,gf,1.575,mm,OK,--,8:48:16 PM,6/23/2025,
305,48.0,gf,1.580,mm,OK,--,8:48:16 PM,6/23/2025,
306,48.1,gf,1.585,mm,OK,--,8:48:16 PM,6/23/2025,
307,48.1,gf,1.585,mm,OK,--,8:48:16 PM,6/23/2025,
308,48.1,gf,1.595,mm,OK,--,8:48:16 PM,6/23/2025,
309,48.1,gf,1.600,mm,OK,--,8:48:16 PM,6/23/2025,
310,48.0,gf,1.605,mm,OK,--,8:48:17 PM,6/23/2025,
311,47.8,gf,1.610,mm,OK,--,8:48:17 PM,6/23/2025,
312,47.8,gf,1.615,mm,OK,--,8:48:17 PM,6/23/2025,
313,47.7,gf,1.620,mm,OK,--,8:48:17 PM,6/23/2025,
314,47.7,gf,1.625,mm,OK,--,8:48:17 PM,6/23/2025,
315,47.7,gf,1.630,mm,OK,--,8:48:17 PM,6/23/2025,
316,47.7,gf,1.635,mm,OK,--,8:48:17 PM,6/23/2025,
317,47.8,gf,1.635,mm,OK,--,8:48:17 PM,6/23/2025,
318,47.9,gf,1.640,mm,OK,--,8:48:17 PM,6/23/2025,
319,47.9,gf,1.650,mm,OK,--,8:48:17 PM,6/23/2025,
320,47.8,gf,1.655,mm,OK,--,8:48:18 PM,6/23/2025,
321,47.8,gf,1.660,mm,OK,--,8:48:18 PM,6/23/2025,
322,47.9,gf,1.665,mm,OK,--,8:48:18 PM,6/23/2025,
323,48.0,gf,1.670,mm,OK,--,8:48:18 PM,6/23/2025,
324,48.0,gf,1.675,mm,OK,--,8:48:18 PM,6/23/2025,
325,48.1,gf,1.685,mm,OK,--,8:48:18 PM,6/23/2025,
326,47.9,gf,1.690,mm,OK,--,8:48:18 PM,6/23/2025,
327,48.0,gf,1.695,mm,OK,--,8:48:18 PM,6/23/2025,
328,47.9,gf,1.700,mm,OK,--,8:48:18 PM,6/23/2025,
329,48.0,gf,1.705,mm,OK,--,8:48:18 PM,6/23/2025,
330,48.0,gf,1.710,mm,OK,--,8:48:19 PM,6/23/2025,
331,48.1,gf,1.715,mm,OK,--,8:48:19 PM,6/23/2025,
332,48.3,gf,1.720,mm,OK,--,8:48:19 PM,6/23/2025,
333,48.3,gf,1.725,mm,OK,--,8:48:19 PM,6/23/2025,
334,48.3,gf,1.725,mm,OK,--,8:48:19 PM,6/23/2025,
335,48.3,gf,1.730,mm,OK,--,8:48:19 PM,6/23/2025,
336,48.3,gf,1.735,mm,OK,--,8:48:19 PM,6/23/2025,
337,48.4,gf,1.735,mm,OK,--,8:48:19 PM,6/23/2025,
338,48.5,gf,1.740,mm,OK,--,8:48:19 PM,6/23/2025,
339,48.6,gf,1.740,mm,OK,--,8:48:19 PM,6/23/2025,
340,48.7,gf,1.745,mm,OK,--,8:48:20 PM,6/23/2025,
341,48.8,gf,1.750,mm,OK,--,8:48:20 PM,6/23/2025,
342,48.8,gf,1.755,mm,OK,--,8:48:20 PM,6/23/2025,
343,48.8,gf,1.755,mm,OK,--,8:48:20 PM,6/23/2025,
344,48.9,gf,1.760,mm,OK,--,8:48:20 PM,6/23/2025,
345,48.9,gf,1.765,mm,OK,--,8:48:20 PM,6/23/2025,
346,49.0,gf,1.770,mm,OK,--,8:48:20 PM,6/23/2025,
347,49.0,gf,1.770,mm,OK,--,8:48:20 PM,6/23/2025,
348,49.1,gf,1.775,mm,OK,--,8:48:20 PM,6/23/2025,
349,49.1,gf,1.780,mm,OK,--,8:48:20 PM,6/23/2025,
350,49.2,gf,1.780,mm,OK,--,8:48:21 PM,6/23/2025,
351,49.3,gf,1.785,mm,OK,--,8:48:21 PM,6/23/2025,
352,49.2,gf,1.790,mm,OK,--,8:48:21 PM,6/23/2025,
353,49.2,gf,1.795,mm,OK,--,8:48:21 PM,6/23/2025,
354,49.2,gf,1.795,mm,OK,--,8:48:21 PM,6/23/2025,
355,49.2,gf,1.800,mm,OK,--,8:48:21 PM,6/23/2025,
356,49.4,gf,1.800,mm,OK,--,8:48:21 PM,6/23/2025,
357,49.4,gf,1.805,mm,OK,--,8:48:21 PM,6/23/2025,
358,49.3,gf,1.810,mm,OK,--,8:48:21 PM,6/23/2025,
359,49.3,gf,1.815,mm,OK,--,8:48:21 PM,6/23/2025,
360,49.3,gf,1.820,mm,OK,--,8:48:22 PM,6/23/2025,
361,49.4,gf,1.825,mm,OK,--,8:48:22 PM,6/23/2025,
362,49.4,gf,1.830,mm,OK,--,8:48:22 PM,6/23/2025,
363,49.5,gf,1.835,mm,OK,--,8:48:22 PM,6/23/2025,
364,49.5,gf,1.840,mm,OK,--,8:48:22 PM,6/23/2025,
365,49.6,gf,1.840,mm,OK,--,8:48:22 PM,6/23/2025,
366,49.7,gf,1.845,mm,OK,--,8:48:22 PM,6/23/2025,
367,49.7,gf,1.850,mm,OK,--,8:48:22 PM,6/23/2025,
368,49.8,gf,1.855,mm,OK,--,8:48:22 PM,6/23/2025,
369,49.9,gf,1.860,mm,OK,--,8:48:22 PM,6/23/2025,
370,49.9,gf,1.865,mm,OK,--,8:48:23 PM,6/23/2025,
371,50.0,gf,1.870,mm,OK,--,8:48:23 PM,6/23/2025,
372,50.0,gf,1.880,mm,OK,--,8:48:23 PM,6/23/2025,
373,50.1,gf,1.885,mm,OK,--,8:48:23 PM,6/23/2025,
374,50.2,gf,1.890,mm,OK,--,8:48:23 PM,6/23/2025,
375,50.3,gf,1.895,mm,OK,--,8:48:23 PM,6/23/2025,
376,50.3,gf,1.900,mm,OK,--,8:48:23 PM,6/23/2025,
377,50.2,gf,1.905,mm,OK,--,8:48:23 PM,6/23/2025,
378,50.3,gf,1.910,mm,OK,--,8:48:23 PM,6/23/2025,
379,50.3,gf,1.915,mm,OK,--,8:48:23 PM,6/23/2025,
380,50.4,gf,1.920,mm,OK,--,8:48:24 PM,6/23/2025,
381,50.3,gf,1.925,mm,OK,--,8:48:24 PM,6/23/2025,
382,50.3,gf,1.930,mm,OK,--,8:48:24 PM,6/23/2025,
383,50.4,gf,1.935,mm,OK,--,8:48:24 PM,6/23/2025,
384,50.5,gf,1.940,mm,OK,--,8:48:24 PM,6/23/2025,
385,50.5,gf,1.945,mm,OK,--,8:48:24 PM,6/23/2025,
386,50.5,gf,1.950,mm,OK,--,8:48:24 PM,6/23/2025,
387,50.5,gf,1.955,mm,OK,--,8:48:24 PM,6/23/2025,
388,50.5,gf,1.960,mm,OK,--,8:48:24 PM,6/23/2025,
389,50.6,gf,1.965,mm,OK,--,8:48:24 PM,6/23/2025,
390,50.7,gf,1.970,mm,OK,--,8:48:25 PM,6/23/2025,
391,50.7,gf,1.975,mm,OK,--,8:48:25 PM,6/23/2025,
392,50.8,gf,1.980,mm,OK,--,8:48:25 PM,6/23/2025,
393,50.9,gf,1.985,mm,OK,--,8:48:25 PM,6/23/2025,
394,50.9,gf,1.990,mm,OK,--,8:48:25 PM,6/23/2025,
395,50.9,gf,1.995,mm,OK,--,8:48:25 PM,6/23/2025,
396,51.0,gf,2.000,mm,OK,--,8:48:25 PM,6/23/2025,
397,51.1,gf,2.005,mm,OK,--,8:48:25 PM,6/23/2025,
398,51.1,gf,2.010,mm,OK,--,8:48:25 PM,6/23/2025,
399,51.1,gf,2.010,mm,OK,--,8:48:25 PM,6/23/2025,
400,51.1,gf,2.015,mm,OK,--,8:48:26 PM,6/23/2025,
401,51.1,gf,2.015,mm,OK,--,8:48:26 PM,6/23/2025,
402,51.1,gf,2.020,mm,OK,--,8:48:26 PM,6/23/2025,
403,51.2,gf,2.025,mm,OK,--,8:48:26 PM,6/23/2025,
404,51.2,gf,2.025,mm,OK,--,8:48:26 PM,6/23/2025,
405,51.2,gf,2.030,mm,OK,--,8:48:26 PM,6/23/2025,
406,51.2,gf,2.035,mm,OK,--,8:48:26 PM,6/23/2025,
407,51.2,gf,2.040,mm,OK,--,8:48:26 PM,6/23/2025,
408,51.2,gf,2.040,mm,OK,--,8:48:26 PM,6/23/2025,
409,51.2,gf,2.045,mm,OK,--,8:48:26 PM,6/23/2025,
410,51.3,gf,2.050,mm,OK,--,8:48:27 PM,6/23/2025,
411,51.3,gf,2.055,mm,OK,--,8:48:27 PM,6/23/2025,
412,51.3,gf,2.055,mm,OK,--,8:48:27 PM,6/23/2025,
413,51.3,gf,2.060,mm,OK,--,8:48:27 PM,6/23/2025,
414,51.3,gf,2.065,mm,OK,--,8:48:27 PM,6/23/2025,
415,51.3,gf,2.070,mm,OK,--,8:48:27 PM,6/23/2025,
416,51.3,gf,2.070,mm,OK,--,8:48:27 PM,6/23/2025,
417,51.3,gf,2.075,mm,OK,--,8:48:27 PM,6/23/2025,
418,51.3,gf,2.080,mm,OK,--,8:48:27 PM,6/23/2025,
419,51.3,gf,2.080,mm,OK,--,8:48:27 PM,6/23/2025,
420,51.3,gf,2.085,mm,OK,--,8:48:28 PM,6/23/2025,
421,51.3,gf,2.090,mm,OK,--,8:48:28 PM,6/23/2025,
422,51.3,gf,2.095,mm,OK,--,8:48:28 PM,6/23/2025,
423,51.3,gf,2.100,mm,OK,--,8:48:28 PM,6/23/2025,
424,51.3,gf,2.105,mm,OK,--,8:48:28 PM,6/23/2025,
425,51.3,gf,2.110,mm,OK,--,8:48:28 PM,6/23/2025,
426,51.3,gf,2.115,mm,OK,--,8:48:28 PM,6/23/2025,
427,51.3,gf,2.120,mm,OK,--,8:48:28 PM,6/23/2025,
428,51.4,gf,2.125,mm,OK,--,8:48:28 PM,6/23/2025,
429,51.4,gf,2.130,mm,OK,--,8:48:28 PM,6/23/2025,
430,51.4,gf,2.135,mm,OK,--,8:48:29 PM,6/23/2025,
431,51.4,gf,2.140,mm,OK,--,8:48:29 PM,6/23/2025,
432,51.4,gf,2.145,mm,OK,--,8:48:29 PM,6/23/2025,
433,51.5,gf,2.150,mm,OK,--,8:48:29 PM,6/23/2025,
434,51.4,gf,2.155,mm,OK,--,8:48:29 PM,6/23/2025,
435,51.5,gf,2.160,mm,OK,--,8:48:29 PM,6/23/2025,
436,51.5,gf,2.165,mm,OK,--,8:48:29 PM,6/23/2025,
437,51.6,gf,2.170,mm,OK,--,8:48:29 PM,6/23/2025,
438,51.6,gf,2.175,mm,OK,--,8:48:29 PM,6/23/2025,
439,51.7,gf,2.180,mm,OK,--,8:48:29 PM,6/23/2025,
440,51.7,gf,2.185,mm,OK,--,8:48:30 PM,6/23/2025,
441,51.8,gf,2.190,mm,OK,--,8:48:30 PM,6/23/2025,
442,51.9,gf,2.195,mm,OK,--,8:48:30 PM,6/23/2025,
443,52.0,gf,2.200,mm,OK,--,8:48:30 PM,6/23/2025,
444,52.1,gf,2.210,mm,OK,--,8:48:30 PM,6/23/2025,
445,52.2,gf,2.215,mm,OK,--,8:48:30 PM,6/23/2025,
446,52.2,gf,2.220,mm,OK,--,8:48:30 PM,6/23/2025,
447,52.3,gf,2.225,mm,OK,--,8:48:30 PM,6/23/2025,
448,52.4,gf,2.230,mm,OK,--,8:48:30 PM,6/23/2025,
449,52.4,gf,2.235,mm,OK,--,8:48:30 PM,6/23/2025,
450,52.4,gf,2.240,mm,OK,--,8:48:31 PM,6/23/2025,
451,52.4,gf,2.250,mm,OK,--,8:48:31 PM,6/23/2025,
452,52.5,gf,2.255,mm,OK,--,8:48:31 PM,6/23/2025,
453,52.6,gf,2.255,mm,OK,--,8:48:31 PM,6/23/2025,
454,52.6,gf,2.260,mm,OK,--,8:48:31 PM,6/23/2025,
455,52.6,gf,2.265,mm,OK,--,8:48:31 PM,6/23/2025,
456,52.7,gf,2.265,mm,OK,--,8:48:31 PM,6/23/2025,
457,52.7,gf,2.270,mm,OK,--,8:48:31 PM,6/23/2025,
458,52.7,gf,2.275,mm,OK,--,8:48:31 PM,6/23/2025,
459,52.7,gf,2.275,mm,OK,--,8:48:31 PM,6/23/2025,
460,52.7,gf,2.280,mm,OK,--,8:48:32 PM,6/23/2025,
461,52.8,gf,2.280,mm,OK,--,8:48:32 PM,6/23/2025,
462,52.8,gf,2.285,mm,OK,--,8:48:32 PM,6/23/2025,
463,52.8,gf,2.285,mm,OK,--,8:48:32 PM,6/23/2025,
464,52.8,gf,2.290,mm,OK,--,8:48:32 PM,6/23/2025,
465,52.8,gf,2.290,mm,OK,--,8:48:32 PM,6/23/2025,
466,52.8,gf,2.290,mm,OK,--,8:48:32 PM,6/23/2025,
467,52.9,gf,2.295,mm,OK,--,8:48:32 PM,6/23/2025,
468,52.9,gf,2.295,mm,OK,--,8:48:32 PM,6/23/2025,
469,52.9,gf,2.300,mm,OK,--,8:48:32 PM,6/23/2025,
470,52.9,gf,2.300,mm,OK,--,8:48:33 PM,6/23/2025,
471,53.0,gf,2.305,mm,OK,--,8:48:33 PM,6/23/2025,
472,53.0,gf,2.305,mm,OK,--,8:48:33 PM,6/23/2025,
473,53.1,gf,2.310,mm,OK,--,8:48:33 PM,6/23/2025,
474,53.0,gf,2.315,mm,OK,--,8:48:33 PM,6/23/2025,
475,53.1,gf,2.315,mm,OK,--,8:48:33 PM,6/23/2025,
476,53.1,gf,2.320,mm,OK,--,8:48:33 PM,6/23/2025,
477,53.1,gf,2.325,mm,OK,--,8:48:33 PM,6/23/2025,
478,53.1,gf,2.325,mm,OK,--,8:48:33 PM,6/23/2025,
479,53.1,gf,2.330,mm,OK,--,8:48:33 PM,6/23/2025,
480,53.1,gf,2.335,mm,OK,--,8:48:34 PM,6/23/2025,
481,53.1,gf,2.340,mm,OK,--,8:48:34 PM,6/23/2025,
482,53.1,gf,2.340,mm,OK,--,8:48:34 PM,6/23/2025,
483,53.2,gf,2.345,mm,OK,--,8:48:34 PM,6/23/2025,
484,53.3,gf,2.350,mm,OK,--,8:48:34 PM,6/23/2025,
485,53.3,gf,2.355,mm,OK,--,8:48:34 PM,6/23/2025,
486,53.3,gf,2.360,mm,OK,--,8:48:34 PM,6/23/2025,
487,53.4,gf,2.365,mm,OK,--,8:48:34 PM,6/23/2025,
488,53.4,gf,2.365,mm,OK,--,8:48:34 PM,6/23/2025,
489,53.4,gf,2.370,mm,OK,--,8:48:34 PM,6/23/2025,
490,53.4,gf,2.375,mm,OK,--,8:48:35 PM,6/23/2025,
491,53.5,gf,2.380,mm,OK,--,8:48:35 PM,6/23/2025,
492,53.5,gf,2.380,mm,OK,--,8:48:35 PM,6/23/2025,
493,53.5,gf,2.385,mm,OK,--,8:48:35 PM,6/23/2025,
494,53.5,gf,2.390,mm,OK,--,8:48:35 PM,6/23/2025,
495,53.6,gf,2.395,mm,OK,--,8:48:35 PM,6/23/2025,
496,53.6,gf,2.395,mm,OK,--,8:48:35 PM,6/23/2025,
497,53.6,gf,2.400,mm,OK,--,8:48:35 PM,6/23/2025,
498,53.6,gf,2.400,mm,OK,--,8:48:35 PM,6/23/2025,
499,53.7,gf,2.405,mm,OK,--,8:48:35 PM,6/23/2025,
500,53.7,gf,2.410,mm,OK,--,8:48:36 PM,6/23/2025,
501,53.7,gf,2.415,mm,OK,--,8:48:36 PM,6/23/2025,
502,53.8,gf,2.420,mm,OK,--,8:48:36 PM,6/23/2025,
503,53.9,gf,2.430,mm,OK,--,8:48:36 PM,6/23/2025,
504,53.9,gf,2.435,mm,OK,--,8:48:36 PM,6/23/2025,
505,53.9,gf,2.440,mm,OK,--,8:48:36 PM,6/23/2025,
506,54.0,gf,2.440,mm,OK,--,8:48:36 PM,6/23/2025,
507,54.0,gf,2.445,mm,OK,--,8:48:36 PM,6/23/2025,
508,54.1,gf,2.445,mm,OK,--,8:48:36 PM,6/23/2025,
509,54.1,gf,2.450,mm,OK,--,8:48:36 PM,6/23/2025,
510,54.1,gf,2.450,mm,OK,--,8:48:37 PM,6/23/2025,
511,54.2,gf,2.450,mm,OK,--,8:48:37 PM,6/23/2025,
512,54.2,gf,2.455,mm,OK,--,8:48:37 PM,6/23/2025,
513,54.3,gf,2.460,mm,OK,--,8:48:37 PM,6/23/2025,
514,54.3,gf,2.470,mm,OK,--,8:48:37 PM,6/23/2025,
515,54.3,gf,2.475,mm,OK,--,8:48:37 PM,6/23/2025,
516,54.3,gf,2.480,mm,OK,--,8:48:37 PM,6/23/2025,
517,54.4,gf,2.485,mm,OK,--,8:48:37 PM,6/23/2025,
518,54.4,gf,2.485,mm,OK,--,8:48:37 PM,6/23/2025,
519,54.4,gf,2.490,mm,OK,--,8:48:37 PM,6/23/2025,
520,54.4,gf,2.490,mm,OK,--,8:48:38 PM,6/23/2025,
521,54.5,gf,2.495,mm,OK,--,8:48:38 PM,6/23/2025,
522,54.5,gf,2.500,mm,OK,--,8:48:38 PM,6/23/2025,
523,54.5,gf,2.500,mm,OK,--,8:48:38 PM,6/23/2025,
524,54.5,gf,2.505,mm,OK,--,8:48:38 PM,6/23/2025,
525,54.5,gf,2.510,mm,OK,--,8:48:38 PM,6/23/2025,
526,54.5,gf,2.510,mm,OK,--,8:48:38 PM,6/23/2025,
527,54.5,gf,2.515,mm,OK,--,8:48:38 PM,6/23/2025,
528,54.6,gf,2.515,mm,OK,--,8:48:38 PM,6/23/2025,
529,54.6,gf,2.520,mm,OK,--,8:48:38 PM,6/23/2025,
530,54.6,gf,2.525,mm,OK,--,8:48:39 PM,6/23/2025,
531,54.7,gf,2.525,mm,OK,--,8:48:39 PM,6/23/2025,
532,54.7,gf,2.530,mm,OK,--,8:48:39 PM,6/23/2025,
533,54.7,gf,2.535,mm,OK,--,8:48:39 PM,6/23/2025,
534,54.7,gf,2.540,mm,OK,--,8:48:39 PM,6/23/2025,
535,54.8,gf,2.540,mm,OK,--,8:48:39 PM,6/23/2025,
536,54.9,gf,2.545,mm,OK,--,8:48:39 PM,6/23/2025,
537,54.9,gf,2.555,mm,OK,--,8:48:39 PM,6/23/2025,
538,54.9,gf,2.560,mm,OK,--,8:48:39 PM,6/23/2025,
539,55.0,gf,2.570,mm,OK,--,8:48:39 PM,6/23/2025,
540,55.0,gf,2.575,mm,OK,--,8:48:40 PM,6/23/2025,
541,55.1,gf,2.585,mm,OK,--,8:48:40 PM,6/23/2025,
542,55.1,gf,2.590,mm,OK,--,8:48:40 PM,6/23/2025,
543,55.2,gf,2.600,mm,OK,--,8:48:40 PM,6/23/2025,
544,55.3,gf,2.615,mm,OK,--,8:48:40 PM,6/23/2025,
545,55.4,gf,2.625,mm,OK,--,8:48:40 PM,6/23/2025,
546,55.5,gf,2.635,mm,OK,--,8:48:40 PM,6/23/2025,
547,55.6,gf,2.645,mm,OK,--,8:48:40 PM,6/23/2025,
548,55.6,gf,2.655,mm,OK,--,8:48:40 PM,6/23/2025,
549,55.8,gf,2.660,mm,OK,--,8:48:40 PM,6/23/2025,
550,55.8,gf,2.670,mm,OK,--,8:48:41 PM,6/23/2025,
551,56.0,gf,2.675,mm,OK,--,8:48:41 PM,6/23/2025,
552,56.0,gf,2.685,mm,OK,--,8:48:41 PM,6/23/2025,
553,56.0,gf,2.690,mm,OK,--,8:48:41 PM,6/23/2025,
554,56.1,gf,2.695,mm,OK,--,8:48:41 PM,6/23/2025,
555,56.2,gf,2.700,mm,OK,--,8:48:41 PM,6/23/2025,
556,56.2,gf,2.710,mm,OK,--,8:48:41 PM,6/23/2025,
557,56.3,gf,2.715,mm,OK,--,8:48:41 PM,6/23/2025,
558,56.3,gf,2.725,mm,OK,--,8:48:41 PM,6/23/2025,
559,56.3,gf,2.730,mm,OK,--,8:48:41 PM,6/23/2025,
560,56.4,gf,2.735,mm,OK,--,8:48:42 PM,6/23/2025,
561,56.4,gf,2.740,mm,OK,--,8:48:42 PM,6/23/2025,
562,56.4,gf,2.745,mm,OK,--,8:48:42 PM,6/23/2025,
563,56.5,gf,2.750,mm,OK,--,8:48:42 PM,6/23/2025,
564,56.6,gf,2.755,mm,OK,--,8:48:42 PM,6/23/2025,
565,56.6,gf,2.760,mm,OK,--,8:48:42 PM,6/23/2025,
566,56.7,gf,2.770,mm,OK,--,8:48:42 PM,6/23/2025,
567,56.7,gf,2.775,mm,OK,--,8:48:42 PM,6/23/2025,
568,56.7,gf,2.780,mm,OK,--,8:48:42 PM,6/23/2025,
569,56.8,gf,2.790,mm,OK,--,8:48:42 PM,6/23/2025,
570,56.9,gf,2.800,mm,OK,--,8:48:43 PM,6/23/2025,
571,57.0,gf,2.810,mm,OK,--,8:48:43 PM,6/23/2025,
572,57.1,gf,2.820,mm,OK,--,8:48:43 PM,6/23/2025,
573,57.2,gf,2.835,mm,OK,--,8:48:43 PM,6/23/2025,
574,57.3,gf,2.845,mm,OK,--,8:48:43 PM,6/23/2025,
575,57.3,gf,2.850,mm,OK,--,8:48:43 PM,6/23/2025,
576,57.4,gf,2.860,mm,OK,--,8:48:43 PM,6/23/2025,
577,57.4,gf,2.865,mm,OK,--,8:48:43 PM,6/23/2025,
578,57.4,gf,2.870,mm,OK,--,8:48:43 PM,6/23/2025,
579,57.5,gf,2.875,mm,OK,--,8:48:43 PM,6/23/2025,
580,57.5,gf,2.880,mm,OK,--,8:48:44 PM,6/23/2025,
581,57.5,gf,2.885,mm,OK,--,8:48:44 PM,6/23/2025,
582,57.5,gf,2.885,mm,OK,--,8:48:44 PM,6/23/2025,
583,57.5,gf,2.890,mm,OK,--,8:48:44 PM,6/23/2025,
584,57.6,gf,2.890,mm,OK,--,8:48:44 PM,6/23/2025,
585,57.6,gf,2.895,mm,OK,--,8:48:44 PM,6/23/2025,
586,57.6,gf,2.905,mm,OK,--,8:48:44 PM,6/23/2025,
587,57.6,gf,2.910,mm,OK,--,8:48:44 PM,6/23/2025,
588,57.7,gf,2.915,mm,OK,--,8:48:44 PM,6/23/2025,
589,57.7,gf,2.920,mm,OK,--,8:48:44 PM,6/23/2025,
590,57.7,gf,2.925,mm,OK,--,8:48:45 PM,6/23/2025,
591,57.8,gf,2.930,mm,OK,--,8:48:45 PM,6/23/2025,
592,57.8,gf,2.930,mm,OK,--,8:48:45 PM,6/23/2025,
593,57.8,gf,2.935,mm,OK,--,8:48:45 PM,6/23/2025,
594,57.8,gf,2.935,mm,OK,--,8:48:45 PM,6/23/2025,
595,57.8,gf,2.940,mm,OK,--,8:48:45 PM,6/23/2025,
596,57.8,gf,2.940,mm,OK,--,8:48:45 PM,6/23/2025,
597,57.8,gf,2.945,mm,OK,--,8:48:45 PM,6/23/2025,
598,57.8,gf,2.945,mm,OK,--,8:48:45 PM,6/23/2025,
599,57.9,gf,2.950,mm,OK,--,8:48:45 PM,6/23/2025,
600,57.9,gf,2.955,mm,OK,--,8:48:46 PM,6/23/2025,
601,58.0,gf,2.955,mm,OK,--,8:48:46 PM,6/23/2025,
602,58.0,gf,2.960,mm,OK,--,8:48:46 PM,6/23/2025,
603,58.0,gf,2.960,mm,OK,--,8:48:46 PM,6/23/2025,
604,58.0,gf,2.965,mm,OK,--,8:48:46 PM,6/23/2025,
605,58.1,gf,2.965,mm,OK,--,8:48:46 PM,6/23/2025,
606,58.1,gf,2.970,mm,OK,--,8:48:46 PM,6/23/2025,
607,58.1,gf,2.970,mm,OK,--,8:48:46 PM,6/23/2025,
608,58.1,gf,2.975,mm,OK,--,8:48:46 PM,6/23/2025,
609,58.1,gf,2.975,mm,OK,--,8:48:46 PM,6/23/2025,
610,58.1,gf,2.980,mm,OK,--,8:48:47 PM,6/23/2025,
611,58.2,gf,2.980,mm,OK,--,8:48:47 PM,6/23/2025,
612,58.2,gf,2.980,mm,OK,--,8:48:47 PM,6/23/2025,
613,58.2,gf,2.985,mm,OK,--,8:48:47 PM,6/23/2025,
614,58.2,gf,2.985,mm,OK,--,8:48:47 PM,6/23/2025,
615,58.2,gf,2.990,mm,OK,--,8:48:47 PM,6/23/2025,
616,58.3,gf,2.990,mm,OK,--,8:48:47 PM,6/23/2025,
617,58.3,gf,2.995,mm,OK,--,8:48:47 PM,6/23/2025,
618,58.3,gf,2.995,mm,OK,--,8:48:47 PM,6/23/2025,
619,58.3,gf,3.000,mm,OK,--,8:48:47 PM,6/23/2025,
620,58.4,gf,3.000,mm,OK,--,8:48:48 PM,6/23/2025,
621,58.4,gf,3.005,mm,OK,--,8:48:48 PM,6/23/2025,
622,58.4,gf,3.010,mm,OK,--,8:48:48 PM,6/23/2025,
623,58.4,gf,3.010,mm,OK,--,8:48:48 PM,6/23/2025,
624,58.4,gf,3.015,mm,OK,--,8:48:48 PM,6/23/2025,
625,58.4,gf,3.015,mm,OK,--,8:48:48 PM,6/23/2025,
626,58.5,gf,3.020,mm,OK,--,8:48:48 PM,6/23/2025,
627,58.5,gf,3.020,mm,OK,--,8:48:48 PM,6/23/2025,
628,58.5,gf,3.025,mm,OK,--,8:48:48 PM,6/23/2025,
629,58.5,gf,3.030,mm,OK,--,8:48:48 PM,6/23/2025,
630,58.6,gf,3.035,mm,OK,--,8:48:49 PM,6/23/2025,
631,58.6,gf,3.035,mm,OK,--,8:48:49 PM,6/23/2025,
632,58.6,gf,3.040,mm,OK,--,8:48:49 PM,6/23/2025,
633,58.6,gf,3.045,mm,OK,--,8:48:49 PM,6/23/2025,
634,58.6,gf,3.050,mm,OK,--,8:48:49 PM,6/23/2025,
635,58.7,gf,3.055,mm,OK,--,8:48:49 PM,6/23/2025,
636,58.7,gf,3.060,mm,OK,--,8:48:49 PM,6/23/2025,
637,58.8,gf,3.065,mm,OK,--,8:48:49 PM,6/23/2025,
638,58.8,gf,3.070,mm,OK,--,8:48:49 PM,6/23/2025,
639,58.8,gf,3.075,mm,OK,--,8:48:49 PM,6/23/2025,
640,58.9,gf,3.080,mm,OK,--,8:48:50 PM,6/23/2025,
641,58.9,gf,3.090,mm,OK,--,8:48:50 PM,6/23/2025,
642,58.9,gf,3.095,mm,OK,--,8:48:50 PM,6/23/2025,
643,59.0,gf,3.100,mm,OK,--,8:48:50 PM,6/23/2025,
644,59.0,gf,3.105,mm,OK,--,8:48:50 PM,6/23/2025,
645,59.0,gf,3.110,mm,OK,--,8:48:50 PM,6/23/2025,
646,59.0,gf,3.115,mm,OK,--,8:48:50 PM,6/23/2025,
647,59.1,gf,3.120,mm,OK,--,8:48:50 PM,6/23/2025,
648,59.1,gf,3.125,mm,OK,--,8:48:50 PM,6/23/2025,
649,59.1,gf,3.125,mm,OK,--,8:48:50 PM,6/23/2025,
650,59.2,gf,3.130,mm,OK,--,8:48:51 PM,6/23/2025,
651,59.2,gf,3.135,mm,OK,--,8:48:51 PM,6/23/2025,
652,59.2,gf,3.135,mm,OK,--,8:48:51 PM,6/23/2025,
653,59.2,gf,3.140,mm,OK,--,8:48:51 PM,6/23/2025,
654,59.2,gf,3.145,mm,OK,--,8:48:51 PM,6/23/2025,
655,59.3,gf,3.150,mm,OK,--,8:48:51 PM,6/23/2025,
656,59.3,gf,3.150,mm,OK,--,8:48:51 PM,6/23/2025,
657,59.3,gf,3.155,mm,OK,--,8:48:51 PM,6/23/2025,
658,59.3,gf,3.160,mm,OK,--,8:48:51 PM,6/23/2025,
659,59.3,gf,3.160,mm,OK,--,8:48:51 PM,6/23/2025,
660,59.3,gf,3.165,mm,OK,--,8:48:52 PM,6/23/2025,
661,59.4,gf,3.165,mm,OK,--,8:48:52 PM,6/23/2025,
662,59.4,gf,3.170,mm,OK,--,8:48:52 PM,6/23/2025,
663,59.4,gf,3.175,mm,OK,--,8:48:52 PM,6/23/2025,
664,59.5,gf,3.180,mm,OK,--,8:48:52 PM,6/23/2025,
665,59.5,gf,3.180,mm,OK,--,8:48:52 PM,6/23/2025,
666,59.5,gf,3.185,mm,OK,--,8:48:52 PM,6/23/2025,
667,59.5,gf,3.190,mm,OK,--,8:48:52 PM,6/23/2025,
668,59.5,gf,3.195,mm,OK,--,8:48:52 PM,6/23/2025,
669,59.6,gf,3.195,mm,OK,--,8:48:52 PM,6/23/2025,
670,59.6,gf,3.200,mm,OK,--,8:48:53 PM,6/23/2025,
671,59.6,gf,3.205,mm,OK,--,8:48:53 PM,6/23/2025,
672,59.6,gf,3.210,mm,OK,--,8:48:53 PM,6/23/2025,
673,59.6,gf,3.210,mm,OK,--,8:48:53 PM,6/23/2025,
674,59.6,gf,3.215,mm,OK,--,8:48:53 PM,6/23/2025,
675,59.7,gf,3.220,mm,OK,--,8:48:53 PM,6/23/2025,
676,59.7,gf,3.220,mm,OK,--,8:48:53 PM,6/23/2025,
677,59.7,gf,3.225,mm,OK,--,8:48:53 PM,6/23/2025,
678,59.8,gf,3.230,mm,OK,--,8:48:53 PM,6/23/2025,
679,59.8,gf,3.230,mm,OK,--,8:48:53 PM,6/23/2025,
680,59.8,gf,3.230,mm,OK,--,8:48:54 PM,6/23/2025,
681,59.8,gf,3.235,mm,OK,--,8:48:54 PM,6/23/2025,
682,59.8,gf,3.235,mm,OK,--,8:48:54 PM,6/23/2025,
683,59.8,gf,3.240,mm,OK,--,8:48:54 PM,6/23/2025,
684,59.8,gf,3.245,mm,OK,--,8:48:54 PM,6/23/2025,
685,59.9,gf,3.245,mm,OK,--,8:48:54 PM,6/23/2025,
686,59.9,gf,3.250,mm,OK,--,8:48:54 PM,6/23/2025,
687,59.9,gf,3.250,mm,OK,--,8:48:54 PM,6/23/2025,
688,59.9,gf,3.255,mm,OK,--,8:48:54 PM,6/23/2025,
689,60.0,gf,3.260,mm,OK,--,8:48:54 PM,6/23/2025,
690,60.0,gf,3.260,mm,OK,--,8:48:55 PM,6/23/2025,
691,60.0,gf,3.265,mm,OK,--,8:48:55 PM,6/23/2025,
692,60.0,gf,3.265,mm,OK,--,8:48:55 PM,6/23/2025,
693,60.0,gf,3.270,mm,OK,--,8:48:55 PM,6/23/2025,
694,60.0,gf,3.275,mm,OK,--,8:48:55 PM,6/23/2025,
695,60.0,gf,3.275,mm,OK,--,8:48:55 PM,6/23/2025,
696,60.0,gf,3.280,mm,OK,--,8:48:55 PM,6/23/2025,
697,60.0,gf,3.285,mm,OK,--,8:48:55 PM,6/23/2025,
698,60.0,gf,3.285,mm,OK,--,8:48:55 PM,6/23/2025,
699,60.1,gf,3.290,mm,OK,--,8:48:55 PM,6/23/2025,
700,60.1,gf,3.290,mm,OK,--,8:48:56 PM,6/23/2025,
701,60.1,gf,3.295,mm,OK,--,8:48:56 PM,6/23/2025,
702,60.1,gf,3.295,mm,OK,--,8:48:56 PM,6/23/2025,
703,60.1,gf,3.295,mm,OK,--,8:48:56 PM,6/23/2025,
704,60.1,gf,3.300,mm,OK,--,8:48:56 PM,6/23/2025,
705,60.2,gf,3.300,mm,OK,--,8:48:56 PM,6/23/2025,
706,60.2,gf,3.300,mm,OK,--,8:48:56 PM,6/23/2025,
707,60.2,gf,3.305,mm,OK,--,8:48:56 PM,6/23/2025,
708,60.2,gf,3.305,mm,OK,--,8:48:56 PM,6/23/2025,
709,60.2,gf,3.305,mm,OK,--,8:48:56 PM,6/23/2025,
710,60.3,gf,3.310,mm,OK,--,8:48:57 PM,6/23/2025,
711,60.3,gf,3.310,mm,OK,--,8:48:57 PM,6/23/2025,
712,60.3,gf,3.315,mm,OK,--,8:48:57 PM,6/23/2025,
713,60.3,gf,3.315,mm,OK,--,8:48:57 PM,6/23/2025,
714,60.4,gf,3.315,mm,OK,--,8:48:57 PM,6/23/2025,
715,60.4,gf,3.320,mm,OK,--,8:48:57 PM,6/23/2025,
716,60.4,gf,3.320,mm,OK,--,8:48:57 PM,6/23/2025,
717,60.4,gf,3.325,mm,OK,--,8:48:57 PM,6/23/2025,
718,60.4,gf,3.325,mm,OK,--,8:48:57 PM,6/23/2025,
719,60.4,gf,3.325,mm,OK,--,8:48:57 PM,6/23/2025,
720,60.4,gf,3.330,mm,OK,--,8:48:58 PM,6/23/2025,
721,60.4,gf,3.330,mm,OK,--,8:48:58 PM,6/23/2025,
722,60.4,gf,3.330,mm,OK,--,8:48:58 PM,6/23/2025,
723,60.4,gf,3.330,mm,OK,--,8:48:58 PM,6/23/2025,
724,60.4,gf,3.335,mm,OK,--,8:48:58 PM,6/23/2025,
725,60.5,gf,3.335,mm,OK,--,8:48:58 PM,6/23/2025,
726,60.5,gf,3.335,mm,OK,--,8:48:58 PM,6/23/2025,
727,60.5,gf,3.335,mm,OK,--,8:48:58 PM,6/23/2025,
728,60.5,gf,3.335,mm,OK,--,8:48:58 PM,6/23/2025,
729,60.5,gf,3.340,mm,OK,--,8:48:58 PM,6/23/2025,
730,60.5,gf,3.340,mm,OK,--,8:48:59 PM,6/23/2025,
731,60.5,gf,3.340,mm,OK,--,8:48:59 PM,6/23/2025,
732,60.5,gf,3.340,mm,OK,--,8:48:59 PM,6/23/2025,
733,60.5,gf,3.340,mm,OK,--,8:48:59 PM,6/23/2025,
734,60.5,gf,3.345,mm,OK,--,8:48:59 PM,6/23/2025,
735,60.5,gf,3.345,mm,OK,--,8:48:59 PM,6/23/2025,
736,60.5,gf,3.345,mm,OK,--,8:48:59 PM,6/23/2025,
737,60.5,gf,3.345,mm,OK,--,8:48:59 PM,6/23/2025,
738,60.5,gf,3.350,mm,OK,--,8:48:59 PM,6/23/2025,
739,60.6,gf,3.350,mm,OK,--,8:48:59 PM,6/23/2025,
740,60.6,gf,3.350,mm,OK,--,8:49:00 PM,6/23/2025,
741,60.6,gf,3.355,mm,OK,--,8:49:00 PM,6/23/2025,
742,60.6,gf,3.355,mm,OK,--,8:49:00 PM,6/23/2025,
743,60.6,gf,3.355,mm,OK,--,8:49:00 PM,6/23/2025,
744,60.7,gf,3.360,mm,OK,--,8:49:00 PM,6/23/2025,
745,60.7,gf,3.360,mm,OK,--,8:49:00 PM,6/23/2025,
746,60.8,gf,3.365,mm,OK,--,8:49:00 PM,6/23/2025,
747,60.8,gf,3.370,mm,OK,--,8:49:00 PM,6/23/2025,
748,60.8,gf,3.375,mm,OK,--,8:49:00 PM,6/23/2025,
749,60.8,gf,3.380,mm,OK,--,8:49:00 PM,6/23/2025,
750,60.9,gf,3.385,mm,OK,--,8:49:01 PM,6/23/2025,
751,61.0,gf,3.395,mm,OK,--,8:49:01 PM,6/23/2025,
752,61.1,gf,3.400,mm,OK,--,8:49:01 PM,6/23/2025,
753,61.1,gf,3.410,mm,OK,--,8:49:01 PM,6/23/2025,
754,61.2,gf,3.415,mm,OK,--,8:49:01 PM,6/23/2025,
755,61.2,gf,3.425,mm,OK,--,8:49:01 PM,6/23/2025,
756,61.3,gf,3.430,mm,OK,--,8:49:01 PM,6/23/2025,
757,61.3,gf,3.440,mm,OK,--,8:49:01 PM,6/23/2025,
758,61.4,gf,3.445,mm,OK,--,8:49:01 PM,6/23/2025,
759,61.4,gf,3.455,mm,OK,--,8:49:01 PM,6/23/2025,
760,61.4,gf,3.460,mm,OK,--,8:49:02 PM,6/23/2025,
761,61.5,gf,3.465,mm,OK,--,8:49:02 PM,6/23/2025,
762,61.6,gf,3.475,mm,OK,--,8:49:02 PM,6/23/2025,
763,61.6,gf,3.480,mm,OK,--,8:49:02 PM,6/23/2025,
764,61.7,gf,3.485,mm,OK,--,8:49:02 PM,6/23/2025,
765,61.8,gf,3.495,mm,OK,--,8:49:02 PM,6/23/2025,
766,61.8,gf,3.505,mm,OK,--,8:49:02 PM,6/23/2025,
767,61.9,gf,3.515,mm,OK,--,8:49:02 PM,6/23/2025,
768,62.0,gf,3.520,mm,OK,--,8:49:02 PM,6/23/2025,
769,62.1,gf,3.525,mm,OK,--,8:49:02 PM,6/23/2025,
770,62.1,gf,3.535,mm,OK,--,8:49:03 PM,6/23/2025,
771,62.1,gf,3.540,mm,OK,--,8:49:03 PM,6/23/2025,
772,62.2,gf,3.545,mm,OK,--,8:49:03 PM,6/23/2025,
773,62.3,gf,3.550,mm,OK,--,8:49:03 PM,6/23/2025,
774,62.4,gf,3.555,mm,OK,--,8:49:03 PM,6/23/2025,
775,62.5,gf,3.565,mm,OK,--,8:49:03 PM,6/23/2025,
776,62.6,gf,3.575,mm,OK,--,8:49:03 PM,6/23/2025,
777,62.6,gf,3.580,mm,OK,--,8:49:03 PM,6/23/2025,
778,62.6,gf,3.590,mm,OK,--,8:49:03 PM,6/23/2025,
779,62.6,gf,3.595,mm,OK,--,8:49:03 PM,6/23/2025,
780,62.7,gf,3.605,mm,OK,--,8:49:04 PM,6/23/2025,
781,62.7,gf,3.610,mm,OK,--,8:49:04 PM,6/23/2025,
782,62.7,gf,3.615,mm,OK,--,8:49:04 PM,6/23/2025,
783,62.8,gf,3.625,mm,OK,--,8:49:04 PM,6/23/2025,
784,62.9,gf,3.630,mm,OK,--,8:49:04 PM,6/23/2025,
785,63.0,gf,3.640,mm,OK,--,8:49:04 PM,6/23/2025,
786,63.0,gf,3.645,mm,OK,--,8:49:04 PM,6/23/2025,
787,63.0,gf,3.655,mm,OK,--,8:49:04 PM,6/23/2025,
788,63.0,gf,3.660,mm,OK,--,8:49:04 PM,6/23/2025,
789,63.1,gf,3.665,mm,OK,--,8:49:04 PM,6/23/2025,
790,63.1,gf,3.670,mm,OK,--,8:49:05 PM,6/23/2025,
791,63.1,gf,3.675,mm,OK,--,8:49:05 PM,6/23/2025,
792,63.1,gf,3.680,mm,OK,--,8:49:05 PM,6/23/2025,
793,63.2,gf,3.685,mm,OK,--,8:49:05 PM,6/23/2025,
794,63.2,gf,3.690,mm,OK,--,8:49:05 PM,6/23/2025,
795,63.2,gf,3.695,mm,OK,--,8:49:05 PM,6/23/2025,
796,63.2,gf,3.700,mm,OK,--,8:49:05 PM,6/23/2025,
797,63.3,gf,3.700,mm,OK,--,8:49:05 PM,6/23/2025,
798,63.3,gf,3.705,mm,OK,--,8:49:05 PM,6/23/2025,
799,63.3,gf,3.710,mm,OK,--,8:49:05 PM,6/23/2025,
800,63.3,gf,3.710,mm,OK,--,8:49:06 PM,6/23/2025,
801,63.4,gf,3.715,mm,OK,--,8:49:06 PM,6/23/2025,
802,63.4,gf,3.720,mm,OK,--,8:49:06 PM,6/23/2025,
803,63.5,gf,3.725,mm,OK,--,8:49:06 PM,6/23/2025,
804,63.6,gf,3.725,mm,OK,--,8:49:06 PM,6/23/2025,
805,63.5,gf,3.730,mm,OK,--,8:49:06 PM,6/23/2025,
806,63.5,gf,3.735,mm,OK,--,8:49:06 PM,6/23/2025,
807,63.6,gf,3.740,mm,OK,--,8:49:06 PM,6/23/2025,
808,63.6,gf,3.740,mm,OK,--,8:49:06 PM,6/23/2025,
809,63.6,gf,3.745,mm,OK,--,8:49:06 PM,6/23/2025,
810,63.6,gf,3.750,mm,OK,--,8:49:07 PM,6/23/2025,
811,63.6,gf,3.755,mm,OK,--,8:49:07 PM,6/23/2025,
812,63.7,gf,3.760,mm,OK,--,8:49:07 PM,6/23/2025,
813,63.7,gf,3.760,mm,OK,--,8:49:07 PM,6/23/2025,
814,63.7,gf,3.765,mm,OK,--,8:49:07 PM,6/23/2025,
815,63.8,gf,3.770,mm,OK,--,8:49:07 PM,6/23/2025,
816,63.8,gf,3.775,mm,OK,--,8:49:07 PM,6/23/2025,
817,63.8,gf,3.780,mm,OK,--,8:49:07 PM,6/23/2025,
818,63.8,gf,3.785,mm,OK,--,8:49:07 PM,6/23/2025,
819,63.9,gf,3.785,mm,OK,--,8:49:07 PM,6/23/2025,
820,63.9,gf,3.790,mm,OK,--,8:49:08 PM,6/23/2025,
821,63.9,gf,3.795,mm,OK,--,8:49:08 PM,6/23/2025,
822,64.0,gf,3.795,mm,OK,--,8:49:08 PM,6/23/2025,
823,64.0,gf,3.800,mm,OK,--,8:49:08 PM,6/23/2025,
824,64.0,gf,3.805,mm,OK,--,8:49:08 PM,6/23/2025,
825,64.0,gf,3.805,mm,OK,--,8:49:08 PM,6/23/2025,
826,64.1,gf,3.810,mm,OK,--,8:49:08 PM,6/23/2025,
827,64.1,gf,3.815,mm,OK,--,8:49:08 PM,6/23/2025,
828,64.1,gf,3.820,mm,OK,--,8:49:08 PM,6/23/2025,
829,64.1,gf,3.825,mm,OK,--,8:49:08 PM,6/23/2025,
830,64.2,gf,3.825,mm,OK,--,8:49:09 PM,6/23/2025,
831,64.2,gf,3.830,mm,OK,--,8:49:09 PM,6/23/2025,
832,64.3,gf,3.835,mm,OK,--,8:49:09 PM,6/23/2025,
833,64.3,gf,3.840,mm,OK,--,8:49:09 PM,6/23/2025,
834,64.4,gf,3.840,mm,OK,--,8:49:09 PM,6/23/2025,
835,64.3,gf,3.845,mm,OK,--,8:49:09 PM,6/23/2025,
836,64.3,gf,3.850,mm,OK,--,8:49:09 PM,6/23/2025,
837,64.3,gf,3.850,mm,OK,--,8:49:09 PM,6/23/2025,
838,64.3,gf,3.855,mm,OK,--,8:49:09 PM,6/23/2025,
839,64.4,gf,3.855,mm,OK,--,8:49:09 PM,6/23/2025,
840,64.4,gf,3.860,mm,OK,--,8:49:10 PM,6/23/2025,
841,64.4,gf,3.860,mm,OK,--,8:49:10 PM,6/23/2025,
842,64.4,gf,3.865,mm,OK,--,8:49:10 PM,6/23/2025,
843,64.4,gf,3.865,mm,OK,--,8:49:10 PM,6/23/2025,
844,64.4,gf,3.870,mm,OK,--,8:49:10 PM,6/23/2025,
845,64.5,gf,3.870,mm,OK,--,8:49:10 PM,6/23/2025,
846,64.5,gf,3.875,mm,OK,--,8:49:10 PM,6/23/2025,
847,64.5,gf,3.880,mm,OK,--,8:49:10 PM,6/23/2025,
848,64.5,gf,3.885,mm,OK,--,8:49:10 PM,6/23/2025,
849,64.5,gf,3.885,mm,OK,--,8:49:10 PM,6/23/2025,
850,64.6,gf,3.890,mm,OK,--,8:49:11 PM,6/23/2025,
851,64.6,gf,3.895,mm,OK,--,8:49:11 PM,6/23/2025,
852,64.5,gf,3.895,mm,OK,--,8:49:11 PM,6/23/2025,
853,64.5,gf,3.900,mm,OK,--,8:49:11 PM,6/23/2025,
854,64.6,gf,3.905,mm,OK,--,8:49:11 PM,6/23/2025,
855,64.6,gf,3.905,mm,OK,--,8:49:11 PM,6/23/2025,
856,64.6,gf,3.910,mm,OK,--,8:49:11 PM,6/23/2025,
857,64.7,gf,3.915,mm,OK,--,8:49:11 PM,6/23/2025,
858,64.6,gf,3.915,mm,OK,--,8:49:11 PM,6/23/2025,
859,64.7,gf,3.920,mm,OK,--,8:49:11 PM,6/23/2025,
860,64.7,gf,3.920,mm,OK,--,8:49:12 PM,6/23/2025,
861,64.7,gf,3.925,mm,OK,--,8:49:12 PM,6/23/2025,
862,64.7,gf,3.925,mm,OK,--,8:49:12 PM,6/23/2025,
863,64.7,gf,3.930,mm,OK,--,8:49:12 PM,6/23/2025,
864,64.8,gf,3.930,mm,OK,--,8:49:12 PM,6/23/2025,
865,64.8,gf,3.935,mm,OK,--,8:49:12 PM,6/23/2025,
866,64.8,gf,3.935,mm,OK,--,8:49:12 PM,6/23/2025,
867,64.8,gf,3.935,mm,OK,--,8:49:12 PM,6/23/2025,
868,64.8,gf,3.935,mm,OK,--,8:49:12 PM,6/23/2025,
869,64.8,gf,3.940,mm,OK,--,8:49:12 PM,6/23/2025,
870,64.8,gf,3.940,mm,OK,--,8:49:13 PM,6/23/2025,
871,64.9,gf,3.945,mm,OK,--,8:49:13 PM,6/23/2025,
872,64.9,gf,3.945,mm,OK,--,8:49:13 PM,6/23/2025,
873,64.9,gf,3.945,mm,OK,--,8:49:13 PM,6/23/2025,
874,65.0,gf,3.950,mm,OK,--,8:49:13 PM,6/23/2025,
875,65.0,gf,3.950,mm,OK,--,8:49:13 PM,6/23/2025,
876,65.0,gf,3.955,mm,OK,--,8:49:13 PM,6/23/2025,
877,65.0,gf,3.955,mm,OK,--,8:49:13 PM,6/23/2025,
878,65.0,gf,3.955,mm,OK,--,8:49:13 PM,6/23/2025,
879,65.1,gf,3.960,mm,OK,--,8:49:13 PM,6/23/2025,
880,65.1,gf,3.960,mm,OK,--,8:49:14 PM,6/23/2025,
881,65.1,gf,3.960,mm,OK,--,8:49:14 PM,6/23/2025,
882,65.1,gf,3.965,mm,OK,--,8:49:14 PM,6/23/2025,
883,65.3,gf,3.965,mm,OK,--,8:49:14 PM,6/23/2025,
884,65.3,gf,3.970,mm,OK,--,8:49:14 PM,6/23/2025,
885,65.4,gf,3.975,mm,OK,--,8:49:14 PM,6/23/2025,
886,66.3,gf,3.975,mm,OK,--,8:49:14 PM,6/23/2025,
887,67.7,gf,3.980,mm,OK,--,8:49:14 PM,6/23/2025,
888,69.1,gf,3.985,mm,OK,--,8:49:14 PM,6/23/2025,
889,70.8,gf,3.985,mm,OK,--,8:49:14 PM,6/23/2025,
890,73.0,gf,3.990,mm,OK,--,8:49:15 PM,6/23/2025,
891,75.2,gf,3.995,mm,OK,--,8:49:15 PM,6/23/2025,
892,77.3,gf,4.000,mm,OK,--,8:49:15 PM,6/23/2025,
893,79.4,gf,4.000,mm,OK,--,8:49:15 PM,6/23/2025,
894,81.6,gf,4.005,mm,OK,--,8:49:15 PM,6/23/2025,
895,83.8,gf,4.010,mm,OK,--,8:49:15 PM,6/23/2025,
896,86.3,gf,4.010,mm,OK,--,8:49:15 PM,6/23/2025,
897,88.7,gf,4.015,mm,OK,--,8:49:15 PM,6/23/2025,
898,91.0,gf,4.020,mm,OK,--,8:49:15 PM,6/23/2025,
899,93.2,gf,4.020,mm,OK,--,8:49:15 PM,6/23/2025,
900,95.3,gf,4.025,mm,OK,--,8:49:16 PM,6/23/2025,
901,97.2,gf,4.025,mm,OK,--,8:49:16 PM,6/23/2025,
902,98.9,gf,4.030,mm,OK,--,8:49:16 PM,6/23/2025,
903,100.3,gf,4.030,mm,OK,--,8:49:16 PM,6/23/2025,
904,101.8,gf,4.030,mm,OK,--,8:49:16 PM,6/23/2025,
905,103.3,gf,4.035,mm,OK,--,8:49:16 PM,6/23/2025,
906,104.6,gf,4.035,mm,OK,--,8:49:16 PM,6/23/2025,
907,105.7,gf,4.035,mm,OK,--,8:49:16 PM,6/23/2025,
908,106.8,gf,4.040,mm,OK,--,8:49:16 PM,6/23/2025,
909,107.8,gf,4.040,mm,OK,--,8:49:16 PM,6/23/2025,
910,108.8,gf,4.040,mm,OK,--,8:49:17 PM,6/23/2025,
911,109.7,gf,4.040,mm,OK,--,8:49:17 PM,6/23/2025,
912,110.3,gf,4.040,mm,OK,--,8:49:17 PM,6/23/2025,
913,110.9,gf,4.045,mm,OK,--,8:49:17 PM,6/23/2025,
914,111.4,gf,4.045,mm,OK,--,8:49:17 PM,6/23/2025,
915,112.0,gf,4.045,mm,OK,--,8:49:17 PM,6/23/2025,
916,112.6,gf,4.045,mm,OK,--,8:49:17 PM,6/23/2025,
917,113.2,gf,4.045,mm,OK,--,8:49:17 PM,6/23/2025,
918,114.0,gf,4.045,mm,OK,--,8:49:17 PM,6/23/2025,
919,114.8,gf,4.045,mm,OK,--,8:49:17 PM,6/23/2025,
920,115.7,gf,4.050,mm,OK,--,8:49:18 PM,6/23/2025,
921,116.7,gf,4.050,mm,OK,--,8:49:18 PM,6/23/2025,
922,118.4,gf,4.050,mm,OK,--,8:49:18 PM,6/23/2025,
923,120.5,gf,4.055,mm,OK,--,8:49:18 PM,6/23/2025,
924,122.8,gf,4.055,mm,OK,--,8:49:18 PM,6/23/2025,
925,125.0,gf,4.060,mm,OK,--,8:49:18 PM,6/23/2025,
926,127.8,gf,4.060,mm,OK,--,8:49:18 PM,6/23/2025,
927,129.4,gf,4.065,mm,OK,--,8:49:18 PM,6/23/2025,
928,130.6,gf,4.065,mm,OK,--,8:49:18 PM,6/23/2025,
929,131.5,gf,4.065,mm,OK,--,8:49:18 PM,6/23/2025,
930,132.9,gf,4.065,mm,OK,--,8:49:19 PM,6/23/2025,
931,134.7,gf,4.070,mm,OK,--,8:49:19 PM,6/23/2025,
932,136.2,gf,4.070,mm,OK,--,8:49:19 PM,6/23/2025,
933,137.4,gf,4.070,mm,OK,--,8:49:19 PM,6/23/2025,
934,138.4,gf,4.075,mm,OK,--,8:49:19 PM,6/23/2025,
935,139.3,gf,4.075,mm,OK,--,8:49:19 PM,6/23/2025,
936,142.1,gf,4.075,mm,OK,--,8:49:19 PM,6/23/2025,
937,143.5,gf,4.080,mm,OK,--,8:49:19 PM,6/23/2025,
938,144.5,gf,4.080,mm,OK,--,8:49:19 PM,6/23/2025,
939,145.8,gf,4.080,mm,OK,--,8:49:19 PM,6/23/2025,
940,147.5,gf,4.085,mm,OK,--,8:49:20 PM,6/23/2025,
941,149.3,gf,4.085,mm,OK,--,8:49:20 PM,6/23/2025,
942,151.5,gf,4.090,mm,OK,--,8:49:20 PM,6/23/2025,
943,153.8,gf,4.090,mm,OK,--,8:49:20 PM,6/23/2025,
944,156.3,gf,4.095,mm,OK,--,8:49:20 PM,6/23/2025,
945,158.7,gf,4.095,mm,OK,--,8:49:20 PM,6/23/2025,
946,161.1,gf,4.100,mm,OK,--,8:49:20 PM,6/23/2025,
947,163.3,gf,4.100,mm,OK,--,8:49:20 PM,6/23/2025,
948,165.4,gf,4.100,mm,OK,--,8:49:20 PM,6/23/2025,
949,167.6,gf,4.105,mm,OK,--,8:49:20 PM,6/23/2025,
950,170.0,gf,4.105,mm,OK,--,8:49:21 PM,6/23/2025,
951,172.4,gf,4.110,mm,OK,--,8:49:21 PM,6/23/2025,
952,174.9,gf,4.110,mm,OK,--,8:49:21 PM,6/23/2025,
953,177.5,gf,4.115,mm,OK,--,8:49:21 PM,6/23/2025,
954,179.9,gf,4.115,mm,OK,--,8:49:21 PM,6/23/2025,
955,181.8,gf,4.120,mm,OK,--,8:49:21 PM,6/23/2025,
956,183.4,gf,4.120,mm,OK,--,8:49:21 PM,6/23/2025,
957,184.9,gf,4.120,mm,OK,--,8:49:21 PM,6/23/2025,
958,186.1,gf,4.125,mm,OK,--,8:49:21 PM,6/23/2025,
959,187.3,gf,4.125,mm,OK,--,8:49:21 PM,6/23/2025,
960,188.2,gf,4.125,mm,OK,--,8:49:22 PM,6/23/2025,
961,188.8,gf,4.125,mm,OK,--,8:49:22 PM,6/23/2025,
962,189.4,gf,4.125,mm,OK,--,8:49:22 PM,6/23/2025,
963,190.4,gf,4.130,mm,OK,--,8:49:22 PM,6/23/2025,
964,191.3,gf,4.130,mm,OK,--,8:49:22 PM,6/23/2025,
965,192.8,gf,4.130,mm,OK,--,8:49:22 PM,6/23/2025,
966,193.5,gf,4.130,mm,OK,--,8:49:22 PM,6/23/2025,
967,194.2,gf,4.130,mm,OK,--,8:49:22 PM,6/23/2025,
968,195.2,gf,4.135,mm,OK,--,8:49:22 PM,6/23/2025,
969,196.3,gf,4.135,mm,OK,--,8:49:22 PM,6/23/2025,
970,196.9,gf,4.135,mm,OK,--,8:49:23 PM,6/23/2025,
971,196.8,gf,4.135,mm,OK,--,8:49:23 PM,6/23/2025,
972,196.6,gf,4.135,mm,OK,--,8:49:23 PM,6/23/2025,
973,196.6,gf,4.135,mm,OK,--,8:49:23 PM,6/23/2025,
974,196.5,gf,4.135,mm,OK,--,8:49:23 PM,6/23/2025,
975,196.4,gf,4.135,mm,OK,--,8:49:23 PM,6/23/2025,
976,196.5,gf,4.135,mm,OK,--,8:49:23 PM,6/23/2025,
977,196.4,gf,4.135,mm,OK,--,8:49:23 PM,6/23/2025,
978,196.4,gf,4.135,mm,OK,--,8:49:23 PM,6/23/2025,
979,196.3,gf,4.135,mm,OK,--,8:49:23 PM,6/23/2025,
980,196.2,gf,4.135,mm,OK,--,8:49:24 PM,6/23/2025,
981,196.3,gf,4.135,mm,OK,--,8:49:24 PM,6/23/2025,
982,196.1,gf,4.135,mm,OK,--,8:49:24 PM,6/23/2025,
983,196.0,gf,4.135,mm,OK,--,8:49:24 PM,6/23/2025,
984,196.0,gf,4.135,mm,OK,--,8:49:24 PM,6/23/2025,
985,196.0,gf,4.135,mm,OK,--,8:49:24 PM,6/23/2025,
986,195.9,gf,4.135,mm,OK,--,8:49:24 PM,6/23/2025,
987,195.8,gf,4.135,mm,OK,--,8:49:24 PM,6/23/2025,
988,195.7,gf,4.135,mm,OK,--,8:49:24 PM,6/23/2025,
989,195.6,gf,4.135,mm,OK,--,8:49:24 PM,6/23/2025,
990,195.5,gf,4.135,mm,OK,--,8:49:25 PM,6/23/2025,
991,195.4,gf,4.135,mm,OK,--,8:49:25 PM,6/23/2025,
992,195.2,gf,4.135,mm,OK,--,8:49:25 PM,6/23/2025,
993,195.2,gf,4.135,mm,OK,--,8:49:25 PM,6/23/2025,
994,194.8,gf,4.135,mm,OK,--,8:49:25 PM,6/23/2025,
995,194.2,gf,4.135,mm,OK,--,8:49:25 PM,6/23/2025,
996,193.7,gf,4.135,mm,OK,--,8:49:25 PM,6/23/2025,
997,193.1,gf,4.135,mm,OK,--,8:49:25 PM,6/23/2025,
998,192.5,gf,4.135,mm,OK,--,8:49:25 PM,6/23/2025,
999,192.1,gf,4.130,mm,OK,--,8:49:25 PM,6/23/2025,
1000,191.4,gf,4.130,mm,OK,--,8:49:26 PM,6/23/2025,
1001,189.9,gf,4.130,mm,OK,--,8:49:26 PM,6/23/2025,
1002,188.2,gf,4.130,mm,OK,--,8:49:26 PM,6/23/2025,
1003,186.6,gf,4.125,mm,OK,--,8:49:26 PM,6/23/2025,
1004,185.5,gf,4.125,mm,OK,--,8:49:26 PM,6/23/2025,
1005,184.7,gf,4.125,mm,OK,--,8:49:26 PM,6/23/2025,
1006,183.9,gf,4.125,mm,OK,--,8:49:26 PM,6/23/2025,
1007,183.1,gf,4.125,mm,OK,--,8:49:26 PM,6/23/2025,
1008,181.8,gf,4.125,mm,OK,--,8:49:26 PM,6/23/2025,
1009,179.6,gf,4.120,mm,OK,--,8:49:26 PM,6/23/2025,
1010,177.2,gf,4.120,mm,OK,--,8:49:27 PM,6/23/2025,
1011,175.5,gf,4.115,mm,OK,--,8:49:27 PM,6/23/2025,
1012,174.3,gf,4.115,mm,OK,--,8:49:27 PM,6/23/2025,
1013,173.2,gf,4.115,mm,OK,--,8:49:27 PM,6/23/2025,
1014,172.3,gf,4.115,mm,OK,--,8:49:27 PM,6/23/2025,
1015,171.6,gf,4.115,mm,OK,--,8:49:27 PM,6/23/2025,
1016,171.0,gf,4.115,mm,OK,--,8:49:27 PM,6/23/2025,
1017,170.4,gf,4.110,mm,OK,--,8:49:27 PM,6/23/2025,
1018,169.8,gf,4.110,mm,OK,--,8:49:27 PM,6/23/2025,
1019,169.2,gf,4.110,mm,OK,--,8:49:27 PM,6/23/2025,
1020,168.5,gf,4.110,mm,OK,--,8:49:28 PM,6/23/2025,
1021,167.7,gf,4.110,mm,OK,--,8:49:28 PM,6/23/2025,
1022,166.9,gf,4.110,mm,OK,--,8:49:28 PM,6/23/2025,
1023,166.1,gf,4.110,mm,OK,--,8:49:28 PM,6/23/2025,
1024,165.3,gf,4.110,mm,OK,--,8:49:28 PM,6/23/2025,
1025,164.6,gf,4.105,mm,OK,--,8:49:28 PM,6/23/2025,
1026,164.0,gf,4.105,mm,OK,--,8:49:28 PM,6/23/2025,
1027,163.5,gf,4.105,mm,OK,--,8:49:28 PM,6/23/2025,
1028,162.9,gf,4.105,mm,OK,--,8:49:28 PM,6/23/2025,
1029,162.5,gf,4.105,mm,OK,--,8:49:28 PM,6/23/2025,
1030,162.1,gf,4.105,mm,OK,--,8:49:29 PM,6/23/2025,
1031,161.7,gf,4.105,mm,OK,--,8:49:29 PM,6/23/2025,
1032,161.2,gf,4.105,mm,OK,--,8:49:29 PM,6/23/2025,
1033,160.7,gf,4.105,mm,OK,--,8:49:29 PM,6/23/2025,
1034,160.2,gf,4.105,mm,OK,--,8:49:29 PM,6/23/2025,
1035,159.9,gf,4.100,mm,OK,--,8:49:29 PM,6/23/2025,
1036,159.3,gf,4.100,mm,OK,--,8:49:29 PM,6/23/2025,
1037,159.1,gf,4.100,mm,OK,--,8:49:29 PM,6/23/2025,
1038,158.7,gf,4.100,mm,OK,--,8:49:29 PM,6/23/2025,
1039,158.5,gf,4.100,mm,OK,--,8:49:29 PM,6/23/2025,
1040,158.0,gf,4.100,mm,OK,--,8:49:30 PM,6/23/2025,
1041,157.7,gf,4.100,mm,OK,--,8:49:30 PM,6/23/2025,
1042,157.6,gf,4.100,mm,OK,--,8:49:30 PM,6/23/2025,
1043,157.4,gf,4.100,mm,OK,--,8:49:30 PM,6/23/2025,
1044,157.3,gf,4.100,mm,OK,--,8:49:30 PM,6/23/2025,
1045,157.0,gf,4.100,mm,OK,--,8:49:30 PM,6/23/2025,
1046,156.7,gf,4.100,mm,OK,--,8:49:30 PM,6/23/2025,
1047,156.4,gf,4.100,mm,OK,--,8:49:30 PM,6/23/2025,
1048,156.0,gf,4.100,mm,OK,--,8:49:30 PM,6/23/2025,
1049,155.6,gf,4.100,mm,OK,--,8:49:30 PM,6/23/2025,
1050,155.1,gf,4.100,mm,OK,--,8:49:31 PM,6/23/2025,
1051,154.7,gf,4.100,mm,OK,--,8:49:31 PM,6/23/2025,
1052,154.1,gf,4.095,mm,OK,--,8:49:31 PM,6/23/2025,
1053,153.6,gf,4.095,mm,OK,--,8:49:31 PM,6/23/2025,
1054,153.2,gf,4.095,mm,OK,--,8:49:31 PM,6/23/2025,
1055,152.8,gf,4.095,mm,OK,--,8:49:31 PM,6/23/2025,
1056,152.4,gf,4.095,mm,OK,--,8:49:31 PM,6/23/2025,
1057,151.7,gf,4.095,mm,OK,--,8:49:31 PM,6/23/2025,
1058,150.9,gf,4.095,mm,OK,--,8:49:31 PM,6/23/2025,
1059,150.0,gf,4.095,mm,OK,--,8:49:31 PM,6/23/2025,
1060,149.0,gf,4.090,mm,OK,--,8:49:32 PM,6/23/2025,
1061,147.9,gf,4.090,mm,OK,--,8:49:32 PM,6/23/2025,
1062,146.7,gf,4.090,mm,OK,--,8:49:32 PM,6/23/2025,
1063,145.7,gf,4.090,mm,OK,--,8:49:32 PM,6/23/2025,
1064,144.5,gf,4.090,mm,OK,--,8:49:32 PM,6/23/2025,
1065,143.0,gf,4.085,mm,OK,--,8:49:32 PM,6/23/2025,
1066,141.4,gf,4.085,mm,OK,--,8:49:32 PM,6/23/2025,
1067,139.7,gf,4.085,mm,OK,--,8:49:32 PM,6/23/2025,
1068,138.3,gf,4.080,mm,OK,--,8:49:32 PM,6/23/2025,
1069,136.4,gf,4.080,mm,OK,--,8:49:32 PM,6/23/2025,
1070,134.4,gf,4.080,mm,OK,--,8:49:33 PM,6/23/2025,
1071,132.8,gf,4.075,mm,OK,--,8:49:33 PM,6/23/2025,
1072,130.8,gf,4.075,mm,OK,--,8:49:33 PM,6/23/2025,
1073,128.6,gf,4.070,mm,OK,--,8:49:33 PM,6/23/2025,
1074,126.6,gf,4.070,mm,OK,--,8:49:33 PM,6/23/2025,
1075,124.5,gf,4.065,mm,OK,--,8:49:33 PM,6/23/2025,
1076,122.3,gf,4.065,mm,OK,--,8:49:33 PM,6/23/2025,
1077,119.2,gf,4.060,mm,OK,--,8:49:33 PM,6/23/2025,
1078,113.7,gf,4.055,mm,OK,--,8:49:33 PM,6/23/2025,
1079,107.5,gf,4.050,mm,OK,--,8:49:33 PM,6/23/2025,
1080,101.3,gf,4.045,mm,OK,--,8:49:34 PM,6/23/2025,
1081,93.2,gf,4.035,mm,OK,--,8:49:34 PM,6/23/2025,
1082,88.8,gf,4.030,mm,OK,--,8:49:34 PM,6/23/2025,
1083,84.3,gf,4.025,mm,OK,--,8:49:34 PM,6/23/2025,
1084,80.7,gf,4.025,mm,OK,--,8:49:34 PM,6/23/2025,
1085,78.0,gf,4.020,mm,OK,--,8:49:34 PM,6/23/2025,
1086,75.4,gf,4.015,mm,OK,--,8:49:34 PM,6/23/2025,
1087,72.6,gf,4.015,mm,OK,--,8:49:34 PM,6/23/2025,
1088,69.9,gf,4.010,mm,OK,--,8:49:34 PM,6/23/2025,
1089,64.0,gf,4.000,mm,OK,--,8:49:34 PM,6/23/2025,
1090,63.0,gf,3.995,mm,OK,--,8:49:35 PM,6/23/2025,
1091,63.4,gf,3.990,mm,OK,--,8:49:35 PM,6/23/2025,
1092,63.5,gf,3.990,mm,OK,--,8:49:35 PM,6/23/2025,
1093,63.5,gf,3.985,mm,OK,--,8:49:35 PM,6/23/2025,
1094,63.3,gf,3.985,mm,OK,--,8:49:35 PM,6/23/2025,
1095,63.3,gf,3.980,mm,OK,--,8:49:35 PM,6/23/2025,
1096,63.3,gf,3.980,mm,OK,--,8:49:35 PM,6/23/2025,
1097,63.2,gf,3.975,mm,OK,--,8:49:35 PM,6/23/2025,
1098,63.2,gf,3.970,mm,OK,--,8:49:35 PM,6/23/2025,
1099,63.2,gf,3.970,mm,OK,--,8:49:35 PM,6/23/2025,
1100,63.2,gf,3.965,mm,OK,--,8:49:36 PM,6/23/2025,
1101,63.2,gf,3.965,mm,OK,--,8:49:36 PM,6/23/2025,
1102,63.2,gf,3.960,mm,OK,--,8:49:36 PM,6/23/2025,
1103,63.2,gf,3.955,mm,OK,--,8:49:36 PM,6/23/2025,
1104,63.2,gf,3.955,mm,OK,--,8:49:36 PM,6/23/2025,
1105,63.2,gf,3.950,mm,OK,--,8:49:36 PM,6/23/2025,
1106,63.2,gf,3.950,mm,OK,--,8:49:36 PM,6/23/2025,
1107,63.2,gf,3.945,mm,OK,--,8:49:36 PM,6/23/2025,
1108,63.1,gf,3.940,mm,OK,--,8:49:36 PM,6/23/2025,
1109,63.1,gf,3.935,mm,OK,--,8:49:36 PM,6/23/2025,
1110,63.1,gf,3.930,mm,OK,--,8:49:37 PM,6/23/2025,
1111,63.0,gf,3.925,mm,OK,--,8:49:37 PM,6/23/2025,
1112,63.0,gf,3.920,mm,OK,--,8:49:37 PM,6/23/2025,
1113,63.0,gf,3.920,mm,OK,--,8:49:37 PM,6/23/2025,
1114,63.0,gf,3.915,mm,OK,--,8:49:37 PM,6/23/2025,
1115,63.0,gf,3.910,mm,OK,--,8:49:37 PM,6/23/2025,
1116,63.0,gf,3.910,mm,OK,--,8:49:37 PM,6/23/2025,
1117,63.0,gf,3.905,mm,OK,--,8:49:37 PM,6/23/2025,
1118,63.0,gf,3.900,mm,OK,--,8:49:37 PM,6/23/2025,
1119,62.9,gf,3.900,mm,OK,--,8:49:37 PM,6/23/2025,
1120,62.9,gf,3.900,mm,OK,--,8:49:38 PM,6/23/2025,
1121,62.9,gf,3.895,mm,OK,--,8:49:38 PM,6/23/2025,
1122,62.9,gf,3.890,mm,OK,--,8:49:38 PM,6/23/2025,
1123,62.9,gf,3.885,mm,OK,--,8:49:38 PM,6/23/2025,
1124,62.9,gf,3.885,mm,OK,--,8:49:38 PM,6/23/2025,
1125,62.9,gf,3.880,mm,OK,--,8:49:38 PM,6/23/2025,
1126,62.8,gf,3.875,mm,OK,--,8:49:38 PM,6/23/2025,
1127,62.8,gf,3.870,mm,OK,--,8:49:38 PM,6/23/2025,
1128,62.8,gf,3.870,mm,OK,--,8:49:38 PM,6/23/2025,
1129,62.8,gf,3.865,mm,OK,--,8:49:38 PM,6/23/2025,
1130,62.8,gf,3.860,mm,OK,--,8:49:39 PM,6/23/2025,
1131,62.7,gf,3.855,mm,OK,--,8:49:39 PM,6/23/2025,
1132,62.7,gf,3.850,mm,OK,--,8:49:39 PM,6/23/2025,
1133,62.7,gf,3.845,mm,OK,--,8:49:39 PM,6/23/2025,
1134,62.7,gf,3.840,mm,OK,--,8:49:39 PM,6/23/2025,
1135,62.6,gf,3.840,mm,OK,--,8:49:39 PM,6/23/2025,
1136,62.6,gf,3.835,mm,OK,--,8:49:39 PM,6/23/2025,
1137,62.5,gf,3.830,mm,OK,--,8:49:39 PM,6/23/2025,
1138,62.5,gf,3.825,mm,OK,--,8:49:39 PM,6/23/2025,
1139,62.4,gf,3.820,mm,OK,--,8:49:39 PM,6/23/2025,
1140,62.4,gf,3.815,mm,OK,--,8:49:40 PM,6/23/2025,
1141,62.4,gf,3.815,mm,OK,--,8:49:40 PM,6/23/2025,
1142,62.3,gf,3.810,mm,OK,--,8:49:40 PM,6/23/2025,
1143,62.3,gf,3.805,mm,OK,--,8:49:40 PM,6/23/2025,
1144,62.2,gf,3.805,mm,OK,--,8:49:40 PM,6/23/2025,
1145,62.2,gf,3.800,mm,OK,--,8:49:40 PM,6/23/2025,
1146,62.1,gf,3.800,mm,OK,--,8:49:40 PM,6/23/2025,
1147,62.2,gf,3.795,mm,OK,--,8:49:40 PM,6/23/2025,
1148,62.2,gf,3.795,mm,OK,--,8:49:40 PM,6/23/2025,
1149,62.1,gf,3.790,mm,OK,--,8:49:40 PM,6/23/2025,
1150,62.0,gf,3.785,mm,OK,--,8:49:41 PM,6/23/2025,
1151,62.0,gf,3.775,mm,OK,--,8:49:41 PM,6/23/2025,
1152,62.0,gf,3.770,mm,OK,--,8:49:41 PM,6/23/2025,
1153,61.8,gf,3.765,mm,OK,--,8:49:41 PM,6/23/2025,
1154,61.8,gf,3.760,mm,OK,--,8:49:41 PM,6/23/2025,
1155,61.8,gf,3.755,mm,OK,--,8:49:41 PM,6/23/2025,
1156,61.8,gf,3.750,mm,OK,--,8:49:41 PM,6/23/2025,
1157,61.8,gf,3.745,mm,OK,--,8:49:41 PM,6/23/2025,
1158,61.7,gf,3.745,mm,OK,--,8:49:41 PM,6/23/2025,
1159,61.7,gf,3.740,mm,OK,--,8:49:41 PM,6/23/2025,
1160,61.7,gf,3.735,mm,OK,--,8:49:42 PM,6/23/2025,
1161,61.6,gf,3.730,mm,OK,--,8:49:42 PM,6/23/2025,
1162,61.6,gf,3.725,mm,OK,--,8:49:42 PM,6/23/2025,
1163,61.5,gf,3.720,mm,OK,--,8:49:42 PM,6/23/2025,
1164,61.5,gf,3.715,mm,OK,--,8:49:42 PM,6/23/2025,
1165,61.5,gf,3.710,mm,OK,--,8:49:42 PM,6/23/2025,
1166,61.4,gf,3.705,mm,OK,--,8:49:42 PM,6/23/2025,
1167,61.4,gf,3.695,mm,OK,--,8:49:42 PM,6/23/2025,
1168,61.3,gf,3.685,mm,OK,--,8:49:42 PM,6/23/2025,
1169,61.2,gf,3.680,mm,OK,--,8:49:42 PM,6/23/2025,
1170,61.1,gf,3.675,mm,OK,--,8:49:43 PM,6/23/2025,
1171,61.1,gf,3.665,mm,OK,--,8:49:43 PM,6/23/2025,
1172,61.0,gf,3.660,mm,OK,--,8:49:43 PM,6/23/2025,
1173,61.0,gf,3.650,mm,OK,--,8:49:43 PM,6/23/2025,
1174,60.9,gf,3.640,mm,OK,--,8:49:43 PM,6/23/2025,
1175,61.0,gf,3.635,mm,OK,--,8:49:43 PM,6/23/2025,
1176,60.8,gf,3.630,mm,OK,--,8:49:43 PM,6/23/2025,
1177,60.7,gf,3.625,mm,OK,--,8:49:43 PM,6/23/2025,
1178,60.7,gf,3.615,mm,OK,--,8:49:43 PM,6/23/2025,
1179,60.7,gf,3.605,mm,OK,--,8:49:43 PM,6/23/2025,
1180,60.6,gf,3.600,mm,OK,--,8:49:44 PM,6/23/2025,
1181,60.5,gf,3.595,mm,OK,--,8:49:44 PM,6/23/2025,
1182,60.5,gf,3.585,mm,OK,--,8:49:44 PM,6/23/2025,
1183,60.4,gf,3.575,mm,OK,--,8:49:44 PM,6/23/2025,
1184,60.4,gf,3.565,mm,OK,--,8:49:44 PM,6/23/2025,
1185,60.3,gf,3.550,mm,OK,--,8:49:44 PM,6/23/2025,
1186,60.2,gf,3.545,mm,OK,--,8:49:44 PM,6/23/2025,
1187,60.1,gf,3.530,mm,OK,--,8:49:44 PM,6/23/2025,
1188,60.0,gf,3.520,mm,OK,--,8:49:44 PM,6/23/2025,
1189,60.0,gf,3.510,mm,OK,--,8:49:44 PM,6/23/2025,
1190,59.9,gf,3.495,mm,OK,--,8:49:45 PM,6/23/2025,
1191,59.8,gf,3.490,mm,OK,--,8:49:45 PM,6/23/2025,
1192,59.7,gf,3.480,mm,OK,--,8:49:45 PM,6/23/2025,
1193,59.6,gf,3.470,mm,OK,--,8:49:45 PM,6/23/2025,
1194,59.6,gf,3.460,mm,OK,--,8:49:45 PM,6/23/2025,
1195,59.5,gf,3.450,mm,OK,--,8:49:45 PM,6/23/2025,
1196,59.5,gf,3.440,mm,OK,--,8:49:45 PM,6/23/2025,
1197,59.4,gf,3.425,mm,OK,--,8:49:45 PM,6/23/2025,
1198,59.3,gf,3.410,mm,OK,--,8:49:45 PM,6/23/2025,
1199,59.1,gf,3.395,mm,OK,--,8:49:45 PM,6/23/2025,
1200,59.0,gf,3.380,mm,OK,--,8:49:46 PM,6/23/2025,
1201,59.0,gf,3.365,mm,OK,--,8:49:46 PM,6/23/2025,
1202,58.8,gf,3.350,mm,OK,--,8:49:46 PM,6/23/2025,
1203,58.8,gf,3.340,mm,OK,--,8:49:46 PM,6/23/2025,
1204,58.8,gf,3.335,mm,OK,--,8:49:46 PM,6/23/2025,
1205,58.7,gf,3.330,mm,OK,--,8:49:46 PM,6/23/2025,
1206,58.7,gf,3.320,mm,OK,--,8:49:46 PM,6/23/2025,
1207,58.6,gf,3.315,mm,OK,--,8:49:46 PM,6/23/2025,
1208,58.6,gf,3.310,mm,OK,--,8:49:46 PM,6/23/2025,
1209,58.5,gf,3.305,mm,OK,--,8:49:46 PM,6/23/2025,
1210,58.5,gf,3.300,mm,OK,--,8:49:47 PM,6/23/2025,
1211,58.5,gf,3.295,mm,OK,--,8:49:47 PM,6/23/2025,
1212,58.5,gf,3.290,mm,OK,--,8:49:47 PM,6/23/2025,
1213,58.3,gf,3.285,mm,OK,--,8:49:47 PM,6/23/2025,
1214,58.2,gf,3.275,mm,OK,--,8:49:47 PM,6/23/2025,
1215,58.2,gf,3.270,mm,OK,--,8:49:47 PM,6/23/2025,
1216,58.2,gf,3.265,mm,OK,--,8:49:47 PM,6/23/2025,
1217,58.2,gf,3.265,mm,OK,--,8:49:47 PM,6/23/2025,
1218,58.1,gf,3.260,mm,OK,--,8:49:47 PM,6/23/2025,
1219,58.1,gf,3.255,mm,OK,--,8:49:47 PM,6/23/2025,
1220,58.1,gf,3.250,mm,OK,--,8:49:48 PM,6/23/2025,
1221,58.0,gf,3.245,mm,OK,--,8:49:48 PM,6/23/2025,
1222,58.0,gf,3.240,mm,OK,--,8:49:48 PM,6/23/2025,
1223,58.0,gf,3.230,mm,OK,--,8:49:48 PM,6/23/2025,
1224,57.9,gf,3.220,mm,OK,--,8:49:48 PM,6/23/2025,
1225,57.8,gf,3.210,mm,OK,--,8:49:48 PM,6/23/2025,
1226,57.7,gf,3.195,mm,OK,--,8:49:48 PM,6/23/2025,
1227,57.6,gf,3.180,mm,OK,--,8:49:48 PM,6/23/2025,
1228,57.5,gf,3.165,mm,OK,--,8:49:48 PM,6/23/2025,
1229,57.4,gf,3.150,mm,OK,--,8:49:48 PM,6/23/2025,
1230,57.3,gf,3.135,mm,OK,--,8:49:49 PM,6/23/2025,
1231,57.2,gf,3.120,mm,OK,--,8:49:49 PM,6/23/2025,
1232,57.0,gf,3.105,mm,OK,--,8:49:49 PM,6/23/2025,
1233,57.0,gf,3.085,mm,OK,--,8:49:49 PM,6/23/2025,
1234,56.9,gf,3.070,mm,OK,--,8:49:49 PM,6/23/2025,
1235,56.7,gf,3.050,mm,OK,--,8:49:49 PM,6/23/2025,
1236,56.6,gf,3.035,mm,OK,--,8:49:49 PM,6/23/2025,
1237,56.5,gf,3.015,mm,OK,--,8:49:49 PM,6/23/2025,
1238,56.3,gf,2.995,mm,OK,--,8:49:49 PM,6/23/2025,
1239,56.1,gf,2.975,mm,OK,--,8:49:49 PM,6/23/2025,
1240,56.0,gf,2.960,mm,OK,--,8:49:50 PM,6/23/2025,
1241,55.8,gf,2.940,mm,OK,--,8:49:50 PM,6/23/2025,
1242,55.8,gf,2.925,mm,OK,--,8:49:50 PM,6/23/2025,
1243,55.6,gf,2.910,mm,OK,--,8:49:50 PM,6/23/2025,
1244,55.6,gf,2.895,mm,OK,--,8:49:50 PM,6/23/2025,
1245,55.5,gf,2.880,mm,OK,--,8:49:50 PM,6/23/2025,
1246,55.4,gf,2.870,mm,OK,--,8:49:50 PM,6/23/2025,
1247,55.2,gf,2.860,mm,OK,--,8:49:50 PM,6/23/2025,
1248,55.2,gf,2.850,mm,OK,--,8:49:50 PM,6/23/2025,
1249,55.1,gf,2.845,mm,OK,--,8:49:50 PM,6/23/2025,
1250,55.1,gf,2.835,mm,OK,--,8:49:51 PM,6/23/2025,
1251,55.1,gf,2.830,mm,OK,--,8:49:51 PM,6/23/2025,
1252,55.0,gf,2.815,mm,OK,--,8:49:51 PM,6/23/2025,
1253,55.0,gf,2.805,mm,OK,--,8:49:51 PM,6/23/2025,
1254,54.8,gf,2.790,mm,OK,--,8:49:51 PM,6/23/2025,
1255,54.8,gf,2.780,mm,OK,--,8:49:51 PM,6/23/2025,
1256,54.7,gf,2.770,mm,OK,--,8:49:51 PM,6/23/2025,
1257,54.6,gf,2.760,mm,OK,--,8:49:51 PM,6/23/2025,
1258,54.6,gf,2.755,mm,OK,--,8:49:51 PM,6/23/2025,
1259,54.5,gf,2.745,mm,OK,--,8:49:51 PM,6/23/2025,
1260,54.4,gf,2.740,mm,OK,--,8:49:52 PM,6/23/2025,
1261,54.4,gf,2.730,mm,OK,--,8:49:52 PM,6/23/2025,
1262,54.3,gf,2.720,mm,OK,--,8:49:52 PM,6/23/2025,
1263,54.2,gf,2.710,mm,OK,--,8:49:52 PM,6/23/2025,
1264,54.1,gf,2.700,mm,OK,--,8:49:52 PM,6/23/2025,
1265,54.1,gf,2.690,mm,OK,--,8:49:52 PM,6/23/2025,
1266,54.0,gf,2.680,mm,OK,--,8:49:52 PM,6/23/2025,
1267,54.0,gf,2.675,mm,OK,--,8:49:52 PM,6/23/2025,
1268,54.0,gf,2.660,mm,OK,--,8:49:52 PM,6/23/2025,
1269,53.9,gf,2.650,mm,OK,--,8:49:52 PM,6/23/2025,
1270,53.8,gf,2.640,mm,OK,--,8:49:53 PM,6/23/2025,
1271,53.8,gf,2.635,mm,OK,--,8:49:53 PM,6/23/2025,
1272,53.8,gf,2.630,mm,OK,--,8:49:53 PM,6/23/2025,
1273,53.8,gf,2.630,mm,OK,--,8:49:53 PM,6/23/2025,
1274,53.7,gf,2.625,mm,OK,--,8:49:53 PM,6/23/2025,
1275,53.7,gf,2.620,mm,OK,--,8:49:53 PM,6/23/2025,
1276,53.6,gf,2.615,mm,OK,--,8:49:53 PM,6/23/2025,
1277,53.6,gf,2.605,mm,OK,--,8:49:53 PM,6/23/2025,
1278,53.5,gf,2.600,mm,OK,--,8:49:53 PM,6/23/2025,
1279,53.5,gf,2.595,mm,OK,--,8:49:53 PM,6/23/2025,
1280,53.5,gf,2.595,mm,OK,--,8:49:54 PM,6/23/2025,
1281,53.4,gf,2.590,mm,OK,--,8:49:54 PM,6/23/2025,
1282,53.4,gf,2.590,mm,OK,--,8:49:54 PM,6/23/2025,
1283,53.4,gf,2.585,mm,OK,--,8:49:54 PM,6/23/2025,
1284,53.4,gf,2.585,mm,OK,--,8:49:54 PM,6/23/2025,
1285,53.3,gf,2.580,mm,OK,--,8:49:54 PM,6/23/2025,
1286,53.3,gf,2.575,mm,OK,--,8:49:54 PM,6/23/2025,
1287,53.2,gf,2.570,mm,OK,--,8:49:54 PM,6/23/2025,
1288,53.2,gf,2.560,mm,OK,--,8:49:54 PM,6/23/2025,
1289,53.1,gf,2.555,mm,OK,--,8:49:54 PM,6/23/2025,
1290,53.0,gf,2.555,mm,OK,--,8:49:55 PM,6/23/2025,
1291,53.0,gf,2.545,mm,OK,--,8:49:55 PM,6/23/2025,
1292,53.0,gf,2.540,mm,OK,--,8:49:55 PM,6/23/2025,
1293,52.9,gf,2.535,mm,OK,--,8:49:55 PM,6/23/2025,
1294,52.9,gf,2.530,mm,OK,--,8:49:55 PM,6/23/2025,
1295,52.8,gf,2.525,mm,OK,--,8:49:55 PM,6/23/2025,
1296,52.8,gf,2.520,mm,OK,--,8:49:55 PM,6/23/2025,
1297,52.8,gf,2.515,mm,OK,--,8:49:55 PM,6/23/2025,
1298,52.7,gf,2.510,mm,OK,--,8:49:55 PM,6/23/2025,
1299,52.7,gf,2.505,mm,OK,--,8:49:55 PM,6/23/2025,
1300,52.6,gf,2.495,mm,OK,--,8:49:56 PM,6/23/2025,
1301,52.6,gf,2.490,mm,OK,--,8:49:56 PM,6/23/2025,
1302,52.5,gf,2.480,mm,OK,--,8:49:56 PM,6/23/2025,
1303,52.5,gf,2.470,mm,OK,--,8:49:56 PM,6/23/2025,
1304,52.5,gf,2.455,mm,OK,--,8:49:56 PM,6/23/2025,
1305,52.4,gf,2.440,mm,OK,--,8:49:56 PM,6/23/2025,
1306,52.2,gf,2.430,mm,OK,--,8:49:56 PM,6/23/2025,
1307,52.2,gf,2.420,mm,OK,--,8:49:56 PM,6/23/2025,
1308,52.1,gf,2.410,mm,OK,--,8:49:56 PM,6/23/2025,
1309,52.0,gf,2.405,mm,OK,--,8:49:56 PM,6/23/2025,
1310,52.0,gf,2.400,mm,OK,--,8:49:57 PM,6/23/2025,
1311,51.9,gf,2.395,mm,OK,--,8:49:57 PM,6/23/2025,
1312,51.9,gf,2.390,mm,OK,--,8:49:57 PM,6/23/2025,
1313,51.9,gf,2.385,mm,OK,--,8:49:57 PM,6/23/2025,
1314,51.8,gf,2.380,mm,OK,--,8:49:57 PM,6/23/2025,
1315,51.7,gf,2.370,mm,OK,--,8:49:57 PM,6/23/2025,
1316,51.6,gf,2.360,mm,OK,--,8:49:57 PM,6/23/2025,
1317,51.4,gf,2.350,mm,OK,--,8:49:57 PM,6/23/2025,
1318,51.4,gf,2.340,mm,OK,--,8:49:57 PM,6/23/2025,
1319,51.1,gf,2.330,mm,OK,--,8:49:57 PM,6/23/2025,
1320,50.8,gf,2.315,mm,OK,--,8:49:58 PM,6/23/2025,
1321,50.6,gf,2.305,mm,OK,--,8:49:58 PM,6/23/2025,
1322,50.4,gf,2.295,mm,OK,--,8:49:58 PM,6/23/2025,
1323,50.1,gf,2.285,mm,OK,--,8:49:58 PM,6/23/2025,
1324,49.9,gf,2.275,mm,OK,--,8:49:58 PM,6/23/2025,
1325,49.8,gf,2.270,mm,OK,--,8:49:58 PM,6/23/2025,
1326,49.7,gf,2.265,mm,OK,--,8:49:58 PM,6/23/2025,
1327,49.5,gf,2.255,mm,OK,--,8:49:58 PM,6/23/2025,
1328,49.3,gf,2.245,mm,OK,--,8:49:58 PM,6/23/2025,
1329,49.1,gf,2.240,mm,OK,--,8:49:58 PM,6/23/2025,
1330,48.9,gf,2.230,mm,OK,--,8:49:59 PM,6/23/2025,
1331,48.7,gf,2.225,mm,OK,--,8:49:59 PM,6/23/2025,
1332,48.5,gf,2.210,mm,OK,--,8:49:59 PM,6/23/2025,
1333,48.3,gf,2.200,mm,OK,--,8:49:59 PM,6/23/2025,
1334,48.2,gf,2.190,mm,OK,--,8:49:59 PM,6/23/2025,
1335,48.0,gf,2.180,mm,OK,--,8:49:59 PM,6/23/2025,
1336,47.8,gf,2.175,mm,OK,--,8:49:59 PM,6/23/2025,
1337,47.7,gf,2.170,mm,OK,--,8:49:59 PM,6/23/2025,
1338,47.6,gf,2.165,mm,OK,--,8:49:59 PM,6/23/2025,
1339,47.5,gf,2.165,mm,OK,--,8:49:59 PM,6/23/2025,
1340,47.4,gf,2.160,mm,OK,--,8:50:00 PM,6/23/2025,
1341,47.3,gf,2.155,mm,OK,--,8:50:00 PM,6/23/2025,
1342,47.2,gf,2.150,mm,OK,--,8:50:00 PM,6/23/2025,
1343,47.1,gf,2.150,mm,OK,--,8:50:00 PM,6/23/2025,
1344,46.9,gf,2.145,mm,OK,--,8:50:00 PM,6/23/2025,
1345,46.9,gf,2.140,mm,OK,--,8:50:00 PM,6/23/2025,
1346,46.7,gf,2.140,mm,OK,--,8:50:00 PM,6/23/2025,
1347,46.6,gf,2.135,mm,OK,--,8:50:00 PM,6/23/2025,
1348,46.5,gf,2.135,mm,OK,--,8:50:00 PM,6/23/2025,
1349,46.4,gf,2.130,mm,OK,--,8:50:00 PM,6/23/2025,
1350,46.2,gf,2.130,mm,OK,--,8:50:01 PM,6/23/2025,
1351,46.1,gf,2.125,mm,OK,--,8:50:01 PM,6/23/2025,
1352,46.0,gf,2.120,mm,OK,--,8:50:01 PM,6/23/2025,
1353,45.9,gf,2.115,mm,OK,--,8:50:01 PM,6/23/2025,
1354,45.9,gf,2.110,mm,OK,--,8:50:01 PM,6/23/2025,
1355,45.7,gf,2.105,mm,OK,--,8:50:01 PM,6/23/2025,
1356,45.6,gf,2.100,mm,OK,--,8:50:01 PM,6/23/2025,
1357,45.4,gf,2.095,mm,OK,--,8:50:01 PM,6/23/2025,
1358,45.3,gf,2.090,mm,OK,--,8:50:01 PM,6/23/2025,
1359,45.1,gf,2.080,mm,OK,--,8:50:01 PM,6/23/2025,
1360,45.0,gf,2.070,mm,OK,--,8:50:02 PM,6/23/2025,
1361,44.8,gf,2.065,mm,OK,--,8:50:02 PM,6/23/2025,
1362,44.7,gf,2.060,mm,OK,--,8:50:02 PM,6/23/2025,
1363,44.5,gf,2.055,mm,OK,--,8:50:02 PM,6/23/2025,
1364,44.4,gf,2.055,mm,OK,--,8:50:02 PM,6/23/2025,
1365,44.3,gf,2.050,mm,OK,--,8:50:02 PM,6/23/2025,
1366,44.2,gf,2.050,mm,OK,--,8:50:02 PM,6/23/2025,
1367,44.1,gf,2.045,mm,OK,--,8:50:02 PM,6/23/2025,
1368,43.9,gf,2.045,mm,OK,--,8:50:02 PM,6/23/2025,
1369,43.8,gf,2.040,mm,OK,--,8:50:02 PM,6/23/2025,
1370,43.7,gf,2.035,mm,OK,--,8:50:03 PM,6/23/2025,
1371,43.6,gf,2.025,mm,OK,--,8:50:03 PM,6/23/2025,
1372,43.5,gf,2.020,mm,OK,--,8:50:03 PM,6/23/2025,
1373,43.4,gf,2.010,mm,OK,--,8:50:03 PM,6/23/2025,
1374,43.1,gf,2.005,mm,OK,--,8:50:03 PM,6/23/2025,
1375,42.9,gf,2.000,mm,OK,--,8:50:03 PM,6/23/2025,
1376,42.9,gf,1.995,mm,OK,--,8:50:03 PM,6/23/2025,
1377,42.7,gf,1.990,mm,OK,--,8:50:03 PM,6/23/2025,
1378,42.6,gf,1.980,mm,OK,--,8:50:03 PM,6/23/2025,
1379,42.5,gf,1.975,mm,OK,--,8:50:03 PM,6/23/2025,
1380,42.3,gf,1.970,mm,OK,--,8:50:04 PM,6/23/2025,
1381,42.2,gf,1.965,mm,OK,--,8:50:04 PM,6/23/2025,
1382,42.1,gf,1.960,mm,OK,--,8:50:04 PM,6/23/2025,
1383,42.0,gf,1.955,mm,OK,--,8:50:04 PM,6/23/2025,
1384,41.9,gf,1.950,mm,OK,--,8:50:04 PM,6/23/2025,
1385,41.7,gf,1.945,mm,OK,--,8:50:04 PM,6/23/2025,
1386,41.5,gf,1.940,mm,OK,--,8:50:04 PM,6/23/2025,
1387,41.3,gf,1.935,mm,OK,--,8:50:04 PM,6/23/2025,
1388,41.0,gf,1.925,mm,OK,--,8:50:04 PM,6/23/2025,
1389,40.7,gf,1.920,mm,OK,--,8:50:04 PM,6/23/2025,
1390,40.4,gf,1.910,mm,OK,--,8:50:05 PM,6/23/2025,
1391,40.2,gf,1.900,mm,OK,--,8:50:05 PM,6/23/2025,
1392,40.1,gf,1.895,mm,OK,--,8:50:05 PM,6/23/2025,
1393,39.9,gf,1.885,mm,OK,--,8:50:05 PM,6/23/2025,
1394,39.7,gf,1.875,mm,OK,--,8:50:05 PM,6/23/2025,
1395,39.6,gf,1.860,mm,OK,--,8:50:05 PM,6/23/2025,
1396,39.2,gf,1.850,mm,OK,--,8:50:05 PM,6/23/2025,
1397,39.2,gf,1.840,mm,OK,--,8:50:05 PM,6/23/2025,
1398,38.9,gf,1.835,mm,OK,--,8:50:05 PM,6/23/2025,
1399,38.7,gf,1.830,mm,OK,--,8:50:05 PM,6/23/2025,
1400,38.5,gf,1.825,mm,OK,--,8:50:06 PM,6/23/2025,
1401,38.2,gf,1.825,mm,OK,--,8:50:06 PM,6/23/2025,
1402,38.0,gf,1.820,mm,OK,--,8:50:06 PM,6/23/2025,
1403,38.0,gf,1.810,mm,OK,--,8:50:06 PM,6/23/2025,
1404,37.8,gf,1.800,mm,OK,--,8:50:06 PM,6/23/2025,
1405,37.7,gf,1.795,mm,OK,--,8:50:06 PM,6/23/2025,
1406,37.6,gf,1.790,mm,OK,--,8:50:06 PM,6/23/2025,
1407,37.6,gf,1.780,mm,OK,--,8:50:06 PM,6/23/2025,
1408,37.5,gf,1.775,mm,OK,--,8:50:06 PM,6/23/2025,
1409,37.5,gf,1.770,mm,OK,--,8:50:06 PM,6/23/2025,
1410,37.4,gf,1.760,mm,OK,--,8:50:07 PM,6/23/2025,
1411,37.4,gf,1.755,mm,OK,--,8:50:07 PM,6/23/2025,
1412,37.4,gf,1.745,mm,OK,--,8:50:07 PM,6/23/2025,
1413,37.4,gf,1.735,mm,OK,--,8:50:07 PM,6/23/2025,
1414,37.5,gf,1.730,mm,OK,--,8:50:07 PM,6/23/2025,
1415,37.4,gf,1.725,mm,OK,--,8:50:07 PM,6/23/2025,
1416,37.2,gf,1.720,mm,OK,--,8:50:07 PM,6/23/2025,
1417,37.2,gf,1.715,mm,OK,--,8:50:07 PM,6/23/2025,
1418,37.2,gf,1.710,mm,OK,--,8:50:07 PM,6/23/2025,
1419,37.1,gf,1.700,mm,OK,--,8:50:07 PM,6/23/2025,
1420,37.0,gf,1.690,mm,OK,--,8:50:08 PM,6/23/2025,
1421,37.0,gf,1.685,mm,OK,--,8:50:08 PM,6/23/2025,
1422,36.9,gf,1.675,mm,OK,--,8:50:08 PM,6/23/2025,
1423,36.9,gf,1.670,mm,OK,--,8:50:08 PM,6/23/2025,
1424,37.0,gf,1.660,mm,OK,--,8:50:08 PM,6/23/2025,
1425,36.8,gf,1.650,mm,OK,--,8:50:08 PM,6/23/2025,
1426,36.7,gf,1.645,mm,OK,--,8:50:08 PM,6/23/2025,
1427,36.7,gf,1.635,mm,OK,--,8:50:08 PM,6/23/2025,
1428,36.6,gf,1.625,mm,OK,--,8:50:08 PM,6/23/2025,
1429,36.6,gf,1.615,mm,OK,--,8:50:08 PM,6/23/2025,
1430,36.5,gf,1.610,mm,OK,--,8:50:09 PM,6/23/2025,
1431,36.4,gf,1.610,mm,OK,--,8:50:09 PM,6/23/2025,
1432,36.1,gf,1.605,mm,OK,--,8:50:09 PM,6/23/2025,
1433,36.2,gf,1.600,mm,OK,--,8:50:09 PM,6/23/2025,
1434,36.1,gf,1.595,mm,OK,--,8:50:09 PM,6/23/2025,
1435,36.2,gf,1.590,mm,OK,--,8:50:09 PM,6/23/2025,
1436,36.0,gf,1.585,mm,OK,--,8:50:09 PM,6/23/2025,
1437,36.3,gf,1.570,mm,OK,--,8:50:09 PM,6/23/2025,
1438,36.4,gf,1.560,mm,OK,--,8:50:09 PM,6/23/2025,
1439,36.2,gf,1.550,mm,OK,--,8:50:09 PM,6/23/2025,
1440,36.1,gf,1.545,mm,OK,--,8:50:10 PM,6/23/2025,
1441,35.9,gf,1.540,mm,OK,--,8:50:10 PM,6/23/2025,
1442,35.7,gf,1.530,mm,OK,--,8:50:10 PM,6/23/2025,
1443,35.7,gf,1.530,mm,OK,--,8:50:10 PM,6/23/2025,
1444,35.6,gf,1.525,mm,OK,--,8:50:10 PM,6/23/2025,
1445,35.5,gf,1.520,mm,OK,--,8:50:10 PM,6/23/2025,
1446,35.5,gf,1.520,mm,OK,--,8:50:10 PM,6/23/2025,
1447,35.4,gf,1.515,mm,OK,--,8:50:10 PM,6/23/2025,
1448,35.1,gf,1.515,mm,OK,--,8:50:10 PM,6/23/2025,
1449,35.1,gf,1.510,mm,OK,--,8:50:10 PM,6/23/2025,
1450,35.1,gf,1.510,mm,OK,--,8:50:11 PM,6/23/2025,
1451,35.1,gf,1.505,mm,OK,--,8:50:11 PM,6/23/2025,
1452,35.0,gf,1.505,mm,OK,--,8:50:11 PM,6/23/2025,
1453,34.8,gf,1.505,mm,OK,--,8:50:11 PM,6/23/2025,
1454,34.8,gf,1.500,mm,OK,--,8:50:11 PM,6/23/2025,
1455,34.7,gf,1.500,mm,OK,--,8:50:11 PM,6/23/2025,
1456,34.8,gf,1.495,mm,OK,--,8:50:11 PM,6/23/2025,
1457,34.9,gf,1.495,mm,OK,--,8:50:11 PM,6/23/2025,
1458,34.9,gf,1.490,mm,OK,--,8:50:11 PM,6/23/2025,
1459,34.9,gf,1.490,mm,OK,--,8:50:11 PM,6/23/2025,
1460,34.9,gf,1.490,mm,OK,--,8:50:12 PM,6/23/2025,
1461,34.8,gf,1.490,mm,OK,--,8:50:12 PM,6/23/2025,
1462,34.5,gf,1.490,mm,OK,--,8:50:12 PM,6/23/2025,
1463,34.5,gf,1.485,mm,OK,--,8:50:12 PM,6/23/2025,
1464,34.6,gf,1.485,mm,OK,--,8:50:12 PM,6/23/2025,
1465,34.6,gf,1.485,mm,OK,--,8:50:12 PM,6/23/2025,
1466,34.6,gf,1.480,mm,OK,--,8:50:12 PM,6/23/2025,
1467,34.6,gf,1.480,mm,OK,--,8:50:12 PM,6/23/2025,
1468,34.7,gf,1.480,mm,OK,--,8:50:12 PM,6/23/2025,
1469,34.5,gf,1.480,mm,OK,--,8:50:12 PM,6/23/2025,
1470,34.5,gf,1.475,mm,OK,--,8:50:13 PM,6/23/2025,
1471,34.4,gf,1.475,mm,OK,--,8:50:13 PM,6/23/2025,
1472,34.3,gf,1.475,mm,OK,--,8:50:13 PM,6/23/2025,
1473,34.4,gf,1.475,mm,OK,--,8:50:13 PM,6/23/2025,
1474,34.4,gf,1.470,mm,OK,--,8:50:13 PM,6/23/2025,
1475,34.4,gf,1.470,mm,OK,--,8:50:13 PM,6/23/2025,
1476,34.4,gf,1.470,mm,OK,--,8:50:13 PM,6/23/2025,
1477,34.4,gf,1.470,mm,OK,--,8:50:13 PM,6/23/2025,
1478,34.4,gf,1.465,mm,OK,--,8:50:13 PM,6/23/2025,
1479,34.4,gf,1.465,mm,OK,--,8:50:13 PM,6/23/2025,
1480,34.1,gf,1.465,mm,OK,--,8:50:14 PM,6/23/2025,
1481,34.1,gf,1.465,mm,OK,--,8:50:14 PM,6/23/2025,
1482,34.3,gf,1.460,mm,OK,--,8:50:14 PM,6/23/2025,
1483,34.3,gf,1.460,mm,OK,--,8:50:14 PM,6/23/2025,
1484,34.1,gf,1.460,mm,OK,--,8:50:14 PM,6/23/2025,
1485,34.0,gf,1.460,mm,OK,--,8:50:14 PM,6/23/2025,
1486,34.0,gf,1.455,mm,OK,--,8:50:14 PM,6/23/2025,
1487,34.0,gf,1.450,mm,OK,--,8:50:14 PM,6/23/2025,
1488,34.0,gf,1.450,mm,OK,--,8:50:14 PM,6/23/2025,
1489,34.0,gf,1.445,mm,OK,--,8:50:14 PM,6/23/2025,
1490,33.9,gf,1.440,mm,OK,--,8:50:15 PM,6/23/2025,
1491,34.2,gf,1.435,mm,OK,--,8:50:15 PM,6/23/2025,
1492,34.2,gf,1.430,mm,OK,--,8:50:15 PM,6/23/2025,
1493,34.2,gf,1.425,mm,OK,--,8:50:15 PM,6/23/2025,
1494,34.2,gf,1.420,mm,OK,--,8:50:15 PM,6/23/2025,
1495,34.2,gf,1.420,mm,OK,--,8:50:15 PM,6/23/2025,
1496,34.2,gf,1.415,mm,OK,--,8:50:15 PM,6/23/2025,
1497,34.2,gf,1.410,mm,OK,--,8:50:15 PM,6/23/2025,
1498,34.1,gf,1.410,mm,OK,--,8:50:15 PM,6/23/2025,
1499,34.0,gf,1.405,mm,OK,--,8:50:15 PM,6/23/2025,
1500,34.1,gf,1.400,mm,OK,--,8:50:16 PM,6/23/2025,
1501,34.1,gf,1.395,mm,OK,--,8:50:16 PM,6/23/2025,
1502,34.0,gf,1.390,mm,OK,--,8:50:16 PM,6/23/2025,
1503,34.0,gf,1.390,mm,OK,--,8:50:16 PM,6/23/2025,
1504,34.0,gf,1.385,mm,OK,--,8:50:16 PM,6/23/2025,
1505,34.0,gf,1.380,mm,OK,--,8:50:16 PM,6/23/2025,
1506,34.0,gf,1.375,mm,OK,--,8:50:16 PM,6/23/2025,
1507,33.9,gf,1.375,mm,OK,--,8:50:16 PM,6/23/2025,
1508,33.9,gf,1.370,mm,OK,--,8:50:16 PM,6/23/2025,
1509,34.0,gf,1.365,mm,OK,--,8:50:16 PM,6/23/2025,
1510,33.9,gf,1.360,mm,OK,--,8:50:17 PM,6/23/2025,
1511,33.7,gf,1.355,mm,OK,--,8:50:17 PM,6/23/2025,
1512,33.6,gf,1.355,mm,OK,--,8:50:17 PM,6/23/2025,
1513,33.6,gf,1.350,mm,OK,--,8:50:17 PM,6/23/2025,
1514,33.5,gf,1.345,mm,OK,--,8:50:17 PM,6/23/2025,
1515,33.4,gf,1.340,mm,OK,--,8:50:17 PM,6/23/2025,
1516,33.4,gf,1.335,mm,OK,--,8:50:17 PM,6/23/2025,
1517,33.5,gf,1.330,mm,OK,--,8:50:17 PM,6/23/2025,
1518,33.5,gf,1.325,mm,OK,--,8:50:17 PM,6/23/2025,
1519,33.6,gf,1.315,mm,OK,--,8:50:17 PM,6/23/2025,
1520,33.6,gf,1.310,mm,OK,--,8:50:18 PM,6/23/2025,
1521,33.5,gf,1.305,mm,OK,--,8:50:18 PM,6/23/2025,
1522,33.3,gf,1.300,mm,OK,--,8:50:18 PM,6/23/2025,
1523,33.2,gf,1.295,mm,OK,--,8:50:18 PM,6/23/2025,
1524,33.1,gf,1.290,mm,OK,--,8:50:18 PM,6/23/2025,
1525,33.0,gf,1.280,mm,OK,--,8:50:18 PM,6/23/2025,
1526,33.0,gf,1.275,mm,OK,--,8:50:18 PM,6/23/2025,
1527,32.9,gf,1.270,mm,OK,--,8:50:18 PM,6/23/2025,
1528,33.0,gf,1.260,mm,OK,--,8:50:18 PM,6/23/2025,
1529,33.0,gf,1.255,mm,OK,--,8:50:18 PM,6/23/2025,
1530,32.9,gf,1.255,mm,OK,--,8:50:19 PM,6/23/2025,
1531,32.9,gf,1.250,mm,OK,--,8:50:19 PM,6/23/2025,
1532,32.8,gf,1.245,mm,OK,--,8:50:19 PM,6/23/2025,
1533,32.8,gf,1.240,mm,OK,--,8:50:19 PM,6/23/2025,
1534,32.8,gf,1.235,mm,OK,--,8:50:19 PM,6/23/2025,
1535,32.7,gf,1.230,mm,OK,--,8:50:19 PM,6/23/2025,
1536,32.6,gf,1.225,mm,OK,--,8:50:19 PM,6/23/2025,
1537,32.5,gf,1.220,mm,OK,--,8:50:19 PM,6/23/2025,
1538,32.3,gf,1.215,mm,OK,--,8:50:19 PM,6/23/2025,
1539,32.2,gf,1.205,mm,OK,--,8:50:19 PM,6/23/2025,
1540,32.3,gf,1.200,mm,OK,--,8:50:20 PM,6/23/2025,
1541,32.2,gf,1.195,mm,OK,--,8:50:20 PM,6/23/2025,
1542,32.1,gf,1.190,mm,OK,--,8:50:20 PM,6/23/2025,
1543,32.1,gf,1.180,mm,OK,--,8:50:20 PM,6/23/2025,
1544,32.1,gf,1.175,mm,OK,--,8:50:20 PM,6/23/2025,
1545,32.1,gf,1.170,mm,OK,--,8:50:20 PM,6/23/2025,
1546,32.3,gf,1.160,mm,OK,--,8:50:20 PM,6/23/2025,
1547,32.2,gf,1.155,mm,OK,--,8:50:20 PM,6/23/2025,
1548,32.0,gf,1.150,mm,OK,--,8:50:20 PM,6/23/2025,
1549,32.0,gf,1.150,mm,OK,--,8:50:20 PM,6/23/2025,
1550,31.8,gf,1.145,mm,OK,--,8:50:21 PM,6/23/2025,
1551,31.6,gf,1.140,mm,OK,--,8:50:21 PM,6/23/2025,
1552,31.6,gf,1.140,mm,OK,--,8:50:21 PM,6/23/2025,
1553,31.5,gf,1.135,mm,OK,--,8:50:21 PM,6/23/2025,
1554,31.4,gf,1.135,mm,OK,--,8:50:21 PM,6/23/2025,
1555,31.4,gf,1.130,mm,OK,--,8:50:21 PM,6/23/2025,
1556,31.4,gf,1.130,mm,OK,--,8:50:21 PM,6/23/2025,
1557,31.3,gf,1.125,mm,OK,--,8:50:21 PM,6/23/2025,
1558,31.1,gf,1.125,mm,OK,--,8:50:21 PM,6/23/2025,
1559,31.1,gf,1.120,mm,OK,--,8:50:21 PM,6/23/2025,
1560,31.3,gf,1.115,mm,OK,--,8:50:22 PM,6/23/2025,
1561,31.4,gf,1.110,mm,OK,--,8:50:22 PM,6/23/2025,
1562,31.4,gf,1.105,mm,OK,--,8:50:22 PM,6/23/2025,
1563,31.4,gf,1.100,mm,OK,--,8:50:22 PM,6/23/2025,
1564,31.3,gf,1.095,mm,OK,--,8:50:22 PM,6/23/2025,
1565,31.3,gf,1.095,mm,OK,--,8:50:22 PM,6/23/2025,
1566,31.3,gf,1.095,mm,OK,--,8:50:22 PM,6/23/2025,
1567,31.3,gf,1.090,mm,OK,--,8:50:22 PM,6/23/2025,
1568,31.0,gf,1.090,mm,OK,--,8:50:22 PM,6/23/2025,
1569,31.0,gf,1.085,mm,OK,--,8:50:22 PM,6/23/2025,
1570,31.1,gf,1.080,mm,OK,--,8:50:23 PM,6/23/2025,
1571,31.1,gf,1.080,mm,OK,--,8:50:23 PM,6/23/2025,
1572,31.1,gf,1.075,mm,OK,--,8:50:23 PM,6/23/2025,
1573,31.0,gf,1.070,mm,OK,--,8:50:23 PM,6/23/2025,
1574,31.0,gf,1.070,mm,OK,--,8:50:23 PM,6/23/2025,
1575,31.0,gf,1.065,mm,OK,--,8:50:23 PM,6/23/2025,
1576,31.0,gf,1.060,mm,OK,--,8:50:23 PM,6/23/2025,
1577,31.0,gf,1.055,mm,OK,--,8:50:23 PM,6/23/2025,
1578,31.2,gf,1.045,mm,OK,--,8:50:23 PM,6/23/2025,
1579,31.3,gf,1.040,mm,OK,--,8:50:23 PM,6/23/2025,
1580,31.4,gf,1.035,mm,OK,--,8:50:24 PM,6/23/2025,
1581,31.3,gf,1.025,mm,OK,--,8:50:24 PM,6/23/2025,
1582,31.4,gf,1.020,mm,OK,--,8:50:24 PM,6/23/2025,
1583,31.4,gf,1.015,mm,OK,--,8:50:24 PM,6/23/2025,
1584,31.4,gf,1.015,mm,OK,--,8:50:24 PM,6/23/2025,
1585,31.5,gf,1.010,mm,OK,--,8:50:24 PM,6/23/2025,
1586,31.4,gf,1.010,mm,OK,--,8:50:24 PM,6/23/2025,
1587,31.3,gf,1.005,mm,OK,--,8:50:24 PM,6/23/2025,
1588,31.2,gf,1.005,mm,OK,--,8:50:24 PM,6/23/2025,
1589,31.2,gf,1.000,mm,OK,--,8:50:24 PM,6/23/2025,
1590,31.1,gf,1.000,mm,OK,--,8:50:25 PM,6/23/2025,
1591,30.9,gf,0.995,mm,OK,--,8:50:25 PM,6/23/2025,
1592,31.0,gf,0.990,mm,OK,--,8:50:25 PM,6/23/2025,
1593,31.0,gf,0.985,mm,OK,--,8:50:25 PM,6/23/2025,
1594,30.9,gf,0.985,mm,OK,--,8:50:25 PM,6/23/2025,
1595,30.9,gf,0.980,mm,OK,--,8:50:25 PM,6/23/2025,
1596,30.7,gf,0.970,mm,OK,--,8:50:25 PM,6/23/2025,
1597,31.0,gf,0.960,mm,OK,--,8:50:25 PM,6/23/2025,
1598,30.9,gf,0.955,mm,OK,--,8:50:25 PM,6/23/2025,
1599,30.8,gf,0.950,mm,OK,--,8:50:25 PM,6/23/2025,
1600,30.8,gf,0.945,mm,OK,--,8:50:26 PM,6/23/2025,
1601,30.7,gf,0.940,mm,OK,--,8:50:26 PM,6/23/2025,
1602,30.6,gf,0.935,mm,OK,--,8:50:26 PM,6/23/2025,
1603,30.4,gf,0.935,mm,OK,--,8:50:26 PM,6/23/2025,
1604,30.3,gf,0.925,mm,OK,--,8:50:26 PM,6/23/2025,
1605,30.4,gf,0.920,mm,OK,--,8:50:26 PM,6/23/2025,
1606,30.5,gf,0.910,mm,OK,--,8:50:26 PM,6/23/2025,
1607,30.3,gf,0.900,mm,OK,--,8:50:26 PM,6/23/2025,
1608,30.2,gf,0.895,mm,OK,--,8:50:26 PM,6/23/2025,
1609,30.1,gf,0.885,mm,OK,--,8:50:26 PM,6/23/2025,
1610,30.4,gf,0.875,mm,OK,--,8:50:27 PM,6/23/2025,
1611,30.5,gf,0.860,mm,OK,--,8:50:27 PM,6/23/2025,
1612,30.6,gf,0.845,mm,OK,--,8:50:27 PM,6/23/2025,
1613,30.5,gf,0.835,mm,OK,--,8:50:27 PM,6/23/2025,
1614,30.5,gf,0.830,mm,OK,--,8:50:27 PM,6/23/2025,
1615,30.3,gf,0.825,mm,OK,--,8:50:27 PM,6/23/2025,
1616,30.1,gf,0.820,mm,OK,--,8:50:27 PM,6/23/2025,
1617,30.1,gf,0.815,mm,OK,--,8:50:27 PM,6/23/2025,
1618,30.0,gf,0.810,mm,OK,--,8:50:27 PM,6/23/2025,
1619,29.9,gf,0.805,mm,OK,--,8:50:27 PM,6/23/2025,
1620,29.8,gf,0.800,mm,OK,--,8:50:28 PM,6/23/2025,
1621,29.8,gf,0.795,mm,OK,--,8:50:28 PM,6/23/2025,
1622,29.8,gf,0.795,mm,OK,--,8:50:28 PM,6/23/2025,
1623,29.6,gf,0.795,mm,OK,--,8:50:28 PM,6/23/2025,
1624,29.6,gf,0.790,mm,OK,--,8:50:28 PM,6/23/2025,
1625,29.5,gf,0.785,mm,OK,--,8:50:28 PM,6/23/2025,
1626,29.5,gf,0.785,mm,OK,--,8:50:28 PM,6/23/2025,
1627,29.5,gf,0.780,mm,OK,--,8:50:28 PM,6/23/2025,
1628,29.5,gf,0.780,mm,OK,--,8:50:28 PM,6/23/2025,
1629,29.3,gf,0.775,mm,OK,--,8:50:28 PM,6/23/2025,
1630,29.3,gf,0.770,mm,OK,--,8:50:29 PM,6/23/2025,
1631,29.2,gf,0.765,mm,OK,--,8:50:29 PM,6/23/2025,
1632,29.2,gf,0.760,mm,OK,--,8:50:29 PM,6/23/2025,
1633,29.2,gf,0.760,mm,OK,--,8:50:29 PM,6/23/2025,
1634,29.0,gf,0.755,mm,OK,--,8:50:29 PM,6/23/2025,
1635,28.9,gf,0.750,mm,OK,--,8:50:29 PM,6/23/2025,
1636,28.9,gf,0.750,mm,OK,--,8:50:29 PM,6/23/2025,
1637,28.7,gf,0.745,mm,OK,--,8:50:29 PM,6/23/2025,
1638,28.9,gf,0.735,mm,OK,--,8:50:29 PM,6/23/2025,
1639,28.8,gf,0.730,mm,OK,--,8:50:29 PM,6/23/2025,
1640,28.8,gf,0.725,mm,OK,--,8:50:30 PM,6/23/2025,
1641,28.8,gf,0.725,mm,OK,--,8:50:30 PM,6/23/2025,
1642,28.7,gf,0.720,mm,OK,--,8:50:30 PM,6/23/2025,
1643,28.7,gf,0.720,mm,OK,--,8:50:30 PM,6/23/2025,
1644,28.7,gf,0.720,mm,OK,--,8:50:30 PM,6/23/2025,
1645,28.4,gf,0.715,mm,OK,--,8:50:30 PM,6/23/2025,
1646,28.4,gf,0.715,mm,OK,--,8:50:30 PM,6/23/2025,
1647,28.5,gf,0.710,mm,OK,--,8:50:30 PM,6/23/2025,
1648,28.3,gf,0.705,mm,OK,--,8:50:30 PM,6/23/2025,
1649,28.3,gf,0.705,mm,OK,--,8:50:30 PM,6/23/2025,
1650,28.3,gf,0.700,mm,OK,--,8:50:31 PM,6/23/2025,
1651,28.4,gf,0.695,mm,OK,--,8:50:31 PM,6/23/2025,
1652,28.4,gf,0.695,mm,OK,--,8:50:31 PM,6/23/2025,
1653,28.3,gf,0.690,mm,OK,--,8:50:31 PM,6/23/2025,
1654,28.2,gf,0.690,mm,OK,--,8:50:31 PM,6/23/2025,
1655,28.2,gf,0.685,mm,OK,--,8:50:31 PM,6/23/2025,
1656,28.3,gf,0.685,mm,OK,--,8:50:31 PM,6/23/2025,
1657,28.4,gf,0.680,mm,OK,--,8:50:31 PM,6/23/2025,
1658,28.2,gf,0.680,mm,OK,--,8:50:31 PM,6/23/2025,
1659,28.0,gf,0.680,mm,OK,--,8:50:31 PM,6/23/2025,
1660,28.0,gf,0.675,mm,OK,--,8:50:32 PM,6/23/2025,
1661,28.0,gf,0.675,mm,OK,--,8:50:32 PM,6/23/2025,
1662,28.0,gf,0.670,mm,OK,--,8:50:32 PM,6/23/2025,
1663,27.9,gf,0.670,mm,OK,--,8:50:32 PM,6/23/2025,
1664,27.9,gf,0.665,mm,OK,--,8:50:32 PM,6/23/2025,
1665,27.9,gf,0.665,mm,OK,--,8:50:32 PM,6/23/2025,
1666,27.7,gf,0.660,mm,OK,--,8:50:32 PM,6/23/2025,
1667,27.7,gf,0.655,mm,OK,--,8:50:32 PM,6/23/2025,
1668,27.7,gf,0.650,mm,OK,--,8:50:32 PM,6/23/2025,
1669,27.7,gf,0.650,mm,OK,--,8:50:32 PM,6/23/2025,
1670,27.7,gf,0.645,mm,OK,--,8:50:33 PM,6/23/2025,
1671,27.5,gf,0.645,mm,OK,--,8:50:33 PM,6/23/2025,
1672,27.4,gf,0.640,mm,OK,--,8:50:33 PM,6/23/2025,
1673,27.6,gf,0.635,mm,OK,--,8:50:33 PM,6/23/2025,
1674,27.7,gf,0.630,mm,OK,--,8:50:33 PM,6/23/2025,
1675,27.6,gf,0.630,mm,OK,--,8:50:33 PM,6/23/2025,
1676,27.5,gf,0.625,mm,OK,--,8:50:33 PM,6/23/2025,
1677,27.5,gf,0.625,mm,OK,--,8:50:33 PM,6/23/2025,
1678,27.5,gf,0.625,mm,OK,--,8:50:33 PM,6/23/2025,
1679,27.5,gf,0.620,mm,OK,--,8:50:33 PM,6/23/2025,
1680,27.4,gf,0.620,mm,OK,--,8:50:34 PM,6/23/2025,
1681,27.6,gf,0.620,mm,OK,--,8:50:34 PM,6/23/2025,
1682,27.5,gf,0.620,mm,OK,--,8:50:34 PM,6/23/2025,
1683,27.3,gf,0.620,mm,OK,--,8:50:34 PM,6/23/2025,
1684,27.2,gf,0.615,mm,OK,--,8:50:34 PM,6/23/2025,
1685,27.1,gf,0.615,mm,OK,--,8:50:34 PM,6/23/2025,
1686,27.2,gf,0.615,mm,OK,--,8:50:34 PM,6/23/2025,
1687,27.2,gf,0.610,mm,OK,--,8:50:34 PM,6/23/2025,
1688,27.0,gf,0.610,mm,OK,--,8:50:34 PM,6/23/2025,
1689,27.0,gf,0.605,mm,OK,--,8:50:34 PM,6/23/2025,
1690,27.1,gf,0.605,mm,OK,--,8:50:35 PM,6/23/2025,
1691,27.1,gf,0.600,mm,OK,--,8:50:35 PM,6/23/2025,
1692,27.3,gf,0.595,mm,OK,--,8:50:35 PM,6/23/2025,
1693,27.3,gf,0.590,mm,OK,--,8:50:35 PM,6/23/2025,
1694,27.3,gf,0.585,mm,OK,--,8:50:35 PM,6/23/2025,
1695,27.2,gf,0.580,mm,OK,--,8:50:35 PM,6/23/2025,
1696,27.3,gf,0.575,mm,OK,--,8:50:35 PM,6/23/2025,
1697,27.4,gf,0.565,mm,OK,--,8:50:35 PM,6/23/2025,
1698,27.3,gf,0.560,mm,OK,--,8:50:35 PM,6/23/2025,
1699,27.3,gf,0.550,mm,OK,--,8:50:35 PM,6/23/2025,
1700,27.2,gf,0.545,mm,OK,--,8:50:36 PM,6/23/2025,
1701,27.0,gf,0.540,mm,OK,--,8:50:36 PM,6/23/2025,
1702,27.0,gf,0.535,mm,OK,--,8:50:36 PM,6/23/2025,
1703,27.1,gf,0.535,mm,OK,--,8:50:36 PM,6/23/2025,
1704,26.9,gf,0.530,mm,OK,--,8:50:36 PM,6/23/2025,
1705,26.9,gf,0.530,mm,OK,--,8:50:36 PM,6/23/2025,
1706,26.8,gf,0.525,mm,OK,--,8:50:36 PM,6/23/2025,
1707,26.8,gf,0.525,mm,OK,--,8:50:36 PM,6/23/2025,
1708,26.5,gf,0.520,mm,OK,--,8:50:36 PM,6/23/2025,
1709,26.6,gf,0.520,mm,OK,--,8:50:36 PM,6/23/2025,
1710,26.4,gf,0.515,mm,OK,--,8:50:37 PM,6/23/2025,
1711,26.5,gf,0.510,mm,OK,--,8:50:37 PM,6/23/2025,
1712,26.6,gf,0.510,mm,OK,--,8:50:37 PM,6/23/2025,
1713,26.3,gf,0.510,mm,OK,--,8:50:37 PM,6/23/2025,
1714,26.3,gf,0.505,mm,OK,--,8:50:37 PM,6/23/2025,
1715,26.3,gf,0.505,mm,OK,--,8:50:37 PM,6/23/2025,
1716,26.2,gf,0.500,mm,OK,--,8:50:37 PM,6/23/2025,
1717,26.3,gf,0.500,mm,OK,--,8:50:37 PM,6/23/2025,
1718,26.2,gf,0.500,mm,OK,--,8:50:37 PM,6/23/2025,
1719,26.0,gf,0.495,mm,OK,--,8:50:37 PM,6/23/2025,
1720,25.9,gf,0.495,mm,OK,--,8:50:38 PM,6/23/2025,
1721,25.9,gf,0.490,mm,OK,--,8:50:38 PM,6/23/2025,
1722,26.1,gf,0.485,mm,OK,--,8:50:38 PM,6/23/2025,
1723,26.4,gf,0.475,mm,OK,--,8:50:38 PM,6/23/2025,
1724,26.5,gf,0.465,mm,OK,--,8:50:38 PM,6/23/2025,
1725,26.5,gf,0.460,mm,OK,--,8:50:38 PM,6/23/2025,
1726,26.3,gf,0.455,mm,OK,--,8:50:38 PM,6/23/2025,
1727,26.1,gf,0.450,mm,OK,--,8:50:38 PM,6/23/2025,
1728,25.8,gf,0.450,mm,OK,--,8:50:38 PM,6/23/2025,
1729,25.6,gf,0.445,mm,OK,--,8:50:38 PM,6/23/2025,
1730,26.2,gf,0.430,mm,OK,--,8:50:39 PM,6/23/2025,
1731,26.2,gf,0.425,mm,OK,--,8:50:39 PM,6/23/2025,
1732,26.0,gf,0.425,mm,OK,--,8:50:39 PM,6/23/2025,
1733,25.8,gf,0.420,mm,OK,--,8:50:39 PM,6/23/2025,
1734,25.6,gf,0.420,mm,OK,--,8:50:39 PM,6/23/2025,
1735,25.1,gf,0.415,mm,OK,--,8:50:39 PM,6/23/2025,
1736,25.3,gf,0.410,mm,OK,--,8:50:39 PM,6/23/2025,
1737,25.2,gf,0.405,mm,OK,--,8:50:39 PM,6/23/2025,
1738,25.1,gf,0.400,mm,OK,--,8:50:39 PM,6/23/2025,
1739,25.3,gf,0.395,mm,OK,--,8:50:39 PM,6/23/2025,
1740,25.2,gf,0.395,mm,OK,--,8:50:40 PM,6/23/2025,
1741,25.1,gf,0.390,mm,OK,--,8:50:40 PM,6/23/2025,
1742,25.0,gf,0.390,mm,OK,--,8:50:40 PM,6/23/2025,
1743,24.9,gf,0.385,mm,OK,--,8:50:40 PM,6/23/2025,
1744,24.9,gf,0.385,mm,OK,--,8:50:40 PM,6/23/2025,
1745,24.7,gf,0.380,mm,OK,--,8:50:40 PM,6/23/2025,
1746,24.9,gf,0.375,mm,OK,--,8:50:40 PM,6/23/2025,
1747,24.9,gf,0.370,mm,OK,--,8:50:40 PM,6/23/2025,
1748,24.9,gf,0.365,mm,OK,--,8:50:40 PM,6/23/2025,
1749,25.0,gf,0.365,mm,OK,--,8:50:40 PM,6/23/2025,
1750,25.0,gf,0.360,mm,OK,--,8:50:41 PM,6/23/2025,
1751,24.9,gf,0.360,mm,OK,--,8:50:41 PM,6/23/2025,
1752,24.7,gf,0.355,mm,OK,--,8:50:41 PM,6/23/2025,
1753,24.7,gf,0.350,mm,OK,--,8:50:41 PM,6/23/2025,
1754,25.1,gf,0.345,mm,OK,--,8:50:41 PM,6/23/2025,
1755,25.2,gf,0.340,mm,OK,--,8:50:41 PM,6/23/2025,
1756,25.2,gf,0.335,mm,OK,--,8:50:41 PM,6/23/2025,
1757,25.0,gf,0.330,mm,OK,--,8:50:41 PM,6/23/2025,
1758,24.9,gf,0.325,mm,OK,--,8:50:41 PM,6/23/2025,
1759,24.8,gf,0.325,mm,OK,--,8:50:41 PM,6/23/2025,
1760,24.7,gf,0.320,mm,OK,--,8:50:42 PM,6/23/2025,
1761,24.5,gf,0.320,mm,OK,--,8:50:42 PM,6/23/2025,
1762,24.6,gf,0.315,mm,OK,--,8:50:42 PM,6/23/2025,
1763,24.7,gf,0.310,mm,OK,--,8:50:42 PM,6/23/2025,
1764,24.7,gf,0.310,mm,OK,--,8:50:42 PM,6/23/2025,
1765,24.7,gf,0.305,mm,OK,--,8:50:42 PM,6/23/2025,
1766,24.8,gf,0.300,mm,OK,--,8:50:42 PM,6/23/2025,
1767,24.7,gf,0.295,mm,OK,--,8:50:42 PM,6/23/2025,
1768,24.7,gf,0.295,mm,OK,--,8:50:42 PM,6/23/2025,
1769,24.6,gf,0.290,mm,OK,--,8:50:42 PM,6/23/2025,
1770,24.7,gf,0.285,mm,OK,--,8:50:43 PM,6/23/2025,
1771,24.9,gf,0.280,mm,OK,--,8:50:43 PM,6/23/2025,
1772,24.8,gf,0.280,mm,OK,--,8:50:43 PM,6/23/2025,
1773,24.8,gf,0.280,mm,OK,--,8:50:43 PM,6/23/2025,
1774,24.7,gf,0.275,mm,OK,--,8:50:43 PM,6/23/2025,
1775,24.7,gf,0.275,mm,OK,--,8:50:43 PM,6/23/2025,
1776,24.3,gf,0.270,mm,OK,--,8:50:43 PM,6/23/2025,
1777,24.5,gf,0.265,mm,OK,--,8:50:43 PM,6/23/2025,
1778,24.4,gf,0.265,mm,OK,--,8:50:43 PM,6/23/2025,
1779,24.5,gf,0.260,mm,OK,--,8:50:43 PM,6/23/2025,
1780,24.5,gf,0.255,mm,OK,--,8:50:44 PM,6/23/2025,
1781,24.3,gf,0.250,mm,OK,--,8:50:44 PM,6/23/2025,
1782,24.5,gf,0.245,mm,OK,--,8:50:44 PM,6/23/2025,
1783,24.4,gf,0.240,mm,OK,--,8:50:44 PM,6/23/2025,
1784,24.4,gf,0.235,mm,OK,--,8:50:44 PM,6/23/2025,
1785,24.2,gf,0.230,mm,OK,--,8:50:44 PM,6/23/2025,
1786,24.0,gf,0.225,mm,OK,--,8:50:44 PM,6/23/2025,
1787,24.2,gf,0.220,mm,OK,--,8:50:44 PM,6/23/2025,
1788,24.1,gf,0.215,mm,OK,--,8:50:44 PM,6/23/2025,
1789,24.0,gf,0.215,mm,OK,--,8:50:44 PM,6/23/2025,
1790,23.8,gf,0.210,mm,OK,--,8:50:45 PM,6/23/2025,
1791,23.8,gf,0.210,mm,OK,--,8:50:45 PM,6/23/2025,
1792,23.8,gf,0.205,mm,OK,--,8:50:45 PM,6/23/2025,
1793,24.1,gf,0.200,mm,OK,--,8:50:45 PM,6/23/2025,
1794,24.1,gf,0.195,mm,OK,--,8:50:45 PM,6/23/2025,
1795,24.1,gf,0.190,mm,OK,--,8:50:45 PM,6/23/2025,
1796,24.1,gf,0.185,mm,OK,--,8:50:45 PM,6/23/2025,
1797,24.3,gf,0.180,mm,OK,--,8:50:45 PM,6/23/2025,
1798,24.5,gf,0.170,mm,OK,--,8:50:45 PM,6/23/2025,
1799,24.8,gf,0.160,mm,OK,--,8:50:45 PM,6/23/2025,
1800,25.0,gf,0.150,mm,OK,--,8:50:46 PM,6/23/2025,
1801,25.2,gf,0.140,mm,OK,--,8:50:46 PM,6/23/2025,
1802,25.3,gf,0.135,mm,OK,--,8:50:46 PM,6/23/2025,
1803,25.5,gf,0.125,mm,OK,--,8:50:46 PM,6/23/2025,
1804,25.5,gf,0.115,mm,OK,--,8:50:46 PM,6/23/2025,
1805,25.4,gf,0.105,mm,OK,--,8:50:46 PM,6/23/2025,
1806,25.0,gf,0.095,mm,OK,--,8:50:46 PM,6/23/2025,
1807,24.6,gf,0.090,mm,OK,--,8:50:46 PM,6/23/2025,
1808,22.4,gf,0.085,mm,OK,--,8:50:46 PM,6/23/2025,
1809,19.5,gf,0.075,mm,OK,--,8:50:46 PM,6/23/2025,
1810,16.8,gf,0.070,mm,OK,--,8:50:47 PM,6/23/2025,
1811,14.1,gf,0.065,mm,OK,--,8:50:47 PM,6/23/2025,
1812,9.5,gf,0.060,mm,OK,--,8:50:47 PM,6/23/2025,
1813,3.4,gf,0.050,mm,OK,--,8:50:47 PM,6/23/2025,
1814,0.1,gf,0.040,mm,OK,--,8:50:47 PM,6/23/2025,
1815,0.0,gf,0.030,mm,OK,--,8:50:47 PM,6/23/2025,
1816,0.1,gf,0.020,mm,OK,--,8:50:47 PM,6/23/2025,
1817,0.0,gf,0.015,mm,OK,--,8:50:47 PM,6/23/2025,
1818,0.0,gf,0.005,mm,OK,--,8:50:47 PM,6/23/2025,
1819,0.0,gf,0.000,mm,OK,--,8:50:47 PM,6/23/2025,
1820,0.1,gf,0.000,mm,OK,--,8:50:48 PM,6/23/2025,
1821,0.0,gf,-0.010,mm,OK,--,8:50:48 PM,6/23/2025,
1822,0.0,gf,-0.020,mm,OK,--,8:50:48 PM,6/23/2025,
1823,0.0,gf,-0.035,mm,OK,--,8:50:48 PM,6/23/2025,
1824,0.1,gf,-0.045,mm,OK,--,8:50:48 PM,6/23/2025,
1825,0.0,gf,-0.045,mm,OK,--,8:50:48 PM,6/23/2025,
1826,0.1,gf,-0.050,mm,OK,--,8:50:48 PM,6/23/2025,
1827,0.0,gf,-0.050,mm,OK,--,8:50:48 PM,6/23/2025,
1828,0.1,gf,-0.050,mm,OK,--,8:50:48 PM,6/23/2025,
1829,0.0,gf,-0.050,mm,OK,--,8:50:48 PM,6/23/2025,
1830,0.0,gf,-0.050,mm,OK,--,8:50:49 PM,6/23/2025,
1831,0.0,gf,-0.050,mm,OK,--,8:50:49 PM,6/23/2025,
1832,0.0,gf,-0.050,mm,OK,--,8:50:49 PM,6/23/2025,
1833,0.2,gf,-0.050,mm,OK,--,8:50:49 PM,6/23/2025,
1834,0.0,gf,-0.045,mm,OK,--,8:50:49 PM,6/23/2025,
1835,0.0,gf,-0.040,mm,OK,--,8:50:49 PM,6/23/2025,
1836,0.0,gf,-0.040,mm,OK,--,8:50:49 PM,6/23/2025,
1837,0.0,gf,-0.040,mm,OK,--,8:50:49 PM,6/23/2025,
1838,0.1,gf,-0.035,mm,OK,--,8:50:49 PM,6/23/2025,
1839,0.0,gf,-0.035,mm,OK,--,8:50:49 PM,6/23/2025,
1840,0.0,gf,-0.035,mm,OK,--,8:50:50 PM,6/23/2025,
1841,0.0,gf,-0.030,mm,OK,--,8:50:50 PM,6/23/2025,
1842,0.0,gf,-0.030,mm,OK,--,8:50:50 PM,6/23/2025,
1843,0.0,gf,-0.030,mm,OK,--,8:50:50 PM,6/23/2025,
1844,0.0,gf,-0.025,mm,OK,--,8:50:50 PM,6/23/2025,
1845,0.0,gf,-0.025,mm,OK,--,8:50:50 PM,6/23/2025,
1846,0.0,gf,-0.025,mm,OK,--,8:50:50 PM,6/23/2025,
1847,0.0,gf,-0.025,mm,OK,--,8:50:50 PM,6/23/2025,
1848,0.0,gf,-0.020,mm,OK,--,8:50:50 PM,6/23/2025,
