Maximum,203.1,@,No.1007,,,,,,
Minimum,-0.2,@,No.16,,,,,,
Average,36.21,,,,,,,,
Data Quantity,1799,,,,,,,,
Number of NG,17,,,,,,,,
No.,Force,Unit,Displacement,Unit,Judge,Position,Time,Date,
1,-0.1,gf,0.000,mm,OK,--,9:23:26 PM,11/26/2025,
2,0.1,gf,0.000,mm,OK,--,9:23:26 PM,11/26/2025,
3,0.0,gf,0.000,mm,OK,--,9:23:26 PM,11/26/2025,
4,0.0,gf,0.000,mm,OK,--,9:23:26 PM,11/26/2025,
5,-0.1,gf,0.000,mm,OK,--,9:23:27 PM,11/26/2025,
6,0.2,gf,0.000,mm,OK,--,9:23:27 PM,11/26/2025,
7,0.1,gf,0.000,mm,OK,--,9:23:27 PM,11/26/2025,
8,-0.1,gf,0.000,mm,OK,--,9:23:27 PM,11/26/2025,
9,-0.1,gf,0.000,mm,OK,--,9:23:27 PM,11/26/2025,
10,0.2,gf,0.000,mm,OK,--,9:23:27 PM,11/26/2025,
11,0.1,gf,0.000,mm,OK,--,9:23:27 PM,11/26/2025,
12,-0.1,gf,0.000,mm,OK,--,9:23:27 PM,11/26/2025,
13,0.0,gf,0.000,mm,OK,--,9:23:27 PM,11/26/2025,
14,0.1,gf,0.000,mm,OK,--,9:23:27 PM,11/26/2025,
15,-0.1,gf,0.000,mm,OK,--,9:23:28 PM,11/26/2025,
16,-0.2,gf,0.000,mm,OK,--,9:23:28 PM,11/26/2025,
17,0.1,gf,0.000,mm,OK,--,9:23:28 PM,11/26/2025,
18,0.2,gf,0.000,mm,OK,--,9:23:28 PM,11/26/2025,
19,-0.1,gf,0.000,mm,OK,--,9:23:28 PM,11/26/2025,
20,-0.2,gf,0.000,mm,OK,--,9:23:28 PM,11/26/2025,
21,0.0,gf,0.000,mm,OK,--,9:23:28 PM,11/26/2025,
22,0.2,gf,0.000,mm,OK,--,9:23:28 PM,11/26/2025,
23,-0.1,gf,0.005,mm,OK,--,9:23:28 PM,11/26/2025,
24,-0.1,gf,0.005,mm,OK,--,9:23:28 PM,11/26/2025,
25,0.1,gf,0.010,mm,OK,--,9:23:29 PM,11/26/2025,
26,0.1,gf,0.015,mm,OK,--,9:23:29 PM,11/26/2025,
27,-0.1,gf,0.025,mm,OK,--,9:23:29 PM,11/26/2025,
28,-0.2,gf,0.040,mm,OK,--,9:23:29 PM,11/26/2025,
29,0.1,gf,0.050,mm,OK,--,9:23:29 PM,11/26/2025,
30,0.1,gf,0.060,mm,OK,--,9:23:29 PM,11/26/2025,
31,-0.1,gf,0.075,mm,OK,--,9:23:29 PM,11/26/2025,
32,-0.2,gf,0.090,mm,OK,--,9:23:29 PM,11/26/2025,
33,0.2,gf,0.100,mm,OK,--,9:23:29 PM,11/26/2025,
34,0.2,gf,0.115,mm,OK,--,9:23:29 PM,11/26/2025,
35,0.0,gf,0.135,mm,OK,--,9:23:30 PM,11/26/2025,
36,-0.1,gf,0.145,mm,OK,--,9:23:30 PM,11/26/2025,
37,0.1,gf,0.160,mm,OK,--,9:23:30 PM,11/26/2025,
38,0.1,gf,0.180,mm,OK,--,9:23:30 PM,11/26/2025,
39,-0.1,gf,0.195,mm,OK,--,9:23:30 PM,11/26/2025,
40,0.1,gf,0.215,mm,OK,--,9:23:30 PM,11/26/2025,
41,0.2,gf,0.235,mm,OK,--,9:23:30 PM,11/26/2025,
42,0.0,gf,0.255,mm,OK,--,9:23:30 PM,11/26/2025,
43,-0.1,gf,0.275,mm,OK,--,9:23:30 PM,11/26/2025,
44,0.0,gf,0.300,mm,OK,--,9:23:30 PM,11/26/2025,
45,0.1,gf,0.320,mm,OK,--,9:23:31 PM,11/26/2025,
46,0.1,gf,0.340,mm,OK,--,9:23:31 PM,11/26/2025,
47,-0.2,gf,0.355,mm,OK,--,9:23:31 PM,11/26/2025,
48,0.1,gf,0.375,mm,OK,--,9:23:31 PM,11/26/2025,
49,0.1,gf,0.395,mm,OK,--,9:23:31 PM,11/26/2025,
50,0.1,gf,0.410,mm,OK,--,9:23:31 PM,11/26/2025,
51,-0.1,gf,0.425,mm,OK,--,9:23:31 PM,11/26/2025,
52,0.1,gf,0.440,mm,OK,--,9:23:31 PM,11/26/2025,
53,0.2,gf,0.455,mm,OK,--,9:23:31 PM,11/26/2025,
54,-0.1,gf,0.465,mm,OK,--,9:23:31 PM,11/26/2025,
55,-0.1,gf,0.480,mm,OK,--,9:23:32 PM,11/26/2025,
56,0.0,gf,0.495,mm,OK,--,9:23:32 PM,11/26/2025,
57,0.1,gf,0.510,mm,OK,--,9:23:32 PM,11/26/2025,
58,-0.1,gf,0.530,mm,OK,--,9:23:32 PM,11/26/2025,
59,-0.2,gf,0.545,mm,OK,--,9:23:32 PM,11/26/2025,
60,0.0,gf,0.560,mm,OK,--,9:23:32 PM,11/26/2025,
61,0.6,gf,0.575,mm,OK,--,9:23:32 PM,11/26/2025,
62,10.6,gf,0.590,mm,OK,--,9:23:32 PM,11/26/2025,
63,20.7,gf,0.600,mm,OK,--,9:23:32 PM,11/26/2025,
64,27.7,gf,0.610,mm,OK,--,9:23:32 PM,11/26/2025,
65,28.1,gf,0.620,mm,OK,--,9:23:33 PM,11/26/2025,
66,27.0,gf,0.625,mm,OK,--,9:23:33 PM,11/26/2025,
67,26.9,gf,0.630,mm,OK,--,9:23:33 PM,11/26/2025,
68,26.8,gf,0.635,mm,OK,--,9:23:33 PM,11/26/2025,
69,26.8,gf,0.640,mm,OK,--,9:23:33 PM,11/26/2025,
70,26.8,gf,0.645,mm,OK,--,9:23:33 PM,11/26/2025,
71,26.9,gf,0.650,mm,OK,--,9:23:33 PM,11/26/2025,
72,26.9,gf,0.655,mm,OK,--,9:23:33 PM,11/26/2025,
73,26.8,gf,0.660,mm,OK,--,9:23:33 PM,11/26/2025,
74,26.8,gf,0.670,mm,OK,--,9:23:33 PM,11/26/2025,
75,26.8,gf,0.675,mm,OK,--,9:23:34 PM,11/26/2025,
76,26.7,gf,0.680,mm,OK,--,9:23:34 PM,11/26/2025,
77,26.7,gf,0.685,mm,OK,--,9:23:34 PM,11/26/2025,
78,26.6,gf,0.690,mm,OK,--,9:23:34 PM,11/26/2025,
79,26.6,gf,0.695,mm,OK,--,9:23:34 PM,11/26/2025,
80,26.5,gf,0.700,mm,OK,--,9:23:34 PM,11/26/2025,
81,26.4,gf,0.705,mm,OK,--,9:23:34 PM,11/26/2025,
82,26.5,gf,0.710,mm,OK,--,9:23:34 PM,11/26/2025,
83,26.3,gf,0.710,mm,OK,--,9:23:34 PM,11/26/2025,
84,26.4,gf,0.715,mm,OK,--,9:23:34 PM,11/26/2025,
85,26.3,gf,0.720,mm,OK,--,9:23:35 PM,11/26/2025,
86,26.2,gf,0.725,mm,OK,--,9:23:35 PM,11/26/2025,
87,26.2,gf,0.725,mm,OK,--,9:23:35 PM,11/26/2025,
88,26.2,gf,0.730,mm,OK,--,9:23:35 PM,11/26/2025,
89,26.3,gf,0.730,mm,OK,--,9:23:35 PM,11/26/2025,
90,26.3,gf,0.735,mm,OK,--,9:23:35 PM,11/26/2025,
91,26.2,gf,0.740,mm,OK,--,9:23:35 PM,11/26/2025,
92,26.1,gf,0.740,mm,OK,--,9:23:35 PM,11/26/2025,
93,26.1,gf,0.745,mm,OK,--,9:23:35 PM,11/26/2025,
94,26.1,gf,0.750,mm,OK,--,9:23:35 PM,11/26/2025,
95,26.1,gf,0.755,mm,OK,--,9:23:36 PM,11/26/2025,
96,26.1,gf,0.760,mm,OK,--,9:23:36 PM,11/26/2025,
97,26.1,gf,0.760,mm,OK,--,9:23:36 PM,11/26/2025,
98,26.0,gf,0.765,mm,OK,--,9:23:36 PM,11/26/2025,
99,26.1,gf,0.770,mm,OK,--,9:23:36 PM,11/26/2025,
100,26.0,gf,0.775,mm,OK,--,9:23:36 PM,11/26/2025,
101,26.0,gf,0.780,mm,OK,--,9:23:36 PM,11/26/2025,
102,26.0,gf,0.780,mm,OK,--,9:23:36 PM,11/26/2025,
103,26.0,gf,0.785,mm,OK,--,9:23:36 PM,11/26/2025,
104,26.0,gf,0.785,mm,OK,--,9:23:36 PM,11/26/2025,
105,26.0,gf,0.790,mm,OK,--,9:23:37 PM,11/26/2025,
106,25.9,gf,0.795,mm,OK,--,9:23:37 PM,11/26/2025,
107,25.9,gf,0.795,mm,OK,--,9:23:37 PM,11/26/2025,
108,26.0,gf,0.800,mm,OK,--,9:23:37 PM,11/26/2025,
109,26.1,gf,0.800,mm,OK,--,9:23:37 PM,11/26/2025,
110,26.0,gf,0.805,mm,OK,--,9:23:37 PM,11/26/2025,
111,26.0,gf,0.805,mm,OK,--,9:23:37 PM,11/26/2025,
112,26.0,gf,0.810,mm,OK,--,9:23:37 PM,11/26/2025,
113,26.0,gf,0.815,mm,OK,--,9:23:37 PM,11/26/2025,
114,26.1,gf,0.815,mm,OK,--,9:23:37 PM,11/26/2025,
115,26.1,gf,0.820,mm,OK,--,9:23:38 PM,11/26/2025,
116,26.1,gf,0.820,mm,OK,--,9:23:38 PM,11/26/2025,
117,26.2,gf,0.825,mm,OK,--,9:23:38 PM,11/26/2025,
118,26.1,gf,0.830,mm,OK,--,9:23:38 PM,11/26/2025,
119,26.1,gf,0.830,mm,OK,--,9:23:38 PM,11/26/2025,
120,26.2,gf,0.835,mm,OK,--,9:23:38 PM,11/26/2025,
121,26.2,gf,0.840,mm,OK,--,9:23:38 PM,11/26/2025,
122,26.2,gf,0.840,mm,OK,--,9:23:38 PM,11/26/2025,
123,26.2,gf,0.845,mm,OK,--,9:23:38 PM,11/26/2025,
124,26.1,gf,0.845,mm,OK,--,9:23:38 PM,11/26/2025,
125,26.3,gf,0.850,mm,OK,--,9:23:39 PM,11/26/2025,
126,26.2,gf,0.850,mm,OK,--,9:23:39 PM,11/26/2025,
127,26.3,gf,0.855,mm,OK,--,9:23:39 PM,11/26/2025,
128,26.3,gf,0.860,mm,OK,--,9:23:39 PM,11/26/2025,
129,26.2,gf,0.865,mm,OK,--,9:23:39 PM,11/26/2025,
130,26.3,gf,0.870,mm,OK,--,9:23:39 PM,11/26/2025,
131,26.3,gf,0.870,mm,OK,--,9:23:39 PM,11/26/2025,
132,26.4,gf,0.875,mm,OK,--,9:23:39 PM,11/26/2025,
133,26.3,gf,0.880,mm,OK,--,9:23:39 PM,11/26/2025,
134,26.3,gf,0.885,mm,OK,--,9:23:39 PM,11/26/2025,
135,26.3,gf,0.890,mm,OK,--,9:23:40 PM,11/26/2025,
136,26.3,gf,0.890,mm,OK,--,9:23:40 PM,11/26/2025,
137,26.4,gf,0.895,mm,OK,--,9:23:40 PM,11/26/2025,
138,26.3,gf,0.895,mm,OK,--,9:23:40 PM,11/26/2025,
139,26.4,gf,0.900,mm,OK,--,9:23:40 PM,11/26/2025,
140,26.4,gf,0.905,mm,OK,--,9:23:40 PM,11/26/2025,
141,26.5,gf,0.910,mm,OK,--,9:23:40 PM,11/26/2025,
142,26.4,gf,0.915,mm,OK,--,9:23:40 PM,11/26/2025,
143,26.4,gf,0.915,mm,OK,--,9:23:40 PM,11/26/2025,
144,26.3,gf,0.920,mm,OK,--,9:23:40 PM,11/26/2025,
145,26.4,gf,0.925,mm,OK,--,9:23:41 PM,11/26/2025,
146,26.3,gf,0.925,mm,OK,--,9:23:41 PM,11/26/2025,
147,26.3,gf,0.930,mm,OK,--,9:23:41 PM,11/26/2025,
148,26.3,gf,0.930,mm,OK,--,9:23:41 PM,11/26/2025,
149,26.4,gf,0.935,mm,OK,--,9:23:41 PM,11/26/2025,
150,26.4,gf,0.935,mm,OK,--,9:23:41 PM,11/26/2025,
151,26.5,gf,0.940,mm,OK,--,9:23:41 PM,11/26/2025,
152,26.5,gf,0.945,mm,OK,--,9:23:41 PM,11/26/2025,
153,26.4,gf,0.945,mm,OK,--,9:23:41 PM,11/26/2025,
154,26.4,gf,0.950,mm,OK,--,9:23:41 PM,11/26/2025,
155,26.4,gf,0.950,mm,OK,--,9:23:42 PM,11/26/2025,
156,26.5,gf,0.955,mm,OK,--,9:23:42 PM,11/26/2025,
157,26.4,gf,0.960,mm,OK,--,9:23:42 PM,11/26/2025,
158,26.4,gf,0.960,mm,OK,--,9:23:42 PM,11/26/2025,
159,26.4,gf,0.960,mm,OK,--,9:23:42 PM,11/26/2025,
160,26.4,gf,0.965,mm,OK,--,9:23:42 PM,11/26/2025,
161,26.5,gf,0.965,mm,OK,--,9:23:42 PM,11/26/2025,
162,26.3,gf,0.970,mm,OK,--,9:23:42 PM,11/26/2025,
163,26.4,gf,0.970,mm,OK,--,9:23:42 PM,11/26/2025,
164,26.4,gf,0.970,mm,OK,--,9:23:42 PM,11/26/2025,
165,26.4,gf,0.975,mm,OK,--,9:23:43 PM,11/26/2025,
166,26.5,gf,0.975,mm,OK,--,9:23:43 PM,11/26/2025,
167,26.5,gf,0.980,mm,OK,--,9:23:43 PM,11/26/2025,
168,26.5,gf,0.980,mm,OK,--,9:23:43 PM,11/26/2025,
169,26.6,gf,0.985,mm,OK,--,9:23:43 PM,11/26/2025,
170,26.5,gf,0.985,mm,OK,--,9:23:43 PM,11/26/2025,
171,26.6,gf,0.990,mm,OK,--,9:23:43 PM,11/26/2025,
172,26.6,gf,0.990,mm,OK,--,9:23:43 PM,11/26/2025,
173,26.5,gf,0.995,mm,OK,--,9:23:43 PM,11/26/2025,
174,26.5,gf,0.995,mm,OK,--,9:23:43 PM,11/26/2025,
175,26.6,gf,0.995,mm,OK,--,9:23:44 PM,11/26/2025,
176,26.6,gf,1.000,mm,OK,--,9:23:44 PM,11/26/2025,
177,26.8,gf,1.005,mm,OK,--,9:23:44 PM,11/26/2025,
178,26.6,gf,1.005,mm,OK,--,9:23:44 PM,11/26/2025,
179,26.6,gf,1.010,mm,OK,--,9:23:44 PM,11/26/2025,
180,26.6,gf,1.015,mm,OK,--,9:23:44 PM,11/26/2025,
181,26.6,gf,1.015,mm,OK,--,9:23:44 PM,11/26/2025,
182,26.6,gf,1.020,mm,OK,--,9:23:44 PM,11/26/2025,
183,26.6,gf,1.020,mm,OK,--,9:23:44 PM,11/26/2025,
184,26.6,gf,1.025,mm,OK,--,9:23:44 PM,11/26/2025,
185,26.7,gf,1.025,mm,OK,--,9:23:45 PM,11/26/2025,
186,26.8,gf,1.030,mm,OK,--,9:23:45 PM,11/26/2025,
187,26.8,gf,1.035,mm,OK,--,9:23:45 PM,11/26/2025,
188,26.7,gf,1.040,mm,OK,--,9:23:45 PM,11/26/2025,
189,26.8,gf,1.045,mm,OK,--,9:23:45 PM,11/26/2025,
190,26.8,gf,1.045,mm,OK,--,9:23:45 PM,11/26/2025,
191,26.8,gf,1.050,mm,OK,--,9:23:45 PM,11/26/2025,
192,26.8,gf,1.055,mm,OK,--,9:23:45 PM,11/26/2025,
193,26.9,gf,1.060,mm,OK,--,9:23:45 PM,11/26/2025,
194,26.9,gf,1.065,mm,OK,--,9:23:45 PM,11/26/2025,
195,26.9,gf,1.070,mm,OK,--,9:23:46 PM,11/26/2025,
196,26.8,gf,1.075,mm,OK,--,9:23:46 PM,11/26/2025,
197,26.9,gf,1.075,mm,OK,--,9:23:46 PM,11/26/2025,
198,26.9,gf,1.080,mm,OK,--,9:23:46 PM,11/26/2025,
199,26.9,gf,1.080,mm,OK,--,9:23:46 PM,11/26/2025,
200,27.0,gf,1.085,mm,OK,--,9:23:46 PM,11/26/2025,
201,27.0,gf,1.090,mm,OK,--,9:23:46 PM,11/26/2025,
202,26.9,gf,1.090,mm,OK,--,9:23:46 PM,11/26/2025,
203,27.0,gf,1.095,mm,OK,--,9:23:46 PM,11/26/2025,
204,27.1,gf,1.095,mm,OK,--,9:23:46 PM,11/26/2025,
205,27.1,gf,1.100,mm,OK,--,9:23:47 PM,11/26/2025,
206,27.1,gf,1.105,mm,OK,--,9:23:47 PM,11/26/2025,
207,27.0,gf,1.110,mm,OK,--,9:23:47 PM,11/26/2025,
208,27.0,gf,1.110,mm,OK,--,9:23:47 PM,11/26/2025,
209,27.1,gf,1.115,mm,OK,--,9:23:47 PM,11/26/2025,
210,27.0,gf,1.120,mm,OK,--,9:23:47 PM,11/26/2025,
211,27.1,gf,1.125,mm,OK,--,9:23:47 PM,11/26/2025,
212,27.0,gf,1.130,mm,OK,--,9:23:47 PM,11/26/2025,
213,27.1,gf,1.140,mm,OK,--,9:23:47 PM,11/26/2025,
214,27.0,gf,1.145,mm,OK,--,9:23:47 PM,11/26/2025,
215,27.1,gf,1.150,mm,OK,--,9:23:48 PM,11/26/2025,
216,27.1,gf,1.155,mm,OK,--,9:23:48 PM,11/26/2025,
217,27.0,gf,1.160,mm,OK,--,9:23:48 PM,11/26/2025,
218,26.9,gf,1.160,mm,OK,--,9:23:48 PM,11/26/2025,
219,27.1,gf,1.165,mm,OK,--,9:23:48 PM,11/26/2025,
220,27.1,gf,1.170,mm,OK,--,9:23:48 PM,11/26/2025,
221,27.1,gf,1.170,mm,OK,--,9:23:48 PM,11/26/2025,
222,27.2,gf,1.175,mm,OK,--,9:23:48 PM,11/26/2025,
223,27.1,gf,1.180,mm,OK,--,9:23:48 PM,11/26/2025,
224,27.1,gf,1.185,mm,OK,--,9:23:48 PM,11/26/2025,
225,27.0,gf,1.185,mm,OK,--,9:23:49 PM,11/26/2025,
226,27.0,gf,1.190,mm,OK,--,9:23:49 PM,11/26/2025,
227,27.0,gf,1.195,mm,OK,--,9:23:49 PM,11/26/2025,
228,26.9,gf,1.200,mm,OK,--,9:23:49 PM,11/26/2025,
229,26.9,gf,1.200,mm,OK,--,9:23:49 PM,11/26/2025,
230,26.9,gf,1.205,mm,OK,--,9:23:49 PM,11/26/2025,
231,26.9,gf,1.210,mm,OK,--,9:23:49 PM,11/26/2025,
232,26.9,gf,1.210,mm,OK,--,9:23:49 PM,11/26/2025,
233,27.0,gf,1.215,mm,OK,--,9:23:49 PM,11/26/2025,
234,27.0,gf,1.220,mm,OK,--,9:23:49 PM,11/26/2025,
235,26.9,gf,1.225,mm,OK,--,9:23:50 PM,11/26/2025,
236,26.9,gf,1.230,mm,OK,--,9:23:50 PM,11/26/2025,
237,27.0,gf,1.235,mm,OK,--,9:23:50 PM,11/26/2025,
238,26.9,gf,1.235,mm,OK,--,9:23:50 PM,11/26/2025,
239,27.0,gf,1.240,mm,OK,--,9:23:50 PM,11/26/2025,
240,27.0,gf,1.240,mm,OK,--,9:23:50 PM,11/26/2025,
241,27.1,gf,1.245,mm,OK,--,9:23:50 PM,11/26/2025,
242,27.1,gf,1.250,mm,OK,--,9:23:50 PM,11/26/2025,
243,27.1,gf,1.255,mm,OK,--,9:23:50 PM,11/26/2025,
244,27.1,gf,1.260,mm,OK,--,9:23:50 PM,11/26/2025,
245,27.0,gf,1.260,mm,OK,--,9:23:51 PM,11/26/2025,
246,27.0,gf,1.265,mm,OK,--,9:23:51 PM,11/26/2025,
247,27.0,gf,1.270,mm,OK,--,9:23:51 PM,11/26/2025,
248,27.0,gf,1.270,mm,OK,--,9:23:51 PM,11/26/2025,
249,27.1,gf,1.275,mm,OK,--,9:23:51 PM,11/26/2025,
250,27.1,gf,1.280,mm,OK,--,9:23:51 PM,11/26/2025,
251,27.1,gf,1.285,mm,OK,--,9:23:51 PM,11/26/2025,
252,27.1,gf,1.290,mm,OK,--,9:23:51 PM,11/26/2025,
253,27.1,gf,1.295,mm,OK,--,9:23:51 PM,11/26/2025,
254,27.1,gf,1.300,mm,OK,--,9:23:51 PM,11/26/2025,
255,27.2,gf,1.305,mm,OK,--,9:23:52 PM,11/26/2025,
256,27.2,gf,1.315,mm,OK,--,9:23:52 PM,11/26/2025,
257,27.2,gf,1.320,mm,OK,--,9:23:52 PM,11/26/2025,
258,27.3,gf,1.325,mm,OK,--,9:23:52 PM,11/26/2025,
259,27.3,gf,1.330,mm,OK,--,9:23:52 PM,11/26/2025,
260,27.4,gf,1.335,mm,OK,--,9:23:52 PM,11/26/2025,
261,27.4,gf,1.340,mm,OK,--,9:23:52 PM,11/26/2025,
262,27.4,gf,1.340,mm,OK,--,9:23:52 PM,11/26/2025,
263,27.4,gf,1.345,mm,OK,--,9:23:52 PM,11/26/2025,
264,27.4,gf,1.350,mm,OK,--,9:23:52 PM,11/26/2025,
265,27.4,gf,1.355,mm,OK,--,9:23:53 PM,11/26/2025,
266,27.4,gf,1.360,mm,OK,--,9:23:53 PM,11/26/2025,
267,27.4,gf,1.365,mm,OK,--,9:23:53 PM,11/26/2025,
268,27.4,gf,1.370,mm,OK,--,9:23:53 PM,11/26/2025,
269,27.5,gf,1.375,mm,OK,--,9:23:53 PM,11/26/2025,
270,27.4,gf,1.380,mm,OK,--,9:23:53 PM,11/26/2025,
271,27.5,gf,1.385,mm,OK,--,9:23:53 PM,11/26/2025,
272,27.5,gf,1.390,mm,OK,--,9:23:53 PM,11/26/2025,
273,27.5,gf,1.390,mm,OK,--,9:23:53 PM,11/26/2025,
274,27.5,gf,1.395,mm,OK,--,9:23:53 PM,11/26/2025,
275,27.5,gf,1.400,mm,OK,--,9:23:54 PM,11/26/2025,
276,27.5,gf,1.400,mm,OK,--,9:23:54 PM,11/26/2025,
277,27.6,gf,1.405,mm,OK,--,9:23:54 PM,11/26/2025,
278,27.6,gf,1.410,mm,OK,--,9:23:54 PM,11/26/2025,
279,27.6,gf,1.415,mm,OK,--,9:23:54 PM,11/26/2025,
280,27.6,gf,1.420,mm,OK,--,9:23:54 PM,11/26/2025,
281,27.6,gf,1.425,mm,OK,--,9:23:54 PM,11/26/2025,
282,27.6,gf,1.425,mm,OK,--,9:23:54 PM,11/26/2025,
283,27.6,gf,1.430,mm,OK,--,9:23:54 PM,11/26/2025,
284,27.7,gf,1.435,mm,OK,--,9:23:54 PM,11/26/2025,
285,27.7,gf,1.435,mm,OK,--,9:23:55 PM,11/26/2025,
286,27.8,gf,1.440,mm,OK,--,9:23:55 PM,11/26/2025,
287,27.8,gf,1.445,mm,OK,--,9:23:55 PM,11/26/2025,
288,27.9,gf,1.450,mm,OK,--,9:23:55 PM,11/26/2025,
289,27.8,gf,1.450,mm,OK,--,9:23:55 PM,11/26/2025,
290,27.8,gf,1.460,mm,OK,--,9:23:55 PM,11/26/2025,
291,27.8,gf,1.465,mm,OK,--,9:23:55 PM,11/26/2025,
292,27.9,gf,1.475,mm,OK,--,9:23:55 PM,11/26/2025,
293,27.9,gf,1.480,mm,OK,--,9:23:55 PM,11/26/2025,
294,28.0,gf,1.490,mm,OK,--,9:23:55 PM,11/26/2025,
295,27.9,gf,1.495,mm,OK,--,9:23:56 PM,11/26/2025,
296,28.0,gf,1.505,mm,OK,--,9:23:56 PM,11/26/2025,
297,27.9,gf,1.510,mm,OK,--,9:23:56 PM,11/26/2025,
298,28.0,gf,1.515,mm,OK,--,9:23:56 PM,11/26/2025,
299,28.0,gf,1.520,mm,OK,--,9:23:56 PM,11/26/2025,
300,28.0,gf,1.525,mm,OK,--,9:23:56 PM,11/26/2025,
301,28.0,gf,1.535,mm,OK,--,9:23:56 PM,11/26/2025,
302,27.9,gf,1.540,mm,OK,--,9:23:56 PM,11/26/2025,
303,27.9,gf,1.545,mm,OK,--,9:23:56 PM,11/26/2025,
304,27.9,gf,1.545,mm,OK,--,9:23:56 PM,11/26/2025,
305,28.0,gf,1.550,mm,OK,--,9:23:57 PM,11/26/2025,
306,28.0,gf,1.555,mm,OK,--,9:23:57 PM,11/26/2025,
307,27.9,gf,1.555,mm,OK,--,9:23:57 PM,11/26/2025,
308,27.9,gf,1.560,mm,OK,--,9:23:57 PM,11/26/2025,
309,27.9,gf,1.560,mm,OK,--,9:23:57 PM,11/26/2025,
310,27.9,gf,1.565,mm,OK,--,9:23:57 PM,11/26/2025,
311,28.0,gf,1.565,mm,OK,--,9:23:57 PM,11/26/2025,
312,28.0,gf,1.570,mm,OK,--,9:23:57 PM,11/26/2025,
313,28.0,gf,1.570,mm,OK,--,9:23:57 PM,11/26/2025,
314,27.8,gf,1.575,mm,OK,--,9:23:57 PM,11/26/2025,
315,27.9,gf,1.575,mm,OK,--,9:23:58 PM,11/26/2025,
316,28.0,gf,1.575,mm,OK,--,9:23:58 PM,11/26/2025,
317,28.1,gf,1.575,mm,OK,--,9:23:58 PM,11/26/2025,
318,28.0,gf,1.580,mm,OK,--,9:23:58 PM,11/26/2025,
319,28.0,gf,1.580,mm,OK,--,9:23:58 PM,11/26/2025,
320,28.2,gf,1.580,mm,OK,--,9:23:58 PM,11/26/2025,
321,28.1,gf,1.585,mm,OK,--,9:23:58 PM,11/26/2025,
322,28.1,gf,1.590,mm,OK,--,9:23:58 PM,11/26/2025,
323,28.1,gf,1.590,mm,OK,--,9:23:58 PM,11/26/2025,
324,28.1,gf,1.595,mm,OK,--,9:23:58 PM,11/26/2025,
325,28.1,gf,1.600,mm,OK,--,9:23:59 PM,11/26/2025,
326,28.1,gf,1.605,mm,OK,--,9:23:59 PM,11/26/2025,
327,28.2,gf,1.610,mm,OK,--,9:23:59 PM,11/26/2025,
328,28.2,gf,1.615,mm,OK,--,9:23:59 PM,11/26/2025,
329,28.1,gf,1.620,mm,OK,--,9:23:59 PM,11/26/2025,
330,28.1,gf,1.625,mm,OK,--,9:23:59 PM,11/26/2025,
331,28.1,gf,1.630,mm,OK,--,9:23:59 PM,11/26/2025,
332,28.1,gf,1.635,mm,OK,--,9:23:59 PM,11/26/2025,
333,28.1,gf,1.635,mm,OK,--,9:23:59 PM,11/26/2025,
334,28.1,gf,1.640,mm,OK,--,9:23:59 PM,11/26/2025,
335,28.1,gf,1.640,mm,OK,--,9:24:00 PM,11/26/2025,
336,28.2,gf,1.645,mm,OK,--,9:24:00 PM,11/26/2025,
337,28.3,gf,1.650,mm,OK,--,9:24:00 PM,11/26/2025,
338,28.3,gf,1.650,mm,OK,--,9:24:00 PM,11/26/2025,
339,28.3,gf,1.655,mm,OK,--,9:24:00 PM,11/26/2025,
340,28.3,gf,1.660,mm,OK,--,9:24:00 PM,11/26/2025,
341,28.3,gf,1.660,mm,OK,--,9:24:00 PM,11/26/2025,
342,28.3,gf,1.665,mm,OK,--,9:24:00 PM,11/26/2025,
343,28.4,gf,1.670,mm,OK,--,9:24:00 PM,11/26/2025,
344,28.4,gf,1.675,mm,OK,--,9:24:00 PM,11/26/2025,
345,28.5,gf,1.680,mm,OK,--,9:24:01 PM,11/26/2025,
346,28.5,gf,1.685,mm,OK,--,9:24:01 PM,11/26/2025,
347,28.5,gf,1.690,mm,OK,--,9:24:01 PM,11/26/2025,
348,28.5,gf,1.695,mm,OK,--,9:24:01 PM,11/26/2025,
349,28.5,gf,1.700,mm,OK,--,9:24:01 PM,11/26/2025,
350,28.5,gf,1.705,mm,OK,--,9:24:01 PM,11/26/2025,
351,28.5,gf,1.705,mm,OK,--,9:24:01 PM,11/26/2025,
352,28.5,gf,1.710,mm,OK,--,9:24:01 PM,11/26/2025,
353,28.5,gf,1.715,mm,OK,--,9:24:01 PM,11/26/2025,
354,28.5,gf,1.715,mm,OK,--,9:24:01 PM,11/26/2025,
355,28.5,gf,1.720,mm,OK,--,9:24:02 PM,11/26/2025,
356,28.5,gf,1.725,mm,OK,--,9:24:02 PM,11/26/2025,
357,28.5,gf,1.725,mm,OK,--,9:24:02 PM,11/26/2025,
358,28.5,gf,1.730,mm,OK,--,9:24:02 PM,11/26/2025,
359,28.6,gf,1.730,mm,OK,--,9:24:02 PM,11/26/2025,
360,28.6,gf,1.735,mm,OK,--,9:24:02 PM,11/26/2025,
361,28.6,gf,1.740,mm,OK,--,9:24:02 PM,11/26/2025,
362,28.7,gf,1.745,mm,OK,--,9:24:02 PM,11/26/2025,
363,28.8,gf,1.750,mm,OK,--,9:24:02 PM,11/26/2025,
364,28.7,gf,1.760,mm,OK,--,9:24:02 PM,11/26/2025,
365,28.7,gf,1.765,mm,OK,--,9:24:03 PM,11/26/2025,
366,28.7,gf,1.770,mm,OK,--,9:24:03 PM,11/26/2025,
367,28.7,gf,1.780,mm,OK,--,9:24:03 PM,11/26/2025,
368,28.7,gf,1.785,mm,OK,--,9:24:03 PM,11/26/2025,
369,28.8,gf,1.790,mm,OK,--,9:24:03 PM,11/26/2025,
370,28.8,gf,1.795,mm,OK,--,9:24:03 PM,11/26/2025,
371,28.9,gf,1.800,mm,OK,--,9:24:03 PM,11/26/2025,
372,29.0,gf,1.810,mm,OK,--,9:24:03 PM,11/26/2025,
373,28.9,gf,1.815,mm,OK,--,9:24:03 PM,11/26/2025,
374,28.8,gf,1.820,mm,OK,--,9:24:03 PM,11/26/2025,
375,28.9,gf,1.825,mm,OK,--,9:24:04 PM,11/26/2025,
376,28.9,gf,1.830,mm,OK,--,9:24:04 PM,11/26/2025,
377,28.9,gf,1.835,mm,OK,--,9:24:04 PM,11/26/2025,
378,28.8,gf,1.840,mm,OK,--,9:24:04 PM,11/26/2025,
379,28.9,gf,1.845,mm,OK,--,9:24:04 PM,11/26/2025,
380,28.9,gf,1.845,mm,OK,--,9:24:04 PM,11/26/2025,
381,28.9,gf,1.850,mm,OK,--,9:24:04 PM,11/26/2025,
382,29.0,gf,1.855,mm,OK,--,9:24:04 PM,11/26/2025,
383,29.0,gf,1.860,mm,OK,--,9:24:04 PM,11/26/2025,
384,28.9,gf,1.860,mm,OK,--,9:24:04 PM,11/26/2025,
385,28.9,gf,1.865,mm,OK,--,9:24:05 PM,11/26/2025,
386,29.0,gf,1.865,mm,OK,--,9:24:05 PM,11/26/2025,
387,28.9,gf,1.870,mm,OK,--,9:24:05 PM,11/26/2025,
388,28.9,gf,1.870,mm,OK,--,9:24:05 PM,11/26/2025,
389,29.1,gf,1.875,mm,OK,--,9:24:05 PM,11/26/2025,
390,29.1,gf,1.880,mm,OK,--,9:24:05 PM,11/26/2025,
391,29.1,gf,1.885,mm,OK,--,9:24:05 PM,11/26/2025,
392,29.1,gf,1.885,mm,OK,--,9:24:05 PM,11/26/2025,
393,29.1,gf,1.890,mm,OK,--,9:24:05 PM,11/26/2025,
394,29.2,gf,1.895,mm,OK,--,9:24:05 PM,11/26/2025,
395,29.2,gf,1.900,mm,OK,--,9:24:06 PM,11/26/2025,
396,29.2,gf,1.900,mm,OK,--,9:24:06 PM,11/26/2025,
397,29.2,gf,1.905,mm,OK,--,9:24:06 PM,11/26/2025,
398,29.2,gf,1.910,mm,OK,--,9:24:06 PM,11/26/2025,
399,29.2,gf,1.910,mm,OK,--,9:24:06 PM,11/26/2025,
400,29.1,gf,1.915,mm,OK,--,9:24:06 PM,11/26/2025,
401,29.2,gf,1.915,mm,OK,--,9:24:06 PM,11/26/2025,
402,29.2,gf,1.920,mm,OK,--,9:24:06 PM,11/26/2025,
403,29.3,gf,1.925,mm,OK,--,9:24:06 PM,11/26/2025,
404,29.3,gf,1.925,mm,OK,--,9:24:06 PM,11/26/2025,
405,29.3,gf,1.930,mm,OK,--,9:24:07 PM,11/26/2025,
406,29.2,gf,1.930,mm,OK,--,9:24:07 PM,11/26/2025,
407,29.2,gf,1.935,mm,OK,--,9:24:07 PM,11/26/2025,
408,29.2,gf,1.935,mm,OK,--,9:24:07 PM,11/26/2025,
409,29.3,gf,1.935,mm,OK,--,9:24:07 PM,11/26/2025,
410,29.3,gf,1.940,mm,OK,--,9:24:07 PM,11/26/2025,
411,29.3,gf,1.940,mm,OK,--,9:24:07 PM,11/26/2025,
412,29.2,gf,1.945,mm,OK,--,9:24:07 PM,11/26/2025,
413,29.3,gf,1.945,mm,OK,--,9:24:07 PM,11/26/2025,
414,29.4,gf,1.945,mm,OK,--,9:24:07 PM,11/26/2025,
415,29.3,gf,1.950,mm,OK,--,9:24:08 PM,11/26/2025,
416,29.3,gf,1.950,mm,OK,--,9:24:08 PM,11/26/2025,
417,29.3,gf,1.955,mm,OK,--,9:24:08 PM,11/26/2025,
418,29.3,gf,1.955,mm,OK,--,9:24:08 PM,11/26/2025,
419,29.4,gf,1.960,mm,OK,--,9:24:08 PM,11/26/2025,
420,29.2,gf,1.960,mm,OK,--,9:24:08 PM,11/26/2025,
421,29.3,gf,1.965,mm,OK,--,9:24:08 PM,11/26/2025,
422,29.3,gf,1.965,mm,OK,--,9:24:08 PM,11/26/2025,
423,29.3,gf,1.965,mm,OK,--,9:24:08 PM,11/26/2025,
424,29.3,gf,1.965,mm,OK,--,9:24:08 PM,11/26/2025,
425,29.4,gf,1.970,mm,OK,--,9:24:09 PM,11/26/2025,
426,29.5,gf,1.970,mm,OK,--,9:24:09 PM,11/26/2025,
427,29.4,gf,1.975,mm,OK,--,9:24:09 PM,11/26/2025,
428,29.5,gf,1.975,mm,OK,--,9:24:09 PM,11/26/2025,
429,29.4,gf,1.980,mm,OK,--,9:24:09 PM,11/26/2025,
430,29.5,gf,1.985,mm,OK,--,9:24:09 PM,11/26/2025,
431,29.5,gf,1.985,mm,OK,--,9:24:09 PM,11/26/2025,
432,29.6,gf,1.990,mm,OK,--,9:24:09 PM,11/26/2025,
433,29.6,gf,1.995,mm,OK,--,9:24:09 PM,11/26/2025,
434,29.7,gf,2.000,mm,OK,--,9:24:09 PM,11/26/2025,
435,29.6,gf,2.005,mm,OK,--,9:24:10 PM,11/26/2025,
436,29.4,gf,2.005,mm,OK,--,9:24:10 PM,11/26/2025,
437,29.5,gf,2.010,mm,OK,--,9:24:10 PM,11/26/2025,
438,29.8,gf,2.015,mm,OK,--,9:24:10 PM,11/26/2025,
439,29.8,gf,2.025,mm,OK,--,9:24:10 PM,11/26/2025,
440,29.6,gf,2.030,mm,OK,--,9:24:10 PM,11/26/2025,
441,29.6,gf,2.035,mm,OK,--,9:24:10 PM,11/26/2025,
442,29.6,gf,2.035,mm,OK,--,9:24:10 PM,11/26/2025,
443,29.6,gf,2.040,mm,OK,--,9:24:10 PM,11/26/2025,
444,29.7,gf,2.045,mm,OK,--,9:24:10 PM,11/26/2025,
445,29.7,gf,2.050,mm,OK,--,9:24:11 PM,11/26/2025,
446,29.8,gf,2.055,mm,OK,--,9:24:11 PM,11/26/2025,
447,29.8,gf,2.060,mm,OK,--,9:24:11 PM,11/26/2025,
448,29.8,gf,2.065,mm,OK,--,9:24:11 PM,11/26/2025,
449,29.8,gf,2.070,mm,OK,--,9:24:11 PM,11/26/2025,
450,29.8,gf,2.070,mm,OK,--,9:24:11 PM,11/26/2025,
451,29.7,gf,2.075,mm,OK,--,9:24:11 PM,11/26/2025,
452,29.7,gf,2.080,mm,OK,--,9:24:11 PM,11/26/2025,
453,29.7,gf,2.085,mm,OK,--,9:24:11 PM,11/26/2025,
454,29.7,gf,2.085,mm,OK,--,9:24:11 PM,11/26/2025,
455,29.6,gf,2.090,mm,OK,--,9:24:12 PM,11/26/2025,
456,29.8,gf,2.090,mm,OK,--,9:24:12 PM,11/26/2025,
457,29.8,gf,2.095,mm,OK,--,9:24:12 PM,11/26/2025,
458,29.9,gf,2.100,mm,OK,--,9:24:12 PM,11/26/2025,
459,29.9,gf,2.100,mm,OK,--,9:24:12 PM,11/26/2025,
460,29.8,gf,2.105,mm,OK,--,9:24:12 PM,11/26/2025,
461,29.8,gf,2.110,mm,OK,--,9:24:12 PM,11/26/2025,
462,29.8,gf,2.110,mm,OK,--,9:24:12 PM,11/26/2025,
463,29.8,gf,2.115,mm,OK,--,9:24:12 PM,11/26/2025,
464,29.9,gf,2.115,mm,OK,--,9:24:12 PM,11/26/2025,
465,30.0,gf,2.120,mm,OK,--,9:24:13 PM,11/26/2025,
466,30.0,gf,2.120,mm,OK,--,9:24:13 PM,11/26/2025,
467,30.0,gf,2.125,mm,OK,--,9:24:13 PM,11/26/2025,
468,30.0,gf,2.130,mm,OK,--,9:24:13 PM,11/26/2025,
469,30.0,gf,2.135,mm,OK,--,9:24:13 PM,11/26/2025,
470,30.0,gf,2.140,mm,OK,--,9:24:13 PM,11/26/2025,
471,30.1,gf,2.145,mm,OK,--,9:24:13 PM,11/26/2025,
472,30.2,gf,2.150,mm,OK,--,9:24:13 PM,11/26/2025,
473,30.0,gf,2.150,mm,OK,--,9:24:13 PM,11/26/2025,
474,30.0,gf,2.155,mm,OK,--,9:24:13 PM,11/26/2025,
475,30.1,gf,2.155,mm,OK,--,9:24:14 PM,11/26/2025,
476,30.1,gf,2.160,mm,OK,--,9:24:14 PM,11/26/2025,
477,30.0,gf,2.160,mm,OK,--,9:24:14 PM,11/26/2025,
478,30.1,gf,2.165,mm,OK,--,9:24:14 PM,11/26/2025,
479,30.1,gf,2.165,mm,OK,--,9:24:14 PM,11/26/2025,
480,30.2,gf,2.170,mm,OK,--,9:24:14 PM,11/26/2025,
481,30.3,gf,2.175,mm,OK,--,9:24:14 PM,11/26/2025,
482,30.3,gf,2.180,mm,OK,--,9:24:14 PM,11/26/2025,
483,30.2,gf,2.185,mm,OK,--,9:24:14 PM,11/26/2025,
484,30.3,gf,2.190,mm,OK,--,9:24:14 PM,11/26/2025,
485,30.2,gf,2.200,mm,OK,--,9:24:15 PM,11/26/2025,
486,30.2,gf,2.205,mm,OK,--,9:24:15 PM,11/26/2025,
487,30.2,gf,2.210,mm,OK,--,9:24:15 PM,11/26/2025,
488,30.3,gf,2.215,mm,OK,--,9:24:15 PM,11/26/2025,
489,30.3,gf,2.225,mm,OK,--,9:24:15 PM,11/26/2025,
490,30.4,gf,2.230,mm,OK,--,9:24:15 PM,11/26/2025,
491,30.4,gf,2.240,mm,OK,--,9:24:15 PM,11/26/2025,
492,30.4,gf,2.245,mm,OK,--,9:24:15 PM,11/26/2025,
493,30.4,gf,2.255,mm,OK,--,9:24:15 PM,11/26/2025,
494,30.4,gf,2.260,mm,OK,--,9:24:15 PM,11/26/2025,
495,30.4,gf,2.265,mm,OK,--,9:24:16 PM,11/26/2025,
496,30.4,gf,2.275,mm,OK,--,9:24:16 PM,11/26/2025,
497,30.4,gf,2.280,mm,OK,--,9:24:16 PM,11/26/2025,
498,30.4,gf,2.290,mm,OK,--,9:24:16 PM,11/26/2025,
499,30.4,gf,2.295,mm,OK,--,9:24:16 PM,11/26/2025,
500,30.4,gf,2.305,mm,OK,--,9:24:16 PM,11/26/2025,
501,30.3,gf,2.310,mm,OK,--,9:24:16 PM,11/26/2025,
502,30.4,gf,2.310,mm,OK,--,9:24:16 PM,11/26/2025,
503,30.4,gf,2.315,mm,OK,--,9:24:16 PM,11/26/2025,
504,30.4,gf,2.320,mm,OK,--,9:24:16 PM,11/26/2025,
505,30.4,gf,2.325,mm,OK,--,9:24:17 PM,11/26/2025,
506,30.4,gf,2.325,mm,OK,--,9:24:17 PM,11/26/2025,
507,30.4,gf,2.325,mm,OK,--,9:24:17 PM,11/26/2025,
508,30.4,gf,2.330,mm,OK,--,9:24:17 PM,11/26/2025,
509,30.5,gf,2.335,mm,OK,--,9:24:17 PM,11/26/2025,
510,30.6,gf,2.335,mm,OK,--,9:24:17 PM,11/26/2025,
511,30.5,gf,2.340,mm,OK,--,9:24:17 PM,11/26/2025,
512,30.5,gf,2.350,mm,OK,--,9:24:17 PM,11/26/2025,
513,30.6,gf,2.360,mm,OK,--,9:24:17 PM,11/26/2025,
514,30.6,gf,2.365,mm,OK,--,9:24:17 PM,11/26/2025,
515,30.6,gf,2.375,mm,OK,--,9:24:18 PM,11/26/2025,
516,30.5,gf,2.385,mm,OK,--,9:24:18 PM,11/26/2025,
517,30.5,gf,2.390,mm,OK,--,9:24:18 PM,11/26/2025,
518,30.6,gf,2.400,mm,OK,--,9:24:18 PM,11/26/2025,
519,30.6,gf,2.405,mm,OK,--,9:24:18 PM,11/26/2025,
520,30.7,gf,2.410,mm,OK,--,9:24:18 PM,11/26/2025,
521,30.7,gf,2.420,mm,OK,--,9:24:18 PM,11/26/2025,
522,30.6,gf,2.425,mm,OK,--,9:24:18 PM,11/26/2025,
523,30.8,gf,2.425,mm,OK,--,9:24:18 PM,11/26/2025,
524,30.8,gf,2.430,mm,OK,--,9:24:18 PM,11/26/2025,
525,30.7,gf,2.435,mm,OK,--,9:24:19 PM,11/26/2025,
526,30.8,gf,2.440,mm,OK,--,9:24:19 PM,11/26/2025,
527,30.8,gf,2.445,mm,OK,--,9:24:19 PM,11/26/2025,
528,30.9,gf,2.450,mm,OK,--,9:24:19 PM,11/26/2025,
529,30.8,gf,2.455,mm,OK,--,9:24:19 PM,11/26/2025,
530,30.8,gf,2.460,mm,OK,--,9:24:19 PM,11/26/2025,
531,30.7,gf,2.460,mm,OK,--,9:24:19 PM,11/26/2025,
532,30.7,gf,2.465,mm,OK,--,9:24:19 PM,11/26/2025,
533,30.8,gf,2.470,mm,OK,--,9:24:19 PM,11/26/2025,
534,30.7,gf,2.475,mm,OK,--,9:24:19 PM,11/26/2025,
535,30.7,gf,2.475,mm,OK,--,9:24:20 PM,11/26/2025,
536,30.8,gf,2.480,mm,OK,--,9:24:20 PM,11/26/2025,
537,30.8,gf,2.485,mm,OK,--,9:24:20 PM,11/26/2025,
538,30.8,gf,2.485,mm,OK,--,9:24:20 PM,11/26/2025,
539,30.8,gf,2.490,mm,OK,--,9:24:20 PM,11/26/2025,
540,30.8,gf,2.495,mm,OK,--,9:24:20 PM,11/26/2025,
541,30.9,gf,2.495,mm,OK,--,9:24:20 PM,11/26/2025,
542,30.9,gf,2.500,mm,OK,--,9:24:20 PM,11/26/2025,
543,30.8,gf,2.505,mm,OK,--,9:24:20 PM,11/26/2025,
544,30.8,gf,2.510,mm,OK,--,9:24:20 PM,11/26/2025,
545,30.8,gf,2.515,mm,OK,--,9:24:21 PM,11/26/2025,
546,30.9,gf,2.515,mm,OK,--,9:24:21 PM,11/26/2025,
547,30.9,gf,2.520,mm,OK,--,9:24:21 PM,11/26/2025,
548,30.9,gf,2.525,mm,OK,--,9:24:21 PM,11/26/2025,
549,30.9,gf,2.525,mm,OK,--,9:24:21 PM,11/26/2025,
550,30.9,gf,2.530,mm,OK,--,9:24:21 PM,11/26/2025,
551,30.9,gf,2.535,mm,OK,--,9:24:21 PM,11/26/2025,
552,30.9,gf,2.540,mm,OK,--,9:24:21 PM,11/26/2025,
553,30.9,gf,2.540,mm,OK,--,9:24:21 PM,11/26/2025,
554,30.9,gf,2.545,mm,OK,--,9:24:21 PM,11/26/2025,
555,31.0,gf,2.550,mm,OK,--,9:24:22 PM,11/26/2025,
556,31.0,gf,2.555,mm,OK,--,9:24:22 PM,11/26/2025,
557,30.9,gf,2.560,mm,OK,--,9:24:22 PM,11/26/2025,
558,30.9,gf,2.560,mm,OK,--,9:24:22 PM,11/26/2025,
559,31.1,gf,2.565,mm,OK,--,9:24:22 PM,11/26/2025,
560,31.1,gf,2.570,mm,OK,--,9:24:22 PM,11/26/2025,
561,31.1,gf,2.570,mm,OK,--,9:24:22 PM,11/26/2025,
562,31.1,gf,2.575,mm,OK,--,9:24:22 PM,11/26/2025,
563,31.1,gf,2.580,mm,OK,--,9:24:22 PM,11/26/2025,
564,30.9,gf,2.580,mm,OK,--,9:24:22 PM,11/26/2025,
565,31.1,gf,2.585,mm,OK,--,9:24:23 PM,11/26/2025,
566,31.1,gf,2.585,mm,OK,--,9:24:23 PM,11/26/2025,
567,31.2,gf,2.585,mm,OK,--,9:24:23 PM,11/26/2025,
568,31.1,gf,2.590,mm,OK,--,9:24:23 PM,11/26/2025,
569,31.2,gf,2.590,mm,OK,--,9:24:23 PM,11/26/2025,
570,31.2,gf,2.595,mm,OK,--,9:24:23 PM,11/26/2025,
571,31.2,gf,2.600,mm,OK,--,9:24:23 PM,11/26/2025,
572,31.2,gf,2.605,mm,OK,--,9:24:23 PM,11/26/2025,
573,31.2,gf,2.610,mm,OK,--,9:24:23 PM,11/26/2025,
574,31.3,gf,2.615,mm,OK,--,9:24:23 PM,11/26/2025,
575,31.3,gf,2.620,mm,OK,--,9:24:24 PM,11/26/2025,
576,31.2,gf,2.625,mm,OK,--,9:24:24 PM,11/26/2025,
577,31.2,gf,2.630,mm,OK,--,9:24:24 PM,11/26/2025,
578,31.2,gf,2.635,mm,OK,--,9:24:24 PM,11/26/2025,
579,31.3,gf,2.640,mm,OK,--,9:24:24 PM,11/26/2025,
580,31.3,gf,2.645,mm,OK,--,9:24:24 PM,11/26/2025,
581,31.3,gf,2.650,mm,OK,--,9:24:24 PM,11/26/2025,
582,31.3,gf,2.655,mm,OK,--,9:24:24 PM,11/26/2025,
583,31.5,gf,2.660,mm,OK,--,9:24:24 PM,11/26/2025,
584,31.5,gf,2.670,mm,OK,--,9:24:24 PM,11/26/2025,
585,31.5,gf,2.680,mm,OK,--,9:24:25 PM,11/26/2025,
586,31.5,gf,2.690,mm,OK,--,9:24:25 PM,11/26/2025,
587,31.5,gf,2.700,mm,OK,--,9:24:25 PM,11/26/2025,
588,31.6,gf,2.710,mm,OK,--,9:24:25 PM,11/26/2025,
589,31.6,gf,2.715,mm,OK,--,9:24:25 PM,11/26/2025,
590,31.6,gf,2.725,mm,OK,--,9:24:25 PM,11/26/2025,
591,31.7,gf,2.730,mm,OK,--,9:24:25 PM,11/26/2025,
592,31.6,gf,2.740,mm,OK,--,9:24:25 PM,11/26/2025,
593,31.6,gf,2.745,mm,OK,--,9:24:25 PM,11/26/2025,
594,31.6,gf,2.750,mm,OK,--,9:24:25 PM,11/26/2025,
595,31.6,gf,2.755,mm,OK,--,9:24:26 PM,11/26/2025,
596,31.6,gf,2.755,mm,OK,--,9:24:26 PM,11/26/2025,
597,31.6,gf,2.760,mm,OK,--,9:24:26 PM,11/26/2025,
598,31.6,gf,2.765,mm,OK,--,9:24:26 PM,11/26/2025,
599,31.7,gf,2.765,mm,OK,--,9:24:26 PM,11/26/2025,
600,31.7,gf,2.770,mm,OK,--,9:24:26 PM,11/26/2025,
601,31.7,gf,2.775,mm,OK,--,9:24:26 PM,11/26/2025,
602,31.7,gf,2.775,mm,OK,--,9:24:26 PM,11/26/2025,
603,31.7,gf,2.780,mm,OK,--,9:24:26 PM,11/26/2025,
604,31.7,gf,2.780,mm,OK,--,9:24:26 PM,11/26/2025,
605,31.7,gf,2.785,mm,OK,--,9:24:27 PM,11/26/2025,
606,31.7,gf,2.785,mm,OK,--,9:24:27 PM,11/26/2025,
607,31.7,gf,2.790,mm,OK,--,9:24:27 PM,11/26/2025,
608,31.7,gf,2.795,mm,OK,--,9:24:27 PM,11/26/2025,
609,31.7,gf,2.795,mm,OK,--,9:24:27 PM,11/26/2025,
610,31.7,gf,2.800,mm,OK,--,9:24:27 PM,11/26/2025,
611,31.8,gf,2.805,mm,OK,--,9:24:27 PM,11/26/2025,
612,31.8,gf,2.810,mm,OK,--,9:24:27 PM,11/26/2025,
613,31.8,gf,2.815,mm,OK,--,9:24:27 PM,11/26/2025,
614,31.9,gf,2.820,mm,OK,--,9:24:27 PM,11/26/2025,
615,31.9,gf,2.825,mm,OK,--,9:24:28 PM,11/26/2025,
616,32.0,gf,2.830,mm,OK,--,9:24:28 PM,11/26/2025,
617,32.0,gf,2.835,mm,OK,--,9:24:28 PM,11/26/2025,
618,32.1,gf,2.840,mm,OK,--,9:24:28 PM,11/26/2025,
619,32.1,gf,2.845,mm,OK,--,9:24:28 PM,11/26/2025,
620,32.1,gf,2.850,mm,OK,--,9:24:28 PM,11/26/2025,
621,32.1,gf,2.855,mm,OK,--,9:24:28 PM,11/26/2025,
622,32.1,gf,2.860,mm,OK,--,9:24:28 PM,11/26/2025,
623,32.0,gf,2.865,mm,OK,--,9:24:28 PM,11/26/2025,
624,32.0,gf,2.865,mm,OK,--,9:24:28 PM,11/26/2025,
625,32.1,gf,2.870,mm,OK,--,9:24:29 PM,11/26/2025,
626,32.1,gf,2.875,mm,OK,--,9:24:29 PM,11/26/2025,
627,32.1,gf,2.880,mm,OK,--,9:24:29 PM,11/26/2025,
628,32.1,gf,2.880,mm,OK,--,9:24:29 PM,11/26/2025,
629,32.1,gf,2.885,mm,OK,--,9:24:29 PM,11/26/2025,
630,32.2,gf,2.885,mm,OK,--,9:24:29 PM,11/26/2025,
631,32.2,gf,2.890,mm,OK,--,9:24:29 PM,11/26/2025,
632,32.1,gf,2.895,mm,OK,--,9:24:29 PM,11/26/2025,
633,32.2,gf,2.895,mm,OK,--,9:24:29 PM,11/26/2025,
634,32.2,gf,2.900,mm,OK,--,9:24:29 PM,11/26/2025,
635,32.2,gf,2.905,mm,OK,--,9:24:30 PM,11/26/2025,
636,32.2,gf,2.905,mm,OK,--,9:24:30 PM,11/26/2025,
637,32.2,gf,2.910,mm,OK,--,9:24:30 PM,11/26/2025,
638,32.2,gf,2.920,mm,OK,--,9:24:30 PM,11/26/2025,
639,32.3,gf,2.930,mm,OK,--,9:24:30 PM,11/26/2025,
640,32.3,gf,2.940,mm,OK,--,9:24:30 PM,11/26/2025,
641,32.4,gf,2.950,mm,OK,--,9:24:30 PM,11/26/2025,
642,32.4,gf,2.960,mm,OK,--,9:24:30 PM,11/26/2025,
643,32.4,gf,2.965,mm,OK,--,9:24:30 PM,11/26/2025,
644,32.5,gf,2.975,mm,OK,--,9:24:30 PM,11/26/2025,
645,32.5,gf,2.980,mm,OK,--,9:24:31 PM,11/26/2025,
646,32.5,gf,2.985,mm,OK,--,9:24:31 PM,11/26/2025,
647,32.5,gf,2.990,mm,OK,--,9:24:31 PM,11/26/2025,
648,32.5,gf,2.990,mm,OK,--,9:24:31 PM,11/26/2025,
649,32.5,gf,2.995,mm,OK,--,9:24:31 PM,11/26/2025,
650,32.6,gf,3.000,mm,OK,--,9:24:31 PM,11/26/2025,
651,32.6,gf,3.005,mm,OK,--,9:24:31 PM,11/26/2025,
652,32.6,gf,3.015,mm,OK,--,9:24:31 PM,11/26/2025,
653,32.6,gf,3.020,mm,OK,--,9:24:31 PM,11/26/2025,
654,32.6,gf,3.020,mm,OK,--,9:24:31 PM,11/26/2025,
655,32.7,gf,3.025,mm,OK,--,9:24:32 PM,11/26/2025,
656,32.7,gf,3.030,mm,OK,--,9:24:32 PM,11/26/2025,
657,32.7,gf,3.035,mm,OK,--,9:24:32 PM,11/26/2025,
658,32.7,gf,3.035,mm,OK,--,9:24:32 PM,11/26/2025,
659,32.7,gf,3.040,mm,OK,--,9:24:32 PM,11/26/2025,
660,32.6,gf,3.045,mm,OK,--,9:24:32 PM,11/26/2025,
661,32.7,gf,3.045,mm,OK,--,9:24:32 PM,11/26/2025,
662,32.7,gf,3.045,mm,OK,--,9:24:32 PM,11/26/2025,
663,32.7,gf,3.050,mm,OK,--,9:24:32 PM,11/26/2025,
664,32.6,gf,3.050,mm,OK,--,9:24:32 PM,11/26/2025,
665,32.7,gf,3.050,mm,OK,--,9:24:33 PM,11/26/2025,
666,32.7,gf,3.055,mm,OK,--,9:24:33 PM,11/26/2025,
667,32.7,gf,3.055,mm,OK,--,9:24:33 PM,11/26/2025,
668,32.8,gf,3.060,mm,OK,--,9:24:33 PM,11/26/2025,
669,32.8,gf,3.060,mm,OK,--,9:24:33 PM,11/26/2025,
670,32.8,gf,3.060,mm,OK,--,9:24:33 PM,11/26/2025,
671,32.7,gf,3.065,mm,OK,--,9:24:33 PM,11/26/2025,
672,32.7,gf,3.065,mm,OK,--,9:24:33 PM,11/26/2025,
673,32.7,gf,3.065,mm,OK,--,9:24:33 PM,11/26/2025,
674,32.8,gf,3.070,mm,OK,--,9:24:33 PM,11/26/2025,
675,32.7,gf,3.070,mm,OK,--,9:24:34 PM,11/26/2025,
676,32.8,gf,3.070,mm,OK,--,9:24:34 PM,11/26/2025,
677,32.8,gf,3.075,mm,OK,--,9:24:34 PM,11/26/2025,
678,32.8,gf,3.075,mm,OK,--,9:24:34 PM,11/26/2025,
679,32.8,gf,3.075,mm,OK,--,9:24:34 PM,11/26/2025,
680,32.8,gf,3.080,mm,OK,--,9:24:34 PM,11/26/2025,
681,32.8,gf,3.080,mm,OK,--,9:24:34 PM,11/26/2025,
682,32.8,gf,3.080,mm,OK,--,9:24:34 PM,11/26/2025,
683,32.8,gf,3.080,mm,OK,--,9:24:34 PM,11/26/2025,
684,32.8,gf,3.080,mm,OK,--,9:24:34 PM,11/26/2025,
685,32.8,gf,3.080,mm,OK,--,9:24:35 PM,11/26/2025,
686,32.8,gf,3.080,mm,OK,--,9:24:35 PM,11/26/2025,
687,32.8,gf,3.080,mm,OK,--,9:24:35 PM,11/26/2025,
688,32.8,gf,3.080,mm,OK,--,9:24:35 PM,11/26/2025,
689,32.8,gf,3.080,mm,OK,--,9:24:35 PM,11/26/2025,
690,32.8,gf,3.080,mm,OK,--,9:24:35 PM,11/26/2025,
691,32.8,gf,3.080,mm,OK,--,9:24:35 PM,11/26/2025,
692,32.8,gf,3.080,mm,OK,--,9:24:35 PM,11/26/2025,
693,32.8,gf,3.080,mm,OK,--,9:24:35 PM,11/26/2025,
694,32.8,gf,3.080,mm,OK,--,9:24:35 PM,11/26/2025,
695,32.8,gf,3.080,mm,OK,--,9:24:36 PM,11/26/2025,
696,32.8,gf,3.080,mm,OK,--,9:24:36 PM,11/26/2025,
697,32.8,gf,3.085,mm,OK,--,9:24:36 PM,11/26/2025,
698,32.8,gf,3.085,mm,OK,--,9:24:36 PM,11/26/2025,
699,32.8,gf,3.085,mm,OK,--,9:24:36 PM,11/26/2025,
700,32.8,gf,3.085,mm,OK,--,9:24:36 PM,11/26/2025,
701,32.8,gf,3.085,mm,OK,--,9:24:36 PM,11/26/2025,
702,32.8,gf,3.085,mm,OK,--,9:24:36 PM,11/26/2025,
703,32.8,gf,3.085,mm,OK,--,9:24:36 PM,11/26/2025,
704,32.8,gf,3.085,mm,OK,--,9:24:36 PM,11/26/2025,
705,32.8,gf,3.090,mm,OK,--,9:24:37 PM,11/26/2025,
706,32.8,gf,3.090,mm,OK,--,9:24:37 PM,11/26/2025,
707,32.8,gf,3.090,mm,OK,--,9:24:37 PM,11/26/2025,
708,32.8,gf,3.090,mm,OK,--,9:24:37 PM,11/26/2025,
709,32.8,gf,3.095,mm,OK,--,9:24:37 PM,11/26/2025,
710,32.8,gf,3.095,mm,OK,--,9:24:37 PM,11/26/2025,
711,32.8,gf,3.095,mm,OK,--,9:24:37 PM,11/26/2025,
712,32.8,gf,3.100,mm,OK,--,9:24:37 PM,11/26/2025,
713,32.8,gf,3.100,mm,OK,--,9:24:37 PM,11/26/2025,
714,32.9,gf,3.100,mm,OK,--,9:24:37 PM,11/26/2025,
715,32.9,gf,3.105,mm,OK,--,9:24:38 PM,11/26/2025,
716,32.9,gf,3.105,mm,OK,--,9:24:38 PM,11/26/2025,
717,32.9,gf,3.105,mm,OK,--,9:24:38 PM,11/26/2025,
718,32.9,gf,3.110,mm,OK,--,9:24:38 PM,11/26/2025,
719,32.9,gf,3.110,mm,OK,--,9:24:38 PM,11/26/2025,
720,32.9,gf,3.115,mm,OK,--,9:24:38 PM,11/26/2025,
721,32.9,gf,3.115,mm,OK,--,9:24:38 PM,11/26/2025,
722,33.0,gf,3.120,mm,OK,--,9:24:38 PM,11/26/2025,
723,33.0,gf,3.125,mm,OK,--,9:24:38 PM,11/26/2025,
724,33.0,gf,3.130,mm,OK,--,9:24:38 PM,11/26/2025,
725,33.0,gf,3.135,mm,OK,--,9:24:39 PM,11/26/2025,
726,33.0,gf,3.140,mm,OK,--,9:24:39 PM,11/26/2025,
727,33.0,gf,3.140,mm,OK,--,9:24:39 PM,11/26/2025,
728,33.0,gf,3.145,mm,OK,--,9:24:39 PM,11/26/2025,
729,33.1,gf,3.145,mm,OK,--,9:24:39 PM,11/26/2025,
730,33.0,gf,3.150,mm,OK,--,9:24:39 PM,11/26/2025,
731,33.0,gf,3.155,mm,OK,--,9:24:39 PM,11/26/2025,
732,33.0,gf,3.155,mm,OK,--,9:24:39 PM,11/26/2025,
733,33.0,gf,3.155,mm,OK,--,9:24:39 PM,11/26/2025,
734,33.1,gf,3.160,mm,OK,--,9:24:39 PM,11/26/2025,
735,33.1,gf,3.160,mm,OK,--,9:24:40 PM,11/26/2025,
736,33.1,gf,3.165,mm,OK,--,9:24:40 PM,11/26/2025,
737,33.1,gf,3.165,mm,OK,--,9:24:40 PM,11/26/2025,
738,33.1,gf,3.165,mm,OK,--,9:24:40 PM,11/26/2025,
739,33.1,gf,3.165,mm,OK,--,9:24:40 PM,11/26/2025,
740,33.1,gf,3.170,mm,OK,--,9:24:40 PM,11/26/2025,
741,33.1,gf,3.170,mm,OK,--,9:24:40 PM,11/26/2025,
742,33.1,gf,3.170,mm,OK,--,9:24:40 PM,11/26/2025,
743,33.1,gf,3.170,mm,OK,--,9:24:40 PM,11/26/2025,
744,33.1,gf,3.170,mm,OK,--,9:24:40 PM,11/26/2025,
745,33.1,gf,3.175,mm,OK,--,9:24:41 PM,11/26/2025,
746,33.1,gf,3.175,mm,OK,--,9:24:41 PM,11/26/2025,
747,33.1,gf,3.175,mm,OK,--,9:24:41 PM,11/26/2025,
748,33.1,gf,3.180,mm,OK,--,9:24:41 PM,11/26/2025,
749,33.1,gf,3.180,mm,OK,--,9:24:41 PM,11/26/2025,
750,33.1,gf,3.180,mm,OK,--,9:24:41 PM,11/26/2025,
751,33.1,gf,3.180,mm,OK,--,9:24:41 PM,11/26/2025,
752,33.1,gf,3.180,mm,OK,--,9:24:41 PM,11/26/2025,
753,33.1,gf,3.180,mm,OK,--,9:24:41 PM,11/26/2025,
754,33.1,gf,3.185,mm,OK,--,9:24:41 PM,11/26/2025,
755,33.1,gf,3.185,mm,OK,--,9:24:42 PM,11/26/2025,
756,33.1,gf,3.185,mm,OK,--,9:24:42 PM,11/26/2025,
757,33.1,gf,3.185,mm,OK,--,9:24:42 PM,11/26/2025,
758,33.1,gf,3.185,mm,OK,--,9:24:42 PM,11/26/2025,
759,33.1,gf,3.185,mm,OK,--,9:24:42 PM,11/26/2025,
760,33.1,gf,3.185,mm,OK,--,9:24:42 PM,11/26/2025,
761,33.1,gf,3.185,mm,OK,--,9:24:42 PM,11/26/2025,
762,33.1,gf,3.185,mm,OK,--,9:24:42 PM,11/26/2025,
763,33.1,gf,3.185,mm,OK,--,9:24:42 PM,11/26/2025,
764,33.1,gf,3.185,mm,OK,--,9:24:42 PM,11/26/2025,
765,33.1,gf,3.185,mm,OK,--,9:24:43 PM,11/26/2025,
766,33.1,gf,3.185,mm,OK,--,9:24:43 PM,11/26/2025,
767,33.1,gf,3.185,mm,OK,--,9:24:43 PM,11/26/2025,
768,33.1,gf,3.185,mm,OK,--,9:24:43 PM,11/26/2025,
769,33.1,gf,3.185,mm,OK,--,9:24:43 PM,11/26/2025,
770,33.1,gf,3.190,mm,OK,--,9:24:43 PM,11/26/2025,
771,33.1,gf,3.190,mm,OK,--,9:24:43 PM,11/26/2025,
772,33.1,gf,3.190,mm,OK,--,9:24:43 PM,11/26/2025,
773,33.1,gf,3.190,mm,OK,--,9:24:43 PM,11/26/2025,
774,33.1,gf,3.190,mm,OK,--,9:24:43 PM,11/26/2025,
775,33.1,gf,3.195,mm,OK,--,9:24:44 PM,11/26/2025,
776,33.2,gf,3.195,mm,OK,--,9:24:44 PM,11/26/2025,
777,33.2,gf,3.200,mm,OK,--,9:24:44 PM,11/26/2025,
778,33.2,gf,3.200,mm,OK,--,9:24:44 PM,11/26/2025,
779,33.2,gf,3.205,mm,OK,--,9:24:44 PM,11/26/2025,
780,33.2,gf,3.210,mm,OK,--,9:24:44 PM,11/26/2025,
781,33.2,gf,3.210,mm,OK,--,9:24:44 PM,11/26/2025,
782,33.2,gf,3.215,mm,OK,--,9:24:44 PM,11/26/2025,
783,33.3,gf,3.215,mm,OK,--,9:24:44 PM,11/26/2025,
784,33.3,gf,3.220,mm,OK,--,9:24:44 PM,11/26/2025,
785,33.2,gf,3.220,mm,OK,--,9:24:45 PM,11/26/2025,
786,33.3,gf,3.220,mm,OK,--,9:24:45 PM,11/26/2025,
787,33.3,gf,3.225,mm,OK,--,9:24:45 PM,11/26/2025,
788,33.3,gf,3.225,mm,OK,--,9:24:45 PM,11/26/2025,
789,33.3,gf,3.225,mm,OK,--,9:24:45 PM,11/26/2025,
790,33.3,gf,3.230,mm,OK,--,9:24:45 PM,11/26/2025,
791,33.3,gf,3.230,mm,OK,--,9:24:45 PM,11/26/2025,
792,33.3,gf,3.230,mm,OK,--,9:24:45 PM,11/26/2025,
793,33.3,gf,3.235,mm,OK,--,9:24:45 PM,11/26/2025,
794,33.4,gf,3.235,mm,OK,--,9:24:45 PM,11/26/2025,
795,33.3,gf,3.240,mm,OK,--,9:24:46 PM,11/26/2025,
796,33.3,gf,3.240,mm,OK,--,9:24:46 PM,11/26/2025,
797,33.3,gf,3.245,mm,OK,--,9:24:46 PM,11/26/2025,
798,33.4,gf,3.250,mm,OK,--,9:24:46 PM,11/26/2025,
799,33.4,gf,3.255,mm,OK,--,9:24:46 PM,11/26/2025,
800,33.3,gf,3.260,mm,OK,--,9:24:46 PM,11/26/2025,
801,33.4,gf,3.260,mm,OK,--,9:24:46 PM,11/26/2025,
802,33.4,gf,3.265,mm,OK,--,9:24:46 PM,11/26/2025,
803,33.5,gf,3.270,mm,OK,--,9:24:46 PM,11/26/2025,
804,33.4,gf,3.270,mm,OK,--,9:24:46 PM,11/26/2025,
805,33.5,gf,3.275,mm,OK,--,9:24:47 PM,11/26/2025,
806,33.5,gf,3.280,mm,OK,--,9:24:47 PM,11/26/2025,
807,33.5,gf,3.285,mm,OK,--,9:24:47 PM,11/26/2025,
808,33.5,gf,3.290,mm,OK,--,9:24:47 PM,11/26/2025,
809,33.5,gf,3.295,mm,OK,--,9:24:47 PM,11/26/2025,
810,33.6,gf,3.295,mm,OK,--,9:24:47 PM,11/26/2025,
811,33.5,gf,3.300,mm,OK,--,9:24:47 PM,11/26/2025,
812,33.6,gf,3.305,mm,OK,--,9:24:47 PM,11/26/2025,
813,33.6,gf,3.310,mm,OK,--,9:24:47 PM,11/26/2025,
814,33.6,gf,3.315,mm,OK,--,9:24:47 PM,11/26/2025,
815,33.6,gf,3.320,mm,OK,--,9:24:48 PM,11/26/2025,
816,33.6,gf,3.325,mm,OK,--,9:24:48 PM,11/26/2025,
817,33.6,gf,3.330,mm,OK,--,9:24:48 PM,11/26/2025,
818,33.7,gf,3.330,mm,OK,--,9:24:48 PM,11/26/2025,
819,33.7,gf,3.335,mm,OK,--,9:24:48 PM,11/26/2025,
820,33.7,gf,3.340,mm,OK,--,9:24:48 PM,11/26/2025,
821,33.6,gf,3.340,mm,OK,--,9:24:48 PM,11/26/2025,
822,33.7,gf,3.345,mm,OK,--,9:24:48 PM,11/26/2025,
823,33.7,gf,3.350,mm,OK,--,9:24:48 PM,11/26/2025,
824,33.7,gf,3.350,mm,OK,--,9:24:48 PM,11/26/2025,
825,33.7,gf,3.355,mm,OK,--,9:24:49 PM,11/26/2025,
826,33.7,gf,3.355,mm,OK,--,9:24:49 PM,11/26/2025,
827,33.7,gf,3.360,mm,OK,--,9:24:49 PM,11/26/2025,
828,33.7,gf,3.360,mm,OK,--,9:24:49 PM,11/26/2025,
829,33.7,gf,3.365,mm,OK,--,9:24:49 PM,11/26/2025,
830,33.7,gf,3.365,mm,OK,--,9:24:49 PM,11/26/2025,
831,33.7,gf,3.365,mm,OK,--,9:24:49 PM,11/26/2025,
832,33.7,gf,3.365,mm,OK,--,9:24:49 PM,11/26/2025,
833,33.7,gf,3.370,mm,OK,--,9:24:49 PM,11/26/2025,
834,33.7,gf,3.375,mm,OK,--,9:24:49 PM,11/26/2025,
835,33.7,gf,3.380,mm,OK,--,9:24:50 PM,11/26/2025,
836,33.8,gf,3.380,mm,OK,--,9:24:50 PM,11/26/2025,
837,33.8,gf,3.380,mm,OK,--,9:24:50 PM,11/26/2025,
838,33.8,gf,3.385,mm,OK,--,9:24:50 PM,11/26/2025,
839,33.8,gf,3.385,mm,OK,--,9:24:50 PM,11/26/2025,
840,33.8,gf,3.390,mm,OK,--,9:24:50 PM,11/26/2025,
841,33.8,gf,3.395,mm,OK,--,9:24:50 PM,11/26/2025,
842,33.8,gf,3.400,mm,OK,--,9:24:50 PM,11/26/2025,
843,33.9,gf,3.405,mm,OK,--,9:24:50 PM,11/26/2025,
844,33.9,gf,3.410,mm,OK,--,9:24:50 PM,11/26/2025,
845,33.9,gf,3.420,mm,OK,--,9:24:51 PM,11/26/2025,
846,33.9,gf,3.425,mm,OK,--,9:24:51 PM,11/26/2025,
847,33.9,gf,3.435,mm,OK,--,9:24:51 PM,11/26/2025,
848,34.0,gf,3.440,mm,OK,--,9:24:51 PM,11/26/2025,
849,34.0,gf,3.445,mm,OK,--,9:24:51 PM,11/26/2025,
850,34.0,gf,3.450,mm,OK,--,9:24:51 PM,11/26/2025,
851,34.1,gf,3.460,mm,OK,--,9:24:51 PM,11/26/2025,
852,34.1,gf,3.465,mm,OK,--,9:24:51 PM,11/26/2025,
853,34.1,gf,3.475,mm,OK,--,9:24:51 PM,11/26/2025,
854,34.2,gf,3.485,mm,OK,--,9:24:51 PM,11/26/2025,
855,34.2,gf,3.495,mm,OK,--,9:24:52 PM,11/26/2025,
856,34.2,gf,3.500,mm,OK,--,9:24:52 PM,11/26/2025,
857,34.2,gf,3.510,mm,OK,--,9:24:52 PM,11/26/2025,
858,34.3,gf,3.515,mm,OK,--,9:24:52 PM,11/26/2025,
859,34.3,gf,3.520,mm,OK,--,9:24:52 PM,11/26/2025,
860,34.3,gf,3.530,mm,OK,--,9:24:52 PM,11/26/2025,
861,34.3,gf,3.535,mm,OK,--,9:24:52 PM,11/26/2025,
862,34.3,gf,3.535,mm,OK,--,9:24:52 PM,11/26/2025,
863,34.4,gf,3.540,mm,OK,--,9:24:52 PM,11/26/2025,
864,34.3,gf,3.545,mm,OK,--,9:24:52 PM,11/26/2025,
865,34.4,gf,3.550,mm,OK,--,9:24:53 PM,11/26/2025,
866,34.4,gf,3.555,mm,OK,--,9:24:53 PM,11/26/2025,
867,34.4,gf,3.565,mm,OK,--,9:24:53 PM,11/26/2025,
868,34.4,gf,3.570,mm,OK,--,9:24:53 PM,11/26/2025,
869,34.4,gf,3.575,mm,OK,--,9:24:53 PM,11/26/2025,
870,34.5,gf,3.580,mm,OK,--,9:24:53 PM,11/26/2025,
871,34.5,gf,3.585,mm,OK,--,9:24:53 PM,11/26/2025,
872,34.5,gf,3.585,mm,OK,--,9:24:53 PM,11/26/2025,
873,34.5,gf,3.590,mm,OK,--,9:24:53 PM,11/26/2025,
874,34.5,gf,3.595,mm,OK,--,9:24:53 PM,11/26/2025,
875,34.5,gf,3.595,mm,OK,--,9:24:54 PM,11/26/2025,
876,34.5,gf,3.600,mm,OK,--,9:24:54 PM,11/26/2025,
877,34.5,gf,3.600,mm,OK,--,9:24:54 PM,11/26/2025,
878,34.5,gf,3.605,mm,OK,--,9:24:54 PM,11/26/2025,
879,34.5,gf,3.605,mm,OK,--,9:24:54 PM,11/26/2025,
880,34.5,gf,3.610,mm,OK,--,9:24:54 PM,11/26/2025,
881,34.5,gf,3.610,mm,OK,--,9:24:54 PM,11/26/2025,
882,34.6,gf,3.615,mm,OK,--,9:24:54 PM,11/26/2025,
883,34.6,gf,3.620,mm,OK,--,9:24:54 PM,11/26/2025,
884,34.6,gf,3.620,mm,OK,--,9:24:54 PM,11/26/2025,
885,34.6,gf,3.625,mm,OK,--,9:24:55 PM,11/26/2025,
886,34.6,gf,3.625,mm,OK,--,9:24:55 PM,11/26/2025,
887,34.6,gf,3.630,mm,OK,--,9:24:55 PM,11/26/2025,
888,34.6,gf,3.630,mm,OK,--,9:24:55 PM,11/26/2025,
889,34.6,gf,3.635,mm,OK,--,9:24:55 PM,11/26/2025,
890,34.6,gf,3.640,mm,OK,--,9:24:55 PM,11/26/2025,
891,34.7,gf,3.645,mm,OK,--,9:24:55 PM,11/26/2025,
892,34.7,gf,3.645,mm,OK,--,9:24:55 PM,11/26/2025,
893,34.7,gf,3.650,mm,OK,--,9:24:55 PM,11/26/2025,
894,34.7,gf,3.655,mm,OK,--,9:24:55 PM,11/26/2025,
895,34.8,gf,3.665,mm,OK,--,9:24:56 PM,11/26/2025,
896,34.7,gf,3.675,mm,OK,--,9:24:56 PM,11/26/2025,
897,34.8,gf,3.680,mm,OK,--,9:24:56 PM,11/26/2025,
898,34.8,gf,3.680,mm,OK,--,9:24:56 PM,11/26/2025,
899,34.8,gf,3.690,mm,OK,--,9:24:56 PM,11/26/2025,
900,34.8,gf,3.695,mm,OK,--,9:24:56 PM,11/26/2025,
901,34.9,gf,3.700,mm,OK,--,9:24:56 PM,11/26/2025,
902,34.9,gf,3.710,mm,OK,--,9:24:56 PM,11/26/2025,
903,34.9,gf,3.715,mm,OK,--,9:24:56 PM,11/26/2025,
904,34.9,gf,3.720,mm,OK,--,9:24:56 PM,11/26/2025,
905,34.9,gf,3.725,mm,OK,--,9:24:57 PM,11/26/2025,
906,35.0,gf,3.730,mm,OK,--,9:24:57 PM,11/26/2025,
907,35.0,gf,3.730,mm,OK,--,9:24:57 PM,11/26/2025,
908,35.0,gf,3.735,mm,OK,--,9:24:57 PM,11/26/2025,
909,35.0,gf,3.740,mm,OK,--,9:24:57 PM,11/26/2025,
910,35.0,gf,3.740,mm,OK,--,9:24:57 PM,11/26/2025,
911,35.0,gf,3.745,mm,OK,--,9:24:57 PM,11/26/2025,
912,35.0,gf,3.750,mm,OK,--,9:24:57 PM,11/26/2025,
913,35.0,gf,3.750,mm,OK,--,9:24:57 PM,11/26/2025,
914,35.1,gf,3.755,mm,OK,--,9:24:57 PM,11/26/2025,
915,35.1,gf,3.765,mm,OK,--,9:24:58 PM,11/26/2025,
916,35.1,gf,3.770,mm,OK,--,9:24:58 PM,11/26/2025,
917,35.1,gf,3.775,mm,OK,--,9:24:58 PM,11/26/2025,
918,35.1,gf,3.775,mm,OK,--,9:24:58 PM,11/26/2025,
919,35.1,gf,3.780,mm,OK,--,9:24:58 PM,11/26/2025,
920,35.1,gf,3.785,mm,OK,--,9:24:58 PM,11/26/2025,
921,35.2,gf,3.790,mm,OK,--,9:24:58 PM,11/26/2025,
922,35.2,gf,3.795,mm,OK,--,9:24:58 PM,11/26/2025,
923,35.2,gf,3.800,mm,OK,--,9:24:58 PM,11/26/2025,
924,35.2,gf,3.800,mm,OK,--,9:24:58 PM,11/26/2025,
925,35.2,gf,3.805,mm,OK,--,9:24:59 PM,11/26/2025,
926,35.2,gf,3.810,mm,OK,--,9:24:59 PM,11/26/2025,
927,35.2,gf,3.820,mm,OK,--,9:24:59 PM,11/26/2025,
928,35.3,gf,3.825,mm,OK,--,9:24:59 PM,11/26/2025,
929,35.3,gf,3.830,mm,OK,--,9:24:59 PM,11/26/2025,
930,35.3,gf,3.835,mm,OK,--,9:24:59 PM,11/26/2025,
931,35.3,gf,3.840,mm,OK,--,9:24:59 PM,11/26/2025,
932,35.3,gf,3.845,mm,OK,--,9:24:59 PM,11/26/2025,
933,35.3,gf,3.850,mm,OK,--,9:24:59 PM,11/26/2025,
934,35.4,gf,3.850,mm,OK,--,9:24:59 PM,11/26/2025,
935,35.4,gf,3.855,mm,OK,--,9:25:00 PM,11/26/2025,
936,35.4,gf,3.860,mm,OK,--,9:25:00 PM,11/26/2025,
937,35.4,gf,3.865,mm,OK,--,9:25:00 PM,11/26/2025,
938,35.4,gf,3.870,mm,OK,--,9:25:00 PM,11/26/2025,
939,35.4,gf,3.870,mm,OK,--,9:25:00 PM,11/26/2025,
940,35.4,gf,3.875,mm,OK,--,9:25:00 PM,11/26/2025,
941,35.5,gf,3.880,mm,OK,--,9:25:00 PM,11/26/2025,
942,35.5,gf,3.885,mm,OK,--,9:25:00 PM,11/26/2025,
943,35.5,gf,3.890,mm,OK,--,9:25:00 PM,11/26/2025,
944,35.5,gf,3.890,mm,OK,--,9:25:00 PM,11/26/2025,
945,35.5,gf,3.895,mm,OK,--,9:25:01 PM,11/26/2025,
946,35.5,gf,3.900,mm,OK,--,9:25:01 PM,11/26/2025,
947,35.5,gf,3.900,mm,OK,--,9:25:01 PM,11/26/2025,
948,35.5,gf,3.905,mm,OK,--,9:25:01 PM,11/26/2025,
949,35.6,gf,3.910,mm,OK,--,9:25:01 PM,11/26/2025,
950,35.6,gf,3.910,mm,OK,--,9:25:01 PM,11/26/2025,
951,35.6,gf,3.915,mm,OK,--,9:25:01 PM,11/26/2025,
952,35.6,gf,3.915,mm,OK,--,9:25:01 PM,11/26/2025,
953,35.6,gf,3.920,mm,OK,--,9:25:01 PM,11/26/2025,
954,35.6,gf,3.920,mm,OK,--,9:25:01 PM,11/26/2025,
955,35.6,gf,3.925,mm,OK,--,9:25:02 PM,11/26/2025,
956,35.6,gf,3.930,mm,OK,--,9:25:02 PM,11/26/2025,
957,35.7,gf,3.930,mm,OK,--,9:25:02 PM,11/26/2025,
958,35.6,gf,3.935,mm,OK,--,9:25:02 PM,11/26/2025,
959,35.7,gf,3.940,mm,OK,--,9:25:02 PM,11/26/2025,
960,35.7,gf,3.945,mm,OK,--,9:25:02 PM,11/26/2025,
961,35.7,gf,3.945,mm,OK,--,9:25:02 PM,11/26/2025,
962,35.7,gf,3.950,mm,OK,--,9:25:02 PM,11/26/2025,
963,35.7,gf,3.955,mm,OK,--,9:25:02 PM,11/26/2025,
964,35.7,gf,3.960,mm,OK,--,9:25:02 PM,11/26/2025,
965,35.7,gf,3.965,mm,OK,--,9:25:03 PM,11/26/2025,
966,35.8,gf,3.970,mm,OK,--,9:25:03 PM,11/26/2025,
967,35.8,gf,3.980,mm,OK,--,9:25:03 PM,11/26/2025,
968,35.8,gf,3.990,mm,OK,--,9:25:03 PM,11/26/2025,
969,40.0,gf,4.000,mm,OK,--,9:25:03 PM,11/26/2025,
970,47.7,gf,4.005,mm,OK,--,9:25:03 PM,11/26/2025,
971,54.7,gf,4.015,mm,OK,--,9:25:03 PM,11/26/2025,
972,60.7,gf,4.020,mm,OK,--,9:25:03 PM,11/26/2025,
973,64.9,gf,4.025,mm,OK,--,9:25:03 PM,11/26/2025,
974,68.1,gf,4.025,mm,OK,--,9:25:03 PM,11/26/2025,
975,71.7,gf,4.030,mm,OK,--,9:25:04 PM,11/26/2025,
976,75.4,gf,4.035,mm,OK,--,9:25:04 PM,11/26/2025,
977,79.5,gf,4.035,mm,OK,--,9:25:04 PM,11/26/2025,
978,83.5,gf,4.040,mm,OK,--,9:25:04 PM,11/26/2025,
979,87.8,gf,4.045,mm,OK,--,9:25:04 PM,11/26/2025,
980,91.5,gf,4.050,mm,OK,--,9:25:04 PM,11/26/2025,
981,95.1,gf,4.050,mm,OK,--,9:25:04 PM,11/26/2025,
982,99.2,gf,4.055,mm,OK,--,9:25:04 PM,11/26/2025,
983,103.7,gf,4.060,mm,OK,--,9:25:04 PM,11/26/2025,
984,108.8,gf,4.065,mm,OK,--,9:25:04 PM,11/26/2025,
985,113.7,gf,4.070,mm,OK,--,9:25:05 PM,11/26/2025,
986,118.5,gf,4.075,mm,OK,--,9:25:05 PM,11/26/2025,
987,123.0,gf,4.080,mm,OK,--,9:25:05 PM,11/26/2025,
988,127.9,gf,4.085,mm,OK,--,9:25:05 PM,11/26/2025,
989,133.0,gf,4.090,mm,OK,--,9:25:05 PM,11/26/2025,
990,137.4,gf,4.095,mm,OK,--,9:25:05 PM,11/26/2025,
991,142.0,gf,4.100,mm,OK,--,9:25:05 PM,11/26/2025,
992,147.1,gf,4.105,mm,OK,--,9:25:05 PM,11/26/2025,
993,151.8,gf,4.110,mm,OK,--,9:25:05 PM,11/26/2025,
994,156.0,gf,4.110,mm,OK,--,9:25:05 PM,11/26/2025,
995,160.2,gf,4.115,mm,OK,--,9:25:06 PM,11/26/2025,
996,165.1,gf,4.120,mm,OK,--,9:25:06 PM,11/26/2025,
997,170.0,gf,4.125,mm,OK,--,9:25:06 PM,11/26/2025,
998,174.6,gf,4.130,mm,OK,--,9:25:06 PM,11/26/2025,
999,179.1,gf,4.135,mm,OK,--,9:25:06 PM,11/26/2025,
1000,183.6,gf,4.140,mm,OK,--,9:25:06 PM,11/26/2025,
1001,188.4,gf,4.145,mm,OK,--,9:25:06 PM,11/26/2025,
1002,192.7,gf,4.150,mm,OK,--,9:25:06 PM,11/26/2025,
1003,196.4,gf,4.150,mm,OK,--,9:25:06 PM,11/26/2025,
1004,199.5,gf,4.155,mm,OK,--,9:25:06 PM,11/26/2025,
1005,201.7,gf,4.160,mm,'+NG,--,9:25:07 PM,11/26/2025,
1006,202.9,gf,4.160,mm,'+NG,--,9:25:07 PM,11/26/2025,
1007,203.1,gf,4.160,mm,'+NG,--,9:25:07 PM,11/26/2025,
1008,202.9,gf,4.160,mm,'+NG,--,9:25:07 PM,11/26/2025,
1009,202.8,gf,4.160,mm,'+NG,--,9:25:07 PM,11/26/2025,
1010,202.7,gf,4.160,mm,'+NG,--,9:25:07 PM,11/26/2025,
1011,202.7,gf,4.160,mm,'+NG,--,9:25:07 PM,11/26/2025,
1012,202.7,gf,4.160,mm,'+NG,--,9:25:07 PM,11/26/2025,
1013,202.6,gf,4.160,mm,'+NG,--,9:25:07 PM,11/26/2025,
1014,202.6,gf,4.160,mm,'+NG,--,9:25:07 PM,11/26/2025,
1015,202.6,gf,4.160,mm,'+NG,--,9:25:08 PM,11/26/2025,
1016,202.5,gf,4.160,mm,'+NG,--,9:25:08 PM,11/26/2025,
1017,202.3,gf,4.160,mm,'+NG,--,9:25:08 PM,11/26/2025,
1018,202.1,gf,4.160,mm,'+NG,--,9:25:08 PM,11/26/2025,
1019,201.7,gf,4.160,mm,'+NG,--,9:25:08 PM,11/26/2025,
1020,201.6,gf,4.160,mm,'+NG,--,9:25:08 PM,11/26/2025,
1021,200.8,gf,4.160,mm,'+NG,--,9:25:08 PM,11/26/2025,
1022,198.4,gf,4.155,mm,OK,--,9:25:08 PM,11/26/2025,
1023,196.1,gf,4.155,mm,OK,--,9:25:08 PM,11/26/2025,
1024,189.0,gf,4.150,mm,OK,--,9:25:08 PM,11/26/2025,
1025,183.7,gf,4.145,mm,OK,--,9:25:09 PM,11/26/2025,
1026,182.1,gf,4.140,mm,OK,--,9:25:09 PM,11/26/2025,
1027,180.7,gf,4.140,mm,OK,--,9:25:09 PM,11/26/2025,
1028,178.0,gf,4.135,mm,OK,--,9:25:09 PM,11/26/2025,
1029,175.0,gf,4.135,mm,OK,--,9:25:09 PM,11/26/2025,
1030,173.3,gf,4.130,mm,OK,--,9:25:09 PM,11/26/2025,
1031,172.7,gf,4.130,mm,OK,--,9:25:09 PM,11/26/2025,
1032,172.4,gf,4.130,mm,OK,--,9:25:09 PM,11/26/2025,
1033,172.3,gf,4.130,mm,OK,--,9:25:09 PM,11/26/2025,
1034,172.0,gf,4.130,mm,OK,--,9:25:09 PM,11/26/2025,
1035,171.3,gf,4.130,mm,OK,--,9:25:10 PM,11/26/2025,
1036,170.3,gf,4.130,mm,OK,--,9:25:10 PM,11/26/2025,
1037,169.5,gf,4.130,mm,OK,--,9:25:10 PM,11/26/2025,
1038,169.2,gf,4.130,mm,OK,--,9:25:10 PM,11/26/2025,
1039,169.1,gf,4.130,mm,OK,--,9:25:10 PM,11/26/2025,
1040,169.0,gf,4.130,mm,OK,--,9:25:10 PM,11/26/2025,
1041,168.8,gf,4.130,mm,OK,--,9:25:10 PM,11/26/2025,
1042,168.7,gf,4.130,mm,OK,--,9:25:10 PM,11/26/2025,
1043,168.6,gf,4.130,mm,OK,--,9:25:10 PM,11/26/2025,
1044,168.4,gf,4.125,mm,OK,--,9:25:10 PM,11/26/2025,
1045,168.2,gf,4.125,mm,OK,--,9:25:11 PM,11/26/2025,
1046,168.0,gf,4.125,mm,OK,--,9:25:11 PM,11/26/2025,
1047,167.7,gf,4.125,mm,OK,--,9:25:11 PM,11/26/2025,
1048,167.6,gf,4.125,mm,OK,--,9:25:11 PM,11/26/2025,
1049,167.5,gf,4.125,mm,OK,--,9:25:11 PM,11/26/2025,
1050,167.5,gf,4.125,mm,OK,--,9:25:11 PM,11/26/2025,
1051,167.4,gf,4.125,mm,OK,--,9:25:11 PM,11/26/2025,
1052,166.9,gf,4.125,mm,OK,--,9:25:11 PM,11/26/2025,
1053,166.3,gf,4.125,mm,OK,--,9:25:11 PM,11/26/2025,
1054,162.8,gf,4.120,mm,OK,--,9:25:11 PM,11/26/2025,
1055,159.3,gf,4.120,mm,OK,--,9:25:12 PM,11/26/2025,
1056,157.8,gf,4.120,mm,OK,--,9:25:12 PM,11/26/2025,
1057,157.3,gf,4.115,mm,OK,--,9:25:12 PM,11/26/2025,
1058,157.0,gf,4.115,mm,OK,--,9:25:12 PM,11/26/2025,
1059,156.7,gf,4.115,mm,OK,--,9:25:12 PM,11/26/2025,
1060,156.4,gf,4.115,mm,OK,--,9:25:12 PM,11/26/2025,
1061,155.6,gf,4.115,mm,OK,--,9:25:12 PM,11/26/2025,
1062,154.8,gf,4.115,mm,OK,--,9:25:12 PM,11/26/2025,
1063,154.3,gf,4.115,mm,OK,--,9:25:12 PM,11/26/2025,
1064,153.9,gf,4.115,mm,OK,--,9:25:12 PM,11/26/2025,
1065,153.5,gf,4.115,mm,OK,--,9:25:13 PM,11/26/2025,
1066,153.3,gf,4.115,mm,OK,--,9:25:13 PM,11/26/2025,
1067,152.9,gf,4.115,mm,OK,--,9:25:13 PM,11/26/2025,
1068,152.6,gf,4.115,mm,OK,--,9:25:13 PM,11/26/2025,
1069,151.9,gf,4.110,mm,OK,--,9:25:13 PM,11/26/2025,
1070,151.3,gf,4.110,mm,OK,--,9:25:13 PM,11/26/2025,
1071,150.9,gf,4.110,mm,OK,--,9:25:13 PM,11/26/2025,
1072,150.1,gf,4.110,mm,OK,--,9:25:13 PM,11/26/2025,
1073,149.5,gf,4.110,mm,OK,--,9:25:13 PM,11/26/2025,
1074,148.9,gf,4.110,mm,OK,--,9:25:13 PM,11/26/2025,
1075,148.1,gf,4.110,mm,OK,--,9:25:14 PM,11/26/2025,
1076,147.4,gf,4.110,mm,OK,--,9:25:14 PM,11/26/2025,
1077,146.8,gf,4.105,mm,OK,--,9:25:14 PM,11/26/2025,
1078,146.2,gf,4.105,mm,OK,--,9:25:14 PM,11/26/2025,
1079,145.8,gf,4.105,mm,OK,--,9:25:14 PM,11/26/2025,
1080,145.4,gf,4.105,mm,OK,--,9:25:14 PM,11/26/2025,
1081,144.7,gf,4.105,mm,OK,--,9:25:14 PM,11/26/2025,
1082,144.0,gf,4.105,mm,OK,--,9:25:14 PM,11/26/2025,
1083,143.6,gf,4.105,mm,OK,--,9:25:14 PM,11/26/2025,
1084,143.4,gf,4.105,mm,OK,--,9:25:14 PM,11/26/2025,
1085,142.6,gf,4.105,mm,OK,--,9:25:15 PM,11/26/2025,
1086,141.6,gf,4.100,mm,OK,--,9:25:15 PM,11/26/2025,
1087,140.6,gf,4.100,mm,OK,--,9:25:15 PM,11/26/2025,
1088,139.6,gf,4.100,mm,OK,--,9:25:15 PM,11/26/2025,
1089,138.3,gf,4.100,mm,OK,--,9:25:15 PM,11/26/2025,
1090,136.9,gf,4.100,mm,OK,--,9:25:15 PM,11/26/2025,
1091,135.6,gf,4.095,mm,OK,--,9:25:15 PM,11/26/2025,
1092,133.9,gf,4.095,mm,OK,--,9:25:15 PM,11/26/2025,
1093,132.4,gf,4.095,mm,OK,--,9:25:15 PM,11/26/2025,
1094,130.2,gf,4.090,mm,OK,--,9:25:15 PM,11/26/2025,
1095,128.2,gf,4.090,mm,OK,--,9:25:16 PM,11/26/2025,
1096,126.7,gf,4.090,mm,OK,--,9:25:16 PM,11/26/2025,
1097,124.8,gf,4.085,mm,OK,--,9:25:16 PM,11/26/2025,
1098,122.6,gf,4.085,mm,OK,--,9:25:16 PM,11/26/2025,
1099,120.0,gf,4.080,mm,OK,--,9:25:16 PM,11/26/2025,
1100,117.9,gf,4.080,mm,OK,--,9:25:16 PM,11/26/2025,
1101,116.2,gf,4.080,mm,OK,--,9:25:16 PM,11/26/2025,
1102,114.2,gf,4.075,mm,OK,--,9:25:16 PM,11/26/2025,
1103,112.6,gf,4.075,mm,OK,--,9:25:16 PM,11/26/2025,
1104,111.1,gf,4.075,mm,OK,--,9:25:16 PM,11/26/2025,
1105,109.0,gf,4.070,mm,OK,--,9:25:17 PM,11/26/2025,
1106,107.1,gf,4.070,mm,OK,--,9:25:17 PM,11/26/2025,
1107,105.7,gf,4.070,mm,OK,--,9:25:17 PM,11/26/2025,
1108,105.2,gf,4.065,mm,OK,--,9:25:17 PM,11/26/2025,
1109,104.2,gf,4.065,mm,OK,--,9:25:17 PM,11/26/2025,
1110,103.1,gf,4.065,mm,OK,--,9:25:17 PM,11/26/2025,
1111,100.8,gf,4.065,mm,OK,--,9:25:17 PM,11/26/2025,
1112,97.9,gf,4.060,mm,OK,--,9:25:17 PM,11/26/2025,
1113,95.0,gf,4.055,mm,OK,--,9:25:17 PM,11/26/2025,
1114,91.9,gf,4.055,mm,OK,--,9:25:17 PM,11/26/2025,
1115,89.0,gf,4.050,mm,OK,--,9:25:18 PM,11/26/2025,
1116,86.5,gf,4.050,mm,OK,--,9:25:18 PM,11/26/2025,
1117,83.2,gf,4.045,mm,OK,--,9:25:18 PM,11/26/2025,
1118,79.3,gf,4.040,mm,OK,--,9:25:18 PM,11/26/2025,
1119,74.4,gf,4.035,mm,OK,--,9:25:18 PM,11/26/2025,
1120,69.2,gf,4.030,mm,OK,--,9:25:18 PM,11/26/2025,
1121,64.9,gf,4.025,mm,OK,--,9:25:18 PM,11/26/2025,
1122,62.1,gf,4.025,mm,OK,--,9:25:18 PM,11/26/2025,
1123,60.5,gf,4.025,mm,OK,--,9:25:18 PM,11/26/2025,
1124,58.8,gf,4.020,mm,OK,--,9:25:18 PM,11/26/2025,
1125,57.4,gf,4.020,mm,OK,--,9:25:19 PM,11/26/2025,
1126,56.2,gf,4.020,mm,OK,--,9:25:19 PM,11/26/2025,
1127,54.3,gf,4.015,mm,OK,--,9:25:19 PM,11/26/2025,
1128,52.7,gf,4.015,mm,OK,--,9:25:19 PM,11/26/2025,
1129,51.3,gf,4.015,mm,OK,--,9:25:19 PM,11/26/2025,
1130,50.2,gf,4.015,mm,OK,--,9:25:19 PM,11/26/2025,
1131,48.7,gf,4.010,mm,OK,--,9:25:19 PM,11/26/2025,
1132,47.6,gf,4.010,mm,OK,--,9:25:19 PM,11/26/2025,
1133,46.2,gf,4.010,mm,OK,--,9:25:19 PM,11/26/2025,
1134,44.7,gf,4.005,mm,OK,--,9:25:19 PM,11/26/2025,
1135,43.0,gf,4.005,mm,OK,--,9:25:20 PM,11/26/2025,
1136,41.3,gf,4.005,mm,OK,--,9:25:20 PM,11/26/2025,
1137,39.4,gf,4.000,mm,OK,--,9:25:20 PM,11/26/2025,
1138,37.1,gf,4.000,mm,OK,--,9:25:20 PM,11/26/2025,
1139,35.6,gf,4.000,mm,OK,--,9:25:20 PM,11/26/2025,
1140,35.5,gf,3.995,mm,OK,--,9:25:20 PM,11/26/2025,
1141,35.5,gf,3.990,mm,OK,--,9:25:20 PM,11/26/2025,
1142,35.6,gf,3.985,mm,OK,--,9:25:20 PM,11/26/2025,
1143,35.6,gf,3.985,mm,OK,--,9:25:20 PM,11/26/2025,
1144,35.5,gf,3.980,mm,OK,--,9:25:20 PM,11/26/2025,
1145,35.5,gf,3.975,mm,OK,--,9:25:21 PM,11/26/2025,
1146,35.5,gf,3.970,mm,OK,--,9:25:21 PM,11/26/2025,
1147,35.5,gf,3.970,mm,OK,--,9:25:21 PM,11/26/2025,
1148,35.5,gf,3.965,mm,OK,--,9:25:21 PM,11/26/2025,
1149,35.5,gf,3.960,mm,OK,--,9:25:21 PM,11/26/2025,
1150,35.4,gf,3.960,mm,OK,--,9:25:21 PM,11/26/2025,
1151,35.4,gf,3.955,mm,OK,--,9:25:21 PM,11/26/2025,
1152,35.4,gf,3.950,mm,OK,--,9:25:21 PM,11/26/2025,
1153,35.4,gf,3.950,mm,OK,--,9:25:21 PM,11/26/2025,
1154,35.4,gf,3.945,mm,OK,--,9:25:21 PM,11/26/2025,
1155,35.4,gf,3.940,mm,OK,--,9:25:22 PM,11/26/2025,
1156,35.4,gf,3.940,mm,OK,--,9:25:22 PM,11/26/2025,
1157,35.4,gf,3.935,mm,OK,--,9:25:22 PM,11/26/2025,
1158,35.3,gf,3.935,mm,OK,--,9:25:22 PM,11/26/2025,
1159,35.3,gf,3.930,mm,OK,--,9:25:22 PM,11/26/2025,
1160,35.4,gf,3.925,mm,OK,--,9:25:22 PM,11/26/2025,
1161,35.3,gf,3.925,mm,OK,--,9:25:22 PM,11/26/2025,
1162,35.3,gf,3.925,mm,OK,--,9:25:22 PM,11/26/2025,
1163,35.2,gf,3.920,mm,OK,--,9:25:22 PM,11/26/2025,
1164,35.3,gf,3.920,mm,OK,--,9:25:22 PM,11/26/2025,
1165,35.3,gf,3.915,mm,OK,--,9:25:23 PM,11/26/2025,
1166,35.2,gf,3.910,mm,OK,--,9:25:23 PM,11/26/2025,
1167,35.2,gf,3.905,mm,OK,--,9:25:23 PM,11/26/2025,
1168,35.2,gf,3.900,mm,OK,--,9:25:23 PM,11/26/2025,
1169,35.2,gf,3.895,mm,OK,--,9:25:23 PM,11/26/2025,
1170,35.2,gf,3.890,mm,OK,--,9:25:23 PM,11/26/2025,
1171,35.2,gf,3.885,mm,OK,--,9:25:23 PM,11/26/2025,
1172,35.1,gf,3.875,mm,OK,--,9:25:23 PM,11/26/2025,
1173,35.1,gf,3.870,mm,OK,--,9:25:23 PM,11/26/2025,
1174,35.1,gf,3.865,mm,OK,--,9:25:23 PM,11/26/2025,
1175,35.0,gf,3.855,mm,OK,--,9:25:24 PM,11/26/2025,
1176,35.0,gf,3.850,mm,OK,--,9:25:24 PM,11/26/2025,
1177,35.0,gf,3.845,mm,OK,--,9:25:24 PM,11/26/2025,
1178,35.1,gf,3.840,mm,OK,--,9:25:24 PM,11/26/2025,
1179,35.0,gf,3.835,mm,OK,--,9:25:24 PM,11/26/2025,
1180,35.0,gf,3.835,mm,OK,--,9:25:24 PM,11/26/2025,
1181,35.0,gf,3.830,mm,OK,--,9:25:24 PM,11/26/2025,
1182,35.0,gf,3.830,mm,OK,--,9:25:24 PM,11/26/2025,
1183,35.0,gf,3.825,mm,OK,--,9:25:24 PM,11/26/2025,
1184,34.9,gf,3.825,mm,OK,--,9:25:24 PM,11/26/2025,
1185,34.9,gf,3.820,mm,OK,--,9:25:25 PM,11/26/2025,
1186,34.8,gf,3.815,mm,OK,--,9:25:25 PM,11/26/2025,
1187,34.9,gf,3.810,mm,OK,--,9:25:25 PM,11/26/2025,
1188,34.9,gf,3.805,mm,OK,--,9:25:25 PM,11/26/2025,
1189,34.9,gf,3.800,mm,OK,--,9:25:25 PM,11/26/2025,
1190,34.9,gf,3.800,mm,OK,--,9:25:25 PM,11/26/2025,
1191,34.9,gf,3.795,mm,OK,--,9:25:25 PM,11/26/2025,
1192,34.8,gf,3.795,mm,OK,--,9:25:25 PM,11/26/2025,
1193,34.8,gf,3.790,mm,OK,--,9:25:25 PM,11/26/2025,
1194,34.8,gf,3.785,mm,OK,--,9:25:25 PM,11/26/2025,
1195,34.8,gf,3.775,mm,OK,--,9:25:26 PM,11/26/2025,
1196,34.8,gf,3.770,mm,OK,--,9:25:26 PM,11/26/2025,
1197,34.7,gf,3.765,mm,OK,--,9:25:26 PM,11/26/2025,
1198,34.7,gf,3.755,mm,OK,--,9:25:26 PM,11/26/2025,
1199,34.7,gf,3.745,mm,OK,--,9:25:26 PM,11/26/2025,
1200,34.6,gf,3.735,mm,OK,--,9:25:26 PM,11/26/2025,
1201,34.6,gf,3.730,mm,OK,--,9:25:26 PM,11/26/2025,
1202,34.6,gf,3.720,mm,OK,--,9:25:26 PM,11/26/2025,
1203,34.5,gf,3.710,mm,OK,--,9:25:26 PM,11/26/2025,
1204,34.5,gf,3.700,mm,OK,--,9:25:26 PM,11/26/2025,
1205,34.5,gf,3.695,mm,OK,--,9:25:27 PM,11/26/2025,
1206,34.5,gf,3.685,mm,OK,--,9:25:27 PM,11/26/2025,
1207,34.4,gf,3.680,mm,OK,--,9:25:27 PM,11/26/2025,
1208,34.4,gf,3.670,mm,OK,--,9:25:27 PM,11/26/2025,
1209,34.3,gf,3.660,mm,OK,--,9:25:27 PM,11/26/2025,
1210,34.3,gf,3.650,mm,OK,--,9:25:27 PM,11/26/2025,
1211,34.3,gf,3.640,mm,OK,--,9:25:27 PM,11/26/2025,
1212,34.3,gf,3.630,mm,OK,--,9:25:27 PM,11/26/2025,
1213,34.3,gf,3.620,mm,OK,--,9:25:27 PM,11/26/2025,
1214,34.2,gf,3.615,mm,OK,--,9:25:27 PM,11/26/2025,
1215,34.1,gf,3.605,mm,OK,--,9:25:28 PM,11/26/2025,
1216,34.0,gf,3.595,mm,OK,--,9:25:28 PM,11/26/2025,
1217,34.1,gf,3.585,mm,OK,--,9:25:28 PM,11/26/2025,
1218,34.1,gf,3.570,mm,OK,--,9:25:28 PM,11/26/2025,
1219,34.0,gf,3.555,mm,OK,--,9:25:28 PM,11/26/2025,
1220,34.0,gf,3.545,mm,OK,--,9:25:28 PM,11/26/2025,
1221,34.0,gf,3.535,mm,OK,--,9:25:28 PM,11/26/2025,
1222,33.9,gf,3.530,mm,OK,--,9:25:28 PM,11/26/2025,
1223,33.8,gf,3.520,mm,OK,--,9:25:28 PM,11/26/2025,
1224,34.0,gf,3.510,mm,OK,--,9:25:28 PM,11/26/2025,
1225,33.8,gf,3.500,mm,OK,--,9:25:29 PM,11/26/2025,
1226,33.8,gf,3.490,mm,OK,--,9:25:29 PM,11/26/2025,
1227,33.8,gf,3.475,mm,OK,--,9:25:29 PM,11/26/2025,
1228,33.7,gf,3.465,mm,OK,--,9:25:29 PM,11/26/2025,
1229,33.7,gf,3.455,mm,OK,--,9:25:29 PM,11/26/2025,
1230,33.6,gf,3.450,mm,OK,--,9:25:29 PM,11/26/2025,
1231,33.6,gf,3.440,mm,OK,--,9:25:29 PM,11/26/2025,
1232,33.6,gf,3.435,mm,OK,--,9:25:29 PM,11/26/2025,
1233,33.6,gf,3.425,mm,OK,--,9:25:29 PM,11/26/2025,
1234,33.5,gf,3.420,mm,OK,--,9:25:29 PM,11/26/2025,
1235,33.6,gf,3.415,mm,OK,--,9:25:30 PM,11/26/2025,
1236,33.5,gf,3.410,mm,OK,--,9:25:30 PM,11/26/2025,
1237,33.5,gf,3.405,mm,OK,--,9:25:30 PM,11/26/2025,
1238,33.5,gf,3.400,mm,OK,--,9:25:30 PM,11/26/2025,
1239,33.5,gf,3.395,mm,OK,--,9:25:30 PM,11/26/2025,
1240,33.4,gf,3.390,mm,OK,--,9:25:30 PM,11/26/2025,
1241,33.5,gf,3.380,mm,OK,--,9:25:30 PM,11/26/2025,
1242,33.4,gf,3.370,mm,OK,--,9:25:30 PM,11/26/2025,
1243,33.3,gf,3.360,mm,OK,--,9:25:30 PM,11/26/2025,
1244,33.3,gf,3.355,mm,OK,--,9:25:30 PM,11/26/2025,
1245,33.3,gf,3.345,mm,OK,--,9:25:31 PM,11/26/2025,
1246,33.3,gf,3.335,mm,OK,--,9:25:31 PM,11/26/2025,
1247,33.2,gf,3.330,mm,OK,--,9:25:31 PM,11/26/2025,
1248,33.2,gf,3.320,mm,OK,--,9:25:31 PM,11/26/2025,
1249,33.1,gf,3.310,mm,OK,--,9:25:31 PM,11/26/2025,
1250,33.1,gf,3.300,mm,OK,--,9:25:31 PM,11/26/2025,
1251,33.2,gf,3.295,mm,OK,--,9:25:31 PM,11/26/2025,
1252,33.0,gf,3.285,mm,OK,--,9:25:31 PM,11/26/2025,
1253,33.0,gf,3.270,mm,OK,--,9:25:31 PM,11/26/2025,
1254,33.0,gf,3.260,mm,OK,--,9:25:31 PM,11/26/2025,
1255,32.9,gf,3.245,mm,OK,--,9:25:32 PM,11/26/2025,
1256,32.9,gf,3.230,mm,OK,--,9:25:32 PM,11/26/2025,
1257,32.8,gf,3.215,mm,OK,--,9:25:32 PM,11/26/2025,
1258,32.7,gf,3.190,mm,OK,--,9:25:32 PM,11/26/2025,
1259,32.7,gf,3.170,mm,OK,--,9:25:32 PM,11/26/2025,
1260,32.6,gf,3.150,mm,OK,--,9:25:32 PM,11/26/2025,
1261,32.5,gf,3.135,mm,OK,--,9:25:32 PM,11/26/2025,
1262,32.5,gf,3.125,mm,OK,--,9:25:32 PM,11/26/2025,
1263,32.5,gf,3.115,mm,OK,--,9:25:32 PM,11/26/2025,
1264,32.4,gf,3.105,mm,OK,--,9:25:32 PM,11/26/2025,
1265,32.4,gf,3.095,mm,OK,--,9:25:33 PM,11/26/2025,
1266,32.4,gf,3.085,mm,OK,--,9:25:33 PM,11/26/2025,
1267,32.4,gf,3.080,mm,OK,--,9:25:33 PM,11/26/2025,
1268,32.3,gf,3.075,mm,OK,--,9:25:33 PM,11/26/2025,
1269,32.3,gf,3.070,mm,OK,--,9:25:33 PM,11/26/2025,
1270,32.3,gf,3.065,mm,OK,--,9:25:33 PM,11/26/2025,
1271,32.3,gf,3.060,mm,OK,--,9:25:33 PM,11/26/2025,
1272,32.2,gf,3.055,mm,OK,--,9:25:33 PM,11/26/2025,
1273,32.3,gf,3.050,mm,OK,--,9:25:33 PM,11/26/2025,
1274,32.2,gf,3.045,mm,OK,--,9:25:33 PM,11/26/2025,
1275,32.2,gf,3.045,mm,OK,--,9:25:34 PM,11/26/2025,
1276,32.2,gf,3.040,mm,OK,--,9:25:34 PM,11/26/2025,
1277,32.2,gf,3.035,mm,OK,--,9:25:34 PM,11/26/2025,
1278,32.2,gf,3.030,mm,OK,--,9:25:34 PM,11/26/2025,
1279,32.2,gf,3.025,mm,OK,--,9:25:34 PM,11/26/2025,
1280,32.2,gf,3.020,mm,OK,--,9:25:34 PM,11/26/2025,
1281,32.1,gf,3.015,mm,OK,--,9:25:34 PM,11/26/2025,
1282,32.1,gf,3.010,mm,OK,--,9:25:34 PM,11/26/2025,
1283,32.1,gf,3.010,mm,OK,--,9:25:34 PM,11/26/2025,
1284,32.1,gf,3.005,mm,OK,--,9:25:34 PM,11/26/2025,
1285,32.1,gf,3.000,mm,OK,--,9:25:35 PM,11/26/2025,
1286,32.1,gf,3.000,mm,OK,--,9:25:35 PM,11/26/2025,
1287,32.1,gf,2.995,mm,OK,--,9:25:35 PM,11/26/2025,
1288,32.0,gf,2.990,mm,OK,--,9:25:35 PM,11/26/2025,
1289,32.0,gf,2.980,mm,OK,--,9:25:35 PM,11/26/2025,
1290,32.0,gf,2.975,mm,OK,--,9:25:35 PM,11/26/2025,
1291,32.0,gf,2.970,mm,OK,--,9:25:35 PM,11/26/2025,
1292,31.9,gf,2.965,mm,OK,--,9:25:35 PM,11/26/2025,
1293,31.8,gf,2.955,mm,OK,--,9:25:35 PM,11/26/2025,
1294,31.6,gf,2.945,mm,OK,--,9:25:35 PM,11/26/2025,
1295,31.4,gf,2.940,mm,OK,--,9:25:36 PM,11/26/2025,
1296,31.3,gf,2.930,mm,OK,--,9:25:36 PM,11/26/2025,
1297,31.2,gf,2.925,mm,OK,--,9:25:36 PM,11/26/2025,
1298,31.2,gf,2.920,mm,OK,--,9:25:36 PM,11/26/2025,
1299,31.2,gf,2.915,mm,OK,--,9:25:36 PM,11/26/2025,
1300,31.2,gf,2.915,mm,OK,--,9:25:36 PM,11/26/2025,
1301,31.1,gf,2.910,mm,OK,--,9:25:36 PM,11/26/2025,
1302,31.0,gf,2.905,mm,OK,--,9:25:36 PM,11/26/2025,
1303,31.0,gf,2.900,mm,OK,--,9:25:36 PM,11/26/2025,
1304,30.9,gf,2.895,mm,OK,--,9:25:36 PM,11/26/2025,
1305,30.8,gf,2.890,mm,OK,--,9:25:37 PM,11/26/2025,
1306,30.8,gf,2.880,mm,OK,--,9:25:37 PM,11/26/2025,
1307,30.7,gf,2.875,mm,OK,--,9:25:37 PM,11/26/2025,
1308,30.7,gf,2.870,mm,OK,--,9:25:37 PM,11/26/2025,
1309,30.6,gf,2.860,mm,OK,--,9:25:37 PM,11/26/2025,
1310,30.5,gf,2.855,mm,OK,--,9:25:37 PM,11/26/2025,
1311,30.5,gf,2.850,mm,OK,--,9:25:37 PM,11/26/2025,
1312,30.5,gf,2.850,mm,OK,--,9:25:37 PM,11/26/2025,
1313,30.5,gf,2.845,mm,OK,--,9:25:37 PM,11/26/2025,
1314,30.3,gf,2.845,mm,OK,--,9:25:37 PM,11/26/2025,
1315,30.3,gf,2.840,mm,OK,--,9:25:38 PM,11/26/2025,
1316,30.2,gf,2.835,mm,OK,--,9:25:38 PM,11/26/2025,
1317,30.2,gf,2.830,mm,OK,--,9:25:38 PM,11/26/2025,
1318,30.1,gf,2.830,mm,OK,--,9:25:38 PM,11/26/2025,
1319,30.1,gf,2.825,mm,OK,--,9:25:38 PM,11/26/2025,
1320,30.0,gf,2.825,mm,OK,--,9:25:38 PM,11/26/2025,
1321,30.0,gf,2.825,mm,OK,--,9:25:38 PM,11/26/2025,
1322,30.0,gf,2.820,mm,OK,--,9:25:38 PM,11/26/2025,
1323,29.8,gf,2.820,mm,OK,--,9:25:38 PM,11/26/2025,
1324,29.8,gf,2.815,mm,OK,--,9:25:38 PM,11/26/2025,
1325,29.6,gf,2.810,mm,OK,--,9:25:39 PM,11/26/2025,
1326,29.6,gf,2.805,mm,OK,--,9:25:39 PM,11/26/2025,
1327,29.5,gf,2.800,mm,OK,--,9:25:39 PM,11/26/2025,
1328,29.2,gf,2.795,mm,OK,--,9:25:39 PM,11/26/2025,
1329,29.1,gf,2.790,mm,OK,--,9:25:39 PM,11/26/2025,
1330,29.0,gf,2.780,mm,OK,--,9:25:39 PM,11/26/2025,
1331,28.8,gf,2.775,mm,OK,--,9:25:39 PM,11/26/2025,
1332,28.6,gf,2.770,mm,OK,--,9:25:39 PM,11/26/2025,
1333,28.3,gf,2.760,mm,OK,--,9:25:39 PM,11/26/2025,
1334,28.2,gf,2.750,mm,OK,--,9:25:39 PM,11/26/2025,
1335,27.8,gf,2.735,mm,OK,--,9:25:40 PM,11/26/2025,
1336,27.6,gf,2.725,mm,OK,--,9:25:40 PM,11/26/2025,
1337,27.5,gf,2.720,mm,OK,--,9:25:40 PM,11/26/2025,
1338,27.2,gf,2.710,mm,OK,--,9:25:40 PM,11/26/2025,
1339,27.2,gf,2.705,mm,OK,--,9:25:40 PM,11/26/2025,
1340,27.0,gf,2.700,mm,OK,--,9:25:40 PM,11/26/2025,
1341,26.9,gf,2.695,mm,OK,--,9:25:40 PM,11/26/2025,
1342,26.8,gf,2.690,mm,OK,--,9:25:40 PM,11/26/2025,
1343,26.8,gf,2.685,mm,OK,--,9:25:40 PM,11/26/2025,
1344,26.7,gf,2.680,mm,OK,--,9:25:40 PM,11/26/2025,
1345,26.6,gf,2.675,mm,OK,--,9:25:41 PM,11/26/2025,
1346,26.7,gf,2.675,mm,OK,--,9:25:41 PM,11/26/2025,
1347,26.6,gf,2.675,mm,OK,--,9:25:41 PM,11/26/2025,
1348,26.5,gf,2.670,mm,OK,--,9:25:41 PM,11/26/2025,
1349,26.3,gf,2.665,mm,OK,--,9:25:41 PM,11/26/2025,
1350,26.3,gf,2.665,mm,OK,--,9:25:41 PM,11/26/2025,
1351,26.3,gf,2.660,mm,OK,--,9:25:41 PM,11/26/2025,
1352,26.2,gf,2.655,mm,OK,--,9:25:41 PM,11/26/2025,
1353,26.0,gf,2.655,mm,OK,--,9:25:41 PM,11/26/2025,
1354,26.0,gf,2.650,mm,OK,--,9:25:41 PM,11/26/2025,
1355,25.9,gf,2.645,mm,OK,--,9:25:42 PM,11/26/2025,
1356,25.9,gf,2.645,mm,OK,--,9:25:42 PM,11/26/2025,
1357,25.9,gf,2.640,mm,OK,--,9:25:42 PM,11/26/2025,
1358,25.9,gf,2.640,mm,OK,--,9:25:42 PM,11/26/2025,
1359,25.8,gf,2.635,mm,OK,--,9:25:42 PM,11/26/2025,
1360,25.7,gf,2.635,mm,OK,--,9:25:42 PM,11/26/2025,
1361,25.6,gf,2.630,mm,OK,--,9:25:42 PM,11/26/2025,
1362,25.5,gf,2.625,mm,OK,--,9:25:42 PM,11/26/2025,
1363,25.3,gf,2.625,mm,OK,--,9:25:42 PM,11/26/2025,
1364,25.2,gf,2.620,mm,OK,--,9:25:42 PM,11/26/2025,
1365,25.0,gf,2.610,mm,OK,--,9:25:43 PM,11/26/2025,
1366,24.8,gf,2.605,mm,OK,--,9:25:43 PM,11/26/2025,
1367,24.5,gf,2.590,mm,OK,--,9:25:43 PM,11/26/2025,
1368,24.3,gf,2.585,mm,OK,--,9:25:43 PM,11/26/2025,
1369,24.3,gf,2.575,mm,OK,--,9:25:43 PM,11/26/2025,
1370,24.2,gf,2.565,mm,OK,--,9:25:43 PM,11/26/2025,
1371,24.3,gf,2.555,mm,OK,--,9:25:43 PM,11/26/2025,
1372,24.4,gf,2.550,mm,OK,--,9:25:43 PM,11/26/2025,
1373,24.4,gf,2.545,mm,OK,--,9:25:43 PM,11/26/2025,
1374,24.3,gf,2.540,mm,OK,--,9:25:43 PM,11/26/2025,
1375,24.3,gf,2.535,mm,OK,--,9:25:44 PM,11/26/2025,
1376,24.3,gf,2.530,mm,OK,--,9:25:44 PM,11/26/2025,
1377,24.3,gf,2.525,mm,OK,--,9:25:44 PM,11/26/2025,
1378,24.2,gf,2.520,mm,OK,--,9:25:44 PM,11/26/2025,
1379,23.9,gf,2.510,mm,OK,--,9:25:44 PM,11/26/2025,
1380,24.2,gf,2.500,mm,OK,--,9:25:44 PM,11/26/2025,
1381,24.2,gf,2.495,mm,OK,--,9:25:44 PM,11/26/2025,
1382,24.2,gf,2.495,mm,OK,--,9:25:44 PM,11/26/2025,
1383,24.1,gf,2.490,mm,OK,--,9:25:44 PM,11/26/2025,
1384,24.1,gf,2.485,mm,OK,--,9:25:44 PM,11/26/2025,
1385,23.9,gf,2.480,mm,OK,--,9:25:45 PM,11/26/2025,
1386,23.9,gf,2.475,mm,OK,--,9:25:45 PM,11/26/2025,
1387,23.8,gf,2.465,mm,OK,--,9:25:45 PM,11/26/2025,
1388,23.8,gf,2.460,mm,OK,--,9:25:45 PM,11/26/2025,
1389,23.8,gf,2.455,mm,OK,--,9:25:45 PM,11/26/2025,
1390,23.6,gf,2.450,mm,OK,--,9:25:45 PM,11/26/2025,
1391,23.6,gf,2.445,mm,OK,--,9:25:45 PM,11/26/2025,
1392,23.4,gf,2.435,mm,OK,--,9:25:45 PM,11/26/2025,
1393,23.5,gf,2.430,mm,OK,--,9:25:45 PM,11/26/2025,
1394,23.5,gf,2.425,mm,OK,--,9:25:45 PM,11/26/2025,
1395,23.4,gf,2.420,mm,OK,--,9:25:46 PM,11/26/2025,
1396,23.5,gf,2.415,mm,OK,--,9:25:46 PM,11/26/2025,
1397,23.5,gf,2.410,mm,OK,--,9:25:46 PM,11/26/2025,
1398,23.6,gf,2.405,mm,OK,--,9:25:46 PM,11/26/2025,
1399,23.6,gf,2.405,mm,OK,--,9:25:46 PM,11/26/2025,
1400,23.5,gf,2.400,mm,OK,--,9:25:46 PM,11/26/2025,
1401,23.4,gf,2.395,mm,OK,--,9:25:46 PM,11/26/2025,
1402,23.4,gf,2.390,mm,OK,--,9:25:46 PM,11/26/2025,
1403,23.4,gf,2.385,mm,OK,--,9:25:46 PM,11/26/2025,
1404,23.4,gf,2.380,mm,OK,--,9:25:46 PM,11/26/2025,
1405,23.3,gf,2.375,mm,OK,--,9:25:47 PM,11/26/2025,
1406,23.3,gf,2.370,mm,OK,--,9:25:47 PM,11/26/2025,
1407,23.2,gf,2.365,mm,OK,--,9:25:47 PM,11/26/2025,
1408,23.2,gf,2.360,mm,OK,--,9:25:47 PM,11/26/2025,
1409,23.2,gf,2.355,mm,OK,--,9:25:47 PM,11/26/2025,
1410,23.1,gf,2.350,mm,OK,--,9:25:47 PM,11/26/2025,
1411,23.1,gf,2.340,mm,OK,--,9:25:47 PM,11/26/2025,
1412,22.9,gf,2.335,mm,OK,--,9:25:47 PM,11/26/2025,
1413,22.9,gf,2.325,mm,OK,--,9:25:47 PM,11/26/2025,
1414,23.0,gf,2.320,mm,OK,--,9:25:47 PM,11/26/2025,
1415,22.9,gf,2.315,mm,OK,--,9:25:48 PM,11/26/2025,
1416,22.8,gf,2.310,mm,OK,--,9:25:48 PM,11/26/2025,
1417,22.8,gf,2.305,mm,OK,--,9:25:48 PM,11/26/2025,
1418,22.9,gf,2.300,mm,OK,--,9:25:48 PM,11/26/2025,
1419,22.7,gf,2.295,mm,OK,--,9:25:48 PM,11/26/2025,
1420,22.7,gf,2.285,mm,OK,--,9:25:48 PM,11/26/2025,
1421,22.6,gf,2.275,mm,OK,--,9:25:48 PM,11/26/2025,
1422,22.6,gf,2.265,mm,OK,--,9:25:48 PM,11/26/2025,
1423,22.6,gf,2.260,mm,OK,--,9:25:48 PM,11/26/2025,
1424,22.4,gf,2.250,mm,OK,--,9:25:48 PM,11/26/2025,
1425,22.5,gf,2.240,mm,OK,--,9:25:49 PM,11/26/2025,
1426,22.3,gf,2.225,mm,OK,--,9:25:49 PM,11/26/2025,
1427,22.3,gf,2.215,mm,OK,--,9:25:49 PM,11/26/2025,
1428,22.3,gf,2.205,mm,OK,--,9:25:49 PM,11/26/2025,
1429,22.2,gf,2.200,mm,OK,--,9:25:49 PM,11/26/2025,
1430,22.4,gf,2.195,mm,OK,--,9:25:49 PM,11/26/2025,
1431,22.4,gf,2.195,mm,OK,--,9:25:49 PM,11/26/2025,
1432,22.3,gf,2.190,mm,OK,--,9:25:49 PM,11/26/2025,
1433,22.2,gf,2.185,mm,OK,--,9:25:49 PM,11/26/2025,
1434,22.1,gf,2.180,mm,OK,--,9:25:49 PM,11/26/2025,
1435,22.2,gf,2.180,mm,OK,--,9:25:50 PM,11/26/2025,
1436,22.0,gf,2.175,mm,OK,--,9:25:50 PM,11/26/2025,
1437,22.1,gf,2.170,mm,OK,--,9:25:50 PM,11/26/2025,
1438,22.2,gf,2.165,mm,OK,--,9:25:50 PM,11/26/2025,
1439,22.1,gf,2.165,mm,OK,--,9:25:50 PM,11/26/2025,
1440,21.9,gf,2.160,mm,OK,--,9:25:50 PM,11/26/2025,
1441,21.9,gf,2.155,mm,OK,--,9:25:50 PM,11/26/2025,
1442,21.9,gf,2.150,mm,OK,--,9:25:50 PM,11/26/2025,
1443,21.8,gf,2.140,mm,OK,--,9:25:50 PM,11/26/2025,
1444,21.8,gf,2.135,mm,OK,--,9:25:50 PM,11/26/2025,
1445,21.9,gf,2.130,mm,OK,--,9:25:51 PM,11/26/2025,
1446,21.9,gf,2.125,mm,OK,--,9:25:51 PM,11/26/2025,
1447,21.7,gf,2.120,mm,OK,--,9:25:51 PM,11/26/2025,
1448,21.8,gf,2.115,mm,OK,--,9:25:51 PM,11/26/2025,
1449,21.8,gf,2.110,mm,OK,--,9:25:51 PM,11/26/2025,
1450,21.8,gf,2.105,mm,OK,--,9:25:51 PM,11/26/2025,
1451,21.8,gf,2.100,mm,OK,--,9:25:51 PM,11/26/2025,
1452,21.7,gf,2.095,mm,OK,--,9:25:51 PM,11/26/2025,
1453,21.7,gf,2.090,mm,OK,--,9:25:51 PM,11/26/2025,
1454,21.6,gf,2.085,mm,OK,--,9:25:51 PM,11/26/2025,
1455,21.7,gf,2.080,mm,OK,--,9:25:52 PM,11/26/2025,
1456,21.7,gf,2.075,mm,OK,--,9:25:52 PM,11/26/2025,
1457,21.7,gf,2.075,mm,OK,--,9:25:52 PM,11/26/2025,
1458,21.8,gf,2.070,mm,OK,--,9:25:52 PM,11/26/2025,
1459,21.8,gf,2.070,mm,OK,--,9:25:52 PM,11/26/2025,
1460,21.8,gf,2.070,mm,OK,--,9:25:52 PM,11/26/2025,
1461,21.7,gf,2.070,mm,OK,--,9:25:52 PM,11/26/2025,
1462,21.5,gf,2.065,mm,OK,--,9:25:52 PM,11/26/2025,
1463,21.4,gf,2.060,mm,OK,--,9:25:52 PM,11/26/2025,
1464,21.4,gf,2.055,mm,OK,--,9:25:52 PM,11/26/2025,
1465,21.4,gf,2.050,mm,OK,--,9:25:53 PM,11/26/2025,
1466,21.4,gf,2.045,mm,OK,--,9:25:53 PM,11/26/2025,
1467,21.2,gf,2.040,mm,OK,--,9:25:53 PM,11/26/2025,
1468,21.2,gf,2.030,mm,OK,--,9:25:53 PM,11/26/2025,
1469,21.2,gf,2.020,mm,OK,--,9:25:53 PM,11/26/2025,
1470,21.2,gf,2.010,mm,OK,--,9:25:53 PM,11/26/2025,
1471,21.2,gf,2.000,mm,OK,--,9:25:53 PM,11/26/2025,
1472,21.2,gf,1.995,mm,OK,--,9:25:53 PM,11/26/2025,
1473,21.2,gf,1.990,mm,OK,--,9:25:53 PM,11/26/2025,
1474,21.0,gf,1.980,mm,OK,--,9:25:53 PM,11/26/2025,
1475,21.2,gf,1.975,mm,OK,--,9:25:54 PM,11/26/2025,
1476,21.2,gf,1.970,mm,OK,--,9:25:54 PM,11/26/2025,
1477,21.2,gf,1.965,mm,OK,--,9:25:54 PM,11/26/2025,
1478,21.2,gf,1.965,mm,OK,--,9:25:54 PM,11/26/2025,
1479,21.2,gf,1.960,mm,OK,--,9:25:54 PM,11/26/2025,
1480,21.2,gf,1.960,mm,OK,--,9:25:54 PM,11/26/2025,
1481,21.0,gf,1.955,mm,OK,--,9:25:54 PM,11/26/2025,
1482,21.0,gf,1.950,mm,OK,--,9:25:54 PM,11/26/2025,
1483,21.1,gf,1.945,mm,OK,--,9:25:54 PM,11/26/2025,
1484,21.0,gf,1.940,mm,OK,--,9:25:54 PM,11/26/2025,
1485,21.0,gf,1.935,mm,OK,--,9:25:55 PM,11/26/2025,
1486,21.1,gf,1.930,mm,OK,--,9:25:55 PM,11/26/2025,
1487,21.0,gf,1.925,mm,OK,--,9:25:55 PM,11/26/2025,
1488,20.8,gf,1.915,mm,OK,--,9:25:55 PM,11/26/2025,
1489,20.9,gf,1.905,mm,OK,--,9:25:55 PM,11/26/2025,
1490,20.8,gf,1.900,mm,OK,--,9:25:55 PM,11/26/2025,
1491,20.7,gf,1.895,mm,OK,--,9:25:55 PM,11/26/2025,
1492,20.6,gf,1.885,mm,OK,--,9:25:55 PM,11/26/2025,
1493,20.7,gf,1.880,mm,OK,--,9:25:55 PM,11/26/2025,
1494,20.6,gf,1.870,mm,OK,--,9:25:55 PM,11/26/2025,
1495,20.6,gf,1.860,mm,OK,--,9:25:56 PM,11/26/2025,
1496,20.7,gf,1.855,mm,OK,--,9:25:56 PM,11/26/2025,
1497,20.7,gf,1.845,mm,OK,--,9:25:56 PM,11/26/2025,
1498,20.6,gf,1.840,mm,OK,--,9:25:56 PM,11/26/2025,
1499,20.6,gf,1.835,mm,OK,--,9:25:56 PM,11/26/2025,
1500,20.5,gf,1.830,mm,OK,--,9:25:56 PM,11/26/2025,
1501,20.4,gf,1.825,mm,OK,--,9:25:56 PM,11/26/2025,
1502,20.3,gf,1.815,mm,OK,--,9:25:56 PM,11/26/2025,
1503,20.4,gf,1.805,mm,OK,--,9:25:56 PM,11/26/2025,
1504,20.3,gf,1.800,mm,OK,--,9:25:56 PM,11/26/2025,
1505,20.3,gf,1.790,mm,OK,--,9:25:57 PM,11/26/2025,
1506,20.3,gf,1.785,mm,OK,--,9:25:57 PM,11/26/2025,
1507,20.2,gf,1.780,mm,OK,--,9:25:57 PM,11/26/2025,
1508,20.2,gf,1.775,mm,OK,--,9:25:57 PM,11/26/2025,
1509,20.3,gf,1.770,mm,OK,--,9:25:57 PM,11/26/2025,
1510,20.3,gf,1.770,mm,OK,--,9:25:57 PM,11/26/2025,
1511,20.2,gf,1.765,mm,OK,--,9:25:57 PM,11/26/2025,
1512,20.2,gf,1.760,mm,OK,--,9:25:57 PM,11/26/2025,
1513,20.3,gf,1.755,mm,OK,--,9:25:57 PM,11/26/2025,
1514,20.1,gf,1.750,mm,OK,--,9:25:57 PM,11/26/2025,
1515,20.2,gf,1.745,mm,OK,--,9:25:58 PM,11/26/2025,
1516,20.2,gf,1.740,mm,OK,--,9:25:58 PM,11/26/2025,
1517,20.2,gf,1.735,mm,OK,--,9:25:58 PM,11/26/2025,
1518,20.2,gf,1.730,mm,OK,--,9:25:58 PM,11/26/2025,
1519,20.1,gf,1.725,mm,OK,--,9:25:58 PM,11/26/2025,
1520,20.0,gf,1.720,mm,OK,--,9:25:58 PM,11/26/2025,
1521,20.0,gf,1.715,mm,OK,--,9:25:58 PM,11/26/2025,
1522,20.1,gf,1.710,mm,OK,--,9:25:58 PM,11/26/2025,
1523,20.1,gf,1.710,mm,OK,--,9:25:58 PM,11/26/2025,
1524,19.9,gf,1.705,mm,OK,--,9:25:58 PM,11/26/2025,
1525,19.8,gf,1.700,mm,OK,--,9:25:59 PM,11/26/2025,
1526,19.8,gf,1.700,mm,OK,--,9:25:59 PM,11/26/2025,
1527,19.8,gf,1.695,mm,OK,--,9:25:59 PM,11/26/2025,
1528,19.7,gf,1.690,mm,OK,--,9:25:59 PM,11/26/2025,
1529,19.7,gf,1.680,mm,OK,--,9:25:59 PM,11/26/2025,
1530,19.6,gf,1.675,mm,OK,--,9:25:59 PM,11/26/2025,
1531,19.6,gf,1.670,mm,OK,--,9:25:59 PM,11/26/2025,
1532,19.6,gf,1.665,mm,OK,--,9:25:59 PM,11/26/2025,
1533,19.7,gf,1.660,mm,OK,--,9:25:59 PM,11/26/2025,
1534,19.8,gf,1.655,mm,OK,--,9:25:59 PM,11/26/2025,
1535,19.6,gf,1.650,mm,OK,--,9:26:00 PM,11/26/2025,
1536,19.7,gf,1.645,mm,OK,--,9:26:00 PM,11/26/2025,
1537,19.6,gf,1.640,mm,OK,--,9:26:00 PM,11/26/2025,
1538,19.7,gf,1.635,mm,OK,--,9:26:00 PM,11/26/2025,
1539,19.6,gf,1.630,mm,OK,--,9:26:00 PM,11/26/2025,
1540,19.6,gf,1.625,mm,OK,--,9:26:00 PM,11/26/2025,
1541,19.5,gf,1.620,mm,OK,--,9:26:00 PM,11/26/2025,
1542,19.3,gf,1.610,mm,OK,--,9:26:00 PM,11/26/2025,
1543,19.3,gf,1.600,mm,OK,--,9:26:00 PM,11/26/2025,
1544,19.4,gf,1.590,mm,OK,--,9:26:00 PM,11/26/2025,
1545,19.3,gf,1.585,mm,OK,--,9:26:01 PM,11/26/2025,
1546,19.2,gf,1.575,mm,OK,--,9:26:01 PM,11/26/2025,
1547,19.2,gf,1.570,mm,OK,--,9:26:01 PM,11/26/2025,
1548,19.2,gf,1.565,mm,OK,--,9:26:01 PM,11/26/2025,
1549,19.2,gf,1.555,mm,OK,--,9:26:01 PM,11/26/2025,
1550,19.2,gf,1.550,mm,OK,--,9:26:01 PM,11/26/2025,
1551,19.2,gf,1.550,mm,OK,--,9:26:01 PM,11/26/2025,
1552,19.2,gf,1.545,mm,OK,--,9:26:01 PM,11/26/2025,
1553,19.2,gf,1.540,mm,OK,--,9:26:01 PM,11/26/2025,
1554,19.1,gf,1.535,mm,OK,--,9:26:01 PM,11/26/2025,
1555,19.0,gf,1.535,mm,OK,--,9:26:02 PM,11/26/2025,
1556,18.9,gf,1.530,mm,OK,--,9:26:02 PM,11/26/2025,
1557,19.0,gf,1.525,mm,OK,--,9:26:02 PM,11/26/2025,
1558,19.0,gf,1.525,mm,OK,--,9:26:02 PM,11/26/2025,
1559,19.1,gf,1.525,mm,OK,--,9:26:02 PM,11/26/2025,
1560,19.0,gf,1.520,mm,OK,--,9:26:02 PM,11/26/2025,
1561,19.1,gf,1.520,mm,OK,--,9:26:02 PM,11/26/2025,
1562,18.8,gf,1.515,mm,OK,--,9:26:02 PM,11/26/2025,
1563,18.9,gf,1.510,mm,OK,--,9:26:02 PM,11/26/2025,
1564,18.8,gf,1.510,mm,OK,--,9:26:02 PM,11/26/2025,
1565,18.7,gf,1.505,mm,OK,--,9:26:03 PM,11/26/2025,
1566,18.7,gf,1.500,mm,OK,--,9:26:03 PM,11/26/2025,
1567,18.7,gf,1.495,mm,OK,--,9:26:03 PM,11/26/2025,
1568,18.5,gf,1.490,mm,OK,--,9:26:03 PM,11/26/2025,
1569,18.6,gf,1.485,mm,OK,--,9:26:03 PM,11/26/2025,
1570,18.7,gf,1.475,mm,OK,--,9:26:03 PM,11/26/2025,
1571,18.7,gf,1.475,mm,OK,--,9:26:03 PM,11/26/2025,
1572,18.6,gf,1.470,mm,OK,--,9:26:03 PM,11/26/2025,
1573,18.6,gf,1.465,mm,OK,--,9:26:03 PM,11/26/2025,
1574,18.6,gf,1.460,mm,OK,--,9:26:03 PM,11/26/2025,
1575,18.2,gf,1.450,mm,OK,--,9:26:04 PM,11/26/2025,
1576,18.3,gf,1.435,mm,OK,--,9:26:04 PM,11/26/2025,
1577,18.5,gf,1.425,mm,OK,--,9:26:04 PM,11/26/2025,
1578,18.5,gf,1.420,mm,OK,--,9:26:04 PM,11/26/2025,
1579,18.5,gf,1.420,mm,OK,--,9:26:04 PM,11/26/2025,
1580,18.5,gf,1.415,mm,OK,--,9:26:04 PM,11/26/2025,
1581,18.5,gf,1.410,mm,OK,--,9:26:04 PM,11/26/2025,
1582,18.3,gf,1.410,mm,OK,--,9:26:04 PM,11/26/2025,
1583,18.4,gf,1.405,mm,OK,--,9:26:04 PM,11/26/2025,
1584,18.5,gf,1.400,mm,OK,--,9:26:04 PM,11/26/2025,
1585,18.5,gf,1.400,mm,OK,--,9:26:05 PM,11/26/2025,
1586,18.5,gf,1.395,mm,OK,--,9:26:05 PM,11/26/2025,
1587,18.4,gf,1.390,mm,OK,--,9:26:05 PM,11/26/2025,
1588,18.4,gf,1.390,mm,OK,--,9:26:05 PM,11/26/2025,
1589,18.2,gf,1.385,mm,OK,--,9:26:05 PM,11/26/2025,
1590,18.3,gf,1.380,mm,OK,--,9:26:05 PM,11/26/2025,
1591,18.3,gf,1.375,mm,OK,--,9:26:05 PM,11/26/2025,
1592,18.3,gf,1.370,mm,OK,--,9:26:05 PM,11/26/2025,
1593,18.1,gf,1.365,mm,OK,--,9:26:05 PM,11/26/2025,
1594,18.3,gf,1.360,mm,OK,--,9:26:05 PM,11/26/2025,
1595,18.3,gf,1.355,mm,OK,--,9:26:06 PM,11/26/2025,
1596,18.2,gf,1.350,mm,OK,--,9:26:06 PM,11/26/2025,
1597,18.2,gf,1.345,mm,OK,--,9:26:06 PM,11/26/2025,
1598,18.1,gf,1.340,mm,OK,--,9:26:06 PM,11/26/2025,
1599,17.9,gf,1.335,mm,OK,--,9:26:06 PM,11/26/2025,
1600,18.0,gf,1.330,mm,OK,--,9:26:06 PM,11/26/2025,
1601,18.0,gf,1.325,mm,OK,--,9:26:06 PM,11/26/2025,
1602,18.1,gf,1.325,mm,OK,--,9:26:06 PM,11/26/2025,
1603,18.0,gf,1.320,mm,OK,--,9:26:06 PM,11/26/2025,
1604,17.9,gf,1.320,mm,OK,--,9:26:06 PM,11/26/2025,
1605,17.9,gf,1.315,mm,OK,--,9:26:07 PM,11/26/2025,
1606,17.8,gf,1.310,mm,OK,--,9:26:07 PM,11/26/2025,
1607,17.8,gf,1.305,mm,OK,--,9:26:07 PM,11/26/2025,
1608,17.8,gf,1.295,mm,OK,--,9:26:07 PM,11/26/2025,
1609,17.8,gf,1.285,mm,OK,--,9:26:07 PM,11/26/2025,
1610,17.6,gf,1.275,mm,OK,--,9:26:07 PM,11/26/2025,
1611,17.7,gf,1.265,mm,OK,--,9:26:07 PM,11/26/2025,
1612,17.7,gf,1.255,mm,OK,--,9:26:07 PM,11/26/2025,
1613,17.5,gf,1.245,mm,OK,--,9:26:07 PM,11/26/2025,
1614,17.5,gf,1.240,mm,OK,--,9:26:07 PM,11/26/2025,
1615,17.4,gf,1.235,mm,OK,--,9:26:08 PM,11/26/2025,
1616,17.4,gf,1.225,mm,OK,--,9:26:08 PM,11/26/2025,
1617,17.3,gf,1.220,mm,OK,--,9:26:08 PM,11/26/2025,
1618,17.5,gf,1.210,mm,OK,--,9:26:08 PM,11/26/2025,
1619,17.5,gf,1.210,mm,OK,--,9:26:08 PM,11/26/2025,
1620,17.4,gf,1.205,mm,OK,--,9:26:08 PM,11/26/2025,
1621,17.4,gf,1.205,mm,OK,--,9:26:08 PM,11/26/2025,
1622,17.5,gf,1.200,mm,OK,--,9:26:08 PM,11/26/2025,
1623,17.5,gf,1.200,mm,OK,--,9:26:08 PM,11/26/2025,
1624,17.4,gf,1.195,mm,OK,--,9:26:08 PM,11/26/2025,
1625,17.5,gf,1.195,mm,OK,--,9:26:09 PM,11/26/2025,
1626,17.2,gf,1.190,mm,OK,--,9:26:09 PM,11/26/2025,
1627,17.2,gf,1.190,mm,OK,--,9:26:09 PM,11/26/2025,
1628,17.3,gf,1.185,mm,OK,--,9:26:09 PM,11/26/2025,
1629,17.2,gf,1.180,mm,OK,--,9:26:09 PM,11/26/2025,
1630,16.8,gf,1.175,mm,OK,--,9:26:09 PM,11/26/2025,
1631,16.9,gf,1.165,mm,OK,--,9:26:09 PM,11/26/2025,
1632,17.0,gf,1.155,mm,OK,--,9:26:09 PM,11/26/2025,
1633,17.0,gf,1.150,mm,OK,--,9:26:09 PM,11/26/2025,
1634,17.0,gf,1.145,mm,OK,--,9:26:09 PM,11/26/2025,
1635,17.0,gf,1.145,mm,OK,--,9:26:10 PM,11/26/2025,
1636,16.7,gf,1.140,mm,OK,--,9:26:10 PM,11/26/2025,
1637,16.6,gf,1.130,mm,OK,--,9:26:10 PM,11/26/2025,
1638,16.8,gf,1.125,mm,OK,--,9:26:10 PM,11/26/2025,
1639,16.8,gf,1.115,mm,OK,--,9:26:10 PM,11/26/2025,
1640,16.8,gf,1.110,mm,OK,--,9:26:10 PM,11/26/2025,
1641,16.7,gf,1.105,mm,OK,--,9:26:10 PM,11/26/2025,
1642,16.6,gf,1.095,mm,OK,--,9:26:10 PM,11/26/2025,
1643,16.5,gf,1.090,mm,OK,--,9:26:10 PM,11/26/2025,
1644,16.5,gf,1.080,mm,OK,--,9:26:10 PM,11/26/2025,
1645,16.5,gf,1.070,mm,OK,--,9:26:11 PM,11/26/2025,
1646,16.5,gf,1.065,mm,OK,--,9:26:11 PM,11/26/2025,
1647,16.5,gf,1.065,mm,OK,--,9:26:11 PM,11/26/2025,
1648,16.6,gf,1.060,mm,OK,--,9:26:11 PM,11/26/2025,
1649,16.6,gf,1.060,mm,OK,--,9:26:11 PM,11/26/2025,
1650,16.4,gf,1.055,mm,OK,--,9:26:11 PM,11/26/2025,
1651,16.3,gf,1.050,mm,OK,--,9:26:11 PM,11/26/2025,
1652,16.4,gf,1.045,mm,OK,--,9:26:11 PM,11/26/2025,
1653,16.4,gf,1.030,mm,OK,--,9:26:11 PM,11/26/2025,
1654,16.4,gf,1.020,mm,OK,--,9:26:11 PM,11/26/2025,
1655,16.5,gf,1.010,mm,OK,--,9:26:12 PM,11/26/2025,
1656,16.4,gf,1.005,mm,OK,--,9:26:12 PM,11/26/2025,
1657,16.4,gf,1.000,mm,OK,--,9:26:12 PM,11/26/2025,
1658,16.4,gf,0.995,mm,OK,--,9:26:12 PM,11/26/2025,
1659,16.3,gf,0.990,mm,OK,--,9:26:12 PM,11/26/2025,
1660,16.2,gf,0.980,mm,OK,--,9:26:12 PM,11/26/2025,
1661,16.3,gf,0.970,mm,OK,--,9:26:12 PM,11/26/2025,
1662,16.1,gf,0.965,mm,OK,--,9:26:12 PM,11/26/2025,
1663,16.1,gf,0.955,mm,OK,--,9:26:12 PM,11/26/2025,
1664,16.0,gf,0.950,mm,OK,--,9:26:12 PM,11/26/2025,
1665,16.0,gf,0.940,mm,OK,--,9:26:13 PM,11/26/2025,
1666,16.1,gf,0.935,mm,OK,--,9:26:13 PM,11/26/2025,
1667,16.0,gf,0.930,mm,OK,--,9:26:13 PM,11/26/2025,
1668,16.0,gf,0.925,mm,OK,--,9:26:13 PM,11/26/2025,
1669,15.9,gf,0.920,mm,OK,--,9:26:13 PM,11/26/2025,
1670,15.9,gf,0.915,mm,OK,--,9:26:13 PM,11/26/2025,
1671,15.9,gf,0.915,mm,OK,--,9:26:13 PM,11/26/2025,
1672,16.0,gf,0.910,mm,OK,--,9:26:13 PM,11/26/2025,
1673,15.8,gf,0.910,mm,OK,--,9:26:13 PM,11/26/2025,
1674,15.8,gf,0.905,mm,OK,--,9:26:13 PM,11/26/2025,
1675,15.8,gf,0.905,mm,OK,--,9:26:14 PM,11/26/2025,
1676,15.4,gf,0.900,mm,OK,--,9:26:14 PM,11/26/2025,
1677,15.6,gf,0.890,mm,OK,--,9:26:14 PM,11/26/2025,
1678,15.6,gf,0.885,mm,OK,--,9:26:14 PM,11/26/2025,
1679,15.5,gf,0.880,mm,OK,--,9:26:14 PM,11/26/2025,
1680,15.5,gf,0.875,mm,OK,--,9:26:14 PM,11/26/2025,
1681,15.6,gf,0.870,mm,OK,--,9:26:14 PM,11/26/2025,
1682,15.4,gf,0.865,mm,OK,--,9:26:14 PM,11/26/2025,
1683,15.4,gf,0.860,mm,OK,--,9:26:14 PM,11/26/2025,
1684,15.5,gf,0.855,mm,OK,--,9:26:14 PM,11/26/2025,
1685,15.4,gf,0.850,mm,OK,--,9:26:15 PM,11/26/2025,
1686,15.4,gf,0.845,mm,OK,--,9:26:15 PM,11/26/2025,
1687,15.4,gf,0.840,mm,OK,--,9:26:15 PM,11/26/2025,
1688,15.2,gf,0.835,mm,OK,--,9:26:15 PM,11/26/2025,
1689,15.3,gf,0.830,mm,OK,--,9:26:15 PM,11/26/2025,
1690,15.5,gf,0.820,mm,OK,--,9:26:15 PM,11/26/2025,
1691,15.3,gf,0.815,mm,OK,--,9:26:15 PM,11/26/2025,
1692,15.2,gf,0.810,mm,OK,--,9:26:15 PM,11/26/2025,
1693,15.3,gf,0.805,mm,OK,--,9:26:15 PM,11/26/2025,
1694,15.4,gf,0.800,mm,OK,--,9:26:15 PM,11/26/2025,
1695,15.3,gf,0.795,mm,OK,--,9:26:16 PM,11/26/2025,
1696,15.3,gf,0.785,mm,OK,--,9:26:16 PM,11/26/2025,
1697,15.5,gf,0.780,mm,OK,--,9:26:16 PM,11/26/2025,
1698,15.5,gf,0.780,mm,OK,--,9:26:16 PM,11/26/2025,
1699,15.4,gf,0.775,mm,OK,--,9:26:16 PM,11/26/2025,
1700,15.3,gf,0.775,mm,OK,--,9:26:16 PM,11/26/2025,
1701,15.2,gf,0.770,mm,OK,--,9:26:16 PM,11/26/2025,
1702,15.2,gf,0.765,mm,OK,--,9:26:16 PM,11/26/2025,
1703,15.1,gf,0.760,mm,OK,--,9:26:16 PM,11/26/2025,
1704,15.2,gf,0.755,mm,OK,--,9:26:16 PM,11/26/2025,
1705,15.1,gf,0.750,mm,OK,--,9:26:17 PM,11/26/2025,
1706,15.1,gf,0.750,mm,OK,--,9:26:17 PM,11/26/2025,
1707,15.1,gf,0.745,mm,OK,--,9:26:17 PM,11/26/2025,
1708,15.2,gf,0.740,mm,OK,--,9:26:17 PM,11/26/2025,
1709,15.0,gf,0.740,mm,OK,--,9:26:17 PM,11/26/2025,
1710,15.1,gf,0.735,mm,OK,--,9:26:17 PM,11/26/2025,
1711,15.1,gf,0.730,mm,OK,--,9:26:17 PM,11/26/2025,
1712,15.0,gf,0.725,mm,OK,--,9:26:17 PM,11/26/2025,
1713,14.9,gf,0.720,mm,OK,--,9:26:17 PM,11/26/2025,
1714,15.0,gf,0.715,mm,OK,--,9:26:17 PM,11/26/2025,
1715,15.0,gf,0.710,mm,OK,--,9:26:18 PM,11/26/2025,
1716,15.0,gf,0.700,mm,OK,--,9:26:18 PM,11/26/2025,
1717,15.3,gf,0.690,mm,OK,--,9:26:18 PM,11/26/2025,
1718,15.5,gf,0.680,mm,OK,--,9:26:18 PM,11/26/2025,
1719,15.6,gf,0.670,mm,OK,--,9:26:18 PM,11/26/2025,
1720,15.6,gf,0.665,mm,OK,--,9:26:18 PM,11/26/2025,
1721,15.7,gf,0.660,mm,OK,--,9:26:18 PM,11/26/2025,
1722,15.7,gf,0.655,mm,OK,--,9:26:18 PM,11/26/2025,
1723,15.5,gf,0.655,mm,OK,--,9:26:18 PM,11/26/2025,
1724,15.7,gf,0.645,mm,OK,--,9:26:18 PM,11/26/2025,
1725,15.9,gf,0.640,mm,OK,--,9:26:19 PM,11/26/2025,
1726,15.9,gf,0.635,mm,OK,--,9:26:19 PM,11/26/2025,
1727,16.0,gf,0.630,mm,OK,--,9:26:19 PM,11/26/2025,
1728,16.2,gf,0.625,mm,OK,--,9:26:19 PM,11/26/2025,
1729,16.3,gf,0.625,mm,OK,--,9:26:19 PM,11/26/2025,
1730,16.3,gf,0.620,mm,OK,--,9:26:19 PM,11/26/2025,
1731,16.5,gf,0.610,mm,OK,--,9:26:19 PM,11/26/2025,
1732,11.8,gf,0.605,mm,OK,--,9:26:19 PM,11/26/2025,
1733,10.7,gf,0.595,mm,OK,--,9:26:19 PM,11/26/2025,
1734,5.0,gf,0.590,mm,OK,--,9:26:19 PM,11/26/2025,
1735,0.2,gf,0.585,mm,OK,--,9:26:20 PM,11/26/2025,
1736,-0.1,gf,0.580,mm,OK,--,9:26:20 PM,11/26/2025,
1737,0.0,gf,0.570,mm,OK,--,9:26:20 PM,11/26/2025,
1738,0.0,gf,0.565,mm,OK,--,9:26:20 PM,11/26/2025,
1739,-0.1,gf,0.560,mm,OK,--,9:26:20 PM,11/26/2025,
1740,-0.1,gf,0.555,mm,OK,--,9:26:20 PM,11/26/2025,
1741,0.1,gf,0.550,mm,OK,--,9:26:20 PM,11/26/2025,
1742,0.0,gf,0.545,mm,OK,--,9:26:20 PM,11/26/2025,
1743,-0.1,gf,0.540,mm,OK,--,9:26:20 PM,11/26/2025,
1744,0.0,gf,0.535,mm,OK,--,9:26:20 PM,11/26/2025,
1745,0.2,gf,0.530,mm,OK,--,9:26:21 PM,11/26/2025,
1746,0.0,gf,0.525,mm,OK,--,9:26:21 PM,11/26/2025,
1747,-0.1,gf,0.520,mm,OK,--,9:26:21 PM,11/26/2025,
1748,0.1,gf,0.520,mm,OK,--,9:26:21 PM,11/26/2025,
1749,0.2,gf,0.515,mm,OK,--,9:26:21 PM,11/26/2025,
1750,-0.1,gf,0.515,mm,OK,--,9:26:21 PM,11/26/2025,
1751,-0.1,gf,0.510,mm,OK,--,9:26:21 PM,11/26/2025,
1752,0.1,gf,0.505,mm,OK,--,9:26:21 PM,11/26/2025,
1753,0.1,gf,0.500,mm,OK,--,9:26:21 PM,11/26/2025,
1754,-0.1,gf,0.495,mm,OK,--,9:26:21 PM,11/26/2025,
1755,0.0,gf,0.490,mm,OK,--,9:26:22 PM,11/26/2025,
1756,0.1,gf,0.480,mm,OK,--,9:26:22 PM,11/26/2025,
1757,0.1,gf,0.475,mm,OK,--,9:26:22 PM,11/26/2025,
1758,-0.1,gf,0.465,mm,OK,--,9:26:22 PM,11/26/2025,
1759,0.0,gf,0.455,mm,OK,--,9:26:22 PM,11/26/2025,
1760,0.2,gf,0.445,mm,OK,--,9:26:22 PM,11/26/2025,
1761,0.0,gf,0.435,mm,OK,--,9:26:22 PM,11/26/2025,
1762,0.0,gf,0.430,mm,OK,--,9:26:22 PM,11/26/2025,
1763,0.0,gf,0.420,mm,OK,--,9:26:22 PM,11/26/2025,
1764,0.1,gf,0.415,mm,OK,--,9:26:22 PM,11/26/2025,
1765,0.0,gf,0.410,mm,OK,--,9:26:23 PM,11/26/2025,
1766,-0.1,gf,0.405,mm,OK,--,9:26:23 PM,11/26/2025,
1767,0.2,gf,0.400,mm,OK,--,9:26:23 PM,11/26/2025,
1768,0.1,gf,0.395,mm,OK,--,9:26:23 PM,11/26/2025,
1769,-0.1,gf,0.395,mm,OK,--,9:26:23 PM,11/26/2025,
1770,0.0,gf,0.390,mm,OK,--,9:26:23 PM,11/26/2025,
1771,0.1,gf,0.385,mm,OK,--,9:26:23 PM,11/26/2025,
1772,-0.1,gf,0.380,mm,OK,--,9:26:23 PM,11/26/2025,
1773,-0.1,gf,0.365,mm,OK,--,9:26:23 PM,11/26/2025,
1774,0.1,gf,0.345,mm,OK,--,9:26:23 PM,11/26/2025,
1775,0.1,gf,0.330,mm,OK,--,9:26:24 PM,11/26/2025,
1776,0.0,gf,0.330,mm,OK,--,9:26:24 PM,11/26/2025,
1777,0.0,gf,0.330,mm,OK,--,9:26:24 PM,11/26/2025,
1778,0.2,gf,0.330,mm,OK,--,9:26:24 PM,11/26/2025,
1779,0.0,gf,0.330,mm,OK,--,9:26:24 PM,11/26/2025,
1780,-0.1,gf,0.330,mm,OK,--,9:26:24 PM,11/26/2025,
1781,0.0,gf,0.330,mm,OK,--,9:26:24 PM,11/26/2025,
1782,0.2,gf,0.330,mm,OK,--,9:26:24 PM,11/26/2025,
1783,0.0,gf,0.330,mm,OK,--,9:26:24 PM,11/26/2025,
1784,-0.1,gf,0.330,mm,OK,--,9:26:24 PM,11/26/2025,
1785,0.2,gf,0.330,mm,OK,--,9:26:25 PM,11/26/2025,
1786,0.2,gf,0.330,mm,OK,--,9:26:25 PM,11/26/2025,
1787,-0.1,gf,0.335,mm,OK,--,9:26:25 PM,11/26/2025,
1788,0.0,gf,0.335,mm,OK,--,9:26:25 PM,11/26/2025,
1789,0.1,gf,0.340,mm,OK,--,9:26:25 PM,11/26/2025,
1790,-0.1,gf,0.340,mm,OK,--,9:26:25 PM,11/26/2025,
1791,-0.2,gf,0.345,mm,OK,--,9:26:25 PM,11/26/2025,
1792,-0.1,gf,0.345,mm,OK,--,9:26:25 PM,11/26/2025,
1793,0.1,gf,0.350,mm,OK,--,9:26:25 PM,11/26/2025,
1794,0.0,gf,0.350,mm,OK,--,9:26:25 PM,11/26/2025,
1795,-0.2,gf,0.355,mm,OK,--,9:26:26 PM,11/26/2025,
1796,-0.1,gf,0.355,mm,OK,--,9:26:26 PM,11/26/2025,
1797,0.1,gf,0.360,mm,OK,--,9:26:26 PM,11/26/2025,
1798,-0.1,gf,0.360,mm,OK,--,9:26:26 PM,11/26/2025,
1799,-0.2,gf,0.360,mm,OK,--,9:26:26 PM,11/26/2025,
